MISSION ELAPSED TIME (min),WPSA,WPSA Range,DS54,DS54 Range,DS24,Range DS24,DS34,Range DS34,Antenna to use,,,,,,,,,,,,,,,,,Ppz
0,1,1139.486313,0,0,0,0,0,0,WPSA,,,,,,,,,,,,,,,,,
8.236480545,0,0,0,0,0,0,0,0,NONE,,,,,,,,,,,,,,,,,
9.236480545,0,0,1,3804.920572,0,0,0,0,DS54,,,,,,,,,,,,,,,,,
10.23648055,0,0,1,3804.920572,0,0,0,0,DS54,,,,,,,,,,,,,,,,,
11.23648055,0,0,1,3804.920572,0,0,0,0,DS54,,,,,,,,,,,,,,,,,
12.23648055,0,0,1,3804.920572,0,0,0,0,DS54,,,,,,,,,,,,,,,,,
13.23648055,0,0,1,3804.920572,0,0,0,0,DS54,,,,,,,,,,,,,,,,,
14.23648055,0,0,1,3804.920572,0,0,0,0,DS54,,,,,,,,,,,,,,,,,
15.23648055,0,0,1,3804.920572,0,0,0,0,DS54,,,,,,,,,,,,,,,,,
16.23648055,0,0,1,3804.920572,0,0,0,0,DS54,,,,,,,,,,,,,,,,,
17.23648055,0,0,1,3804.920572,0,0,0,0,DS54,,,,,,,,,,,,,,,,,
18.23648055,0,0,1,3804.920572,0,0,0,0,DS54,,,,,,,,,,,,,,,,,
19.23648055,0,0,1,3804.920572,0,0,0,0,DS54,,,,,,,,,,,,,,,,,
20.23648055,0,0,1,3804.920572,0,0,0,0,DS54,,,,,,,,,,,,,,,,,
21.23648055,0,0,1,3804.920572,0,0,0,0,DS54,,,,,,,,,,,,,,,,,
22.23648055,0,0,0,0,0,0,0,0,NONE,,,,,,,,,,,,,,,,,
23.23648055,0,0,0,0,0,0,0,0,NONE,,,,,,,,,,,,,,,,,
24.23648055,0,0,0,0,0,0,0,0,NONE,,,,,,,,,,,,,,,,,
25.23648055,0,0,0,0,0,0,0,0,NONE,,,,,,,,,,,,,,,,,
26.23648055,0,0,0,0,0,0,0,0,NONE,,,,,,,,,,,,,,,,,
27.23648055,0,0,0,0,0,0,0,0,NONE,,,,,,,,,,,,,,,,,
28.23648055,0,0,0,0,0,0,0,0,NONE,,,,,,,,,,,,,,,,,
29.23648055,0,0,0,0,0,0,0,0,NONE,,,,,,,,,,,,,,,,,
30.23648055,0,0,0,0,0,0,0,0,NONE,,,,,,,,,,,,,,,,,
31.23648055,0,0,0,0,0,0,0,0,NONE,,,,,,,,,,,,,,,,,
32.23648055,0,0,0,0,0,0,0,0,NONE,,,,,,,,,,,,,,,,,
33.23648055,0,0,0,0,0,0,0,0,NONE,,,,,,,,,,,,,,,,,
34.23648055,0,0,0,0,0,0,0,0,NONE,,,,,,,,,,,,,,,,,
35.23648055,0,0,0,0,0,0,0,0,NONE,,,,,,,,,,,,,,,,,
36.23648055,0,0,0,0,0,0,0,0,NONE,,,,,,,,,,,,,,,,,
37.23648055,0,0,0,0,0,0,0,0,NONE,,,,,,,,,,,,,,,,,
38.23648055,0,0,0,0,0,0,0,0,NONE,,,,,,,,,,,,,,,,,
39.23648055,0,0,0,0,0,0,0,0,NONE,,,,,,,,,,,,,,,,,
40.23648055,0,0,0,0,0,0,0,0,NONE,,,,,,,,,,,,,,,,,
41.23648055,0,0,0,0,0,0,0,0,NONE,,,,,,,,,,,,,,,,,
42.23648055,0,0,0,0,0,0,0,0,NONE,,,,,,,,,,,,,,,,,
43.23648055,0,0,0,0,0,0,0,0,NONE,,,,,,,,,,,,,,,,,
44.23648055,0,0,0,0,0,0,0,0,NONE,,,,,,,,,,,,,,,,,
45.23648055,0,0,0,0,0,0,0,0,NONE,,,,,,,,,,,,,,,,,
46.23648055,0,0,0,0,0,0,0,0,NONE,,,,,,,,,,,,,,,,,
47.23648055,0,0,0,0,0,0,0,0,NONE,,,,,,,,,,,,,,,,,
48.63913203,0,0,0,0,0,0,0,0,NONE,,,,,,,,,,,,,,,,,
49.63913203,0,0,0,0,0,0,0,0,NONE,,,,,,,,,,,,,,,,,
50.63913203,0,0,0,0,0,0,0,0,NONE,,,,,,,,,,,,,,,,,
51.63913203,0,0,0,0,0,0,0,0,NONE,,,,,,,,,,,,,,,,,
52.63913203,0,0,0,0,0,0,0,0,NONE,,,,,,,,,,,,,,,,,
53.63913203,0,0,0,0,0,0,0,0,NONE,,,,,,,,,,,,,,,,,
54.63913203,0,0,0,0,0,0,0,0,NONE,,,,,,,,,,,,,,,,,
55.63913203,0,0,0,0,0,0,0,0,NONE,,,,,,,,,,,,,,,,,
56.63913203,0,0,0,0,0,0,0,0,NONE,,,,,,,,,,,,,,,,,
57.63913203,0,0,0,0,0,0,0,0,NONE,,,,,,,,,,,,,,,,,
58.63913203,0,0,0,0,0,0,0,0,NONE,,,,,,,,,,,,,,,,,
59.63913203,0,0,0,0,0,0,0,0,NONE,,,,,,,,,,,,,,,,,
60.63913203,0,0,0,0,0,0,0,0,NONE,,,,,,,,,,,,,,,,,
61.63913203,0,0,0,0,0,0,0,0,NONE,,,,,,,,,,,,,,,,,
62.63913203,0,0,0,0,0,0,0,0,NONE,,,,,,,,,,,,,,,,,
63.63913203,0,0,0,0,0,0,1,4625.421092,DS34,,,,,,,,,,,,,,,,,
64.63913203,0,0,0,0,0,0,1,4625.421092,DS34,,,,,,,,,,,,,,,,,
65.63913203,0,0,0,0,0,0,1,4625.421092,DS34,,,,,,,,,,,,,,,,,
66.63913203,0,0,0,0,0,0,1,4625.421092,DS34,,,,,,,,,,,,,,,,,
67.63913203,0,0,0,0,0,0,1,4625.421092,DS34,,,,,,,,,,,,,,,,,
68.63913203,0,0,0,0,0,0,1,4625.421092,DS34,,,,,,,,,,,,,,,,,
69.63913203,0,0,0,0,0,0,1,4625.421092,DS34,,,,,,,,,,,,,,,,,
70.63913203,0,0,0,0,0,0,1,4625.421092,DS34,,,,,,,,,,,,,,,,,
71.63913203,0,0,0,0,0,0,1,4625.421092,DS34,,,,,,,,,,,,,,,,,
72.63913203,0,0,0,0,0,0,1,4625.421092,DS34,,,,,,,,,,,,,,,,,
73.63913203,0,0,0,0,0,0,1,4625.421092,DS34,,,,,,,,,,,,,,,,,
74.63913203,0,0,0,0,0,0,1,4625.421092,DS34,,,,,,,,,,,,,,,,,
75.63913203,0,0,0,0,0,0,1,4625.421092,DS34,,,,,,,,,,,,,,,,,
76.63913203,0,0,0,0,0,0,1,4625.421092,DS34,,,,,,,,,,,,,,,,,
77.63913203,0,0,0,0,0,0,1,4625.421092,DS34,,,,,,,,,,,,,,,,,
78.63913203,0,0,0,0,0,0,1,4625.421092,DS34,,,,,,,,,,,,,,,,,
79.63913203,0,0,0,0,0,0,1,4625.421092,DS34,,,,,,,,,,,,,,,,,
80.63913203,0,0,0,0,0,0,1,4625.421092,DS34,,,,,,,,,,,,,,,,,
81.63913203,0,0,0,0,0,0,1,4625.421092,DS34,,,,,,,,,,,,,,,,,
82.63913203,0,0,0,0,0,0,0,0,NONE,,,,,,,,,,,,,,,,,
83.63913203,0,0,0,0,0,0,0,0,NONE,,,,,,,,,,,,,,,,,
84.63913203,0,0,0,0,0,0,0,0,NONE,,,,,,,,,,,,,,,,,
85.63913203,0,0,0,0,0,0,0,0,NONE,,,,,,,,,,,,,,,,,
86.63913203,0,0,0,0,0,0,0,0,NONE,,,,,,,,,,,,,,,,,
87.63913203,0,0,0,0,0,0,0,0,NONE,,,,,,,,,,,,,,,,,
88.63913203,0,0,0,0,0,0,0,0,NONE,,,,,,,,,,,,,,,,,
89.63913203,0,0,0,0,0,0,0,0,NONE,,,,,,,,,,,,,,,,,
90.63913203,0,0,0,0,0,0,0,0,NONE,,,,,,,,,,,,,,,,,
91.63913203,0,0,0,0,0,0,0,0,NONE,,,,,,,,,,,,,,,,,
92.63913203,0,0,0,0,0,0,0,0,NONE,,,,,,,,,,,,,,,,,
93.63913203,0,0,0,0,0,0,0,0,NONE,,,,,,,,,,,,,,,,,
94.63913203,0,0,0,0,0,0,0,0,NONE,,,,,,,,,,,,,,,,,
95.63913203,0,0,0,0,0,0,0,0,NONE,,,,,,,,,,,,,,,,,
96.63913203,0,0,0,0,0,0,0,0,NONE,,,,,,,,,,,,,,,,,
97.63913203,0,0,0,0,0,0,0,0,NONE,,,,,,,,,,,,,,,,,
98.63913203,0,0,0,0,0,0,0,0,NONE,,,,,,,,,,,,,,,,,
99.63913203,0,0,0,0,0,0,0,0,NONE,,,,,,,,,,,,,,,,,
100.1082326,0,0,0,0,0,0,0,0,NONE,,,,,,,,,,,,,,,,,
101.1082326,0,0,0,0,0,0,0,0,NONE,,,,,,,,,,,,,,,,,
102.1082326,0,0,0,0,0,0,0,0,NONE,,,,,,,,,,,,,,,,,
103.1082326,0,0,0,0,0,0,0,0,NONE,,,,,,,,,,,,,,,,,
104.1082326,0,0,0,0,1,4297.006633,0,0,DS24,,,,,,,,,,,,,,,,,
105.1082326,0,0,0,0,1,4297.006633,0,0,DS24,,,,,,,,,,,,,,,,,
106.1082326,0,0,0,0,1,4297.006633,0,0,DS24,,,,,,,,,,,,,,,,,
107.1082326,0,0,0,0,1,4297.006633,0,0,DS24,,,,,,,,,,,,,,,,,
108.1082326,1,74284.61081,0,0,1,4297.006633,0,0,DS24,,,,,,,,,,,,,,,,,
109.1082326,1,74284.61081,0,0,1,4297.006633,0,0,DS24,,,,,,,,,,,,,,,,,
110.1082326,1,74284.61081,0,0,1,4297.006633,0,0,DS24,,,,,,,,,,,,,,,,,
111.1082326,1,74284.61081,0,0,1,4297.006633,0,0,DS24,,,,,,,,,,,,,,,,,
112.1082326,1,74284.61081,0,0,1,4297.006633,0,0,DS24,,,,,,,,,,,,,,,,,
113.1082326,1,74284.61081,0,0,0,0,0,0,WPSA,,,,,,,,,,,,,,,,,
114.1082326,1,74284.61081,0,0,0,0,0,0,WPSA,,,,,,,,,,,,,,,,,
115.1082326,1,74284.61081,0,0,0,0,0,0,WPSA,,,,,,,,,,,,,,,,,
116.1082326,1,74284.61081,0,0,0,0,0,0,WPSA,,,,,,,,,,,,,,,,,
117.1082326,1,74284.61081,0,0,0,0,0,0,WPSA,,,,,,,,,,,,,,,,,
118.094466,1,74284.61081,1,68027.60838,0,0,0,0,WPSA,,,,,,,,,,,,,,,,,
119.094466,1,74284.61081,1,68027.60838,0,0,0,0,WPSA,,,,,,,,,,,,,,,,,
120.094466,1,74284.61081,1,68027.60838,0,0,0,0,WPSA,,,,,,,,,,,,,,,,,
121.094466,1,74284.61081,1,68027.60838,0,0,0,0,WPSA,,,,,,,,,,,,,,,,,
122.094466,1,74284.61081,1,68027.60838,0,0,0,0,WPSA,,,,,,,,,,,,,,,,,
123.094466,1,74284.61081,1,68027.60838,0,0,0,0,WPSA,,,,,,,,,,,,,,,,,
124.094466,1,74284.61081,1,68027.60838,0,0,0,0,WPSA,,,,,,,,,,,,,,,,,
125.094466,1,74284.61081,1,68027.60838,0,0,0,0,WPSA,,,,,,,,,,,,,,,,,
126.094466,1,74284.61081,1,68027.60838,0,0,0,0,WPSA,,,,,,,,,,,,,,,,,
127.094466,1,74284.61081,1,68027.60838,0,0,0,0,WPSA,,,,,,,,,,,,,,,,,
128.094466,1,74284.61081,1,68027.60838,0,0,0,0,WPSA,,,,,,,,,,,,,,,,,
129.094466,1,74284.61081,1,68027.60838,0,0,0,0,WPSA,,,,,,,,,,,,,,,,,
130.094466,1,74284.61081,1,68027.60838,0,0,0,0,WPSA,,,,,,,,,,,,,,,,,
131.094466,1,74284.61081,1,68027.60838,0,0,0,0,WPSA,,,,,,,,,,,,,,,,,
132.094466,1,74284.61081,1,68027.60838,0,0,0,0,WPSA,,,,,,,,,,,,,,,,,
133.094466,1,74284.61081,1,68027.60838,0,0,0,0,WPSA,,,,,,,,,,,,,,,,,
134.094466,1,74284.61081,1,68027.60838,0,0,0,0,WPSA,,,,,,,,,,,,,,,,,
135.094466,1,74284.61081,1,68027.60838,0,0,0,0,WPSA,,,,,,,,,,,,,,,,,
136.094466,1,74284.61081,1,68027.60838,0,0,0,0,WPSA,,,,,,,,,,,,,,,,,
137.094466,1,74284.61081,1,68027.60838,0,0,0,0,WPSA,,,,,,,,,,,,,,,,,
138.094466,1,74284.61081,1,68027.60838,0,0,0,0,WPSA,,,,,,,,,,,,,,,,,
139.094466,1,74284.61081,1,68027.60838,0,0,0,0,WPSA,,,,,,,,,,,,,,,,,
140.094466,1,74284.61081,1,68027.60838,0,0,0,0,WPSA,,,,,,,,,,,,,,,,,
141.094466,1,74284.61081,1,68027.60838,0,0,0,0,WPSA,,,,,,,,,,,,,,,,,
142.094466,1,74284.61081,1,68027.60838,0,0,0,0,WPSA,,,,,,,,,,,,,,,,,
143.094466,1,74284.61081,1,68027.60838,0,0,0,0,WPSA,,,,,,,,,,,,,,,,,
144.094466,1,74284.61081,1,68027.60838,0,0,0,0,WPSA,,,,,,,,,,,,,,,,,
145.094466,1,74284.61081,1,68027.60838,0,0,0,0,WPSA,,,,,,,,,,,,,,,,,
146.094466,1,74284.61081,1,68027.60838,0,0,0,0,WPSA,,,,,,,,,,,,,,,,,
147.094466,1,74284.61081,1,68027.60838,0,0,0,0,WPSA,,,,,,,,,,,,,,,,,
148.094466,1,74284.61081,1,68027.60838,0,0,0,0,WPSA,,,,,,,,,,,,,,,,,
149.094466,1,74284.61081,1,68027.60838,0,0,0,0,WPSA,,,,,,,,,,,,,,,,,
150.094466,1,74284.61081,1,68027.60838,0,0,0,0,WPSA,,,,,,,,,,,,,,,,,
151.094466,1,74284.61081,1,68027.60838,0,0,0,0,WPSA,,,,,,,,,,,,,,,,,
152.094466,1,74284.61081,1,68027.60838,0,0,0,0,WPSA,,,,,,,,,,,,,,,,,
153.094466,1,74284.61081,1,68027.60838,0,0,0,0,WPSA,,,,,,,,,,,,,,,,,
154.094466,1,74284.61081,1,68027.60838,0,0,0,0,WPSA,,,,,,,,,,,,,,,,,
155.094466,1,74284.61081,1,68027.60838,0,0,0,0,WPSA,,,,,,,,,,,,,,,,,
156.094466,1,74284.61081,1,68027.60838,0,0,0,0,WPSA,,,,,,,,,,,,,,,,,
157.094466,1,74284.61081,1,68027.60838,0,0,0,0,WPSA,,,,,,,,,,,,,,,,,
158.094466,1,74284.61081,1,68027.60838,0,0,0,0,WPSA,,,,,,,,,,,,,,,,,
159.094466,1,74284.61081,1,68027.60838,0,0,0,0,WPSA,,,,,,,,,,,,,,,,,
160.094466,1,74284.61081,1,68027.60838,0,0,0,0,WPSA,,,,,,,,,,,,,,,,,
161.094466,1,74284.61081,1,68027.60838,0,0,0,0,WPSA,,,,,,,,,,,,,,,,,
162.094466,1,74284.61081,1,68027.60838,0,0,0,0,WPSA,,,,,,,,,,,,,,,,,
163.094466,1,74284.61081,1,68027.60838,0,0,0,0,WPSA,,,,,,,,,,,,,,,,,
164.094466,1,74284.61081,1,68027.60838,0,0,0,0,WPSA,,,,,,,,,,,,,,,,,
165.094466,1,74284.61081,1,68027.60838,0,0,0,0,WPSA,,,,,,,,,,,,,,,,,
166.094466,1,74284.61081,1,68027.60838,0,0,0,0,WPSA,,,,,,,,,,,,,,,,,
167.094466,1,74284.61081,1,68027.60838,0,0,0,0,WPSA,,,,,,,,,,,,,,,,,
168.094466,1,74284.61081,1,68027.60838,0,0,0,0,WPSA,,,,,,,,,,,,,,,,,
169.094466,1,74284.61081,1,68027.60838,0,0,0,0,WPSA,,,,,,,,,,,,,,,,,
170.094466,1,74284.61081,1,68027.60838,0,0,0,0,WPSA,,,,,,,,,,,,,,,,,
171.094466,1,74284.61081,1,68027.60838,0,0,0,0,WPSA,,,,,,,,,,,,,,,,,
172.094466,1,74284.61081,1,68027.60838,0,0,0,0,WPSA,,,,,,,,,,,,,,,,,
173.094466,1,74284.61081,1,68027.60838,0,0,0,0,WPSA,,,,,,,,,,,,,,,,,
174.094466,1,74284.61081,1,68027.60838,0,0,0,0,WPSA,,,,,,,,,,,,,,,,,
175.094466,1,74284.61081,1,68027.60838,0,0,0,0,WPSA,,,,,,,,,,,,,,,,,
176.094466,1,74284.61081,1,68027.60838,0,0,0,0,WPSA,,,,,,,,,,,,,,,,,
177.094466,1,74284.61081,1,68027.60838,0,0,0,0,WPSA,,,,,,,,,,,,,,,,,
178.094466,1,74284.61081,1,68027.60838,0,0,0,0,WPSA,,,,,,,,,,,,,,,,,
179.094466,1,74284.61081,1,68027.60838,0,0,0,0,WPSA,,,,,,,,,,,,,,,,,
180.094466,1,74284.61081,1,68027.60838,0,0,0,0,WPSA,,,,,,,,,,,,,,,,,
181.094466,1,74284.61081,1,68027.60838,0,0,0,0,WPSA,,,,,,,,,,,,,,,,,
182.094466,1,74284.61081,1,68027.60838,0,0,0,0,WPSA,,,,,,,,,,,,,,,,,
183.094466,1,74284.61081,1,68027.60838,0,0,0,0,WPSA,,,,,,,,,,,,,,,,,
184.094466,1,74284.61081,1,68027.60838,0,0,0,0,WPSA,,,,,,,,,,,,,,,,,
185.094466,1,74284.61081,1,68027.60838,0,0,0,0,WPSA,,,,,,,,,,,,,,,,,
186.094466,1,74284.61081,1,68027.60838,0,0,0,0,WPSA,,,,,,,,,,,,,,,,,
187.094466,1,74284.61081,1,68027.60838,0,0,0,0,WPSA,,,,,,,,,,,,,,,,,
188.094466,1,74284.61081,1,68027.60838,0,0,0,0,WPSA,,,,,,,,,,,,,,,,,
189.094466,1,74284.61081,1,68027.60838,0,0,0,0,WPSA,,,,,,,,,,,,,,,,,
190.094466,1,74284.61081,1,68027.60838,0,0,0,0,WPSA,,,,,,,,,,,,,,,,,
191.094466,1,74284.61081,1,68027.60838,0,0,0,0,WPSA,,,,,,,,,,,,,,,,,
192.094466,1,74284.61081,1,68027.60838,0,0,0,0,WPSA,,,,,,,,,,,,,,,,,
193.094466,1,74284.61081,1,68027.60838,0,0,0,0,WPSA,,,,,,,,,,,,,,,,,
194.094466,1,74284.61081,1,68027.60838,0,0,0,0,WPSA,,,,,,,,,,,,,,,,,
195.094466,1,74284.61081,1,68027.60838,0,0,0,0,WPSA,,,,,,,,,,,,,,,,,
196.094466,1,74284.61081,1,68027.60838,0,0,0,0,WPSA,,,,,,,,,,,,,,,,,
196.649466,1,74284.61081,1,68027.60838,0,0,0,0,WPSA,,,,,,,,,,,,,,,,,
197.649466,1,74284.61081,1,68027.60838,0,0,0,0,WPSA,,,,,,,,,,,,,,,,,
198.649466,1,74284.61081,1,68027.60838,0,0,0,0,WPSA,,,,,,,,,,,,,,,,,
199.649466,1,74284.61081,1,68027.60838,0,0,0,0,WPSA,,,,,,,,,,,,,,,,,
200.649466,1,74284.61081,1,68027.60838,0,0,0,0,WPSA,,,,,,,,,,,,,,,,,
201.649466,1,74284.61081,1,68027.60838,0,0,0,0,WPSA,,,,,,,,,,,,,,,,,
202.649466,1,74284.61081,1,68027.60838,0,0,0,0,WPSA,,,,,,,,,,,,,,,,,
203.649466,1,74284.61081,1,68027.60838,0,0,0,0,WPSA,,,,,,,,,,,,,,,,,
204.649466,1,74284.61081,1,68027.60838,0,0,0,0,WPSA,,,,,,,,,,,,,,,,,
205.649466,1,74284.61081,1,68027.60838,0,0,0,0,WPSA,,,,,,,,,,,,,,,,,
206.649466,1,74284.61081,1,68027.60838,0,0,0,0,WPSA,,,,,,,,,,,,,,,,,
207.649466,1,74284.61081,1,68027.60838,0,0,0,0,WPSA,,,,,,,,,,,,,,,,,
208.649466,1,74284.61081,1,68027.60838,0,0,0,0,WPSA,,,,,,,,,,,,,,,,,
209.649466,1,74284.61081,1,68027.60838,0,0,0,0,WPSA,,,,,,,,,,,,,,,,,
210.649466,1,74284.61081,1,68027.60838,0,0,0,0,WPSA,,,,,,,,,,,,,,,,,
211.649466,1,74284.61081,1,68027.60838,0,0,0,0,WPSA,,,,,,,,,,,,,,,,,
212.649466,1,74284.61081,1,68027.60838,0,0,0,0,WPSA,,,,,,,,,,,,,,,,,
213.649466,1,74284.61081,1,68027.60838,0,0,0,0,WPSA,,,,,,,,,,,,,,,,,
214.649466,1,74284.61081,1,68027.60838,0,0,0,0,WPSA,,,,,,,,,,,,,,,,,
215.649466,1,74284.61081,1,68027.60838,0,0,0,0,WPSA,,,,,,,,,,,,,,,,,
216.649466,1,74284.61081,1,68027.60838,0,0,0,0,WPSA,,,,,,,,,,,,,,,,,
217.649466,1,74284.61081,1,68027.60838,0,0,0,0,WPSA,,,,,,,,,,,,,,,,,
218.649466,1,74284.61081,1,68027.60838,0,0,0,0,WPSA,,,,,,,,,,,,,,,,,
219.649466,1,74284.61081,1,68027.60838,0,0,0,0,WPSA,,,,,,,,,,,,,,,,,
220.649466,1,74284.61081,1,68027.60838,0,0,0,0,WPSA,,,,,,,,,,,,,,,,,
221.649466,1,74284.61081,1,68027.60838,0,0,0,0,WPSA,,,,,,,,,,,,,,,,,
222.649466,1,74284.61081,1,68027.60838,0,0,0,0,WPSA,,,,,,,,,,,,,,,,,
223.649466,1,74284.61081,1,68027.60838,0,0,0,0,WPSA,,,,,,,,,,,,,,,,,
224.649466,1,74284.61081,1,68027.60838,0,0,0,0,WPSA,,,,,,,,,,,,,,,,,
225.649466,1,74284.61081,1,68027.60838,0,0,0,0,WPSA,,,,,,,,,,,,,,,,,
226.649466,1,74284.61081,1,68027.60838,0,0,0,0,WPSA,,,,,,,,,,,,,,,,,
227.649466,1,74284.61081,1,68027.60838,0,0,0,0,WPSA,,,,,,,,,,,,,,,,,
228.649466,1,74284.61081,1,68027.60838,0,0,0,0,WPSA,,,,,,,,,,,,,,,,,
229.649466,1,74284.61081,1,68027.60838,0,0,0,0,WPSA,,,,,,,,,,,,,,,,,
230.649466,1,74284.61081,1,68027.60838,0,0,0,0,WPSA,,,,,,,,,,,,,,,,,
231.649466,1,74284.61081,1,68027.60838,0,0,0,0,WPSA,,,,,,,,,,,,,,,,,
232.649466,1,74284.61081,1,68027.60838,0,0,0,0,WPSA,,,,,,,,,,,,,,,,,
233.649466,1,74284.61081,1,68027.60838,0,0,0,0,WPSA,,,,,,,,,,,,,,,,,
234.649466,1,74284.61081,1,68027.60838,0,0,0,0,WPSA,,,,,,,,,,,,,,,,,
235.649466,1,74284.61081,1,68027.60838,0,0,0,0,WPSA,,,,,,,,,,,,,,,,,
236.649466,1,74284.61081,1,68027.60838,0,0,0,0,WPSA,,,,,,,,,,,,,,,,,
237.649466,1,74284.61081,1,68027.60838,0,0,0,0,WPSA,,,,,,,,,,,,,,,,,
238.649466,1,74284.61081,1,68027.60838,0,0,0,0,WPSA,,,,,,,,,,,,,,,,,
239.649466,1,74284.61081,1,68027.60838,0,0,0,0,WPSA,,,,,,,,,,,,,,,,,
240.649466,1,74284.61081,1,68027.60838,0,0,0,0,WPSA,,,,,,,,,,,,,,,,,
241.649466,1,74284.61081,1,68027.60838,0,0,0,0,WPSA,,,,,,,,,,,,,,,,,
242.649466,1,74284.61081,1,68027.60838,0,0,0,0,WPSA,,,,,,,,,,,,,,,,,
243.649466,1,74284.61081,1,68027.60838,0,0,0,0,WPSA,,,,,,,,,,,,,,,,,
244.649466,1,74284.61081,1,68027.60838,0,0,0,0,WPSA,,,,,,,,,,,,,,,,,
245.649466,1,74284.61081,1,68027.60838,0,0,0,0,WPSA,,,,,,,,,,,,,,,,,
246.649466,1,74284.61081,1,68027.60838,0,0,0,0,WPSA,,,,,,,,,,,,,,,,,
247.649466,1,74284.61081,1,68027.60838,0,0,0,0,WPSA,,,,,,,,,,,,,,,,,
248.649466,1,74284.61081,1,68027.60838,0,0,0,0,WPSA,,,,,,,,,,,,,,,,,
249.649466,1,74284.61081,1,68027.60838,0,0,0,0,WPSA,,,,,,,,,,,,,,,,,
250.649466,1,74284.61081,1,68027.60838,0,0,0,0,WPSA,,,,,,,,,,,,,,,,,
251.649466,1,74284.61081,1,68027.60838,0,0,0,0,WPSA,,,,,,,,,,,,,,,,,
252.649466,1,74284.61081,1,68027.60838,0,0,0,0,WPSA,,,,,,,,,,,,,,,,,
253.649466,1,74284.61081,1,68027.60838,0,0,0,0,WPSA,,,,,,,,,,,,,,,,,
254.649466,1,74284.61081,1,68027.60838,0,0,0,0,WPSA,,,,,,,,,,,,,,,,,
255.649466,1,74284.61081,1,68027.60838,0,0,0,0,WPSA,,,,,,,,,,,,,,,,,
256.649466,1,74284.61081,1,68027.60838,0,0,0,0,WPSA,,,,,,,,,,,,,,,,,
257.649466,1,74284.61081,1,68027.60838,0,0,0,0,WPSA,,,,,,,,,,,,,,,,,
258.649466,1,74284.61081,1,68027.60838,0,0,0,0,WPSA,,,,,,,,,,,,,,,,,
259.649466,1,74284.61081,1,68027.60838,0,0,0,0,WPSA,,,,,,,,,,,,,,,,,
260.649466,1,74284.61081,1,68027.60838,0,0,0,0,WPSA,,,,,,,,,,,,,,,,,
261.649466,1,74284.61081,1,68027.60838,0,0,0,0,WPSA,,,,,,,,,,,,,,,,,
262.649466,1,74284.61081,1,68027.60838,0,0,0,0,WPSA,,,,,,,,,,,,,,,,,
263.649466,1,74284.61081,1,68027.60838,0,0,0,0,WPSA,,,,,,,,,,,,,,,,,
264.649466,1,74284.61081,1,68027.60838,0,0,0,0,WPSA,,,,,,,,,,,,,,,,,
265.649466,1,74284.61081,1,68027.60838,0,0,0,0,WPSA,,,,,,,,,,,,,,,,,
266.649466,1,74284.61081,1,68027.60838,0,0,0,0,WPSA,,,,,,,,,,,,,,,,,
267.649466,1,74284.61081,1,68027.60838,0,0,0,0,WPSA,,,,,,,,,,,,,,,,,
268.649466,1,74284.61081,1,68027.60838,0,0,0,0,WPSA,,,,,,,,,,,,,,,,,
269.649466,1,74284.61081,1,68027.60838,0,0,0,0,WPSA,,,,,,,,,,,,,,,,,
270.649466,1,74284.61081,1,68027.60838,0,0,0,0,WPSA,,,,,,,,,,,,,,,,,
271.649466,1,74284.61081,1,68027.60838,0,0,0,0,WPSA,,,,,,,,,,,,,,,,,
272.649466,1,74284.61081,1,68027.60838,0,0,0,0,WPSA,,,,,,,,,,,,,,,,,
273.649466,1,74284.61081,1,68027.60838,0,0,0,0,WPSA,,,,,,,,,,,,,,,,,
274.649466,1,74284.61081,1,68027.60838,0,0,0,0,WPSA,,,,,,,,,,,,,,,,,
275.649466,1,74284.61081,1,68027.60838,0,0,0,0,WPSA,,,,,,,,,,,,,,,,,
276.649466,1,74284.61081,1,68027.60838,0,0,0,0,WPSA,,,,,,,,,,,,,,,,,
277.649466,1,74284.61081,1,68027.60838,0,0,0,0,WPSA,,,,,,,,,,,,,,,,,
278.649466,1,74284.61081,1,68027.60838,0,0,0,0,WPSA,,,,,,,,,,,,,,,,,
279.649466,1,74284.61081,1,68027.60838,0,0,0,0,WPSA,,,,,,,,,,,,,,,,,
280.649466,1,74284.61081,1,68027.60838,0,0,0,0,WPSA,,,,,,,,,,,,,,,,,
281.649466,1,74284.61081,1,68027.60838,0,0,0,0,WPSA,,,,,,,,,,,,,,,,,
282.649466,1,74284.61081,1,68027.60838,0,0,0,0,WPSA,,,,,,,,,,,,,,,,,
283.649466,1,74284.61081,1,68027.60838,0,0,0,0,WPSA,,,,,,,,,,,,,,,,,
284.6427943,1,74284.61081,1,68027.60838,0,0,0,0,WPSA,,,,,,,,,,,,,,,,,
285.6427943,1,74284.61081,1,68027.60838,0,0,0,0,WPSA,,,,,,,,,,,,,,,,,
286.6427943,1,74284.61081,1,68027.60838,0,0,0,0,WPSA,,,,,,,,,,,,,,,,,
287.6427943,1,74284.61081,1,68027.60838,0,0,0,0,WPSA,,,,,,,,,,,,,,,,,
288.6427943,1,74284.61081,1,68027.60838,0,0,0,0,WPSA,,,,,,,,,,,,,,,,,
289.6427943,1,74284.61081,1,68027.60838,0,0,0,0,WPSA,,,,,,,,,,,,,,,,,
290.6427943,1,74284.61081,1,68027.60838,0,0,0,0,WPSA,,,,,,,,,,,,,,,,,
291.6427943,1,74284.61081,1,68027.60838,0,0,0,0,WPSA,,,,,,,,,,,,,,,,,
292.6427943,1,74284.61081,1,68027.60838,0,0,0,0,WPSA,,,,,,,,,,,,,,,,,
293.6427943,1,74284.61081,1,68027.60838,0,0,0,0,WPSA,,,,,,,,,,,,,,,,,
294.6427943,1,74284.61081,1,68027.60838,0,0,0,0,WPSA,,,,,,,,,,,,,,,,,
295.6427943,1,74284.61081,1,68027.60838,0,0,0,0,WPSA,,,,,,,,,,,,,,,,,
296.6427943,1,74284.61081,1,68027.60838,0,0,0,0,WPSA,,,,,,,,,,,,,,,,,
297.6427943,1,74284.61081,1,68027.60838,0,0,0,0,WPSA,,,,,,,,,,,,,,,,,
298.6427943,1,74284.61081,1,68027.60838,0,0,0,0,WPSA,,,,,,,,,,,,,,,,,
299.6427943,1,74284.61081,1,68027.60838,0,0,0,0,WPSA,,,,,,,,,,,,,,,,,
300.6427943,1,74284.61081,1,68027.60838,0,0,0,0,WPSA,,,,,,,,,,,,,,,,,
301.6427943,1,74284.61081,1,68027.60838,0,0,0,0,WPSA,,,,,,,,,,,,,,,,,
302.6427943,1,74284.61081,1,68027.60838,0,0,0,0,WPSA,,,,,,,,,,,,,,,,,
303.6427943,1,74284.61081,1,68027.60838,0,0,0,0,WPSA,,,,,,,,,,,,,,,,,
304.6427943,1,74284.61081,1,68027.60838,0,0,0,0,WPSA,,,,,,,,,,,,,,,,,
305.6427943,1,74284.61081,1,68027.60838,0,0,0,0,WPSA,,,,,,,,,,,,,,,,,
306.6427943,1,74284.61081,1,68027.60838,0,0,0,0,WPSA,,,,,,,,,,,,,,,,,
307.6427943,1,74284.61081,1,68027.60838,0,0,0,0,WPSA,,,,,,,,,,,,,,,,,
308.6427943,1,74284.61081,1,68027.60838,0,0,0,0,WPSA,,,,,,,,,,,,,,,,,
309.6427943,1,74284.61081,1,68027.60838,0,0,0,0,WPSA,,,,,,,,,,,,,,,,,
310.6427943,1,74284.61081,1,68027.60838,0,0,0,0,WPSA,,,,,,,,,,,,,,,,,
311.6427943,1,74284.61081,1,68027.60838,0,0,0,0,WPSA,,,,,,,,,,,,,,,,,
312.6427943,1,74284.61081,1,68027.60838,0,0,0,0,WPSA,,,,,,,,,,,,,,,,,
313.6427943,1,74284.61081,1,68027.60838,0,0,0,0,WPSA,,,,,,,,,,,,,,,,,
314.6427943,1,74284.61081,1,68027.60838,0,0,0,0,WPSA,,,,,,,,,,,,,,,,,
315.6427943,1,74284.61081,1,68027.60838,0,0,0,0,WPSA,,,,,,,,,,,,,,,,,
316.6427943,1,74284.61081,1,68027.60838,0,0,0,0,WPSA,,,,,,,,,,,,,,,,,
317.6427943,1,74284.61081,1,68027.60838,0,0,0,0,WPSA,,,,,,,,,,,,,,,,,
318.6427943,1,74284.61081,1,68027.60838,0,0,0,0,WPSA,,,,,,,,,,,,,,,,,
319.6427943,1,74284.61081,1,68027.60838,0,0,0,0,WPSA,,,,,,,,,,,,,,,,,
320.6427943,1,74284.61081,1,68027.60838,0,0,0,0,WPSA,,,,,,,,,,,,,,,,,
321.6427943,1,74284.61081,1,68027.60838,0,0,0,0,WPSA,,,,,,,,,,,,,,,,,
322.6427943,1,74284.61081,1,68027.60838,0,0,0,0,WPSA,,,,,,,,,,,,,,,,,
323.6427943,1,74284.61081,1,68027.60838,0,0,0,0,WPSA,,,,,,,,,,,,,,,,,
324.6427943,1,74284.61081,1,68027.60838,0,0,0,0,WPSA,,,,,,,,,,,,,,,,,
325.6427943,1,74284.61081,1,68027.60838,0,0,0,0,WPSA,,,,,,,,,,,,,,,,,
326.6427943,1,74284.61081,1,68027.60838,0,0,0,0,WPSA,,,,,,,,,,,,,,,,,
327.6427943,1,74284.61081,1,68027.60838,0,0,0,0,WPSA,,,,,,,,,,,,,,,,,
328.6427943,1,74284.61081,1,68027.60838,0,0,0,0,WPSA,,,,,,,,,,,,,,,,,
329.6427943,1,74284.61081,1,68027.60838,0,0,0,0,WPSA,,,,,,,,,,,,,,,,,
330.6427943,1,74284.61081,1,68027.60838,0,0,0,0,WPSA,,,,,,,,,,,,,,,,,
331.6427943,1,74284.61081,1,68027.60838,0,0,0,0,WPSA,,,,,,,,,,,,,,,,,
332.6427943,1,74284.61081,1,68027.60838,0,0,0,0,WPSA,,,,,,,,,,,,,,,,,
333.6427943,1,74284.61081,1,68027.60838,0,0,0,0,WPSA,,,,,,,,,,,,,,,,,
334.6427943,1,74284.61081,1,68027.60838,0,0,0,0,WPSA,,,,,,,,,,,,,,,,,
335.6427943,1,74284.61081,1,68027.60838,0,0,0,0,WPSA,,,,,,,,,,,,,,,,,
336.6427943,1,74284.61081,1,68027.60838,0,0,0,0,WPSA,,,,,,,,,,,,,,,,,
337.6427943,1,74284.61081,1,68027.60838,0,0,0,0,WPSA,,,,,,,,,,,,,,,,,
338.6427943,1,74284.61081,1,68027.60838,0,0,0,0,WPSA,,,,,,,,,,,,,,,,,
339.6427943,1,74284.61081,1,68027.60838,0,0,0,0,WPSA,,,,,,,,,,,,,,,,,
340.6427943,1,74284.61081,1,68027.60838,0,0,0,0,WPSA,,,,,,,,,,,,,,,,,
341.6427943,1,74284.61081,1,68027.60838,0,0,0,0,WPSA,,,,,,,,,,,,,,,,,
342.6427943,1,74284.61081,1,68027.60838,0,0,0,0,WPSA,,,,,,,,,,,,,,,,,
343.6427943,1,74284.61081,1,68027.60838,0,0,0,0,WPSA,,,,,,,,,,,,,,,,,
344.6427943,1,74284.61081,1,68027.60838,0,0,0,0,WPSA,,,,,,,,,,,,,,,,,
345.6427943,1,74284.61081,1,68027.60838,0,0,0,0,WPSA,,,,,,,,,,,,,,,,,
346.6427943,1,74284.61081,1,68027.60838,0,0,0,0,WPSA,,,,,,,,,,,,,,,,,
347.6427943,1,74284.61081,1,68027.60838,0,0,0,0,WPSA,,,,,,,,,,,,,,,,,
348.6427943,1,74284.61081,1,68027.60838,0,0,0,0,WPSA,,,,,,,,,,,,,,,,,
349.6427943,1,74284.61081,1,68027.60838,0,0,0,0,WPSA,,,,,,,,,,,,,,,,,
350.6427943,1,74284.61081,1,68027.60838,0,0,0,0,WPSA,,,,,,,,,,,,,,,,,
351.6427943,1,74284.61081,1,68027.60838,0,0,0,0,WPSA,,,,,,,,,,,,,,,,,
352.6427943,1,74284.61081,1,68027.60838,0,0,0,0,WPSA,,,,,,,,,,,,,,,,,
353.6427943,1,74284.61081,1,68027.60838,0,0,0,0,WPSA,,,,,,,,,,,,,,,,,
354.6427943,1,74284.61081,1,68027.60838,0,0,0,0,WPSA,,,,,,,,,,,,,,,,,
355.6427943,1,74284.61081,1,68027.60838,0,0,0,0,WPSA,,,,,,,,,,,,,,,,,
356.6427943,1,74284.61081,1,68027.60838,0,0,0,0,WPSA,,,,,,,,,,,,,,,,,
357.6427943,1,74284.61081,1,68027.60838,0,0,0,0,WPSA,,,,,,,,,,,,,,,,,
358.6427943,1,74284.61081,1,68027.60838,0,0,0,0,WPSA,,,,,,,,,,,,,,,,,
359.6427943,1,74284.61081,1,68027.60838,0,0,0,0,WPSA,,,,,,,,,,,,,,,,,
360.6427943,1,74284.61081,1,68027.60838,0,0,0,0,WPSA,,,,,,,,,,,,,,,,,
361.6427943,1,74284.61081,1,68027.60838,0,0,0,0,WPSA,,,,,,,,,,,,,,,,,
362.6427943,1,74284.61081,1,68027.60838,0,0,0,0,WPSA,,,,,,,,,,,,,,,,,
363.6427943,1,74284.61081,1,68027.60838,0,0,0,0,WPSA,,,,,,,,,,,,,,,,,
364.6427943,1,74284.61081,1,68027.60838,0,0,0,0,WPSA,,,,,,,,,,,,,,,,,
365.6427943,1,74284.61081,1,68027.60838,0,0,0,0,WPSA,,,,,,,,,,,,,,,,,
366.6427943,1,74284.61081,1,68027.60838,0,0,0,0,WPSA,,,,,,,,,,,,,,,,,
367.6427943,1,74284.61081,1,68027.60838,0,0,0,0,WPSA,,,,,,,,,,,,,,,,,
368.6427943,1,74284.61081,1,68027.60838,0,0,0,0,WPSA,,,,,,,,,,,,,,,,,
369.6427943,1,74284.61081,1,68027.60838,0,0,0,0,WPSA,,,,,,,,,,,,,,,,,
370.6427943,1,74284.61081,1,68027.60838,0,0,0,0,WPSA,,,,,,,,,,,,,,,,,
371.6427943,1,74284.61081,1,68027.60838,0,0,0,0,WPSA,,,,,,,,,,,,,,,,,
372.6427943,1,74284.61081,1,68027.60838,0,0,0,0,WPSA,,,,,,,,,,,,,,,,,
373.6427943,1,74284.61081,1,68027.60838,0,0,0,0,WPSA,,,,,,,,,,,,,,,,,
374.6427943,1,74284.61081,1,68027.60838,0,0,0,0,WPSA,,,,,,,,,,,,,,,,,
375.6427943,1,74284.61081,1,68027.60838,0,0,0,0,WPSA,,,,,,,,,,,,,,,,,
376.6427943,1,74284.61081,1,68027.60838,0,0,0,0,WPSA,,,,,,,,,,,,,,,,,
377.6427943,1,74284.61081,1,68027.60838,0,0,0,0,WPSA,,,,,,,,,,,,,,,,,
378.6427943,1,74284.61081,1,68027.60838,0,0,0,0,WPSA,,,,,,,,,,,,,,,,,
379.6427943,1,74284.61081,1,68027.60838,0,0,0,0,WPSA,,,,,,,,,,,,,,,,,
380.6427943,1,74284.61081,1,68027.60838,0,0,0,0,WPSA,,,,,,,,,,,,,,,,,
381.6427943,1,74284.61081,1,68027.60838,0,0,0,0,WPSA,,,,,,,,,,,,,,,,,
382.6427943,1,74284.61081,1,68027.60838,0,0,0,0,WPSA,,,,,,,,,,,,,,,,,
383.6427943,1,74284.61081,1,68027.60838,0,0,0,0,WPSA,,,,,,,,,,,,,,,,,
384.6427943,1,74284.61081,1,68027.60838,0,0,0,0,WPSA,,,,,,,,,,,,,,,,,
385.6427943,1,74284.61081,1,68027.60838,0,0,0,0,WPSA,,,,,,,,,,,,,,,,,
386.6427943,1,74284.61081,1,68027.60838,0,0,0,0,WPSA,,,,,,,,,,,,,,,,,
387.6427943,1,74284.61081,1,68027.60838,0,0,0,0,WPSA,,,,,,,,,,,,,,,,,
388.6427943,1,74284.61081,1,68027.60838,0,0,0,0,WPSA,,,,,,,,,,,,,,,,,
389.6427943,1,74284.61081,1,68027.60838,0,0,0,0,WPSA,,,,,,,,,,,,,,,,,
390.6427943,1,74284.61081,1,68027.60838,0,0,0,0,WPSA,,,,,,,,,,,,,,,,,
391.6427943,1,74284.61081,1,68027.60838,0,0,0,0,WPSA,,,,,,,,,,,,,,,,,
392.6427943,1,74284.61081,1,68027.60838,0,0,0,0,WPSA,,,,,,,,,,,,,,,,,
393.6427943,1,74284.61081,1,68027.60838,0,0,0,0,WPSA,,,,,,,,,,,,,,,,,
394.6427943,1,74284.61081,1,68027.60838,0,0,0,0,WPSA,,,,,,,,,,,,,,,,,
395.6427943,1,74284.61081,1,68027.60838,0,0,0,0,WPSA,,,,,,,,,,,,,,,,,
396.6427943,1,74284.61081,1,68027.60838,0,0,0,0,WPSA,,,,,,,,,,,,,,,,,
397.6427943,1,74284.61081,1,68027.60838,0,0,0,0,WPSA,,,,,,,,,,,,,,,,,
398.6427943,1,74284.61081,1,68027.60838,0,0,0,0,WPSA,,,,,,,,,,,,,,,,,
399.6427943,1,74284.61081,1,68027.60838,0,0,0,0,WPSA,,,,,,,,,,,,,,,,,
400.6427943,1,74284.61081,1,68027.60838,0,0,0,0,WPSA,,,,,,,,,,,,,,,,,
401.6427943,1,74284.61081,1,68027.60838,0,0,0,0,WPSA,,,,,,,,,,,,,,,,,
402.6427943,1,74284.61081,1,68027.60838,0,0,0,0,WPSA,,,,,,,,,,,,,,,,,
403.6427943,1,74284.61081,1,68027.60838,0,0,0,0,WPSA,,,,,,,,,,,,,,,,,
404.6427943,1,74284.61081,1,68027.60838,1,68425.73844,0,0,WPSA,,,,,,,,,,,,,,,,,
405.6427943,1,74284.61081,1,68027.60838,1,68425.73844,0,0,WPSA,,,,,,,,,,,,,,,,,
406.6427943,1,74284.61081,1,68027.60838,1,68425.73844,0,0,WPSA,,,,,,,,,,,,,,,,,
407.6427943,1,74284.61081,1,68027.60838,1,68425.73844,0,0,WPSA,,,,,,,,,,,,,,,,,
408.6427943,1,74284.61081,1,68027.60838,1,68425.73844,0,0,WPSA,,,,,,,,,,,,,,,,,
409.6427943,1,74284.61081,1,68027.60838,1,68425.73844,0,0,WPSA,,,,,,,,,,,,,,,,,
410.6427943,1,74284.61081,1,68027.60838,1,68425.73844,0,0,WPSA,,,,,,,,,,,,,,,,,
411.6427943,1,74284.61081,1,68027.60838,1,68425.73844,0,0,WPSA,,,,,,,,,,,,,,,,,
412.6427943,1,74284.61081,1,68027.60838,1,68425.73844,0,0,WPSA,,,,,,,,,,,,,,,,,
413.6427943,1,74284.61081,1,68027.60838,1,68425.73844,0,0,WPSA,,,,,,,,,,,,,,,,,
414.6427943,1,74284.61081,1,68027.60838,1,68425.73844,0,0,WPSA,,,,,,,,,,,,,,,,,
415.6427943,1,74284.61081,1,68027.60838,1,68425.73844,0,0,WPSA,,,,,,,,,,,,,,,,,
416.6427943,1,74284.61081,1,68027.60838,1,68425.73844,0,0,WPSA,,,,,,,,,,,,,,,,,
417.6427943,1,74284.61081,1,68027.60838,1,68425.73844,0,0,WPSA,,,,,,,,,,,,,,,,,
418.6427943,1,74284.61081,1,68027.60838,1,68425.73844,0,0,WPSA,,,,,,,,,,,,,,,,,
419.6427943,1,74284.61081,1,68027.60838,1,68425.73844,0,0,WPSA,,,,,,,,,,,,,,,,,
420.6427943,1,74284.61081,1,68027.60838,1,68425.73844,0,0,WPSA,,,,,,,,,,,,,,,,,
421.6427943,1,74284.61081,1,68027.60838,1,68425.73844,0,0,WPSA,,,,,,,,,,,,,,,,,
422.6427943,1,74284.61081,1,68027.60838,1,68425.73844,0,0,WPSA,,,,,,,,,,,,,,,,,
423.6427943,1,74284.61081,1,68027.60838,1,68425.73844,0,0,WPSA,,,,,,,,,,,,,,,,,
424.6427943,1,74284.61081,1,68027.60838,1,68425.73844,0,0,WPSA,,,,,,,,,,,,,,,,,
425.6427943,1,74284.61081,1,68027.60838,1,68425.73844,0,0,WPSA,,,,,,,,,,,,,,,,,
426.6427943,1,74284.61081,1,68027.60838,1,68425.73844,0,0,WPSA,,,,,,,,,,,,,,,,,
427.6427943,1,74284.61081,1,68027.60838,1,68425.73844,0,0,WPSA,,,,,,,,,,,,,,,,,
428.6427943,1,74284.61081,1,68027.60838,1,68425.73844,0,0,WPSA,,,,,,,,,,,,,,,,,
429.6427943,1,74284.61081,1,68027.60838,1,68425.73844,0,0,WPSA,,,,,,,,,,,,,,,,,
430.6427943,1,74284.61081,1,68027.60838,1,68425.73844,0,0,WPSA,,,,,,,,,,,,,,,,,
431.6427943,1,74284.61081,1,68027.60838,1,68425.73844,0,0,WPSA,,,,,,,,,,,,,,,,,
432.6427943,1,74284.61081,1,68027.60838,1,68425.73844,0,0,WPSA,,,,,,,,,,,,,,,,,
433.6427943,1,74284.61081,1,68027.60838,1,68425.73844,0,0,WPSA,,,,,,,,,,,,,,,,,
434.6427943,1,74284.61081,1,68027.60838,1,68425.73844,0,0,WPSA,,,,,,,,,,,,,,,,,
435.6427943,1,74284.61081,1,68027.60838,1,68425.73844,0,0,WPSA,,,,,,,,,,,,,,,,,
436.6427943,1,74284.61081,1,68027.60838,1,68425.73844,0,0,WPSA,,,,,,,,,,,,,,,,,
437.6427943,1,74284.61081,1,68027.60838,1,68425.73844,0,0,WPSA,,,,,,,,,,,,,,,,,
438.6427943,1,74284.61081,1,68027.60838,1,68425.73844,0,0,WPSA,,,,,,,,,,,,,,,,,
439.6427943,1,74284.61081,1,68027.60838,1,68425.73844,0,0,WPSA,,,,,,,,,,,,,,,,,
440.6427943,1,74284.61081,1,68027.60838,1,68425.73844,0,0,WPSA,,,,,,,,,,,,,,,,,
441.6427943,1,74284.61081,1,68027.60838,1,68425.73844,0,0,WPSA,,,,,,,,,,,,,,,,,
442.6427943,1,74284.61081,1,68027.60838,1,68425.73844,0,0,WPSA,,,,,,,,,,,,,,,,,
443.6427943,1,74284.61081,1,68027.60838,1,68425.73844,0,0,WPSA,,,,,,,,,,,,,,,,,
444.6427943,1,74284.61081,1,68027.60838,1,68425.73844,0,0,WPSA,,,,,,,,,,,,,,,,,
445.6427943,1,74284.61081,1,68027.60838,1,68425.73844,0,0,WPSA,,,,,,,,,,,,,,,,,
446.6427943,1,74284.61081,1,68027.60838,1,68425.73844,0,0,WPSA,,,,,,,,,,,,,,,,,
447.6427943,1,74284.61081,1,68027.60838,1,68425.73844,0,0,WPSA,,,,,,,,,,,,,,,,,
448.6427943,1,74284.61081,1,68027.60838,1,68425.73844,0,0,WPSA,,,,,,,,,,,,,,,,,
449.6427943,1,74284.61081,1,68027.60838,1,68425.73844,0,0,WPSA,,,,,,,,,,,,,,,,,
450.6427943,1,74284.61081,1,68027.60838,1,68425.73844,0,0,WPSA,,,,,,,,,,,,,,,,,
451.6427943,1,74284.61081,1,68027.60838,1,68425.73844,0,0,WPSA,,,,,,,,,,,,,,,,,
452.6427943,1,74284.61081,1,68027.60838,1,68425.73844,0,0,WPSA,,,,,,,,,,,,,,,,,
453.6427943,1,74284.61081,1,68027.60838,1,68425.73844,0,0,WPSA,,,,,,,,,,,,,,,,,
454.6427943,1,74284.61081,1,68027.60838,1,68425.73844,0,0,WPSA,,,,,,,,,,,,,,,,,
455.6427943,1,74284.61081,1,68027.60838,1,68425.73844,0,0,WPSA,,,,,,,,,,,,,,,,,
456.6427943,1,74284.61081,1,68027.60838,1,68425.73844,0,0,WPSA,,,,,,,,,,,,,,,,,
457.6427943,1,74284.61081,1,68027.60838,1,68425.73844,0,0,WPSA,,,,,,,,,,,,,,,,,
458.6427943,1,74284.61081,1,68027.60838,1,68425.73844,0,0,WPSA,,,,,,,,,,,,,,,,,
459.6427943,1,74284.61081,1,68027.60838,1,68425.73844,0,0,WPSA,,,,,,,,,,,,,,,,,
460.6427943,1,74284.61081,1,68027.60838,1,68425.73844,0,0,WPSA,,,,,,,,,,,,,,,,,
461.6427943,1,74284.61081,1,68027.60838,1,68425.73844,0,0,WPSA,,,,,,,,,,,,,,,,,
462.6427943,1,74284.61081,1,68027.60838,1,68425.73844,0,0,WPSA,,,,,,,,,,,,,,,,,
463.6427943,1,74284.61081,1,68027.60838,1,68425.73844,0,0,WPSA,,,,,,,,,,,,,,,,,
464.6427943,1,74284.61081,1,68027.60838,1,68425.73844,0,0,WPSA,,,,,,,,,,,,,,,,,
465.6427943,1,74284.61081,1,68027.60838,1,68425.73844,0,0,WPSA,,,,,,,,,,,,,,,,,
466.6427943,1,74284.61081,1,68027.60838,1,68425.73844,0,0,WPSA,,,,,,,,,,,,,,,,,
467.6427943,1,74284.61081,1,68027.60838,1,68425.73844,0,0,WPSA,,,,,,,,,,,,,,,,,
468.6427943,1,74284.61081,1,68027.60838,1,68425.73844,0,0,WPSA,,,,,,,,,,,,,,,,,
469.6427943,1,74284.61081,1,68027.60838,1,68425.73844,0,0,WPSA,,,,,,,,,,,,,,,,,
470.6427943,1,74284.61081,1,68027.60838,1,68425.73844,0,0,WPSA,,,,,,,,,,,,,,,,,
471.6427943,1,74284.61081,1,68027.60838,1,68425.73844,0,0,WPSA,,,,,,,,,,,,,,,,,
472.6427943,1,74284.61081,1,68027.60838,1,68425.73844,0,0,WPSA,,,,,,,,,,,,,,,,,
473.6427943,1,74284.61081,1,68027.60838,1,68425.73844,0,0,WPSA,,,,,,,,,,,,,,,,,
474.6427943,1,74284.61081,1,68027.60838,1,68425.73844,0,0,WPSA,,,,,,,,,,,,,,,,,
475.6427943,1,74284.61081,1,68027.60838,1,68425.73844,0,0,WPSA,,,,,,,,,,,,,,,,,
476.6427943,1,74284.61081,1,68027.60838,1,68425.73844,0,0,WPSA,,,,,,,,,,,,,,,,,
477.6427943,1,74284.61081,1,68027.60838,1,68425.73844,0,0,WPSA,,,,,,,,,,,,,,,,,
478.6427943,1,74284.61081,1,68027.60838,1,68425.73844,0,0,WPSA,,,,,,,,,,,,,,,,,
479.6427943,1,74284.61081,1,68027.60838,1,68425.73844,0,0,WPSA,,,,,,,,,,,,,,,,,
480.6427943,1,74284.61081,1,68027.60838,1,68425.73844,0,0,WPSA,,,,,,,,,,,,,,,,,
481.6427943,1,74284.61081,1,68027.60838,1,68425.73844,0,0,WPSA,,,,,,,,,,,,,,,,,
482.6427943,1,74284.61081,1,68027.60838,1,68425.73844,0,0,WPSA,,,,,,,,,,,,,,,,,
483.6427943,1,74284.61081,1,68027.60838,1,68425.73844,0,0,WPSA,,,,,,,,,,,,,,,,,
484.6427943,1,74284.61081,1,68027.60838,1,68425.73844,0,0,WPSA,,,,,,,,,,,,,,,,,
485.6427943,1,74284.61081,1,68027.60838,1,68425.73844,0,0,WPSA,,,,,,,,,,,,,,,,,
486.6427943,1,74284.61081,1,68027.60838,1,68425.73844,0,0,WPSA,,,,,,,,,,,,,,,,,
487.6427943,1,74284.61081,1,68027.60838,1,68425.73844,0,0,WPSA,,,,,,,,,,,,,,,,,
488.6427943,1,74284.61081,1,68027.60838,1,68425.73844,0,0,WPSA,,,,,,,,,,,,,,,,,
489.6427943,1,74284.61081,1,68027.60838,1,68425.73844,0,0,WPSA,,,,,,,,,,,,,,,,,
490.6427943,1,74284.61081,1,68027.60838,1,68425.73844,0,0,WPSA,,,,,,,,,,,,,,,,,
491.6427943,1,74284.61081,1,68027.60838,1,68425.73844,0,0,WPSA,,,,,,,,,,,,,,,,,
492.6427943,1,74284.61081,1,68027.60838,1,68425.73844,0,0,WPSA,,,,,,,,,,,,,,,,,
493.6427943,1,74284.61081,1,68027.60838,1,68425.73844,0,0,WPSA,,,,,,,,,,,,,,,,,
494.6427943,1,74284.61081,1,68027.60838,1,68425.73844,0,0,WPSA,,,,,,,,,,,,,,,,,
495.6427943,1,74284.61081,1,68027.60838,1,68425.73844,0,0,WPSA,,,,,,,,,,,,,,,,,
496.6427943,1,74284.61081,1,68027.60838,1,68425.73844,0,0,WPSA,,,,,,,,,,,,,,,,,
497.6427943,1,74284.61081,1,68027.60838,1,68425.73844,0,0,WPSA,,,,,,,,,,,,,,,,,
498.6427943,1,74284.61081,1,68027.60838,1,68425.73844,0,0,WPSA,,,,,,,,,,,,,,,,,
499.6427943,1,74284.61081,1,68027.60838,1,68425.73844,0,0,WPSA,,,,,,,,,,,,,,,,,
500.6427943,1,74284.61081,1,68027.60838,1,68425.73844,0,0,WPSA,,,,,,,,,,,,,,,,,
501.6427943,1,74284.61081,1,68027.60838,1,68425.73844,0,0,WPSA,,,,,,,,,,,,,,,,,
502.6427943,1,74284.61081,1,68027.60838,1,68425.73844,0,0,WPSA,,,,,,,,,,,,,,,,,
503.6427943,1,74284.61081,1,68027.60838,1,68425.73844,0,0,WPSA,,,,,,,,,,,,,,,,,
504.6427943,1,74284.61081,1,68027.60838,1,68425.73844,0,0,WPSA,,,,,,,,,,,,,,,,,
505.6427943,1,74284.61081,1,68027.60838,1,68425.73844,0,0,WPSA,,,,,,,,,,,,,,,,,
506.6427943,1,74284.61081,1,68027.60838,1,68425.73844,0,0,WPSA,,,,,,,,,,,,,,,,,
507.6427943,1,74284.61081,1,68027.60838,1,68425.73844,0,0,WPSA,,,,,,,,,,,,,,,,,
508.6427943,1,74284.61081,1,68027.60838,1,68425.73844,0,0,WPSA,,,,,,,,,,,,,,,,,
509.6427943,1,74284.61081,1,68027.60838,1,68425.73844,0,0,WPSA,,,,,,,,,,,,,,,,,
510.6427943,1,74284.61081,1,68027.60838,1,68425.73844,0,0,WPSA,,,,,,,,,,,,,,,,,
511.6427943,1,74284.61081,1,68027.60838,1,68425.73844,0,0,WPSA,,,,,,,,,,,,,,,,,
512.6427943,1,74284.61081,1,68027.60838,1,68425.73844,0,0,WPSA,,,,,,,,,,,,,,,,,
513.6427943,1,74284.61081,1,68027.60838,1,68425.73844,0,0,WPSA,,,,,,,,,,,,,,,,,
514.6427943,1,74284.61081,1,68027.60838,1,68425.73844,0,0,WPSA,,,,,,,,,,,,,,,,,
515.6427943,1,74284.61081,1,68027.60838,1,68425.73844,0,0,WPSA,,,,,,,,,,,,,,,,,
516.6427943,1,74284.61081,1,68027.60838,1,68425.73844,0,0,WPSA,,,,,,,,,,,,,,,,,
517.6427943,1,74284.61081,1,68027.60838,1,68425.73844,0,0,WPSA,,,,,,,,,,,,,,,,,
518.6427943,1,74284.61081,1,68027.60838,1,68425.73844,0,0,WPSA,,,,,,,,,,,,,,,,,
519.6427943,1,74284.61081,1,68027.60838,1,68425.73844,0,0,WPSA,,,,,,,,,,,,,,,,,
520.6427943,1,74284.61081,1,68027.60838,1,68425.73844,0,0,WPSA,,,,,,,,,,,,,,,,,
521.6427943,1,74284.61081,1,68027.60838,1,68425.73844,0,0,WPSA,,,,,,,,,,,,,,,,,
522.6427943,1,74284.61081,1,68027.60838,1,68425.73844,0,0,WPSA,,,,,,,,,,,,,,,,,
523.6427943,1,74284.61081,1,68027.60838,1,68425.73844,0,0,WPSA,,,,,,,,,,,,,,,,,
524.6427943,1,74284.61081,1,68027.60838,1,68425.73844,0,0,WPSA,,,,,,,,,,,,,,,,,
525.6427943,1,74284.61081,1,68027.60838,1,68425.73844,0,0,WPSA,,,,,,,,,,,,,,,,,
526.6427943,1,74284.61081,1,68027.60838,1,68425.73844,0,0,WPSA,,,,,,,,,,,,,,,,,
527.6427943,1,74284.61081,1,68027.60838,1,68425.73844,0,0,WPSA,,,,,,,,,,,,,,,,,
528.6427943,1,74284.61081,1,68027.60838,1,68425.73844,0,0,WPSA,,,,,,,,,,,,,,,,,
529.6427943,1,74284.61081,1,68027.60838,1,68425.73844,0,0,WPSA,,,,,,,,,,,,,,,,,
530.6427943,1,74284.61081,1,68027.60838,1,68425.73844,0,0,WPSA,,,,,,,,,,,,,,,,,
531.6427943,1,74284.61081,1,68027.60838,1,68425.73844,0,0,WPSA,,,,,,,,,,,,,,,,,
532.6427943,1,74284.61081,1,68027.60838,1,68425.73844,0,0,WPSA,,,,,,,,,,,,,,,,,
533.6427943,1,74284.61081,1,68027.60838,1,68425.73844,0,0,WPSA,,,,,,,,,,,,,,,,,
534.6427943,1,74284.61081,1,68027.60838,1,68425.73844,0,0,WPSA,,,,,,,,,,,,,,,,,
535.6427943,1,74284.61081,1,68027.60838,1,68425.73844,0,0,WPSA,,,,,,,,,,,,,,,,,
536.6427943,1,74284.61081,1,68027.60838,1,68425.73844,0,0,WPSA,,,,,,,,,,,,,,,,,
537.6427943,1,74284.61081,1,68027.60838,1,68425.73844,0,0,WPSA,,,,,,,,,,,,,,,,,
538.6427943,1,74284.61081,1,68027.60838,1,68425.73844,0,0,WPSA,,,,,,,,,,,,,,,,,
539.6427943,1,74284.61081,1,68027.60838,1,68425.73844,0,0,WPSA,,,,,,,,,,,,,,,,,
540.6427943,1,74284.61081,1,68027.60838,1,68425.73844,0,0,WPSA,,,,,,,,,,,,,,,,,
541.6427943,1,74284.61081,1,68027.60838,1,68425.73844,0,0,WPSA,,,,,,,,,,,,,,,,,
542.6427943,1,74284.61081,1,68027.60838,1,68425.73844,0,0,WPSA,,,,,,,,,,,,,,,,,
543.6427943,1,74284.61081,1,68027.60838,1,68425.73844,0,0,WPSA,,,,,,,,,,,,,,,,,
544.6427943,1,74284.61081,0,0,1,68425.73844,0,0,WPSA,,,,,,,,,,,,,,,,,
545.6427943,1,74284.61081,0,0,1,68425.73844,0,0,WPSA,,,,,,,,,,,,,,,,,
546.6427943,1,74284.61081,0,0,1,68425.73844,0,0,WPSA,,,,,,,,,,,,,,,,,
547.6427943,1,74284.61081,0,0,1,68425.73844,0,0,WPSA,,,,,,,,,,,,,,,,,
548.6427943,1,74284.61081,0,0,1,68425.73844,0,0,WPSA,,,,,,,,,,,,,,,,,
549.6427943,1,74284.61081,0,0,1,68425.73844,0,0,WPSA,,,,,,,,,,,,,,,,,
550.6427943,1,74284.61081,0,0,1,68425.73844,0,0,WPSA,,,,,,,,,,,,,,,,,
551.6427943,1,74284.61081,0,0,1,68425.73844,0,0,WPSA,,,,,,,,,,,,,,,,,
552.6427943,1,74284.61081,0,0,1,68425.73844,0,0,WPSA,,,,,,,,,,,,,,,,,
553.6427943,1,74284.61081,0,0,1,68425.73844,0,0,WPSA,,,,,,,,,,,,,,,,,
554.6427943,1,74284.61081,0,0,1,68425.73844,0,0,WPSA,,,,,,,,,,,,,,,,,
555.6427943,1,74284.61081,0,0,1,68425.73844,0,0,WPSA,,,,,,,,,,,,,,,,,
556.6427943,1,74284.61081,0,0,1,68425.73844,0,0,WPSA,,,,,,,,,,,,,,,,,
557.6427943,1,74284.61081,0,0,1,68425.73844,0,0,WPSA,,,,,,,,,,,,,,,,,
558.6427943,1,74284.61081,0,0,1,68425.73844,0,0,WPSA,,,,,,,,,,,,,,,,,
559.6427943,1,74284.61081,0,0,1,68425.73844,0,0,WPSA,,,,,,,,,,,,,,,,,
560.6427943,1,74284.61081,0,0,1,68425.73844,0,0,WPSA,,,,,,,,,,,,,,,,,
561.6427943,1,74284.61081,0,0,1,68425.73844,0,0,WPSA,,,,,,,,,,,,,,,,,
562.6427943,1,74284.61081,0,0,1,68425.73844,0,0,WPSA,,,,,,,,,,,,,,,,,
563.6427943,1,74284.61081,0,0,1,68425.73844,0,0,WPSA,,,,,,,,,,,,,,,,,
564.6427943,1,74284.61081,0,0,1,68425.73844,0,0,WPSA,,,,,,,,,,,,,,,,,
565.6427943,1,74284.61081,0,0,1,68425.73844,0,0,WPSA,,,,,,,,,,,,,,,,,
566.6427943,1,74284.61081,0,0,1,68425.73844,0,0,WPSA,,,,,,,,,,,,,,,,,
567.6427943,1,74284.61081,0,0,1,68425.73844,0,0,WPSA,,,,,,,,,,,,,,,,,
568.6427943,1,74284.61081,0,0,1,68425.73844,0,0,WPSA,,,,,,,,,,,,,,,,,
569.6427943,1,74284.61081,0,0,1,68425.73844,0,0,WPSA,,,,,,,,,,,,,,,,,
570.6427943,1,74284.61081,0,0,1,68425.73844,0,0,WPSA,,,,,,,,,,,,,,,,,
571.6427943,1,74284.61081,0,0,1,68425.73844,0,0,WPSA,,,,,,,,,,,,,,,,,
572.6427943,1,74284.61081,0,0,1,68425.73844,0,0,WPSA,,,,,,,,,,,,,,,,,
573.449368,1,74284.61081,0,0,1,68425.73844,0,0,WPSA,,,,,,,,,,,,,,,,,
574.449368,1,74284.61081,0,0,1,68425.73844,0,0,WPSA,,,,,,,,,,,,,,,,,
575.449368,1,74284.61081,0,0,1,68425.73844,0,0,WPSA,,,,,,,,,,,,,,,,,
576.449368,1,74284.61081,0,0,1,68425.73844,0,0,WPSA,,,,,,,,,,,,,,,,,
577.449368,1,74284.61081,0,0,1,68425.73844,0,0,WPSA,,,,,,,,,,,,,,,,,
578.449368,1,74284.61081,0,0,1,68425.73844,0,0,WPSA,,,,,,,,,,,,,,,,,
579.449368,1,74284.61081,0,0,1,68425.73844,0,0,WPSA,,,,,,,,,,,,,,,,,
580.449368,1,74284.61081,0,0,1,68425.73844,0,0,WPSA,,,,,,,,,,,,,,,,,
581.449368,1,74284.61081,0,0,1,68425.73844,0,0,WPSA,,,,,,,,,,,,,,,,,
582.449368,1,74284.61081,0,0,1,68425.73844,0,0,WPSA,,,,,,,,,,,,,,,,,
583.449368,1,74284.61081,0,0,1,68425.73844,0,0,WPSA,,,,,,,,,,,,,,,,,
584.449368,1,74284.61081,0,0,1,68425.73844,0,0,WPSA,,,,,,,,,,,,,,,,,
585.449368,1,74284.61081,0,0,1,68425.73844,0,0,WPSA,,,,,,,,,,,,,,,,,
586.449368,1,74284.61081,0,0,1,68425.73844,0,0,WPSA,,,,,,,,,,,,,,,,,
587.449368,1,74284.61081,0,0,1,68425.73844,0,0,WPSA,,,,,,,,,,,,,,,,,
588.449368,1,74284.61081,0,0,1,68425.73844,0,0,WPSA,,,,,,,,,,,,,,,,,
589.449368,1,74284.61081,0,0,1,68425.73844,0,0,WPSA,,,,,,,,,,,,,,,,,
590.449368,1,74284.61081,0,0,1,68425.73844,0,0,WPSA,,,,,,,,,,,,,,,,,
591.449368,1,74284.61081,0,0,1,68425.73844,0,0,WPSA,,,,,,,,,,,,,,,,,
592.449368,1,74284.61081,0,0,1,68425.73844,0,0,WPSA,,,,,,,,,,,,,,,,,
593.449368,1,74284.61081,0,0,1,68425.73844,0,0,WPSA,,,,,,,,,,,,,,,,,
594.449368,1,74284.61081,0,0,1,68425.73844,0,0,WPSA,,,,,,,,,,,,,,,,,
595.449368,1,74284.61081,0,0,1,68425.73844,0,0,WPSA,,,,,,,,,,,,,,,,,
596.449368,1,74284.61081,0,0,1,68425.73844,0,0,WPSA,,,,,,,,,,,,,,,,,
597.449368,1,74284.61081,0,0,1,68425.73844,0,0,WPSA,,,,,,,,,,,,,,,,,
598.449368,1,74284.61081,0,0,1,68425.73844,0,0,WPSA,,,,,,,,,,,,,,,,,
599.449368,1,74284.61081,0,0,1,68425.73844,0,0,WPSA,,,,,,,,,,,,,,,,,
600.449368,1,74284.61081,0,0,1,68425.73844,0,0,WPSA,,,,,,,,,,,,,,,,,
601.449368,1,74284.61081,0,0,1,68425.73844,0,0,WPSA,,,,,,,,,,,,,,,,,
602.449368,1,74284.61081,0,0,1,68425.73844,0,0,WPSA,,,,,,,,,,,,,,,,,
603.449368,1,74284.61081,0,0,1,68425.73844,0,0,WPSA,,,,,,,,,,,,,,,,,
604.449368,1,74284.61081,0,0,1,68425.73844,0,0,WPSA,,,,,,,,,,,,,,,,,
605.449368,1,74284.61081,0,0,1,68425.73844,0,0,WPSA,,,,,,,,,,,,,,,,,
606.449368,1,74284.61081,0,0,1,68425.73844,0,0,WPSA,,,,,,,,,,,,,,,,,
607.449368,1,74284.61081,0,0,1,68425.73844,0,0,WPSA,,,,,,,,,,,,,,,,,
608.449368,1,74284.61081,0,0,1,68425.73844,0,0,WPSA,,,,,,,,,,,,,,,,,
609.449368,1,74284.61081,0,0,1,68425.73844,0,0,WPSA,,,,,,,,,,,,,,,,,
610.449368,1,74284.61081,0,0,1,68425.73844,0,0,WPSA,,,,,,,,,,,,,,,,,
611.449368,1,74284.61081,0,0,1,68425.73844,0,0,WPSA,,,,,,,,,,,,,,,,,
612.449368,1,74284.61081,0,0,1,68425.73844,0,0,WPSA,,,,,,,,,,,,,,,,,
613.449368,1,74284.61081,0,0,1,68425.73844,0,0,WPSA,,,,,,,,,,,,,,,,,
614.449368,1,74284.61081,0,0,1,68425.73844,0,0,WPSA,,,,,,,,,,,,,,,,,
615.449368,1,74284.61081,0,0,1,68425.73844,0,0,WPSA,,,,,,,,,,,,,,,,,
616.449368,1,74284.61081,0,0,1,68425.73844,0,0,WPSA,,,,,,,,,,,,,,,,,
617.449368,1,74284.61081,0,0,1,68425.73844,0,0,WPSA,,,,,,,,,,,,,,,,,
618.449368,1,74284.61081,0,0,1,68425.73844,0,0,WPSA,,,,,,,,,,,,,,,,,
619.449368,1,74284.61081,0,0,1,68425.73844,0,0,WPSA,,,,,,,,,,,,,,,,,
620.449368,1,74284.61081,0,0,1,68425.73844,0,0,WPSA,,,,,,,,,,,,,,,,,
621.449368,1,74284.61081,0,0,1,68425.73844,0,0,WPSA,,,,,,,,,,,,,,,,,
622.449368,1,74284.61081,0,0,1,68425.73844,0,0,WPSA,,,,,,,,,,,,,,,,,
623.449368,1,74284.61081,0,0,1,68425.73844,0,0,WPSA,,,,,,,,,,,,,,,,,
624.449368,1,74284.61081,0,0,1,68425.73844,0,0,WPSA,,,,,,,,,,,,,,,,,
625.449368,1,74284.61081,0,0,1,68425.73844,0,0,WPSA,,,,,,,,,,,,,,,,,
626.449368,1,74284.61081,0,0,1,68425.73844,0,0,WPSA,,,,,,,,,,,,,,,,,
627.449368,1,74284.61081,0,0,1,68425.73844,0,0,WPSA,,,,,,,,,,,,,,,,,
628.449368,1,74284.61081,0,0,1,68425.73844,0,0,WPSA,,,,,,,,,,,,,,,,,
629.449368,1,74284.61081,0,0,1,68425.73844,0,0,WPSA,,,,,,,,,,,,,,,,,
630.449368,1,74284.61081,0,0,1,68425.73844,0,0,WPSA,,,,,,,,,,,,,,,,,
631.449368,1,74284.61081,0,0,1,68425.73844,0,0,WPSA,,,,,,,,,,,,,,,,,
632.449368,1,74284.61081,0,0,1,68425.73844,0,0,WPSA,,,,,,,,,,,,,,,,,
633.449368,1,74284.61081,0,0,1,68425.73844,0,0,WPSA,,,,,,,,,,,,,,,,,
634.449368,1,74284.61081,0,0,1,68425.73844,0,0,WPSA,,,,,,,,,,,,,,,,,
635.449368,1,74284.61081,0,0,1,68425.73844,0,0,WPSA,,,,,,,,,,,,,,,,,
636.449368,1,74284.61081,0,0,1,68425.73844,0,0,WPSA,,,,,,,,,,,,,,,,,
637.449368,1,74284.61081,0,0,1,68425.73844,0,0,WPSA,,,,,,,,,,,,,,,,,
638.449368,1,74284.61081,0,0,1,68425.73844,0,0,WPSA,,,,,,,,,,,,,,,,,
639.449368,1,74284.61081,0,0,1,68425.73844,0,0,WPSA,,,,,,,,,,,,,,,,,
640.449368,1,74284.61081,0,0,1,68425.73844,0,0,WPSA,,,,,,,,,,,,,,,,,
641.449368,1,74284.61081,0,0,1,68425.73844,0,0,WPSA,,,,,,,,,,,,,,,,,
642.449368,1,74284.61081,0,0,1,68425.73844,0,0,WPSA,,,,,,,,,,,,,,,,,
643.449368,1,74284.61081,0,0,1,68425.73844,0,0,WPSA,,,,,,,,,,,,,,,,,
644.449368,1,74284.61081,0,0,1,68425.73844,0,0,WPSA,,,,,,,,,,,,,,,,,
645.449368,1,74284.61081,0,0,1,68425.73844,0,0,WPSA,,,,,,,,,,,,,,,,,
646.449368,1,74284.61081,0,0,1,68425.73844,0,0,WPSA,,,,,,,,,,,,,,,,,
647.449368,1,74284.61081,0,0,1,68425.73844,0,0,WPSA,,,,,,,,,,,,,,,,,
648.449368,1,74284.61081,0,0,1,68425.73844,0,0,WPSA,,,,,,,,,,,,,,,,,
649.449368,1,74284.61081,0,0,1,68425.73844,0,0,WPSA,,,,,,,,,,,,,,,,,
650.449368,1,74284.61081,0,0,1,68425.73844,0,0,WPSA,,,,,,,,,,,,,,,,,
651.449368,1,74284.61081,0,0,1,68425.73844,0,0,WPSA,,,,,,,,,,,,,,,,,
652.449368,1,74284.61081,0,0,1,68425.73844,0,0,WPSA,,,,,,,,,,,,,,,,,
653.449368,1,74284.61081,0,0,1,68425.73844,0,0,WPSA,,,,,,,,,,,,,,,,,
654.449368,1,74284.61081,0,0,1,68425.73844,0,0,WPSA,,,,,,,,,,,,,,,,,
655.449368,1,74284.61081,0,0,1,68425.73844,0,0,WPSA,,,,,,,,,,,,,,,,,
656.449368,1,74284.61081,0,0,1,68425.73844,0,0,WPSA,,,,,,,,,,,,,,,,,
657.449368,1,74284.61081,0,0,1,68425.73844,0,0,WPSA,,,,,,,,,,,,,,,,,
658.449368,1,74284.61081,0,0,1,68425.73844,0,0,WPSA,,,,,,,,,,,,,,,,,
659.449368,1,74284.61081,0,0,1,68425.73844,0,0,WPSA,,,,,,,,,,,,,,,,,
660.449368,1,74284.61081,0,0,1,68425.73844,0,0,WPSA,,,,,,,,,,,,,,,,,
661.449368,1,74284.61081,0,0,1,68425.73844,0,0,WPSA,,,,,,,,,,,,,,,,,
662.449368,1,74284.61081,0,0,1,68425.73844,0,0,WPSA,,,,,,,,,,,,,,,,,
663.449368,1,74284.61081,0,0,1,68425.73844,0,0,WPSA,,,,,,,,,,,,,,,,,
664.449368,1,74284.61081,0,0,1,68425.73844,0,0,WPSA,,,,,,,,,,,,,,,,,
665.449368,1,74284.61081,0,0,1,68425.73844,0,0,WPSA,,,,,,,,,,,,,,,,,
666.449368,1,74284.61081,0,0,1,68425.73844,0,0,WPSA,,,,,,,,,,,,,,,,,
667.449368,1,74284.61081,0,0,1,68425.73844,0,0,WPSA,,,,,,,,,,,,,,,,,
668.449368,1,74284.61081,0,0,1,68425.73844,0,0,WPSA,,,,,,,,,,,,,,,,,
669.449368,1,74284.61081,0,0,1,68425.73844,0,0,WPSA,,,,,,,,,,,,,,,,,
670.449368,1,74284.61081,0,0,1,68425.73844,0,0,WPSA,,,,,,,,,,,,,,,,,
671.449368,1,74284.61081,0,0,1,68425.73844,0,0,WPSA,,,,,,,,,,,,,,,,,
672.449368,1,74284.61081,0,0,1,68425.73844,0,0,WPSA,,,,,,,,,,,,,,,,,
673.449368,1,74284.61081,0,0,1,68425.73844,0,0,WPSA,,,,,,,,,,,,,,,,,
674.449368,1,74284.61081,0,0,1,68425.73844,0,0,WPSA,,,,,,,,,,,,,,,,,
675.449368,1,74284.61081,0,0,1,68425.73844,0,0,WPSA,,,,,,,,,,,,,,,,,
676.449368,1,74284.61081,0,0,1,68425.73844,0,0,WPSA,,,,,,,,,,,,,,,,,
677.449368,1,74284.61081,0,0,1,68425.73844,0,0,WPSA,,,,,,,,,,,,,,,,,
678.449368,1,74284.61081,0,0,1,68425.73844,0,0,WPSA,,,,,,,,,,,,,,,,,
679.449368,1,74284.61081,0,0,1,68425.73844,0,0,WPSA,,,,,,,,,,,,,,,,,
680.449368,1,74284.61081,0,0,1,68425.73844,0,0,WPSA,,,,,,,,,,,,,,,,,
681.449368,1,74284.61081,0,0,1,68425.73844,0,0,WPSA,,,,,,,,,,,,,,,,,
682.449368,1,74284.61081,0,0,1,68425.73844,0,0,WPSA,,,,,,,,,,,,,,,,,
683.449368,1,74284.61081,0,0,1,68425.73844,0,0,WPSA,,,,,,,,,,,,,,,,,
684.449368,1,74284.61081,0,0,1,68425.73844,0,0,WPSA,,,,,,,,,,,,,,,,,
685.449368,1,74284.61081,0,0,1,68425.73844,0,0,WPSA,,,,,,,,,,,,,,,,,
686.449368,1,74284.61081,0,0,1,68425.73844,0,0,WPSA,,,,,,,,,,,,,,,,,
687.449368,1,74284.61081,0,0,1,68425.73844,0,0,WPSA,,,,,,,,,,,,,,,,,
688.449368,1,74284.61081,0,0,1,68425.73844,0,0,WPSA,,,,,,,,,,,,,,,,,
689.449368,1,74284.61081,0,0,1,68425.73844,0,0,WPSA,,,,,,,,,,,,,,,,,
690.449368,1,74284.61081,0,0,1,68425.73844,0,0,WPSA,,,,,,,,,,,,,,,,,
691.449368,1,74284.61081,0,0,1,68425.73844,0,0,WPSA,,,,,,,,,,,,,,,,,
692.449368,1,74284.61081,0,0,1,68425.73844,0,0,WPSA,,,,,,,,,,,,,,,,,
693.449368,1,74284.61081,0,0,1,68425.73844,0,0,WPSA,,,,,,,,,,,,,,,,,
694.449368,1,74284.61081,0,0,1,68425.73844,0,0,WPSA,,,,,,,,,,,,,,,,,
695.449368,1,74284.61081,0,0,1,68425.73844,0,0,WPSA,,,,,,,,,,,,,,,,,
696.449368,1,74284.61081,0,0,1,68425.73844,0,0,WPSA,,,,,,,,,,,,,,,,,
697.449368,1,74284.61081,0,0,1,68425.73844,0,0,WPSA,,,,,,,,,,,,,,,,,
698.449368,1,74284.61081,0,0,1,68425.73844,0,0,WPSA,,,,,,,,,,,,,,,,,
699.449368,1,74284.61081,0,0,1,68425.73844,0,0,WPSA,,,,,,,,,,,,,,,,,
700.449368,1,74284.61081,0,0,1,68425.73844,0,0,WPSA,,,,,,,,,,,,,,,,,
701.449368,1,74284.61081,0,0,1,68425.73844,0,0,WPSA,,,,,,,,,,,,,,,,,
702.449368,1,74284.61081,0,0,1,68425.73844,0,0,WPSA,,,,,,,,,,,,,,,,,
703.449368,1,74284.61081,0,0,1,68425.73844,0,0,WPSA,,,,,,,,,,,,,,,,,
704.449368,1,74284.61081,0,0,1,68425.73844,0,0,WPSA,,,,,,,,,,,,,,,,,
705.449368,1,74284.61081,0,0,1,68425.73844,0,0,WPSA,,,,,,,,,,,,,,,,,
706.449368,1,74284.61081,0,0,1,68425.73844,0,0,WPSA,,,,,,,,,,,,,,,,,
707.449368,1,74284.61081,0,0,1,68425.73844,0,0,WPSA,,,,,,,,,,,,,,,,,
708.449368,1,74284.61081,0,0,1,68425.73844,0,0,WPSA,,,,,,,,,,,,,,,,,
709.449368,1,74284.61081,0,0,1,68425.73844,0,0,WPSA,,,,,,,,,,,,,,,,,
710.449368,1,74284.61081,0,0,1,68425.73844,0,0,WPSA,,,,,,,,,,,,,,,,,
711.449368,1,74284.61081,0,0,1,68425.73844,0,0,WPSA,,,,,,,,,,,,,,,,,
712.449368,1,74284.61081,0,0,1,68425.73844,0,0,WPSA,,,,,,,,,,,,,,,,,
713.449368,1,74284.61081,0,0,1,68425.73844,0,0,WPSA,,,,,,,,,,,,,,,,,
714.449368,1,74284.61081,0,0,1,68425.73844,0,0,WPSA,,,,,,,,,,,,,,,,,
715.449368,1,74284.61081,0,0,1,68425.73844,0,0,WPSA,,,,,,,,,,,,,,,,,
716.449368,1,74284.61081,0,0,1,68425.73844,0,0,WPSA,,,,,,,,,,,,,,,,,
717.449368,1,74284.61081,0,0,1,68425.73844,0,0,WPSA,,,,,,,,,,,,,,,,,
718.449368,1,74284.61081,0,0,1,68425.73844,0,0,WPSA,,,,,,,,,,,,,,,,,
719.449368,1,74284.61081,0,0,1,68425.73844,0,0,WPSA,,,,,,,,,,,,,,,,,
720.449368,1,74284.61081,0,0,1,68425.73844,0,0,WPSA,,,,,,,,,,,,,,,,,
721.449368,1,74284.61081,0,0,1,68425.73844,0,0,WPSA,,,,,,,,,,,,,,,,,
722.449368,1,74284.61081,0,0,1,68425.73844,0,0,WPSA,,,,,,,,,,,,,,,,,
723.449368,1,74284.61081,0,0,1,68425.73844,0,0,WPSA,,,,,,,,,,,,,,,,,
724.449368,1,74284.61081,0,0,1,68425.73844,0,0,WPSA,,,,,,,,,,,,,,,,,
725.449368,1,74284.61081,0,0,1,68425.73844,0,0,WPSA,,,,,,,,,,,,,,,,,
726.449368,1,74284.61081,0,0,1,68425.73844,0,0,WPSA,,,,,,,,,,,,,,,,,
727.449368,1,74284.61081,0,0,1,68425.73844,0,0,WPSA,,,,,,,,,,,,,,,,,
728.449368,1,74284.61081,0,0,1,68425.73844,0,0,WPSA,,,,,,,,,,,,,,,,,
729.449368,1,74284.61081,0,0,1,68425.73844,0,0,WPSA,,,,,,,,,,,,,,,,,
730.449368,1,74284.61081,0,0,1,68425.73844,0,0,WPSA,,,,,,,,,,,,,,,,,
731.449368,1,74284.61081,0,0,1,68425.73844,0,0,WPSA,,,,,,,,,,,,,,,,,
732.449368,1,74284.61081,0,0,1,68425.73844,0,0,WPSA,,,,,,,,,,,,,,,,,
733.449368,1,74284.61081,0,0,1,68425.73844,0,0,WPSA,,,,,,,,,,,,,,,,,
734.449368,1,74284.61081,0,0,1,68425.73844,0,0,WPSA,,,,,,,,,,,,,,,,,
735.449368,1,74284.61081,0,0,1,68425.73844,0,0,WPSA,,,,,,,,,,,,,,,,,
736.449368,1,74284.61081,0,0,1,68425.73844,0,0,WPSA,,,,,,,,,,,,,,,,,
737.449368,1,74284.61081,0,0,1,68425.73844,0,0,WPSA,,,,,,,,,,,,,,,,,
738.449368,1,74284.61081,0,0,1,68425.73844,0,0,WPSA,,,,,,,,,,,,,,,,,
739.449368,1,74284.61081,0,0,1,68425.73844,0,0,WPSA,,,,,,,,,,,,,,,,,
740.449368,1,74284.61081,0,0,1,68425.73844,0,0,WPSA,,,,,,,,,,,,,,,,,
741.449368,1,74284.61081,0,0,1,68425.73844,0,0,WPSA,,,,,,,,,,,,,,,,,
742.449368,1,74284.61081,0,0,1,68425.73844,0,0,WPSA,,,,,,,,,,,,,,,,,
743.449368,1,74284.61081,0,0,1,68425.73844,0,0,WPSA,,,,,,,,,,,,,,,,,
744.449368,1,74284.61081,0,0,1,68425.73844,0,0,WPSA,,,,,,,,,,,,,,,,,
745.449368,1,74284.61081,0,0,1,68425.73844,0,0,WPSA,,,,,,,,,,,,,,,,,
746.449368,1,74284.61081,0,0,1,68425.73844,0,0,WPSA,,,,,,,,,,,,,,,,,
747.449368,1,74284.61081,0,0,1,68425.73844,0,0,WPSA,,,,,,,,,,,,,,,,,
748.449368,1,74284.61081,0,0,1,68425.73844,0,0,WPSA,,,,,,,,,,,,,,,,,
749.449368,1,74284.61081,0,0,1,68425.73844,0,0,WPSA,,,,,,,,,,,,,,,,,
750.449368,1,74284.61081,0,0,1,68425.73844,0,0,WPSA,,,,,,,,,,,,,,,,,
751.449368,1,74284.61081,0,0,1,68425.73844,0,0,WPSA,,,,,,,,,,,,,,,,,
752.449368,1,74284.61081,0,0,1,68425.73844,0,0,WPSA,,,,,,,,,,,,,,,,,
753.449368,1,74284.61081,0,0,1,68425.73844,0,0,WPSA,,,,,,,,,,,,,,,,,
754.449368,1,74284.61081,0,0,1,68425.73844,0,0,WPSA,,,,,,,,,,,,,,,,,
755.449368,1,74284.61081,0,0,1,68425.73844,0,0,WPSA,,,,,,,,,,,,,,,,,
756.449368,1,74284.61081,0,0,1,68425.73844,0,0,WPSA,,,,,,,,,,,,,,,,,
757.449368,1,74284.61081,0,0,1,68425.73844,0,0,WPSA,,,,,,,,,,,,,,,,,
758.449368,1,74284.61081,0,0,1,68425.73844,0,0,WPSA,,,,,,,,,,,,,,,,,
759.449368,1,74284.61081,0,0,1,68425.73844,0,0,WPSA,,,,,,,,,,,,,,,,,
760.449368,1,74284.61081,0,0,1,68425.73844,0,0,WPSA,,,,,,,,,,,,,,,,,
761.449368,1,74284.61081,0,0,1,68425.73844,0,0,WPSA,,,,,,,,,,,,,,,,,
762.449368,1,74284.61081,0,0,1,68425.73844,0,0,WPSA,,,,,,,,,,,,,,,,,
763.449368,1,74284.61081,0,0,1,68425.73844,0,0,WPSA,,,,,,,,,,,,,,,,,
764.449368,1,74284.61081,0,0,1,68425.73844,0,0,WPSA,,,,,,,,,,,,,,,,,
765.449368,1,74284.61081,0,0,1,68425.73844,0,0,WPSA,,,,,,,,,,,,,,,,,
766.449368,1,74284.61081,0,0,1,68425.73844,0,0,WPSA,,,,,,,,,,,,,,,,,
767.449368,1,74284.61081,0,0,1,68425.73844,0,0,WPSA,,,,,,,,,,,,,,,,,
768.449368,1,74284.61081,0,0,1,68425.73844,0,0,WPSA,,,,,,,,,,,,,,,,,
769.449368,1,74284.61081,0,0,1,68425.73844,0,0,WPSA,,,,,,,,,,,,,,,,,
770.449368,1,74284.61081,0,0,1,68425.73844,0,0,WPSA,,,,,,,,,,,,,,,,,
771.449368,1,74284.61081,0,0,1,68425.73844,0,0,WPSA,,,,,,,,,,,,,,,,,
772.449368,1,74284.61081,0,0,1,68425.73844,0,0,WPSA,,,,,,,,,,,,,,,,,
773.449368,1,74284.61081,0,0,1,68425.73844,0,0,WPSA,,,,,,,,,,,,,,,,,
774.449368,1,74284.61081,0,0,1,68425.73844,0,0,WPSA,,,,,,,,,,,,,,,,,
775.449368,1,74284.61081,0,0,1,68425.73844,0,0,WPSA,,,,,,,,,,,,,,,,,
776.449368,1,74284.61081,0,0,1,68425.73844,0,0,WPSA,,,,,,,,,,,,,,,,,
777.449368,1,74284.61081,0,0,1,68425.73844,0,0,WPSA,,,,,,,,,,,,,,,,,
778.449368,1,74284.61081,0,0,1,68425.73844,0,0,WPSA,,,,,,,,,,,,,,,,,
779.449368,1,74284.61081,0,0,1,68425.73844,0,0,WPSA,,,,,,,,,,,,,,,,,
780.449368,1,74284.61081,0,0,1,68425.73844,0,0,WPSA,,,,,,,,,,,,,,,,,
781.449368,1,74284.61081,0,0,1,68425.73844,0,0,WPSA,,,,,,,,,,,,,,,,,
782.449368,1,74284.61081,0,0,1,68425.73844,0,0,WPSA,,,,,,,,,,,,,,,,,
783.449368,1,74284.61081,0,0,1,68425.73844,0,0,WPSA,,,,,,,,,,,,,,,,,
784.449368,1,74284.61081,0,0,1,68425.73844,0,0,WPSA,,,,,,,,,,,,,,,,,
785.449368,1,74284.61081,0,0,1,68425.73844,0,0,WPSA,,,,,,,,,,,,,,,,,
786.449368,1,74284.61081,0,0,1,68425.73844,0,0,WPSA,,,,,,,,,,,,,,,,,
787.449368,1,74284.61081,0,0,1,68425.73844,0,0,WPSA,,,,,,,,,,,,,,,,,
788.449368,1,74284.61081,0,0,1,68425.73844,0,0,WPSA,,,,,,,,,,,,,,,,,
789.449368,1,74284.61081,0,0,1,68425.73844,0,0,WPSA,,,,,,,,,,,,,,,,,
790.449368,1,74284.61081,0,0,1,68425.73844,0,0,WPSA,,,,,,,,,,,,,,,,,
791.449368,1,74284.61081,0,0,1,68425.73844,0,0,WPSA,,,,,,,,,,,,,,,,,
792.449368,1,74284.61081,0,0,1,68425.73844,0,0,WPSA,,,,,,,,,,,,,,,,,
793.449368,1,74284.61081,0,0,1,68425.73844,0,0,WPSA,,,,,,,,,,,,,,,,,
794.449368,1,74284.61081,0,0,1,68425.73844,0,0,WPSA,,,,,,,,,,,,,,,,,
795.282716,1,74284.61081,0,0,1,68425.73844,0,0,WPSA,,,,,,,,,,,,,,,,,
796.282716,1,74284.61081,0,0,1,68425.73844,0,0,WPSA,,,,,,,,,,,,,,,,,
797.282716,1,74284.61081,0,0,1,68425.73844,0,0,WPSA,,,,,,,,,,,,,,,,,
798.282716,1,74284.61081,0,0,1,68425.73844,0,0,WPSA,,,,,,,,,,,,,,,,,
799.282716,1,74284.61081,0,0,1,68425.73844,1,74605.05452,WPSA,,,,,,,,,,,,,,,,,
800.282716,1,74284.61081,0,0,1,68425.73844,1,74605.05452,WPSA,,,,,,,,,,,,,,,,,
801.282716,1,74284.61081,0,0,1,68425.73844,1,74605.05452,WPSA,,,,,,,,,,,,,,,,,
802.282716,1,74284.61081,0,0,1,68425.73844,1,74605.05452,WPSA,,,,,,,,,,,,,,,,,
803.282716,1,74284.61081,0,0,1,68425.73844,1,74605.05452,WPSA,,,,,,,,,,,,,,,,,
804.282716,1,74284.61081,0,0,1,68425.73844,1,74605.05452,WPSA,,,,,,,,,,,,,,,,,
805.282716,1,74284.61081,0,0,1,68425.73844,1,74605.05452,WPSA,,,,,,,,,,,,,,,,,
806.282716,1,74284.61081,0,0,1,68425.73844,1,74605.05452,WPSA,,,,,,,,,,,,,,,,,
807.282716,1,74284.61081,0,0,1,68425.73844,1,74605.05452,WPSA,,,,,,,,,,,,,,,,,
808.282716,1,74284.61081,0,0,1,68425.73844,1,74605.05452,WPSA,,,,,,,,,,,,,,,,,
809.282716,1,74284.61081,0,0,1,68425.73844,1,74605.05452,WPSA,,,,,,,,,,,,,,,,,
810.282716,1,74284.61081,0,0,1,68425.73844,1,74605.05452,WPSA,,,,,,,,,,,,,,,,,
811.282716,1,74284.61081,0,0,1,68425.73844,1,74605.05452,WPSA,,,,,,,,,,,,,,,,,
812.282716,1,74284.61081,0,0,1,68425.73844,1,74605.05452,WPSA,,,,,,,,,,,,,,,,,
813.282716,1,74284.61081,0,0,1,68425.73844,1,74605.05452,WPSA,,,,,,,,,,,,,,,,,
814.282716,1,74284.61081,0,0,1,68425.73844,1,74605.05452,WPSA,,,,,,,,,,,,,,,,,
815.282716,1,74284.61081,0,0,1,68425.73844,1,74605.05452,WPSA,,,,,,,,,,,,,,,,,
816.282716,1,74284.61081,0,0,1,68425.73844,1,74605.05452,WPSA,,,,,,,,,,,,,,,,,
817.282716,1,74284.61081,0,0,1,68425.73844,1,74605.05452,WPSA,,,,,,,,,,,,,,,,,
818.282716,1,74284.61081,0,0,1,68425.73844,1,74605.05452,WPSA,,,,,,,,,,,,,,,,,
819.282716,1,74284.61081,0,0,1,68425.73844,1,74605.05452,WPSA,,,,,,,,,,,,,,,,,
820.282716,1,74284.61081,0,0,1,68425.73844,1,74605.05452,WPSA,,,,,,,,,,,,,,,,,
821.282716,1,74284.61081,0,0,1,68425.73844,1,74605.05452,WPSA,,,,,,,,,,,,,,,,,
822.282716,1,74284.61081,0,0,1,68425.73844,1,74605.05452,WPSA,,,,,,,,,,,,,,,,,
823.282716,1,74284.61081,0,0,1,68425.73844,1,74605.05452,WPSA,,,,,,,,,,,,,,,,,
824.282716,1,74284.61081,0,0,1,68425.73844,1,74605.05452,WPSA,,,,,,,,,,,,,,,,,
825.282716,1,74284.61081,0,0,1,68425.73844,1,74605.05452,WPSA,,,,,,,,,,,,,,,,,
826.282716,1,74284.61081,0,0,1,68425.73844,1,74605.05452,WPSA,,,,,,,,,,,,,,,,,
827.282716,1,74284.61081,0,0,1,68425.73844,1,74605.05452,WPSA,,,,,,,,,,,,,,,,,
828.282716,1,74284.61081,0,0,1,68425.73844,1,74605.05452,WPSA,,,,,,,,,,,,,,,,,
829.282716,1,74284.61081,0,0,1,68425.73844,1,74605.05452,WPSA,,,,,,,,,,,,,,,,,
830.282716,1,74284.61081,0,0,1,68425.73844,1,74605.05452,WPSA,,,,,,,,,,,,,,,,,
831.282716,1,74284.61081,0,0,1,68425.73844,1,74605.05452,WPSA,,,,,,,,,,,,,,,,,
832.282716,1,74284.61081,0,0,1,68425.73844,1,74605.05452,WPSA,,,,,,,,,,,,,,,,,
833.282716,1,74284.61081,0,0,1,68425.73844,1,74605.05452,WPSA,,,,,,,,,,,,,,,,,
834.282716,1,74284.61081,0,0,1,68425.73844,1,74605.05452,WPSA,,,,,,,,,,,,,,,,,
835.282716,1,74284.61081,0,0,1,68425.73844,1,74605.05452,WPSA,,,,,,,,,,,,,,,,,
836.282716,1,74284.61081,0,0,1,68425.73844,1,74605.05452,WPSA,,,,,,,,,,,,,,,,,
837.282716,1,74284.61081,0,0,1,68425.73844,1,74605.05452,WPSA,,,,,,,,,,,,,,,,,
838.282716,1,74284.61081,0,0,1,68425.73844,1,74605.05452,WPSA,,,,,,,,,,,,,,,,,
839.282716,1,74284.61081,0,0,1,68425.73844,1,74605.05452,WPSA,,,,,,,,,,,,,,,,,
840.282716,1,74284.61081,0,0,1,68425.73844,1,74605.05452,WPSA,,,,,,,,,,,,,,,,,
841.282716,1,74284.61081,0,0,1,68425.73844,1,74605.05452,WPSA,,,,,,,,,,,,,,,,,
842.282716,1,74284.61081,0,0,1,68425.73844,1,74605.05452,WPSA,,,,,,,,,,,,,,,,,
843.282716,1,74284.61081,0,0,1,68425.73844,1,74605.05452,WPSA,,,,,,,,,,,,,,,,,
844.282716,1,74284.61081,0,0,1,68425.73844,1,74605.05452,WPSA,,,,,,,,,,,,,,,,,
845.282716,1,74284.61081,0,0,1,68425.73844,1,74605.05452,WPSA,,,,,,,,,,,,,,,,,
846.282716,1,74284.61081,0,0,1,68425.73844,1,74605.05452,WPSA,,,,,,,,,,,,,,,,,
847.282716,1,74284.61081,0,0,1,68425.73844,1,74605.05452,WPSA,,,,,,,,,,,,,,,,,
848.282716,1,74284.61081,0,0,1,68425.73844,1,74605.05452,WPSA,,,,,,,,,,,,,,,,,
849.282716,1,74284.61081,0,0,1,68425.73844,1,74605.05452,WPSA,,,,,,,,,,,,,,,,,
850.282716,1,74284.61081,0,0,1,68425.73844,1,74605.05452,WPSA,,,,,,,,,,,,,,,,,
851.282716,1,74284.61081,0,0,1,68425.73844,1,74605.05452,WPSA,,,,,,,,,,,,,,,,,
852.282716,1,74284.61081,0,0,1,68425.73844,1,74605.05452,WPSA,,,,,,,,,,,,,,,,,
853.282716,1,74284.61081,0,0,1,68425.73844,1,74605.05452,WPSA,,,,,,,,,,,,,,,,,
854.282716,1,74284.61081,0,0,1,68425.73844,1,74605.05452,WPSA,,,,,,,,,,,,,,,,,
855.282716,1,74284.61081,0,0,1,68425.73844,1,74605.05452,WPSA,,,,,,,,,,,,,,,,,
856.282716,1,74284.61081,0,0,1,68425.73844,1,74605.05452,WPSA,,,,,,,,,,,,,,,,,
857.282716,1,74284.61081,0,0,1,68425.73844,1,74605.05452,WPSA,,,,,,,,,,,,,,,,,
858.282716,1,74284.61081,0,0,1,68425.73844,1,74605.05452,WPSA,,,,,,,,,,,,,,,,,
859.282716,1,74284.61081,0,0,1,68425.73844,1,74605.05452,WPSA,,,,,,,,,,,,,,,,,
860.282716,1,74284.61081,0,0,1,68425.73844,1,74605.05452,WPSA,,,,,,,,,,,,,,,,,
861.282716,1,74284.61081,0,0,1,68425.73844,1,74605.05452,WPSA,,,,,,,,,,,,,,,,,
862.282716,0,0,0,0,1,68425.73844,1,74605.05452,DS34,,,,,,,,,,,,,,,,,
863.282716,0,0,0,0,1,68425.73844,1,74605.05452,DS34,,,,,,,,,,,,,,,,,
864.282716,0,0,0,0,1,68425.73844,1,74605.05452,DS34,,,,,,,,,,,,,,,,,
865.282716,0,0,0,0,1,68425.73844,1,74605.05452,DS34,,,,,,,,,,,,,,,,,
866.282716,0,0,0,0,1,68425.73844,1,74605.05452,DS34,,,,,,,,,,,,,,,,,
867.282716,0,0,0,0,1,68425.73844,1,74605.05452,DS34,,,,,,,,,,,,,,,,,
868.282716,0,0,0,0,1,68425.73844,1,74605.05452,DS34,,,,,,,,,,,,,,,,,
869.282716,0,0,0,0,1,68425.73844,1,74605.05452,DS34,,,,,,,,,,,,,,,,,
870.282716,0,0,0,0,1,68425.73844,1,74605.05452,DS34,,,,,,,,,,,,,,,,,
871.282716,0,0,0,0,1,68425.73844,1,74605.05452,DS34,,,,,,,,,,,,,,,,,
872.282716,0,0,0,0,1,68425.73844,1,74605.05452,DS34,,,,,,,,,,,,,,,,,
873.282716,0,0,0,0,1,68425.73844,1,74605.05452,DS34,,,,,,,,,,,,,,,,,
874.282716,0,0,0,0,1,68425.73844,1,74605.05452,DS34,,,,,,,,,,,,,,,,,
875.282716,0,0,0,0,1,68425.73844,1,74605.05452,DS34,,,,,,,,,,,,,,,,,
876.282716,0,0,0,0,1,68425.73844,1,74605.05452,DS34,,,,,,,,,,,,,,,,,
877.282716,0,0,0,0,1,68425.73844,1,74605.05452,DS34,,,,,,,,,,,,,,,,,
878.282716,0,0,0,0,1,68425.73844,1,74605.05452,DS34,,,,,,,,,,,,,,,,,
879.282716,0,0,0,0,1,68425.73844,1,74605.05452,DS34,,,,,,,,,,,,,,,,,
880.282716,0,0,0,0,1,68425.73844,1,74605.05452,DS34,,,,,,,,,,,,,,,,,
881.282716,0,0,0,0,1,68425.73844,1,74605.05452,DS34,,,,,,,,,,,,,,,,,
882.282716,0,0,0,0,1,68425.73844,1,74605.05452,DS34,,,,,,,,,,,,,,,,,
883.282716,0,0,0,0,1,68425.73844,1,74605.05452,DS34,,,,,,,,,,,,,,,,,
884.282716,0,0,0,0,1,68425.73844,1,74605.05452,DS34,,,,,,,,,,,,,,,,,
885.282716,0,0,0,0,1,68425.73844,1,74605.05452,DS34,,,,,,,,,,,,,,,,,
886.282716,0,0,0,0,1,68425.73844,1,74605.05452,DS34,,,,,,,,,,,,,,,,,
887.282716,0,0,0,0,1,68425.73844,1,74605.05452,DS34,,,,,,,,,,,,,,,,,
888.282716,0,0,0,0,1,68425.73844,1,74605.05452,DS34,,,,,,,,,,,,,,,,,
889.282716,0,0,0,0,1,68425.73844,1,74605.05452,DS34,,,,,,,,,,,,,,,,,
890.282716,0,0,0,0,1,68425.73844,1,74605.05452,DS34,,,,,,,,,,,,,,,,,
891.282716,0,0,0,0,1,68425.73844,1,74605.05452,DS34,,,,,,,,,,,,,,,,,
892.282716,0,0,0,0,1,68425.73844,1,74605.05452,DS34,,,,,,,,,,,,,,,,,
893.282716,0,0,0,0,1,68425.73844,1,74605.05452,DS34,,,,,,,,,,,,,,,,,
894.282716,0,0,0,0,1,68425.73844,1,74605.05452,DS34,,,,,,,,,,,,,,,,,
895.282716,0,0,0,0,1,68425.73844,1,74605.05452,DS34,,,,,,,,,,,,,,,,,
896.282716,0,0,0,0,1,68425.73844,1,74605.05452,DS34,,,,,,,,,,,,,,,,,
897.282716,0,0,0,0,1,68425.73844,1,74605.05452,DS34,,,,,,,,,,,,,,,,,
898.282716,0,0,0,0,1,68425.73844,1,74605.05452,DS34,,,,,,,,,,,,,,,,,
899.282716,0,0,0,0,1,68425.73844,1,74605.05452,DS34,,,,,,,,,,,,,,,,,
900.282716,0,0,0,0,1,68425.73844,1,74605.05452,DS34,,,,,,,,,,,,,,,,,
901.282716,0,0,0,0,1,68425.73844,1,74605.05452,DS34,,,,,,,,,,,,,,,,,
902.282716,0,0,0,0,1,68425.73844,1,74605.05452,DS34,,,,,,,,,,,,,,,,,
903.282716,0,0,0,0,1,68425.73844,1,74605.05452,DS34,,,,,,,,,,,,,,,,,
904.282716,0,0,0,0,1,68425.73844,1,74605.05452,DS34,,,,,,,,,,,,,,,,,
905.282716,0,0,0,0,1,68425.73844,1,74605.05452,DS34,,,,,,,,,,,,,,,,,
906.282716,0,0,0,0,1,68425.73844,1,74605.05452,DS34,,,,,,,,,,,,,,,,,
907.282716,0,0,0,0,1,68425.73844,1,74605.05452,DS34,,,,,,,,,,,,,,,,,
908.282716,0,0,0,0,1,68425.73844,1,74605.05452,DS34,,,,,,,,,,,,,,,,,
909.282716,0,0,0,0,1,68425.73844,1,74605.05452,DS34,,,,,,,,,,,,,,,,,
910.282716,0,0,0,0,1,68425.73844,1,74605.05452,DS34,,,,,,,,,,,,,,,,,
911.282716,0,0,0,0,1,68425.73844,1,74605.05452,DS34,,,,,,,,,,,,,,,,,
912.282716,0,0,0,0,1,68425.73844,1,74605.05452,DS34,,,,,,,,,,,,,,,,,
913.282716,0,0,0,0,1,68425.73844,1,74605.05452,DS34,,,,,,,,,,,,,,,,,
914.282716,0,0,0,0,1,68425.73844,1,74605.05452,DS34,,,,,,,,,,,,,,,,,
915.282716,0,0,0,0,1,68425.73844,1,74605.05452,DS34,,,,,,,,,,,,,,,,,
916.282716,0,0,0,0,1,68425.73844,1,74605.05452,DS34,,,,,,,,,,,,,,,,,
917.282716,0,0,0,0,1,68425.73844,1,74605.05452,DS34,,,,,,,,,,,,,,,,,
918.282716,0,0,0,0,1,68425.73844,1,74605.05452,DS34,,,,,,,,,,,,,,,,,
919.282716,0,0,0,0,1,68425.73844,1,74605.05452,DS34,,,,,,,,,,,,,,,,,
920.282716,0,0,0,0,1,68425.73844,1,74605.05452,DS34,,,,,,,,,,,,,,,,,
921.282716,0,0,0,0,1,68425.73844,1,74605.05452,DS34,,,,,,,,,,,,,,,,,
922.282716,0,0,0,0,1,68425.73844,1,74605.05452,DS34,,,,,,,,,,,,,,,,,
923.282716,0,0,0,0,1,68425.73844,1,74605.05452,DS34,,,,,,,,,,,,,,,,,
924.282716,0,0,0,0,1,68425.73844,1,74605.05452,DS34,,,,,,,,,,,,,,,,,
925.282716,0,0,0,0,1,68425.73844,1,74605.05452,DS34,,,,,,,,,,,,,,,,,
926.282716,0,0,0,0,1,68425.73844,1,74605.05452,DS34,,,,,,,,,,,,,,,,,
927.282716,0,0,0,0,1,68425.73844,1,74605.05452,DS34,,,,,,,,,,,,,,,,,
928.282716,0,0,0,0,1,68425.73844,1,74605.05452,DS34,,,,,,,,,,,,,,,,,
929.282716,0,0,0,0,1,68425.73844,1,74605.05452,DS34,,,,,,,,,,,,,,,,,
930.282716,0,0,0,0,1,68425.73844,1,74605.05452,DS34,,,,,,,,,,,,,,,,,
931.282716,0,0,0,0,1,68425.73844,1,74605.05452,DS34,,,,,,,,,,,,,,,,,
932.282716,0,0,0,0,1,68425.73844,1,74605.05452,DS34,,,,,,,,,,,,,,,,,
933.282716,0,0,0,0,1,68425.73844,1,74605.05452,DS34,,,,,,,,,,,,,,,,,
934.282716,0,0,0,0,1,68425.73844,1,74605.05452,DS34,,,,,,,,,,,,,,,,,
935.282716,0,0,0,0,1,68425.73844,1,74605.05452,DS34,,,,,,,,,,,,,,,,,
936.282716,0,0,0,0,1,68425.73844,1,74605.05452,DS34,,,,,,,,,,,,,,,,,
937.282716,0,0,0,0,1,68425.73844,1,74605.05452,DS34,,,,,,,,,,,,,,,,,
938.282716,0,0,0,0,1,68425.73844,1,74605.05452,DS34,,,,,,,,,,,,,,,,,
939.282716,0,0,0,0,1,68425.73844,1,74605.05452,DS34,,,,,,,,,,,,,,,,,
940.282716,0,0,0,0,1,68425.73844,1,74605.05452,DS34,,,,,,,,,,,,,,,,,
941.282716,0,0,0,0,1,68425.73844,1,74605.05452,DS34,,,,,,,,,,,,,,,,,
942.282716,0,0,0,0,1,68425.73844,1,74605.05452,DS34,,,,,,,,,,,,,,,,,
943.282716,0,0,0,0,1,68425.73844,1,74605.05452,DS34,,,,,,,,,,,,,,,,,
944.282716,0,0,0,0,1,68425.73844,1,74605.05452,DS34,,,,,,,,,,,,,,,,,
945.282716,0,0,0,0,1,68425.73844,1,74605.05452,DS34,,,,,,,,,,,,,,,,,
946.282716,0,0,0,0,1,68425.73844,1,74605.05452,DS34,,,,,,,,,,,,,,,,,
947.282716,0,0,0,0,1,68425.73844,1,74605.05452,DS34,,,,,,,,,,,,,,,,,
948.282716,0,0,0,0,1,68425.73844,1,74605.05452,DS34,,,,,,,,,,,,,,,,,
949.282716,0,0,0,0,1,68425.73844,1,74605.05452,DS34,,,,,,,,,,,,,,,,,
950.282716,0,0,0,0,1,68425.73844,1,74605.05452,DS34,,,,,,,,,,,,,,,,,
951.282716,0,0,0,0,1,68425.73844,1,74605.05452,DS34,,,,,,,,,,,,,,,,,
952.282716,0,0,0,0,1,68425.73844,1,74605.05452,DS34,,,,,,,,,,,,,,,,,
953.282716,0,0,0,0,1,68425.73844,1,74605.05452,DS34,,,,,,,,,,,,,,,,,
954.282716,0,0,0,0,1,68425.73844,1,74605.05452,DS34,,,,,,,,,,,,,,,,,
955.282716,0,0,0,0,1,68425.73844,1,74605.05452,DS34,,,,,,,,,,,,,,,,,
956.282716,0,0,0,0,1,68425.73844,1,74605.05452,DS34,,,,,,,,,,,,,,,,,
957.282716,0,0,0,0,1,68425.73844,1,74605.05452,DS34,,,,,,,,,,,,,,,,,
958.282716,0,0,0,0,1,68425.73844,1,74605.05452,DS34,,,,,,,,,,,,,,,,,
959.282716,0,0,0,0,1,68425.73844,1,74605.05452,DS34,,,,,,,,,,,,,,,,,
960.282716,0,0,0,0,1,68425.73844,1,74605.05452,DS34,,,,,,,,,,,,,,,,,
961.282716,0,0,0,0,1,68425.73844,1,74605.05452,DS34,,,,,,,,,,,,,,,,,
962.282716,0,0,0,0,1,68425.73844,1,74605.05452,DS34,,,,,,,,,,,,,,,,,
963.282716,0,0,0,0,1,68425.73844,1,74605.05452,DS34,,,,,,,,,,,,,,,,,
964.282716,0,0,0,0,1,68425.73844,1,74605.05452,DS34,,,,,,,,,,,,,,,,,
965.282716,0,0,0,0,1,68425.73844,1,74605.05452,DS34,,,,,,,,,,,,,,,,,
966.282716,0,0,0,0,1,68425.73844,1,74605.05452,DS34,,,,,,,,,,,,,,,,,
967.282716,0,0,0,0,1,68425.73844,1,74605.05452,DS34,,,,,,,,,,,,,,,,,
968.282716,0,0,0,0,1,68425.73844,1,74605.05452,DS34,,,,,,,,,,,,,,,,,
969.282716,0,0,0,0,1,68425.73844,1,74605.05452,DS34,,,,,,,,,,,,,,,,,
970.282716,0,0,0,0,1,68425.73844,1,74605.05452,DS34,,,,,,,,,,,,,,,,,
971.282716,0,0,0,0,1,68425.73844,1,74605.05452,DS34,,,,,,,,,,,,,,,,,
972.282716,0,0,0,0,1,68425.73844,1,74605.05452,DS34,,,,,,,,,,,,,,,,,
973.282716,0,0,0,0,1,68425.73844,1,74605.05452,DS34,,,,,,,,,,,,,,,,,
974.282716,0,0,0,0,1,68425.73844,1,74605.05452,DS34,,,,,,,,,,,,,,,,,
975.282716,0,0,0,0,1,68425.73844,1,74605.05452,DS34,,,,,,,,,,,,,,,,,
976.282716,0,0,0,0,1,68425.73844,1,74605.05452,DS34,,,,,,,,,,,,,,,,,
977.282716,0,0,0,0,1,68425.73844,1,74605.05452,DS34,,,,,,,,,,,,,,,,,
978.282716,0,0,0,0,1,68425.73844,1,74605.05452,DS34,,,,,,,,,,,,,,,,,
979.282716,0,0,0,0,1,68425.73844,1,74605.05452,DS34,,,,,,,,,,,,,,,,,
980.282716,0,0,0,0,1,68425.73844,1,74605.05452,DS34,,,,,,,,,,,,,,,,,
981.282716,0,0,0,0,1,68425.73844,1,74605.05452,DS34,,,,,,,,,,,,,,,,,
982.282716,0,0,0,0,1,68425.73844,1,74605.05452,DS34,,,,,,,,,,,,,,,,,
983.282716,0,0,0,0,1,68425.73844,1,74605.05452,DS34,,,,,,,,,,,,,,,,,
984.282716,0,0,0,0,1,68425.73844,1,74605.05452,DS34,,,,,,,,,,,,,,,,,
985.282716,0,0,0,0,1,68425.73844,1,74605.05452,DS34,,,,,,,,,,,,,,,,,
986.282716,0,0,0,0,1,68425.73844,1,74605.05452,DS34,,,,,,,,,,,,,,,,,
987.282716,0,0,0,0,1,68425.73844,1,74605.05452,DS34,,,,,,,,,,,,,,,,,
988.282716,0,0,0,0,1,68425.73844,1,74605.05452,DS34,,,,,,,,,,,,,,,,,
989.282716,0,0,0,0,1,68425.73844,1,74605.05452,DS34,,,,,,,,,,,,,,,,,
990.282716,0,0,0,0,1,68425.73844,1,74605.05452,DS34,,,,,,,,,,,,,,,,,
991.282716,0,0,0,0,1,68425.73844,1,74605.05452,DS34,,,,,,,,,,,,,,,,,
992.282716,0,0,0,0,1,68425.73844,1,74605.05452,DS34,,,,,,,,,,,,,,,,,
993.282716,0,0,0,0,1,68425.73844,1,74605.05452,DS34,,,,,,,,,,,,,,,,,
994.282716,0,0,0,0,1,68425.73844,1,74605.05452,DS34,,,,,,,,,,,,,,,,,
995.282716,0,0,0,0,1,68425.73844,1,74605.05452,DS34,,,,,,,,,,,,,,,,,
996.282716,0,0,0,0,1,68425.73844,1,74605.05452,DS34,,,,,,,,,,,,,,,,,
997.282716,0,0,0,0,1,68425.73844,1,74605.05452,DS34,,,,,,,,,,,,,,,,,
998.282716,0,0,0,0,1,68425.73844,1,74605.05452,DS34,,,,,,,,,,,,,,,,,
999.282716,0,0,0,0,1,68425.73844,1,74605.05452,DS34,,,,,,,,,,,,,,,,,
1000.282716,0,0,0,0,1,68425.73844,1,74605.05452,DS34,,,,,,,,,,,,,,,,,
1001.282716,0,0,0,0,1,68425.73844,1,74605.05452,DS34,,,,,,,,,,,,,,,,,
1002.282716,0,0,0,0,1,68425.73844,1,74605.05452,DS34,,,,,,,,,,,,,,,,,
1003.282716,0,0,0,0,1,68425.73844,1,74605.05452,DS34,,,,,,,,,,,,,,,,,
1004.282716,0,0,0,0,1,68425.73844,1,74605.05452,DS34,,,,,,,,,,,,,,,,,
1005.282716,0,0,0,0,1,68425.73844,1,74605.05452,DS34,,,,,,,,,,,,,,,,,
1006.282716,0,0,0,0,1,68425.73844,1,74605.05452,DS34,,,,,,,,,,,,,,,,,
1007.282716,0,0,0,0,1,68425.73844,1,74605.05452,DS34,,,,,,,,,,,,,,,,,
1008.282716,0,0,0,0,1,68425.73844,1,74605.05452,DS34,,,,,,,,,,,,,,,,,
1009.282716,0,0,0,0,1,68425.73844,1,74605.05452,DS34,,,,,,,,,,,,,,,,,
1010.282716,0,0,0,0,1,68425.73844,1,74605.05452,DS34,,,,,,,,,,,,,,,,,
1011.282716,0,0,0,0,1,68425.73844,1,74605.05452,DS34,,,,,,,,,,,,,,,,,
1012.282716,0,0,0,0,1,68425.73844,1,74605.05452,DS34,,,,,,,,,,,,,,,,,
1013.282716,0,0,0,0,1,68425.73844,1,74605.05452,DS34,,,,,,,,,,,,,,,,,
1014.282716,0,0,0,0,1,68425.73844,1,74605.05452,DS34,,,,,,,,,,,,,,,,,
1015.282716,0,0,0,0,1,68425.73844,1,74605.05452,DS34,,,,,,,,,,,,,,,,,
1016.282716,0,0,0,0,1,68425.73844,1,74605.05452,DS34,,,,,,,,,,,,,,,,,
1017.282716,0,0,0,0,1,68425.73844,1,74605.05452,DS34,,,,,,,,,,,,,,,,,
1018.282716,0,0,0,0,1,68425.73844,1,74605.05452,DS34,,,,,,,,,,,,,,,,,
1019.282716,0,0,0,0,1,68425.73844,1,74605.05452,DS34,,,,,,,,,,,,,,,,,
1020.282716,0,0,0,0,1,68425.73844,1,74605.05452,DS34,,,,,,,,,,,,,,,,,
1021.282716,0,0,0,0,1,68425.73844,1,74605.05452,DS34,,,,,,,,,,,,,,,,,
1022.282716,0,0,0,0,1,68425.73844,1,74605.05452,DS34,,,,,,,,,,,,,,,,,
1023.282716,0,0,0,0,1,68425.73844,1,74605.05452,DS34,,,,,,,,,,,,,,,,,
1024.282716,0,0,0,0,1,68425.73844,1,74605.05452,DS34,,,,,,,,,,,,,,,,,
1025.282716,0,0,0,0,1,68425.73844,1,74605.05452,DS34,,,,,,,,,,,,,,,,,
1026.282716,0,0,0,0,1,68425.73844,1,74605.05452,DS34,,,,,,,,,,,,,,,,,
1027.282716,0,0,0,0,0,0,1,74605.05452,DS34,,,,,,,,,,,,,,,,,
1028.282716,0,0,0,0,0,0,1,74605.05452,DS34,,,,,,,,,,,,,,,,,
1029.282716,0,0,0,0,0,0,1,74605.05452,DS34,,,,,,,,,,,,,,,,,
1030.282716,0,0,0,0,0,0,1,74605.05452,DS34,,,,,,,,,,,,,,,,,
1031.282716,0,0,0,0,0,0,1,74605.05452,DS34,,,,,,,,,,,,,,,,,
1032.282716,0,0,0,0,0,0,1,74605.05452,DS34,,,,,,,,,,,,,,,,,
1033.282716,0,0,0,0,0,0,1,74605.05452,DS34,,,,,,,,,,,,,,,,,
1034.282716,0,0,0,0,0,0,1,74605.05452,DS34,,,,,,,,,,,,,,,,,
1035.282716,0,0,0,0,0,0,1,74605.05452,DS34,,,,,,,,,,,,,,,,,
1036.282716,0,0,0,0,0,0,1,74605.05452,DS34,,,,,,,,,,,,,,,,,
1037.282716,0,0,0,0,0,0,1,74605.05452,DS34,,,,,,,,,,,,,,,,,
1038.282716,0,0,0,0,0,0,1,74605.05452,DS34,,,,,,,,,,,,,,,,,
1039.282716,0,0,0,0,0,0,1,74605.05452,DS34,,,,,,,,,,,,,,,,,
1040.282716,0,0,0,0,0,0,1,74605.05452,DS34,,,,,,,,,,,,,,,,,
1041.282716,0,0,0,0,0,0,1,74605.05452,DS34,,,,,,,,,,,,,,,,,
1042.282716,0,0,0,0,0,0,1,74605.05452,DS34,,,,,,,,,,,,,,,,,
1043.282716,0,0,0,0,0,0,1,74605.05452,DS34,,,,,,,,,,,,,,,,,
1044.282716,0,0,0,0,0,0,1,74605.05452,DS34,,,,,,,,,,,,,,,,,
1045.282716,0,0,0,0,0,0,1,74605.05452,DS34,,,,,,,,,,,,,,,,,
1046.282716,0,0,0,0,0,0,1,74605.05452,DS34,,,,,,,,,,,,,,,,,
1047.282716,0,0,0,0,0,0,1,74605.05452,DS34,,,,,,,,,,,,,,,,,
1048.282716,0,0,0,0,0,0,1,74605.05452,DS34,,,,,,,,,,,,,,,,,
1049.282716,0,0,0,0,0,0,1,74605.05452,DS34,,,,,,,,,,,,,,,,,
1050.282716,0,0,0,0,0,0,1,74605.05452,DS34,,,,,,,,,,,,,,,,,
1051.282716,0,0,0,0,0,0,1,74605.05452,DS34,,,,,,,,,,,,,,,,,
1052.282716,0,0,0,0,0,0,1,74605.05452,DS34,,,,,,,,,,,,,,,,,
1053.282716,0,0,0,0,0,0,1,74605.05452,DS34,,,,,,,,,,,,,,,,,
1054.282716,0,0,0,0,0,0,1,74605.05452,DS34,,,,,,,,,,,,,,,,,
1055.282716,0,0,0,0,0,0,1,74605.05452,DS34,,,,,,,,,,,,,,,,,
1056.282716,0,0,0,0,0,0,1,74605.05452,DS34,,,,,,,,,,,,,,,,,
1057.282716,0,0,0,0,0,0,1,74605.05452,DS34,,,,,,,,,,,,,,,,,
1058.282716,0,0,0,0,0,0,1,74605.05452,DS34,,,,,,,,,,,,,,,,,
1059.282716,0,0,0,0,0,0,1,74605.05452,DS34,,,,,,,,,,,,,,,,,
1060.282716,0,0,0,0,0,0,1,74605.05452,DS34,,,,,,,,,,,,,,,,,
1061.282716,0,0,0,0,0,0,1,74605.05452,DS34,,,,,,,,,,,,,,,,,
1062.282716,0,0,0,0,0,0,1,74605.05452,DS34,,,,,,,,,,,,,,,,,
1063.282716,0,0,0,0,0,0,1,74605.05452,DS34,,,,,,,,,,,,,,,,,
1064.282716,0,0,0,0,0,0,1,74605.05452,DS34,,,,,,,,,,,,,,,,,
1065.282716,0,0,0,0,0,0,1,74605.05452,DS34,,,,,,,,,,,,,,,,,
1066.282716,0,0,0,0,0,0,1,74605.05452,DS34,,,,,,,,,,,,,,,,,
1067.282716,0,0,0,0,0,0,1,74605.05452,DS34,,,,,,,,,,,,,,,,,
1068.282716,0,0,0,0,0,0,1,74605.05452,DS34,,,,,,,,,,,,,,,,,
1069.282716,0,0,0,0,0,0,1,74605.05452,DS34,,,,,,,,,,,,,,,,,
1070.282716,0,0,0,0,0,0,1,74605.05452,DS34,,,,,,,,,,,,,,,,,
1071.282716,0,0,0,0,0,0,1,74605.05452,DS34,,,,,,,,,,,,,,,,,
1072.282716,0,0,0,0,0,0,1,74605.05452,DS34,,,,,,,,,,,,,,,,,
1073.282716,0,0,0,0,0,0,1,74605.05452,DS34,,,,,,,,,,,,,,,,,
1074.282716,0,0,0,0,0,0,1,74605.05452,DS34,,,,,,,,,,,,,,,,,
1075.282716,0,0,0,0,0,0,1,74605.05452,DS34,,,,,,,,,,,,,,,,,
1076.282716,0,0,0,0,0,0,1,74605.05452,DS34,,,,,,,,,,,,,,,,,
1077.282716,0,0,0,0,0,0,1,74605.05452,DS34,,,,,,,,,,,,,,,,,
1078.282716,0,0,0,0,0,0,1,74605.05452,DS34,,,,,,,,,,,,,,,,,
1079.282716,0,0,0,0,0,0,1,74605.05452,DS34,,,,,,,,,,,,,,,,,
1080.282716,0,0,0,0,0,0,1,74605.05452,DS34,,,,,,,,,,,,,,,,,
1081.282716,0,0,0,0,0,0,1,74605.05452,DS34,,,,,,,,,,,,,,,,,
1082.282716,0,0,0,0,0,0,1,74605.05452,DS34,,,,,,,,,,,,,,,,,
1083.282716,0,0,0,0,0,0,1,74605.05452,DS34,,,,,,,,,,,,,,,,,
1084.282716,0,0,0,0,0,0,1,74605.05452,DS34,,,,,,,,,,,,,,,,,
1085.282716,0,0,0,0,0,0,1,74605.05452,DS34,,,,,,,,,,,,,,,,,
1086.282716,0,0,0,0,0,0,1,74605.05452,DS34,,,,,,,,,,,,,,,,,
1087.282716,0,0,0,0,0,0,1,74605.05452,DS34,,,,,,,,,,,,,,,,,
1088.282716,0,0,0,0,0,0,1,74605.05452,DS34,,,,,,,,,,,,,,,,,
1089.282716,0,0,0,0,0,0,1,74605.05452,DS34,,,,,,,,,,,,,,,,,
1090.282716,0,0,0,0,0,0,1,74605.05452,DS34,,,,,,,,,,,,,,,,,
1091.282716,0,0,0,0,0,0,1,74605.05452,DS34,,,,,,,,,,,,,,,,,
1092.282716,0,0,0,0,0,0,1,74605.05452,DS34,,,,,,,,,,,,,,,,,
1093.282716,0,0,0,0,0,0,1,74605.05452,DS34,,,,,,,,,,,,,,,,,
1094.282716,0,0,0,0,0,0,1,74605.05452,DS34,,,,,,,,,,,,,,,,,
1095.282716,0,0,0,0,0,0,1,74605.05452,DS34,,,,,,,,,,,,,,,,,
1096.282716,0,0,0,0,0,0,1,74605.05452,DS34,,,,,,,,,,,,,,,,,
1097.282716,0,0,0,0,0,0,1,74605.05452,DS34,,,,,,,,,,,,,,,,,
1098.282716,0,0,0,0,0,0,1,74605.05452,DS34,,,,,,,,,,,,,,,,,
1099.282716,0,0,0,0,0,0,1,74605.05452,DS34,,,,,,,,,,,,,,,,,
1100.282716,0,0,0,0,0,0,1,74605.05452,DS34,,,,,,,,,,,,,,,,,
1101.282716,0,0,0,0,0,0,1,74605.05452,DS34,,,,,,,,,,,,,,,,,
1102.282716,0,0,0,0,0,0,1,74605.05452,DS34,,,,,,,,,,,,,,,,,
1103.282716,0,0,0,0,0,0,1,74605.05452,DS34,,,,,,,,,,,,,,,,,
1104.282716,0,0,0,0,0,0,1,74605.05452,DS34,,,,,,,,,,,,,,,,,
1105.282716,0,0,0,0,0,0,1,74605.05452,DS34,,,,,,,,,,,,,,,,,
1106.282716,0,0,0,0,0,0,1,74605.05452,DS34,,,,,,,,,,,,,,,,,
1107.282716,0,0,0,0,0,0,1,74605.05452,DS34,,,,,,,,,,,,,,,,,
1108.282716,0,0,0,0,0,0,1,74605.05452,DS34,,,,,,,,,,,,,,,,,
1109.282716,0,0,0,0,0,0,1,74605.05452,DS34,,,,,,,,,,,,,,,,,
1110.282716,0,0,0,0,0,0,1,74605.05452,DS34,,,,,,,,,,,,,,,,,
1111.282716,0,0,0,0,0,0,1,74605.05452,DS34,,,,,,,,,,,,,,,,,
1112.282716,0,0,0,0,0,0,1,74605.05452,DS34,,,,,,,,,,,,,,,,,
1113.282716,0,0,0,0,0,0,1,74605.05452,DS34,,,,,,,,,,,,,,,,,
1114.282716,0,0,0,0,0,0,1,74605.05452,DS34,,,,,,,,,,,,,,,,,
1115.282716,0,0,0,0,0,0,1,74605.05452,DS34,,,,,,,,,,,,,,,,,
1116.282716,0,0,0,0,0,0,1,74605.05452,DS34,,,,,,,,,,,,,,,,,
1117.282716,0,0,0,0,0,0,1,74605.05452,DS34,,,,,,,,,,,,,,,,,
1118.282716,0,0,0,0,0,0,1,74605.05452,DS34,,,,,,,,,,,,,,,,,
1119.282716,0,0,0,0,0,0,1,74605.05452,DS34,,,,,,,,,,,,,,,,,
1120.282716,0,0,0,0,0,0,1,74605.05452,DS34,,,,,,,,,,,,,,,,,
1121.282716,0,0,0,0,0,0,1,74605.05452,DS34,,,,,,,,,,,,,,,,,
1122.282716,0,0,0,0,0,0,1,74605.05452,DS34,,,,,,,,,,,,,,,,,
1123.282716,0,0,0,0,0,0,1,74605.05452,DS34,,,,,,,,,,,,,,,,,
1124.282716,0,0,0,0,0,0,1,74605.05452,DS34,,,,,,,,,,,,,,,,,
1125.282716,0,0,0,0,0,0,1,74605.05452,DS34,,,,,,,,,,,,,,,,,
1126.282716,0,0,0,0,0,0,1,74605.05452,DS34,,,,,,,,,,,,,,,,,
1127.282716,0,0,0,0,0,0,1,74605.05452,DS34,,,,,,,,,,,,,,,,,
1128.282716,0,0,0,0,0,0,1,74605.05452,DS34,,,,,,,,,,,,,,,,,
1129.282716,0,0,0,0,0,0,1,74605.05452,DS34,,,,,,,,,,,,,,,,,
1130.282716,0,0,0,0,0,0,1,74605.05452,DS34,,,,,,,,,,,,,,,,,
1131.282716,0,0,0,0,0,0,1,74605.05452,DS34,,,,,,,,,,,,,,,,,
1132.282716,0,0,0,0,0,0,1,74605.05452,DS34,,,,,,,,,,,,,,,,,
1133.282716,0,0,0,0,0,0,1,74605.05452,DS34,,,,,,,,,,,,,,,,,
1134.282716,0,0,0,0,0,0,1,74605.05452,DS34,,,,,,,,,,,,,,,,,
1135.282716,0,0,0,0,0,0,1,74605.05452,DS34,,,,,,,,,,,,,,,,,
1136.282716,0,0,0,0,0,0,1,74605.05452,DS34,,,,,,,,,,,,,,,,,
1137.282716,0,0,0,0,0,0,1,74605.05452,DS34,,,,,,,,,,,,,,,,,
1138.282716,0,0,0,0,0,0,1,74605.05452,DS34,,,,,,,,,,,,,,,,,
1139.282716,0,0,0,0,0,0,1,74605.05452,DS34,,,,,,,,,,,,,,,,,
1140.282716,0,0,0,0,0,0,1,74605.05452,DS34,,,,,,,,,,,,,,,,,
1141.282716,0,0,0,0,0,0,1,74605.05452,DS34,,,,,,,,,,,,,,,,,
1142.282716,0,0,0,0,0,0,1,74605.05452,DS34,,,,,,,,,,,,,,,,,
1143.282716,0,0,0,0,0,0,1,74605.05452,DS34,,,,,,,,,,,,,,,,,
1144.282716,0,0,0,0,0,0,1,74605.05452,DS34,,,,,,,,,,,,,,,,,
1145.282716,0,0,0,0,0,0,1,74605.05452,DS34,,,,,,,,,,,,,,,,,
1146.282716,0,0,0,0,0,0,1,74605.05452,DS34,,,,,,,,,,,,,,,,,
1147.282716,0,0,0,0,0,0,1,74605.05452,DS34,,,,,,,,,,,,,,,,,
1148.282716,0,0,0,0,0,0,1,74605.05452,DS34,,,,,,,,,,,,,,,,,
1149.282716,0,0,0,0,0,0,1,74605.05452,DS34,,,,,,,,,,,,,,,,,
1150.282716,0,0,0,0,0,0,1,74605.05452,DS34,,,,,,,,,,,,,,,,,
1151.282716,0,0,0,0,0,0,1,74605.05452,DS34,,,,,,,,,,,,,,,,,
1152.282716,0,0,0,0,0,0,1,74605.05452,DS34,,,,,,,,,,,,,,,,,
1153.282716,0,0,0,0,0,0,1,74605.05452,DS34,,,,,,,,,,,,,,,,,
1154.282716,0,0,0,0,0,0,1,74605.05452,DS34,,,,,,,,,,,,,,,,,
1155.650291,0,0,0,0,0,0,1,74605.05452,DS34,,,,,,,,,,,,,,,,,
1156.650291,0,0,0,0,0,0,1,74605.05452,DS34,,,,,,,,,,,,,,,,,
1157.650291,0,0,0,0,0,0,1,74605.05452,DS34,,,,,,,,,,,,,,,,,
1158.650291,0,0,0,0,0,0,1,74605.05452,DS34,,,,,,,,,,,,,,,,,
1159.650291,0,0,0,0,0,0,1,74605.05452,DS34,,,,,,,,,,,,,,,,,
1160.650291,0,0,0,0,0,0,1,74605.05452,DS34,,,,,,,,,,,,,,,,,
1161.650291,0,0,0,0,0,0,1,74605.05452,DS34,,,,,,,,,,,,,,,,,
1162.650291,0,0,0,0,0,0,1,74605.05452,DS34,,,,,,,,,,,,,,,,,
1163.650291,0,0,0,0,0,0,1,74605.05452,DS34,,,,,,,,,,,,,,,,,
1164.650291,0,0,0,0,0,0,1,74605.05452,DS34,,,,,,,,,,,,,,,,,
1165.650291,0,0,0,0,0,0,1,74605.05452,DS34,,,,,,,,,,,,,,,,,
1166.650291,0,0,0,0,0,0,1,74605.05452,DS34,,,,,,,,,,,,,,,,,
1167.650291,0,0,0,0,0,0,1,74605.05452,DS34,,,,,,,,,,,,,,,,,
1168.650291,0,0,0,0,0,0,1,74605.05452,DS34,,,,,,,,,,,,,,,,,
1169.650291,0,0,0,0,0,0,1,74605.05452,DS34,,,,,,,,,,,,,,,,,
1170.650291,0,0,0,0,0,0,1,74605.05452,DS34,,,,,,,,,,,,,,,,,
1171.650291,0,0,0,0,0,0,1,74605.05452,DS34,,,,,,,,,,,,,,,,,
1172.650291,0,0,0,0,0,0,1,74605.05452,DS34,,,,,,,,,,,,,,,,,
1173.650291,0,0,0,0,0,0,1,74605.05452,DS34,,,,,,,,,,,,,,,,,
1174.650291,0,0,0,0,0,0,1,74605.05452,DS34,,,,,,,,,,,,,,,,,
1175.650291,0,0,0,0,0,0,1,74605.05452,DS34,,,,,,,,,,,,,,,,,
1176.650291,0,0,0,0,0,0,1,74605.05452,DS34,,,,,,,,,,,,,,,,,
1177.650291,0,0,0,0,0,0,1,74605.05452,DS34,,,,,,,,,,,,,,,,,
1178.650291,0,0,0,0,0,0,1,74605.05452,DS34,,,,,,,,,,,,,,,,,
1179.650291,0,0,0,0,0,0,1,74605.05452,DS34,,,,,,,,,,,,,,,,,
1180.650291,0,0,0,0,0,0,1,74605.05452,DS34,,,,,,,,,,,,,,,,,
1181.650291,0,0,0,0,0,0,1,74605.05452,DS34,,,,,,,,,,,,,,,,,
1182.650291,0,0,0,0,0,0,1,74605.05452,DS34,,,,,,,,,,,,,,,,,
1183.650291,0,0,0,0,0,0,1,74605.05452,DS34,,,,,,,,,,,,,,,,,
1184.650291,0,0,0,0,0,0,1,74605.05452,DS34,,,,,,,,,,,,,,,,,
1185.650291,0,0,0,0,0,0,1,74605.05452,DS34,,,,,,,,,,,,,,,,,
1186.650291,0,0,0,0,0,0,1,74605.05452,DS34,,,,,,,,,,,,,,,,,
1187.650291,0,0,0,0,0,0,1,74605.05452,DS34,,,,,,,,,,,,,,,,,
1188.650291,0,0,0,0,0,0,1,74605.05452,DS34,,,,,,,,,,,,,,,,,
1189.650291,0,0,0,0,0,0,1,74605.05452,DS34,,,,,,,,,,,,,,,,,
1190.650291,0,0,0,0,0,0,1,74605.05452,DS34,,,,,,,,,,,,,,,,,
1191.650291,0,0,0,0,0,0,1,74605.05452,DS34,,,,,,,,,,,,,,,,,
1192.650291,0,0,0,0,0,0,1,74605.05452,DS34,,,,,,,,,,,,,,,,,
1193.650291,0,0,0,0,0,0,1,74605.05452,DS34,,,,,,,,,,,,,,,,,
1194.650291,0,0,0,0,0,0,1,74605.05452,DS34,,,,,,,,,,,,,,,,,
1195.650291,0,0,0,0,0,0,1,74605.05452,DS34,,,,,,,,,,,,,,,,,
1196.650291,0,0,0,0,0,0,1,74605.05452,DS34,,,,,,,,,,,,,,,,,
1197.650291,0,0,0,0,0,0,1,74605.05452,DS34,,,,,,,,,,,,,,,,,
1198.650291,0,0,0,0,0,0,1,74605.05452,DS34,,,,,,,,,,,,,,,,,
1199.650291,0,0,0,0,0,0,1,74605.05452,DS34,,,,,,,,,,,,,,,,,
1200.650291,0,0,0,0,0,0,1,74605.05452,DS34,,,,,,,,,,,,,,,,,
1201.650291,0,0,0,0,0,0,1,74605.05452,DS34,,,,,,,,,,,,,,,,,
1202.650291,0,0,0,0,0,0,1,74605.05452,DS34,,,,,,,,,,,,,,,,,
1203.650291,0,0,0,0,0,0,1,74605.05452,DS34,,,,,,,,,,,,,,,,,
1204.650291,0,0,0,0,0,0,1,74605.05452,DS34,,,,,,,,,,,,,,,,,
1205.650291,0,0,0,0,0,0,1,74605.05452,DS34,,,,,,,,,,,,,,,,,
1206.650291,0,0,0,0,0,0,1,74605.05452,DS34,,,,,,,,,,,,,,,,,
1207.650291,0,0,0,0,0,0,1,74605.05452,DS34,,,,,,,,,,,,,,,,,
1208.650291,0,0,0,0,0,0,1,74605.05452,DS34,,,,,,,,,,,,,,,,,
1209.650291,0,0,0,0,0,0,1,74605.05452,DS34,,,,,,,,,,,,,,,,,
1210.650291,0,0,0,0,0,0,1,74605.05452,DS34,,,,,,,,,,,,,,,,,
1211.650291,0,0,0,0,0,0,1,74605.05452,DS34,,,,,,,,,,,,,,,,,
1212.650291,0,0,0,0,0,0,1,74605.05452,DS34,,,,,,,,,,,,,,,,,
1213.650291,0,0,0,0,0,0,1,74605.05452,DS34,,,,,,,,,,,,,,,,,
1214.650291,0,0,0,0,0,0,1,74605.05452,DS34,,,,,,,,,,,,,,,,,
1215.650291,0,0,0,0,0,0,1,74605.05452,DS34,,,,,,,,,,,,,,,,,
1216.650291,0,0,0,0,0,0,1,74605.05452,DS34,,,,,,,,,,,,,,,,,
1217.650291,0,0,0,0,0,0,1,74605.05452,DS34,,,,,,,,,,,,,,,,,
1218.650291,0,0,0,0,0,0,1,74605.05452,DS34,,,,,,,,,,,,,,,,,
1219.650291,0,0,0,0,0,0,1,74605.05452,DS34,,,,,,,,,,,,,,,,,
1220.650291,0,0,0,0,0,0,1,74605.05452,DS34,,,,,,,,,,,,,,,,,
1221.650291,0,0,0,0,0,0,1,74605.05452,DS34,,,,,,,,,,,,,,,,,
1222.650291,0,0,0,0,0,0,1,74605.05452,DS34,,,,,,,,,,,,,,,,,
1223.650291,0,0,0,0,0,0,1,74605.05452,DS34,,,,,,,,,,,,,,,,,
1224.650291,0,0,0,0,0,0,1,74605.05452,DS34,,,,,,,,,,,,,,,,,
1225.650291,0,0,0,0,0,0,1,74605.05452,DS34,,,,,,,,,,,,,,,,,
1226.650291,0,0,0,0,0,0,1,74605.05452,DS34,,,,,,,,,,,,,,,,,
1227.650291,0,0,0,0,0,0,1,74605.05452,DS34,,,,,,,,,,,,,,,,,
1228.650291,0,0,0,0,0,0,1,74605.05452,DS34,,,,,,,,,,,,,,,,,
1229.650291,0,0,0,0,0,0,1,74605.05452,DS34,,,,,,,,,,,,,,,,,
1230.650291,0,0,0,0,0,0,1,74605.05452,DS34,,,,,,,,,,,,,,,,,
1231.650291,0,0,0,0,0,0,1,74605.05452,DS34,,,,,,,,,,,,,,,,,
1232.650291,0,0,0,0,0,0,1,74605.05452,DS34,,,,,,,,,,,,,,,,,
1233.650291,0,0,0,0,0,0,1,74605.05452,DS34,,,,,,,,,,,,,,,,,
1234.650291,0,0,0,0,0,0,1,74605.05452,DS34,,,,,,,,,,,,,,,,,
1235.650291,0,0,0,0,0,0,1,74605.05452,DS34,,,,,,,,,,,,,,,,,
1236.650291,0,0,0,0,0,0,1,74605.05452,DS34,,,,,,,,,,,,,,,,,
1237.650291,0,0,0,0,0,0,1,74605.05452,DS34,,,,,,,,,,,,,,,,,
1238.650291,0,0,0,0,0,0,1,74605.05452,DS34,,,,,,,,,,,,,,,,,
1239.650291,0,0,0,0,0,0,1,74605.05452,DS34,,,,,,,,,,,,,,,,,
1240.650291,0,0,0,0,0,0,1,74605.05452,DS34,,,,,,,,,,,,,,,,,
1241.650291,0,0,0,0,0,0,1,74605.05452,DS34,,,,,,,,,,,,,,,,,
1242.650291,0,0,0,0,0,0,1,74605.05452,DS34,,,,,,,,,,,,,,,,,
1243.650291,0,0,0,0,0,0,1,74605.05452,DS34,,,,,,,,,,,,,,,,,
1244.650291,0,0,0,0,0,0,1,74605.05452,DS34,,,,,,,,,,,,,,,,,
1245.650291,0,0,0,0,0,0,1,74605.05452,DS34,,,,,,,,,,,,,,,,,
1246.650291,0,0,0,0,0,0,1,74605.05452,DS34,,,,,,,,,,,,,,,,,
1247.650291,0,0,0,0,0,0,1,74605.05452,DS34,,,,,,,,,,,,,,,,,
1248.650291,0,0,0,0,0,0,1,74605.05452,DS34,,,,,,,,,,,,,,,,,
1249.650291,0,0,0,0,0,0,1,74605.05452,DS34,,,,,,,,,,,,,,,,,
1250.650291,0,0,0,0,0,0,1,74605.05452,DS34,,,,,,,,,,,,,,,,,
1251.650291,0,0,0,0,0,0,1,74605.05452,DS34,,,,,,,,,,,,,,,,,
1252.650291,0,0,0,0,0,0,1,74605.05452,DS34,,,,,,,,,,,,,,,,,
1253.650291,0,0,0,0,0,0,1,74605.05452,DS34,,,,,,,,,,,,,,,,,
1254.650291,0,0,0,0,0,0,1,74605.05452,DS34,,,,,,,,,,,,,,,,,
1255.650291,0,0,0,0,0,0,1,74605.05452,DS34,,,,,,,,,,,,,,,,,
1256.650291,0,0,0,0,0,0,1,74605.05452,DS34,,,,,,,,,,,,,,,,,
1257.650291,0,0,0,0,0,0,1,74605.05452,DS34,,,,,,,,,,,,,,,,,
1258.650291,0,0,0,0,0,0,1,74605.05452,DS34,,,,,,,,,,,,,,,,,
1259.650291,0,0,0,0,0,0,1,74605.05452,DS34,,,,,,,,,,,,,,,,,
1260.650291,0,0,0,0,0,0,1,74605.05452,DS34,,,,,,,,,,,,,,,,,
1261.650291,0,0,0,0,0,0,1,74605.05452,DS34,,,,,,,,,,,,,,,,,
1262.650291,0,0,0,0,0,0,1,74605.05452,DS34,,,,,,,,,,,,,,,,,
1263.650291,0,0,0,0,0,0,1,74605.05452,DS34,,,,,,,,,,,,,,,,,
1264.650291,0,0,0,0,0,0,1,74605.05452,DS34,,,,,,,,,,,,,,,,,
1265.650291,0,0,0,0,0,0,1,74605.05452,DS34,,,,,,,,,,,,,,,,,
1266.650291,0,0,0,0,0,0,1,74605.05452,DS34,,,,,,,,,,,,,,,,,
1267.650291,0,0,0,0,0,0,1,74605.05452,DS34,,,,,,,,,,,,,,,,,
1268.650291,0,0,0,0,0,0,1,74605.05452,DS34,,,,,,,,,,,,,,,,,
1269.650291,0,0,0,0,0,0,1,74605.05452,DS34,,,,,,,,,,,,,,,,,
1270.650291,0,0,0,0,0,0,1,74605.05452,DS34,,,,,,,,,,,,,,,,,
1271.650291,0,0,0,0,0,0,1,74605.05452,DS34,,,,,,,,,,,,,,,,,
1272.650291,0,0,0,0,0,0,1,74605.05452,DS34,,,,,,,,,,,,,,,,,
1273.650291,0,0,0,0,0,0,1,74605.05452,DS34,,,,,,,,,,,,,,,,,
1274.650291,0,0,0,0,0,0,1,74605.05452,DS34,,,,,,,,,,,,,,,,,
1275.650291,0,0,0,0,0,0,1,74605.05452,DS34,,,,,,,,,,,,,,,,,
1276.650291,0,0,0,0,0,0,1,74605.05452,DS34,,,,,,,,,,,,,,,,,
1277.650291,0,0,0,0,0,0,1,74605.05452,DS34,,,,,,,,,,,,,,,,,
1278.650291,0,0,0,0,0,0,1,74605.05452,DS34,,,,,,,,,,,,,,,,,
1279.650291,0,0,0,0,0,0,1,74605.05452,DS34,,,,,,,,,,,,,,,,,
1280.650291,0,0,0,0,0,0,1,74605.05452,DS34,,,,,,,,,,,,,,,,,
1281.650291,0,0,0,0,0,0,1,74605.05452,DS34,,,,,,,,,,,,,,,,,
1282.650291,0,0,0,0,0,0,1,74605.05452,DS34,,,,,,,,,,,,,,,,,
1283.650291,0,0,0,0,0,0,1,74605.05452,DS34,,,,,,,,,,,,,,,,,
1284.650291,0,0,0,0,0,0,1,74605.05452,DS34,,,,,,,,,,,,,,,,,
1285.650291,0,0,0,0,0,0,1,74605.05452,DS34,,,,,,,,,,,,,,,,,
1286.650291,0,0,0,0,0,0,1,74605.05452,DS34,,,,,,,,,,,,,,,,,
1287.650291,0,0,0,0,0,0,1,74605.05452,DS34,,,,,,,,,,,,,,,,,
1288.650291,0,0,0,0,0,0,1,74605.05452,DS34,,,,,,,,,,,,,,,,,
1289.650291,0,0,0,0,0,0,1,74605.05452,DS34,,,,,,,,,,,,,,,,,
1290.650291,0,0,0,0,0,0,1,74605.05452,DS34,,,,,,,,,,,,,,,,,
1291.650291,0,0,0,0,0,0,1,74605.05452,DS34,,,,,,,,,,,,,,,,,
1292.650291,0,0,0,0,0,0,1,74605.05452,DS34,,,,,,,,,,,,,,,,,
1293.650291,0,0,0,0,0,0,1,74605.05452,DS34,,,,,,,,,,,,,,,,,
1294.650291,0,0,0,0,0,0,1,74605.05452,DS34,,,,,,,,,,,,,,,,,
1295.650291,0,0,0,0,0,0,1,74605.05452,DS34,,,,,,,,,,,,,,,,,
1296.650291,0,0,0,0,0,0,1,74605.05452,DS34,,,,,,,,,,,,,,,,,
1297.650291,0,0,0,0,0,0,1,74605.05452,DS34,,,,,,,,,,,,,,,,,
1298.650291,0,0,0,0,0,0,1,74605.05452,DS34,,,,,,,,,,,,,,,,,
1299.650291,0,0,0,0,0,0,1,74605.05452,DS34,,,,,,,,,,,,,,,,,
1300.650291,0,0,0,0,0,0,1,74605.05452,DS34,,,,,,,,,,,,,,,,,
1301.650291,0,0,0,0,0,0,1,74605.05452,DS34,,,,,,,,,,,,,,,,,
1302.650291,0,0,0,0,0,0,1,74605.05452,DS34,,,,,,,,,,,,,,,,,
1303.650291,0,0,0,0,0,0,1,74605.05452,DS34,,,,,,,,,,,,,,,,,
1304.650291,0,0,0,0,0,0,1,74605.05452,DS34,,,,,,,,,,,,,,,,,
1305.650291,0,0,0,0,0,0,1,74605.05452,DS34,,,,,,,,,,,,,,,,,
1306.650291,0,0,0,0,0,0,1,74605.05452,DS34,,,,,,,,,,,,,,,,,
1307.650291,0,0,0,0,0,0,1,74605.05452,DS34,,,,,,,,,,,,,,,,,
1308.650291,0,0,0,0,0,0,1,74605.05452,DS34,,,,,,,,,,,,,,,,,
1309.650291,0,0,0,0,0,0,1,74605.05452,DS34,,,,,,,,,,,,,,,,,
1310.650291,0,0,0,0,0,0,1,74605.05452,DS34,,,,,,,,,,,,,,,,,
1311.650291,0,0,0,0,0,0,1,74605.05452,DS34,,,,,,,,,,,,,,,,,
1312.650291,0,0,0,0,0,0,1,74605.05452,DS34,,,,,,,,,,,,,,,,,
1313.650291,0,0,0,0,0,0,1,74605.05452,DS34,,,,,,,,,,,,,,,,,
1314.650291,0,0,0,0,0,0,1,74605.05452,DS34,,,,,,,,,,,,,,,,,
1315.650291,0,0,0,0,0,0,1,74605.05452,DS34,,,,,,,,,,,,,,,,,
1316.650291,0,0,0,0,0,0,1,74605.05452,DS34,,,,,,,,,,,,,,,,,
1317.650291,0,0,0,0,0,0,1,74605.05452,DS34,,,,,,,,,,,,,,,,,
1318.650291,0,0,0,0,0,0,1,74605.05452,DS34,,,,,,,,,,,,,,,,,
1319.650291,0,0,0,0,0,0,1,74605.05452,DS34,,,,,,,,,,,,,,,,,
1320.650291,0,0,0,0,0,0,1,74605.05452,DS34,,,,,,,,,,,,,,,,,
1321.650291,0,0,0,0,0,0,1,74605.05452,DS34,,,,,,,,,,,,,,,,,
1322.650291,0,0,0,0,0,0,1,74605.05452,DS34,,,,,,,,,,,,,,,,,
1323.650291,0,0,0,0,0,0,1,74605.05452,DS34,,,,,,,,,,,,,,,,,
1324.650291,0,0,0,0,0,0,1,74605.05452,DS34,,,,,,,,,,,,,,,,,
1325.650291,0,0,0,0,0,0,1,74605.05452,DS34,,,,,,,,,,,,,,,,,
1326.650291,0,0,0,0,0,0,1,74605.05452,DS34,,,,,,,,,,,,,,,,,
1327.650291,0,0,0,0,0,0,1,74605.05452,DS34,,,,,,,,,,,,,,,,,
1328.650291,0,0,0,0,0,0,1,74605.05452,DS34,,,,,,,,,,,,,,,,,
1329.650291,0,0,0,0,0,0,1,74605.05452,DS34,,,,,,,,,,,,,,,,,
1330.650291,0,0,0,0,0,0,1,74605.05452,DS34,,,,,,,,,,,,,,,,,
1331.650291,0,0,0,0,0,0,1,74605.05452,DS34,,,,,,,,,,,,,,,,,
1332.650291,0,0,0,0,0,0,1,74605.05452,DS34,,,,,,,,,,,,,,,,,
1333.650291,0,0,0,0,0,0,1,74605.05452,DS34,,,,,,,,,,,,,,,,,
1334.650291,0,0,0,0,0,0,1,74605.05452,DS34,,,,,,,,,,,,,,,,,
1335.650291,0,0,0,0,0,0,1,74605.05452,DS34,,,,,,,,,,,,,,,,,
1336.650291,0,0,0,0,0,0,1,74605.05452,DS34,,,,,,,,,,,,,,,,,
1337.650291,0,0,0,0,0,0,1,74605.05452,DS34,,,,,,,,,,,,,,,,,
1338.650291,0,0,0,0,0,0,1,74605.05452,DS34,,,,,,,,,,,,,,,,,
1339.650291,0,0,0,0,0,0,1,74605.05452,DS34,,,,,,,,,,,,,,,,,
1340.650291,0,0,0,0,0,0,1,74605.05452,DS34,,,,,,,,,,,,,,,,,
1341.650291,0,0,0,0,0,0,1,74605.05452,DS34,,,,,,,,,,,,,,,,,
1342.650291,0,0,0,0,0,0,1,74605.05452,DS34,,,,,,,,,,,,,,,,,
1343.650291,0,0,0,0,0,0,1,74605.05452,DS34,,,,,,,,,,,,,,,,,
1344.650291,0,0,0,0,0,0,1,74605.05452,DS34,,,,,,,,,,,,,,,,,
1345.650291,0,0,0,0,0,0,1,74605.05452,DS34,,,,,,,,,,,,,,,,,
1346.650291,0,0,0,0,0,0,1,74605.05452,DS34,,,,,,,,,,,,,,,,,
1347.650291,0,0,0,0,0,0,1,74605.05452,DS34,,,,,,,,,,,,,,,,,
1348.650291,0,0,0,0,0,0,1,74605.05452,DS34,,,,,,,,,,,,,,,,,
1349.650291,0,0,0,0,0,0,1,74605.05452,DS34,,,,,,,,,,,,,,,,,
1350.650291,0,0,0,0,0,0,1,74605.05452,DS34,,,,,,,,,,,,,,,,,
1351.650291,0,0,0,0,0,0,1,74605.05452,DS34,,,,,,,,,,,,,,,,,
1352.650291,0,0,0,0,0,0,1,74605.05452,DS34,,,,,,,,,,,,,,,,,
1353.650291,0,0,0,0,0,0,1,74605.05452,DS34,,,,,,,,,,,,,,,,,
1354.650291,0,0,0,0,0,0,1,74605.05452,DS34,,,,,,,,,,,,,,,,,
1355.650291,0,0,0,0,0,0,1,74605.05452,DS34,,,,,,,,,,,,,,,,,
1356.650291,0,0,0,0,0,0,1,74605.05452,DS34,,,,,,,,,,,,,,,,,
1357.650291,0,0,0,0,0,0,1,74605.05452,DS34,,,,,,,,,,,,,,,,,
1358.650291,0,0,0,0,0,0,1,74605.05452,DS34,,,,,,,,,,,,,,,,,
1359.650291,0,0,0,0,0,0,1,74605.05452,DS34,,,,,,,,,,,,,,,,,
1360.650291,0,0,0,0,0,0,1,74605.05452,DS34,,,,,,,,,,,,,,,,,
1361.650291,0,0,0,0,0,0,1,74605.05452,DS34,,,,,,,,,,,,,,,,,
1362.650291,0,0,0,0,0,0,1,74605.05452,DS34,,,,,,,,,,,,,,,,,
1363.650291,0,0,0,0,0,0,1,74605.05452,DS34,,,,,,,,,,,,,,,,,
1364.650291,0,0,0,0,0,0,1,74605.05452,DS34,,,,,,,,,,,,,,,,,
1365.650291,0,0,0,0,0,0,1,74605.05452,DS34,,,,,,,,,,,,,,,,,
1366.650291,0,0,0,0,0,0,1,74605.05452,DS34,,,,,,,,,,,,,,,,,
1367.650291,0,0,0,0,0,0,1,74605.05452,DS34,,,,,,,,,,,,,,,,,
1368.650291,0,0,0,0,0,0,1,74605.05452,DS34,,,,,,,,,,,,,,,,,
1369.650291,0,0,0,0,0,0,1,74605.05452,DS34,,,,,,,,,,,,,,,,,
1370.650291,0,0,0,0,0,0,1,74605.05452,DS34,,,,,,,,,,,,,,,,,
1371.650291,0,0,0,0,0,0,1,74605.05452,DS34,,,,,,,,,,,,,,,,,
1372.650291,0,0,0,0,0,0,1,74605.05452,DS34,,,,,,,,,,,,,,,,,
1373.650291,0,0,0,0,0,0,1,74605.05452,DS34,,,,,,,,,,,,,,,,,
1374.650291,0,0,0,0,0,0,1,74605.05452,DS34,,,,,,,,,,,,,,,,,
1375.650291,0,0,0,0,0,0,1,74605.05452,DS34,,,,,,,,,,,,,,,,,
1376.650291,0,0,0,0,0,0,1,74605.05452,DS34,,,,,,,,,,,,,,,,,
1377.650291,0,0,0,0,0,0,1,74605.05452,DS34,,,,,,,,,,,,,,,,,
1378.650291,0,0,0,0,0,0,1,74605.05452,DS34,,,,,,,,,,,,,,,,,
1379.650291,0,0,0,0,0,0,1,74605.05452,DS34,,,,,,,,,,,,,,,,,
1380.650291,0,0,0,0,0,0,1,74605.05452,DS34,,,,,,,,,,,,,,,,,
1381.650291,0,0,0,0,0,0,1,74605.05452,DS34,,,,,,,,,,,,,,,,,
1382.650291,0,0,0,0,0,0,1,74605.05452,DS34,,,,,,,,,,,,,,,,,
1383.650291,0,0,0,0,0,0,1,74605.05452,DS34,,,,,,,,,,,,,,,,,
1384.650291,0,0,0,0,0,0,1,74605.05452,DS34,,,,,,,,,,,,,,,,,
1385.650291,0,0,0,0,0,0,1,74605.05452,DS34,,,,,,,,,,,,,,,,,
1386.650291,0,0,0,0,0,0,1,74605.05452,DS34,,,,,,,,,,,,,,,,,
1387.650291,0,0,0,0,0,0,1,74605.05452,DS34,,,,,,,,,,,,,,,,,
1388.650291,0,0,0,0,0,0,1,74605.05452,DS34,,,,,,,,,,,,,,,,,
1389.650291,0,0,0,0,0,0,1,74605.05452,DS34,,,,,,,,,,,,,,,,,
1390.650291,0,0,0,0,0,0,1,74605.05452,DS34,,,,,,,,,,,,,,,,,
1391.650291,0,0,0,0,0,0,1,74605.05452,DS34,,,,,,,,,,,,,,,,,
1392.650291,0,0,0,0,0,0,1,74605.05452,DS34,,,,,,,,,,,,,,,,,
1393.650291,0,0,0,0,0,0,1,74605.05452,DS34,,,,,,,,,,,,,,,,,
1394.650291,0,0,0,0,0,0,1,74605.05452,DS34,,,,,,,,,,,,,,,,,
1395.650291,0,0,0,0,0,0,1,74605.05452,DS34,,,,,,,,,,,,,,,,,
1396.650291,0,0,0,0,0,0,1,74605.05452,DS34,,,,,,,,,,,,,,,,,
1397.650291,0,0,0,0,0,0,1,74605.05452,DS34,,,,,,,,,,,,,,,,,
1398.650291,0,0,0,0,0,0,1,74605.05452,DS34,,,,,,,,,,,,,,,,,
1399.650291,0,0,0,0,0,0,1,74605.05452,DS34,,,,,,,,,,,,,,,,,
1400.650291,0,0,0,0,0,0,1,74605.05452,DS34,,,,,,,,,,,,,,,,,
1401.650291,0,0,0,0,0,0,1,74605.05452,DS34,,,,,,,,,,,,,,,,,
1402.650291,0,0,0,0,0,0,1,74605.05452,DS34,,,,,,,,,,,,,,,,,
1403.650291,0,0,0,0,0,0,1,74605.05452,DS34,,,,,,,,,,,,,,,,,
1404.650291,0,0,0,0,0,0,1,74605.05452,DS34,,,,,,,,,,,,,,,,,
1405.650291,0,0,0,0,0,0,1,74605.05452,DS34,,,,,,,,,,,,,,,,,
1406.650291,0,0,0,0,0,0,1,74605.05452,DS34,,,,,,,,,,,,,,,,,
1407.650291,0,0,0,0,0,0,1,74605.05452,DS34,,,,,,,,,,,,,,,,,
1408.650291,0,0,0,0,0,0,1,74605.05452,DS34,,,,,,,,,,,,,,,,,
1409.650291,0,0,0,0,0,0,1,74605.05452,DS34,,,,,,,,,,,,,,,,,
1410.650291,0,0,0,0,0,0,1,74605.05452,DS34,,,,,,,,,,,,,,,,,
1411.650291,0,0,0,0,0,0,1,74605.05452,DS34,,,,,,,,,,,,,,,,,
1412.650291,0,0,0,0,0,0,1,74605.05452,DS34,,,,,,,,,,,,,,,,,
1413.650291,0,0,0,0,0,0,1,74605.05452,DS34,,,,,,,,,,,,,,,,,
1414.650291,0,0,0,0,0,0,1,74605.05452,DS34,,,,,,,,,,,,,,,,,
1415.650291,0,0,0,0,0,0,1,74605.05452,DS34,,,,,,,,,,,,,,,,,
1416.650291,0,0,0,0,0,0,1,74605.05452,DS34,,,,,,,,,,,,,,,,,
1417.650291,0,0,0,0,0,0,1,74605.05452,DS34,,,,,,,,,,,,,,,,,
1418.650291,0,0,0,0,0,0,1,74605.05452,DS34,,,,,,,,,,,,,,,,,
1419.650291,0,0,0,0,0,0,1,74605.05452,DS34,,,,,,,,,,,,,,,,,
1420.650291,0,0,0,0,0,0,1,74605.05452,DS34,,,,,,,,,,,,,,,,,
1421.650291,0,0,0,0,0,0,1,74605.05452,DS34,,,,,,,,,,,,,,,,,
1422.650291,0,0,0,0,0,0,1,74605.05452,DS34,,,,,,,,,,,,,,,,,
1423.650291,0,0,0,0,0,0,1,74605.05452,DS34,,,,,,,,,,,,,,,,,
1424.650291,0,0,0,0,0,0,1,74605.05452,DS34,,,,,,,,,,,,,,,,,
1425.650291,0,0,0,0,0,0,1,74605.05452,DS34,,,,,,,,,,,,,,,,,
1426.650291,0,0,0,0,0,0,1,74605.05452,DS34,,,,,,,,,,,,,,,,,
1427.650291,0,0,0,0,0,0,1,74605.05452,DS34,,,,,,,,,,,,,,,,,
1428.650291,0,0,0,0,0,0,1,74605.05452,DS34,,,,,,,,,,,,,,,,,
1429.650291,0,0,0,0,0,0,1,74605.05452,DS34,,,,,,,,,,,,,,,,,
1430.650291,0,0,0,0,0,0,1,74605.05452,DS34,,,,,,,,,,,,,,,,,
1431.650291,0,0,0,0,0,0,1,74605.05452,DS34,,,,,,,,,,,,,,,,,
1432.650291,0,0,0,0,0,0,1,74605.05452,DS34,,,,,,,,,,,,,,,,,
1433.650291,0,0,0,0,0,0,1,74605.05452,DS34,,,,,,,,,,,,,,,,,
1434.650291,0,0,0,0,0,0,1,74605.05452,DS34,,,,,,,,,,,,,,,,,
1435.650291,0,0,0,0,0,0,1,74605.05452,DS34,,,,,,,,,,,,,,,,,
1436.650291,0,0,0,0,0,0,1,74605.05452,DS34,,,,,,,,,,,,,,,,,
1437.650291,0,0,0,0,0,0,1,74605.05452,DS34,,,,,,,,,,,,,,,,,
1438.650291,0,0,0,0,0,0,1,74605.05452,DS34,,,,,,,,,,,,,,,,,
1439.650291,0,0,0,0,0,0,1,74605.05452,DS34,,,,,,,,,,,,,,,,,
1440.650291,0,0,0,0,0,0,1,74605.05452,DS34,,,,,,,,,,,,,,,,,
1441.650291,0,0,0,0,0,0,1,74605.05452,DS34,,,,,,,,,,,,,,,,,
1442.650291,0,0,0,0,0,0,1,74605.05452,DS34,,,,,,,,,,,,,,,,,
1443.650291,0,0,0,0,0,0,1,74605.05452,DS34,,,,,,,,,,,,,,,,,
1444.650291,0,0,0,0,0,0,1,74605.05452,DS34,,,,,,,,,,,,,,,,,
1445.650291,0,0,0,0,0,0,1,74605.05452,DS34,,,,,,,,,,,,,,,,,
1446.650291,0,0,0,0,0,0,1,74605.05452,DS34,,,,,,,,,,,,,,,,,
1447.650291,0,0,0,0,0,0,1,74605.05452,DS34,,,,,,,,,,,,,,,,,
1448.650291,0,0,0,0,0,0,1,74605.05452,DS34,,,,,,,,,,,,,,,,,
1449.650291,0,0,0,0,0,0,1,74605.05452,DS34,,,,,,,,,,,,,,,,,
1450.650291,0,0,0,0,0,0,1,74605.05452,DS34,,,,,,,,,,,,,,,,,
1451.650291,0,0,0,0,0,0,1,74605.05452,DS34,,,,,,,,,,,,,,,,,
1452.650291,0,0,0,0,0,0,1,74605.05452,DS34,,,,,,,,,,,,,,,,,
1453.650291,0,0,0,0,0,0,1,74605.05452,DS34,,,,,,,,,,,,,,,,,
1454.650291,0,0,0,0,0,0,1,74605.05452,DS34,,,,,,,,,,,,,,,,,
1455.650291,0,0,0,0,0,0,1,74605.05452,DS34,,,,,,,,,,,,,,,,,
1456.650291,0,0,0,0,0,0,1,74605.05452,DS34,,,,,,,,,,,,,,,,,
1457.650291,0,0,0,0,0,0,1,74605.05452,DS34,,,,,,,,,,,,,,,,,
1458.650291,0,0,0,0,0,0,1,74605.05452,DS34,,,,,,,,,,,,,,,,,
1459.650291,0,0,0,0,0,0,1,74605.05452,DS34,,,,,,,,,,,,,,,,,
1460.650291,0,0,0,0,0,0,1,74605.05452,DS34,,,,,,,,,,,,,,,,,
1461.650291,0,0,0,0,0,0,1,74605.05452,DS34,,,,,,,,,,,,,,,,,
1462.650291,0,0,0,0,0,0,1,74605.05452,DS34,,,,,,,,,,,,,,,,,
1463.650291,0,0,0,0,0,0,1,74605.05452,DS34,,,,,,,,,,,,,,,,,
1464.650291,0,0,0,0,0,0,1,74605.05452,DS34,,,,,,,,,,,,,,,,,
1465.650291,0,0,0,0,0,0,1,74605.05452,DS34,,,,,,,,,,,,,,,,,
1466.650291,0,0,0,0,0,0,0,0,NONE,,,,,,,,,,,,,,,,,
1467.650291,0,0,0,0,0,0,0,0,NONE,,,,,,,,,,,,,,,,,
1468.650291,0,0,0,0,0,0,0,0,NONE,,,,,,,,,,,,,,,,,
1469.650291,0,0,0,0,0,0,0,0,NONE,,,,,,,,,,,,,,,,,
1470.650291,0,0,0,0,0,0,0,0,NONE,,,,,,,,,,,,,,,,,
1471.650291,0,0,0,0,0,0,0,0,NONE,,,,,,,,,,,,,,,,,
1472.650291,0,0,0,0,0,0,0,0,NONE,,,,,,,,,,,,,,,,,
1473.650291,0,0,0,0,0,0,0,0,NONE,,,,,,,,,,,,,,,,,
1474.650291,0,0,0,0,0,0,0,0,NONE,,,,,,,,,,,,,,,,,
1475.650291,0,0,0,0,0,0,0,0,NONE,,,,,,,,,,,,,,,,,
1476.650291,0,0,0,0,0,0,0,0,NONE,,,,,,,,,,,,,,,,,
1477.650291,0,0,0,0,0,0,0,0,NONE,,,,,,,,,,,,,,,,,
1478.650291,0,0,0,0,0,0,0,0,NONE,,,,,,,,,,,,,,,,,
1479.650291,0,0,0,0,0,0,0,0,NONE,,,,,,,,,,,,,,,,,
1480.650291,0,0,0,0,0,0,0,0,NONE,,,,,,,,,,,,,,,,,
1481.650291,0,0,0,0,0,0,0,0,NONE,,,,,,,,,,,,,,,,,
1482.650291,0,0,0,0,0,0,0,0,NONE,,,,,,,,,,,,,,,,,
1483.650291,0,0,0,0,0,0,0,0,NONE,,,,,,,,,,,,,,,,,
1484.650291,0,0,0,0,0,0,0,0,NONE,,,,,,,,,,,,,,,,,
1485.650291,1,140245.8894,0,0,0,0,0,0,WPSA,,,,,,,,,,,,,,,,,
1486.650291,1,140245.8894,0,0,0,0,0,0,WPSA,,,,,,,,,,,,,,,,,
1487.650291,1,140245.8894,0,0,0,0,0,0,WPSA,,,,,,,,,,,,,,,,,
1488.650291,1,140245.8894,0,0,0,0,0,0,WPSA,,,,,,,,,,,,,,,,,
1489.650291,1,140245.8894,0,0,0,0,0,0,WPSA,,,,,,,,,,,,,,,,,
1490.650291,1,140245.8894,0,0,0,0,0,0,WPSA,,,,,,,,,,,,,,,,,
1491.650291,1,140245.8894,0,0,0,0,0,0,WPSA,,,,,,,,,,,,,,,,,
1492.276718,1,140245.8894,0,0,0,0,0,0,WPSA,,,,,,,,,,,,,,,,,
1493.276718,1,140245.8894,0,0,0,0,0,0,WPSA,,,,,,,,,,,,,,,,,
1494.276718,1,140245.8894,0,0,0,0,0,0,WPSA,,,,,,,,,,,,,,,,,
1495.276718,1,140245.8894,1,103150.453,0,0,0,0,WPSA,,,,,,,,,,,,,,,,,
1496.276718,1,140245.8894,1,103150.453,0,0,0,0,WPSA,,,,,,,,,,,,,,,,,
1497.276718,1,140245.8894,1,103150.453,0,0,0,0,WPSA,,,,,,,,,,,,,,,,,
1498.276718,1,140245.8894,1,103150.453,0,0,0,0,WPSA,,,,,,,,,,,,,,,,,
1499.276718,1,140245.8894,1,103150.453,0,0,0,0,WPSA,,,,,,,,,,,,,,,,,
1500.276718,1,140245.8894,1,103150.453,0,0,0,0,WPSA,,,,,,,,,,,,,,,,,
1501.276718,1,140245.8894,1,103150.453,0,0,0,0,WPSA,,,,,,,,,,,,,,,,,
1502.276718,1,140245.8894,1,103150.453,0,0,0,0,WPSA,,,,,,,,,,,,,,,,,
1503.276718,1,140245.8894,1,103150.453,0,0,0,0,WPSA,,,,,,,,,,,,,,,,,
1504.276718,1,140245.8894,1,103150.453,0,0,0,0,WPSA,,,,,,,,,,,,,,,,,
1505.276718,1,140245.8894,1,103150.453,0,0,0,0,WPSA,,,,,,,,,,,,,,,,,
1506.276718,1,140245.8894,1,103150.453,0,0,0,0,WPSA,,,,,,,,,,,,,,,,,
1507.276718,1,140245.8894,1,103150.453,0,0,0,0,WPSA,,,,,,,,,,,,,,,,,
1508.276718,1,140245.8894,1,103150.453,0,0,0,0,WPSA,,,,,,,,,,,,,,,,,
1509.276718,1,140245.8894,1,103150.453,0,0,0,0,WPSA,,,,,,,,,,,,,,,,,
1510.276718,1,140245.8894,1,103150.453,0,0,0,0,WPSA,,,,,,,,,,,,,,,,,
1511.276718,1,140245.8894,1,103150.453,0,0,0,0,WPSA,,,,,,,,,,,,,,,,,
1512.276718,1,140245.8894,1,103150.453,0,0,0,0,WPSA,,,,,,,,,,,,,,,,,
1513.276718,1,140245.8894,1,103150.453,0,0,0,0,WPSA,,,,,,,,,,,,,,,,,
1514.276718,1,140245.8894,1,103150.453,0,0,0,0,WPSA,,,,,,,,,,,,,,,,,
1515.276718,1,140245.8894,1,103150.453,0,0,0,0,WPSA,,,,,,,,,,,,,,,,,
1516.276718,1,140245.8894,1,103150.453,0,0,0,0,WPSA,,,,,,,,,,,,,,,,,
1517.276718,1,140245.8894,1,103150.453,0,0,0,0,WPSA,,,,,,,,,,,,,,,,,
1518.276718,1,140245.8894,1,103150.453,0,0,0,0,WPSA,,,,,,,,,,,,,,,,,
1519.276718,1,140245.8894,1,103150.453,0,0,0,0,WPSA,,,,,,,,,,,,,,,,,
1520.276718,1,140245.8894,1,103150.453,0,0,0,0,WPSA,,,,,,,,,,,,,,,,,
1521.276718,1,140245.8894,1,103150.453,0,0,0,0,WPSA,,,,,,,,,,,,,,,,,
1522.276718,1,140245.8894,1,103150.453,0,0,0,0,WPSA,,,,,,,,,,,,,,,,,
1523.276718,1,140245.8894,1,103150.453,0,0,0,0,WPSA,,,,,,,,,,,,,,,,,
1524.276718,1,140245.8894,1,103150.453,0,0,0,0,WPSA,,,,,,,,,,,,,,,,,
1525.276718,1,140245.8894,1,103150.453,0,0,0,0,WPSA,,,,,,,,,,,,,,,,,
1526.276718,1,140245.8894,1,103150.453,0,0,0,0,WPSA,,,,,,,,,,,,,,,,,
1527.276718,1,140245.8894,1,103150.453,0,0,0,0,WPSA,,,,,,,,,,,,,,,,,
1528.276718,1,140245.8894,1,103150.453,0,0,0,0,WPSA,,,,,,,,,,,,,,,,,
1529.276718,1,140245.8894,1,103150.453,0,0,0,0,WPSA,,,,,,,,,,,,,,,,,
1530.276718,1,140245.8894,1,103150.453,0,0,0,0,WPSA,,,,,,,,,,,,,,,,,
1531.276718,1,140245.8894,1,103150.453,0,0,0,0,WPSA,,,,,,,,,,,,,,,,,
1532.276718,1,140245.8894,1,103150.453,0,0,0,0,WPSA,,,,,,,,,,,,,,,,,
1533.276718,1,140245.8894,1,103150.453,0,0,0,0,WPSA,,,,,,,,,,,,,,,,,
1534.276718,1,140245.8894,1,103150.453,0,0,0,0,WPSA,,,,,,,,,,,,,,,,,
1535.276718,1,140245.8894,1,103150.453,0,0,0,0,WPSA,,,,,,,,,,,,,,,,,
1536.276718,1,140245.8894,1,103150.453,0,0,0,0,WPSA,,,,,,,,,,,,,,,,,
1537.276718,1,140245.8894,1,103150.453,0,0,0,0,WPSA,,,,,,,,,,,,,,,,,
1538.276718,1,140245.8894,1,103150.453,0,0,0,0,WPSA,,,,,,,,,,,,,,,,,
1539.276718,1,140245.8894,1,103150.453,0,0,0,0,WPSA,,,,,,,,,,,,,,,,,
1540.276718,1,140245.8894,1,103150.453,0,0,0,0,WPSA,,,,,,,,,,,,,,,,,
1541.276718,1,140245.8894,1,103150.453,0,0,0,0,WPSA,,,,,,,,,,,,,,,,,
1542.276718,1,140245.8894,1,103150.453,0,0,0,0,WPSA,,,,,,,,,,,,,,,,,
1543.276718,1,140245.8894,1,103150.453,0,0,0,0,WPSA,,,,,,,,,,,,,,,,,
1544.276718,1,140245.8894,1,103150.453,0,0,0,0,WPSA,,,,,,,,,,,,,,,,,
1545.276718,1,140245.8894,1,103150.453,0,0,0,0,WPSA,,,,,,,,,,,,,,,,,
1546.276718,1,140245.8894,1,103150.453,0,0,0,0,WPSA,,,,,,,,,,,,,,,,,
1547.276718,1,140245.8894,1,103150.453,0,0,0,0,WPSA,,,,,,,,,,,,,,,,,
1548.276718,1,140245.8894,1,103150.453,0,0,0,0,WPSA,,,,,,,,,,,,,,,,,
1549.276718,1,140245.8894,1,103150.453,0,0,0,0,WPSA,,,,,,,,,,,,,,,,,
1550.276718,1,140245.8894,1,103150.453,0,0,0,0,WPSA,,,,,,,,,,,,,,,,,
1551.276718,1,140245.8894,1,103150.453,0,0,0,0,WPSA,,,,,,,,,,,,,,,,,
1552.276718,1,140245.8894,1,103150.453,0,0,0,0,WPSA,,,,,,,,,,,,,,,,,
1553.276718,1,140245.8894,1,103150.453,0,0,0,0,WPSA,,,,,,,,,,,,,,,,,
1554.276718,1,140245.8894,1,103150.453,0,0,0,0,WPSA,,,,,,,,,,,,,,,,,
1555.276718,1,140245.8894,1,103150.453,0,0,0,0,WPSA,,,,,,,,,,,,,,,,,
1556.276718,1,140245.8894,1,103150.453,0,0,0,0,WPSA,,,,,,,,,,,,,,,,,
1557.276718,1,140245.8894,1,103150.453,0,0,0,0,WPSA,,,,,,,,,,,,,,,,,
1558.276718,1,140245.8894,1,103150.453,0,0,0,0,WPSA,,,,,,,,,,,,,,,,,
1559.276718,1,140245.8894,1,103150.453,0,0,0,0,WPSA,,,,,,,,,,,,,,,,,
1560.276718,1,140245.8894,1,103150.453,0,0,0,0,WPSA,,,,,,,,,,,,,,,,,
1561.276718,1,140245.8894,1,103150.453,0,0,0,0,WPSA,,,,,,,,,,,,,,,,,
1562.276718,1,140245.8894,1,103150.453,0,0,0,0,WPSA,,,,,,,,,,,,,,,,,
1563.276718,1,140245.8894,1,103150.453,0,0,0,0,WPSA,,,,,,,,,,,,,,,,,
1564.276718,1,140245.8894,1,103150.453,0,0,0,0,WPSA,,,,,,,,,,,,,,,,,
1565.276718,1,140245.8894,1,103150.453,0,0,0,0,WPSA,,,,,,,,,,,,,,,,,
1566.276718,1,140245.8894,1,103150.453,0,0,0,0,WPSA,,,,,,,,,,,,,,,,,
1567.276718,1,140245.8894,1,103150.453,0,0,0,0,WPSA,,,,,,,,,,,,,,,,,
1568.276718,1,140245.8894,1,103150.453,0,0,0,0,WPSA,,,,,,,,,,,,,,,,,
1569.276718,1,140245.8894,1,103150.453,0,0,0,0,WPSA,,,,,,,,,,,,,,,,,
1570.276718,1,140245.8894,1,103150.453,0,0,0,0,WPSA,,,,,,,,,,,,,,,,,
1571.276718,1,140245.8894,1,103150.453,0,0,0,0,WPSA,,,,,,,,,,,,,,,,,
1572.276718,1,140245.8894,1,103150.453,0,0,0,0,WPSA,,,,,,,,,,,,,,,,,
1573.276718,1,140245.8894,1,103150.453,0,0,0,0,WPSA,,,,,,,,,,,,,,,,,
1574.276718,1,140245.8894,1,103150.453,0,0,0,0,WPSA,,,,,,,,,,,,,,,,,
1575.276718,1,140245.8894,1,103150.453,0,0,0,0,WPSA,,,,,,,,,,,,,,,,,
1576.276718,1,140245.8894,1,103150.453,0,0,0,0,WPSA,,,,,,,,,,,,,,,,,
1577.276718,1,140245.8894,1,103150.453,0,0,0,0,WPSA,,,,,,,,,,,,,,,,,
1578.276718,1,140245.8894,1,103150.453,0,0,0,0,WPSA,,,,,,,,,,,,,,,,,
1579.276718,1,140245.8894,1,103150.453,0,0,0,0,WPSA,,,,,,,,,,,,,,,,,
1580.276718,1,140245.8894,1,103150.453,0,0,0,0,WPSA,,,,,,,,,,,,,,,,,
1581.276718,1,140245.8894,1,103150.453,0,0,0,0,WPSA,,,,,,,,,,,,,,,,,
1582.276718,1,140245.8894,1,103150.453,0,0,0,0,WPSA,,,,,,,,,,,,,,,,,
1583.276718,1,140245.8894,1,103150.453,0,0,0,0,WPSA,,,,,,,,,,,,,,,,,
1584.276718,1,140245.8894,1,103150.453,0,0,0,0,WPSA,,,,,,,,,,,,,,,,,
1585.276718,1,140245.8894,1,103150.453,0,0,0,0,WPSA,,,,,,,,,,,,,,,,,
1586.276718,1,140245.8894,1,103150.453,0,0,0,0,WPSA,,,,,,,,,,,,,,,,,
1587.276718,1,140245.8894,1,103150.453,0,0,0,0,WPSA,,,,,,,,,,,,,,,,,
1588.276718,1,140245.8894,1,103150.453,0,0,0,0,WPSA,,,,,,,,,,,,,,,,,
1589.276718,1,140245.8894,1,103150.453,0,0,0,0,WPSA,,,,,,,,,,,,,,,,,
1590.276718,1,140245.8894,1,103150.453,0,0,0,0,WPSA,,,,,,,,,,,,,,,,,
1591.276718,1,140245.8894,1,103150.453,0,0,0,0,WPSA,,,,,,,,,,,,,,,,,
1592.276718,1,140245.8894,1,103150.453,0,0,0,0,WPSA,,,,,,,,,,,,,,,,,
1593.276718,1,140245.8894,1,103150.453,0,0,0,0,WPSA,,,,,,,,,,,,,,,,,
1594.276718,1,140245.8894,1,103150.453,0,0,0,0,WPSA,,,,,,,,,,,,,,,,,
1595.276718,1,140245.8894,1,103150.453,0,0,0,0,WPSA,,,,,,,,,,,,,,,,,
1596.276718,1,140245.8894,1,103150.453,0,0,0,0,WPSA,,,,,,,,,,,,,,,,,
1597.276718,1,140245.8894,1,103150.453,0,0,0,0,WPSA,,,,,,,,,,,,,,,,,
1598.276718,1,140245.8894,1,103150.453,0,0,0,0,WPSA,,,,,,,,,,,,,,,,,
1599.276718,1,140245.8894,1,103150.453,0,0,0,0,WPSA,,,,,,,,,,,,,,,,,
1600.276718,1,140245.8894,1,103150.453,0,0,0,0,WPSA,,,,,,,,,,,,,,,,,
1601.276718,1,140245.8894,1,103150.453,0,0,0,0,WPSA,,,,,,,,,,,,,,,,,
1602.276718,1,140245.8894,1,103150.453,0,0,0,0,WPSA,,,,,,,,,,,,,,,,,
1603.276718,1,140245.8894,1,103150.453,0,0,0,0,WPSA,,,,,,,,,,,,,,,,,
1604.276718,1,140245.8894,1,103150.453,0,0,0,0,WPSA,,,,,,,,,,,,,,,,,
1605.276718,1,140245.8894,1,103150.453,0,0,0,0,WPSA,,,,,,,,,,,,,,,,,
1606.276718,1,140245.8894,1,103150.453,0,0,0,0,WPSA,,,,,,,,,,,,,,,,,
1607.276718,1,140245.8894,1,103150.453,0,0,0,0,WPSA,,,,,,,,,,,,,,,,,
1608.276718,1,140245.8894,1,103150.453,0,0,0,0,WPSA,,,,,,,,,,,,,,,,,
1609.276718,1,140245.8894,1,103150.453,0,0,0,0,WPSA,,,,,,,,,,,,,,,,,
1610.276718,1,140245.8894,1,103150.453,0,0,0,0,WPSA,,,,,,,,,,,,,,,,,
1611.276718,1,140245.8894,1,103150.453,0,0,0,0,WPSA,,,,,,,,,,,,,,,,,
1612.276718,1,140245.8894,1,103150.453,0,0,0,0,WPSA,,,,,,,,,,,,,,,,,
1613.276718,1,140245.8894,1,103150.453,0,0,0,0,WPSA,,,,,,,,,,,,,,,,,
1614.276718,1,140245.8894,1,103150.453,0,0,0,0,WPSA,,,,,,,,,,,,,,,,,
1615.276718,1,140245.8894,1,103150.453,0,0,0,0,WPSA,,,,,,,,,,,,,,,,,
1616.276718,1,140245.8894,1,103150.453,0,0,0,0,WPSA,,,,,,,,,,,,,,,,,
1617.276718,1,140245.8894,1,103150.453,0,0,0,0,WPSA,,,,,,,,,,,,,,,,,
1618.276718,1,140245.8894,1,103150.453,0,0,0,0,WPSA,,,,,,,,,,,,,,,,,
1619.276718,1,140245.8894,1,103150.453,0,0,0,0,WPSA,,,,,,,,,,,,,,,,,
1620.276718,1,140245.8894,1,103150.453,0,0,0,0,WPSA,,,,,,,,,,,,,,,,,
1621.276718,1,140245.8894,1,103150.453,0,0,0,0,WPSA,,,,,,,,,,,,,,,,,
1622.276718,1,140245.8894,1,103150.453,0,0,0,0,WPSA,,,,,,,,,,,,,,,,,
1623.276718,1,140245.8894,1,103150.453,0,0,0,0,WPSA,,,,,,,,,,,,,,,,,
1624.276718,1,140245.8894,1,103150.453,0,0,0,0,WPSA,,,,,,,,,,,,,,,,,
1625.276718,1,140245.8894,1,103150.453,0,0,0,0,WPSA,,,,,,,,,,,,,,,,,
1626.276718,1,140245.8894,1,103150.453,0,0,0,0,WPSA,,,,,,,,,,,,,,,,,
1627.276718,1,140245.8894,1,103150.453,0,0,0,0,WPSA,,,,,,,,,,,,,,,,,
1628.276718,1,140245.8894,1,103150.453,0,0,0,0,WPSA,,,,,,,,,,,,,,,,,
1629.276718,1,140245.8894,1,103150.453,0,0,0,0,WPSA,,,,,,,,,,,,,,,,,
1630.276718,1,140245.8894,1,103150.453,0,0,0,0,WPSA,,,,,,,,,,,,,,,,,
1631.276718,1,140245.8894,1,103150.453,0,0,0,0,WPSA,,,,,,,,,,,,,,,,,
1632.276718,1,140245.8894,1,103150.453,0,0,0,0,WPSA,,,,,,,,,,,,,,,,,
1633.276718,1,140245.8894,1,103150.453,0,0,0,0,WPSA,,,,,,,,,,,,,,,,,
1634.276718,1,140245.8894,1,103150.453,0,0,0,0,WPSA,,,,,,,,,,,,,,,,,
1635.276718,1,140245.8894,1,103150.453,0,0,0,0,WPSA,,,,,,,,,,,,,,,,,
1636.276718,1,140245.8894,1,103150.453,0,0,0,0,WPSA,,,,,,,,,,,,,,,,,
1637.276718,1,140245.8894,1,103150.453,0,0,0,0,WPSA,,,,,,,,,,,,,,,,,
1638.276718,1,140245.8894,1,103150.453,0,0,0,0,WPSA,,,,,,,,,,,,,,,,,
1639.276718,1,140245.8894,1,103150.453,0,0,0,0,WPSA,,,,,,,,,,,,,,,,,
1640.276718,1,140245.8894,1,103150.453,0,0,0,0,WPSA,,,,,,,,,,,,,,,,,
1641.276718,1,140245.8894,1,103150.453,0,0,0,0,WPSA,,,,,,,,,,,,,,,,,
1642.276718,1,140245.8894,1,103150.453,0,0,0,0,WPSA,,,,,,,,,,,,,,,,,
1643.276718,1,140245.8894,1,103150.453,0,0,0,0,WPSA,,,,,,,,,,,,,,,,,
1644.276718,1,140245.8894,1,103150.453,0,0,0,0,WPSA,,,,,,,,,,,,,,,,,
1645.276718,1,140245.8894,1,103150.453,0,0,0,0,WPSA,,,,,,,,,,,,,,,,,
1646.276718,1,140245.8894,1,103150.453,0,0,0,0,WPSA,,,,,,,,,,,,,,,,,
1647.276718,1,140245.8894,1,103150.453,0,0,0,0,WPSA,,,,,,,,,,,,,,,,,
1648.276718,1,140245.8894,1,103150.453,0,0,0,0,WPSA,,,,,,,,,,,,,,,,,
1649.276718,1,140245.8894,1,103150.453,0,0,0,0,WPSA,,,,,,,,,,,,,,,,,
1650.276718,1,140245.8894,1,103150.453,0,0,0,0,WPSA,,,,,,,,,,,,,,,,,
1651.276718,1,140245.8894,1,103150.453,0,0,0,0,WPSA,,,,,,,,,,,,,,,,,
1652.276718,1,140245.8894,1,103150.453,0,0,0,0,WPSA,,,,,,,,,,,,,,,,,
1653.276718,1,140245.8894,1,103150.453,0,0,0,0,WPSA,,,,,,,,,,,,,,,,,
1654.276718,1,140245.8894,1,103150.453,0,0,0,0,WPSA,,,,,,,,,,,,,,,,,
1655.276718,1,140245.8894,1,103150.453,0,0,0,0,WPSA,,,,,,,,,,,,,,,,,
1656.276718,1,140245.8894,1,103150.453,0,0,0,0,WPSA,,,,,,,,,,,,,,,,,
1657.276718,1,140245.8894,1,103150.453,0,0,0,0,WPSA,,,,,,,,,,,,,,,,,
1658.276718,1,140245.8894,1,103150.453,0,0,0,0,WPSA,,,,,,,,,,,,,,,,,
1659.276718,1,140245.8894,1,103150.453,0,0,0,0,WPSA,,,,,,,,,,,,,,,,,
1660.276718,1,140245.8894,1,103150.453,0,0,0,0,WPSA,,,,,,,,,,,,,,,,,
1661.276718,1,140245.8894,1,103150.453,0,0,0,0,WPSA,,,,,,,,,,,,,,,,,
1662.276718,1,140245.8894,1,103150.453,0,0,0,0,WPSA,,,,,,,,,,,,,,,,,
1663.276718,1,140245.8894,1,103150.453,0,0,0,0,WPSA,,,,,,,,,,,,,,,,,
1664.276718,1,140245.8894,1,103150.453,0,0,0,0,WPSA,,,,,,,,,,,,,,,,,
1665.276718,1,140245.8894,1,103150.453,0,0,0,0,WPSA,,,,,,,,,,,,,,,,,
1666.276718,1,140245.8894,1,103150.453,0,0,0,0,WPSA,,,,,,,,,,,,,,,,,
1667.276718,1,140245.8894,1,103150.453,0,0,0,0,WPSA,,,,,,,,,,,,,,,,,
1668.276718,1,140245.8894,1,103150.453,0,0,0,0,WPSA,,,,,,,,,,,,,,,,,
1669.276718,1,140245.8894,1,103150.453,0,0,0,0,WPSA,,,,,,,,,,,,,,,,,
1670.276718,1,140245.8894,1,103150.453,0,0,0,0,WPSA,,,,,,,,,,,,,,,,,
1671.276718,1,140245.8894,1,103150.453,0,0,0,0,WPSA,,,,,,,,,,,,,,,,,
1672.276718,1,140245.8894,1,103150.453,0,0,0,0,WPSA,,,,,,,,,,,,,,,,,
1673.276718,1,140245.8894,1,103150.453,0,0,0,0,WPSA,,,,,,,,,,,,,,,,,
1674.276718,1,140245.8894,1,103150.453,0,0,0,0,WPSA,,,,,,,,,,,,,,,,,
1675.276718,1,140245.8894,1,103150.453,0,0,0,0,WPSA,,,,,,,,,,,,,,,,,
1676.276718,1,140245.8894,1,103150.453,0,0,0,0,WPSA,,,,,,,,,,,,,,,,,
1677.276718,1,140245.8894,1,103150.453,0,0,0,0,WPSA,,,,,,,,,,,,,,,,,
1678.276718,1,140245.8894,1,103150.453,0,0,0,0,WPSA,,,,,,,,,,,,,,,,,
1679.276718,1,140245.8894,1,103150.453,0,0,0,0,WPSA,,,,,,,,,,,,,,,,,
1680.276718,1,140245.8894,1,103150.453,0,0,0,0,WPSA,,,,,,,,,,,,,,,,,
1681.276718,1,140245.8894,1,103150.453,0,0,0,0,WPSA,,,,,,,,,,,,,,,,,
1682.276718,1,140245.8894,1,103150.453,0,0,0,0,WPSA,,,,,,,,,,,,,,,,,
1683.276718,1,140245.8894,1,103150.453,0,0,0,0,WPSA,,,,,,,,,,,,,,,,,
1684.276718,1,140245.8894,1,103150.453,0,0,0,0,WPSA,,,,,,,,,,,,,,,,,
1685.276718,1,140245.8894,1,103150.453,0,0,0,0,WPSA,,,,,,,,,,,,,,,,,
1686.276718,1,140245.8894,1,103150.453,0,0,0,0,WPSA,,,,,,,,,,,,,,,,,
1687.276718,1,140245.8894,1,103150.453,0,0,0,0,WPSA,,,,,,,,,,,,,,,,,
1688.276718,1,140245.8894,1,103150.453,0,0,0,0,WPSA,,,,,,,,,,,,,,,,,
1689.276718,1,140245.8894,1,103150.453,0,0,0,0,WPSA,,,,,,,,,,,,,,,,,
1690.276718,1,140245.8894,1,103150.453,0,0,0,0,WPSA,,,,,,,,,,,,,,,,,
1691.276718,1,140245.8894,1,103150.453,0,0,0,0,WPSA,,,,,,,,,,,,,,,,,
1692.276718,1,140245.8894,1,103150.453,0,0,0,0,WPSA,,,,,,,,,,,,,,,,,
1693.276718,1,140245.8894,1,103150.453,0,0,0,0,WPSA,,,,,,,,,,,,,,,,,
1694.276718,1,140245.8894,1,103150.453,0,0,0,0,WPSA,,,,,,,,,,,,,,,,,
1695.276718,1,140245.8894,1,103150.453,0,0,0,0,WPSA,,,,,,,,,,,,,,,,,
1696.276718,1,140245.8894,1,103150.453,0,0,0,0,WPSA,,,,,,,,,,,,,,,,,
1697.276718,1,140245.8894,1,103150.453,0,0,0,0,WPSA,,,,,,,,,,,,,,,,,
1698.276718,1,140245.8894,1,103150.453,0,0,0,0,WPSA,,,,,,,,,,,,,,,,,
1699.276718,1,140245.8894,1,103150.453,0,0,0,0,WPSA,,,,,,,,,,,,,,,,,
1700.276718,1,140245.8894,1,103150.453,0,0,0,0,WPSA,,,,,,,,,,,,,,,,,
1701.276718,1,140245.8894,1,103150.453,0,0,0,0,WPSA,,,,,,,,,,,,,,,,,
1702.276718,1,140245.8894,1,103150.453,0,0,0,0,WPSA,,,,,,,,,,,,,,,,,
1703.276718,1,140245.8894,1,103150.453,0,0,0,0,WPSA,,,,,,,,,,,,,,,,,
1704.276718,1,140245.8894,1,103150.453,0,0,0,0,WPSA,,,,,,,,,,,,,,,,,
1705.276718,1,140245.8894,1,103150.453,0,0,0,0,WPSA,,,,,,,,,,,,,,,,,
1706.276718,1,140245.8894,1,103150.453,0,0,0,0,WPSA,,,,,,,,,,,,,,,,,
1707.276718,1,140245.8894,1,103150.453,0,0,0,0,WPSA,,,,,,,,,,,,,,,,,
1708.276718,1,140245.8894,1,103150.453,0,0,0,0,WPSA,,,,,,,,,,,,,,,,,
1709.276718,1,140245.8894,1,103150.453,0,0,0,0,WPSA,,,,,,,,,,,,,,,,,
1710.276718,1,140245.8894,1,103150.453,0,0,0,0,WPSA,,,,,,,,,,,,,,,,,
1711.276718,1,140245.8894,1,103150.453,0,0,0,0,WPSA,,,,,,,,,,,,,,,,,
1712.276718,1,140245.8894,1,103150.453,0,0,0,0,WPSA,,,,,,,,,,,,,,,,,
1713.276718,1,140245.8894,1,103150.453,0,0,0,0,WPSA,,,,,,,,,,,,,,,,,
1714.276718,1,140245.8894,1,103150.453,0,0,0,0,WPSA,,,,,,,,,,,,,,,,,
1715.276718,1,140245.8894,1,103150.453,0,0,0,0,WPSA,,,,,,,,,,,,,,,,,
1716.276718,1,140245.8894,1,103150.453,0,0,0,0,WPSA,,,,,,,,,,,,,,,,,
1717.276718,1,140245.8894,1,103150.453,0,0,0,0,WPSA,,,,,,,,,,,,,,,,,
1718.276718,1,140245.8894,1,103150.453,0,0,0,0,WPSA,,,,,,,,,,,,,,,,,
1719.276718,1,140245.8894,1,103150.453,0,0,0,0,WPSA,,,,,,,,,,,,,,,,,
1720.276718,1,140245.8894,1,103150.453,0,0,0,0,WPSA,,,,,,,,,,,,,,,,,
1721.276718,1,140245.8894,1,103150.453,0,0,0,0,WPSA,,,,,,,,,,,,,,,,,
1722.276718,1,140245.8894,1,103150.453,0,0,0,0,WPSA,,,,,,,,,,,,,,,,,
1723.276718,1,140245.8894,1,103150.453,0,0,0,0,WPSA,,,,,,,,,,,,,,,,,
1724.276718,1,140245.8894,1,103150.453,0,0,0,0,WPSA,,,,,,,,,,,,,,,,,
1725.276718,1,140245.8894,1,103150.453,0,0,0,0,WPSA,,,,,,,,,,,,,,,,,
1726.276718,1,140245.8894,1,103150.453,0,0,0,0,WPSA,,,,,,,,,,,,,,,,,
1727.276718,1,140245.8894,1,103150.453,0,0,0,0,WPSA,,,,,,,,,,,,,,,,,
1728.276718,1,140245.8894,1,103150.453,0,0,0,0,WPSA,,,,,,,,,,,,,,,,,
1729.276718,1,140245.8894,1,103150.453,0,0,0,0,WPSA,,,,,,,,,,,,,,,,,
1730.276718,1,140245.8894,1,103150.453,0,0,0,0,WPSA,,,,,,,,,,,,,,,,,
1731.276718,1,140245.8894,1,103150.453,0,0,0,0,WPSA,,,,,,,,,,,,,,,,,
1732.276718,1,140245.8894,1,103150.453,0,0,0,0,WPSA,,,,,,,,,,,,,,,,,
1733.276718,1,140245.8894,1,103150.453,0,0,0,0,WPSA,,,,,,,,,,,,,,,,,
1734.276718,1,140245.8894,1,103150.453,0,0,0,0,WPSA,,,,,,,,,,,,,,,,,
1735.276718,1,140245.8894,1,103150.453,0,0,0,0,WPSA,,,,,,,,,,,,,,,,,
1736.276718,1,140245.8894,1,103150.453,0,0,0,0,WPSA,,,,,,,,,,,,,,,,,
1737.276718,1,140245.8894,1,103150.453,0,0,0,0,WPSA,,,,,,,,,,,,,,,,,
1738.276718,1,140245.8894,1,103150.453,0,0,0,0,WPSA,,,,,,,,,,,,,,,,,
1739.276718,1,140245.8894,1,103150.453,0,0,0,0,WPSA,,,,,,,,,,,,,,,,,
1740.276718,1,140245.8894,1,103150.453,0,0,0,0,WPSA,,,,,,,,,,,,,,,,,
1741.276718,1,140245.8894,1,103150.453,0,0,0,0,WPSA,,,,,,,,,,,,,,,,,
1742.276718,1,140245.8894,1,103150.453,0,0,0,0,WPSA,,,,,,,,,,,,,,,,,
1743.276718,1,140245.8894,1,103150.453,0,0,0,0,WPSA,,,,,,,,,,,,,,,,,
1744.276718,1,140245.8894,1,103150.453,0,0,0,0,WPSA,,,,,,,,,,,,,,,,,
1745.276718,1,140245.8894,1,103150.453,0,0,0,0,WPSA,,,,,,,,,,,,,,,,,
1746.276718,1,140245.8894,1,103150.453,0,0,0,0,WPSA,,,,,,,,,,,,,,,,,
1747.276718,1,140245.8894,1,103150.453,0,0,0,0,WPSA,,,,,,,,,,,,,,,,,
1748.276718,1,140245.8894,1,103150.453,0,0,0,0,WPSA,,,,,,,,,,,,,,,,,
1749.276718,1,140245.8894,1,103150.453,0,0,0,0,WPSA,,,,,,,,,,,,,,,,,
1750.276718,1,140245.8894,1,103150.453,0,0,0,0,WPSA,,,,,,,,,,,,,,,,,
1751.276718,1,140245.8894,1,103150.453,0,0,0,0,WPSA,,,,,,,,,,,,,,,,,
1752.276718,1,140245.8894,1,103150.453,0,0,0,0,WPSA,,,,,,,,,,,,,,,,,
1753.276718,1,140245.8894,1,103150.453,0,0,0,0,WPSA,,,,,,,,,,,,,,,,,
1754.276718,1,140245.8894,1,103150.453,0,0,0,0,WPSA,,,,,,,,,,,,,,,,,
1755.276718,1,140245.8894,1,103150.453,0,0,0,0,WPSA,,,,,,,,,,,,,,,,,
1756.276718,1,140245.8894,1,103150.453,0,0,0,0,WPSA,,,,,,,,,,,,,,,,,
1757.276718,1,140245.8894,1,103150.453,0,0,0,0,WPSA,,,,,,,,,,,,,,,,,
1758.276718,1,140245.8894,1,103150.453,0,0,0,0,WPSA,,,,,,,,,,,,,,,,,
1759.276718,1,140245.8894,1,103150.453,0,0,0,0,WPSA,,,,,,,,,,,,,,,,,
1760.276718,1,140245.8894,1,103150.453,0,0,0,0,WPSA,,,,,,,,,,,,,,,,,
1761.276718,1,140245.8894,1,103150.453,0,0,0,0,WPSA,,,,,,,,,,,,,,,,,
1762.276718,1,140245.8894,1,103150.453,0,0,0,0,WPSA,,,,,,,,,,,,,,,,,
1763.276718,1,140245.8894,1,103150.453,0,0,0,0,WPSA,,,,,,,,,,,,,,,,,
1764.276718,1,140245.8894,1,103150.453,0,0,0,0,WPSA,,,,,,,,,,,,,,,,,
1765.276718,1,140245.8894,1,103150.453,0,0,0,0,WPSA,,,,,,,,,,,,,,,,,
1766.276718,1,140245.8894,1,103150.453,0,0,0,0,WPSA,,,,,,,,,,,,,,,,,
1767.276718,1,140245.8894,1,103150.453,0,0,0,0,WPSA,,,,,,,,,,,,,,,,,
1768.276718,1,140245.8894,1,103150.453,0,0,0,0,WPSA,,,,,,,,,,,,,,,,,
1769.276718,1,140245.8894,1,103150.453,0,0,0,0,WPSA,,,,,,,,,,,,,,,,,
1770.276718,1,140245.8894,1,103150.453,0,0,0,0,WPSA,,,,,,,,,,,,,,,,,
1771.276718,1,140245.8894,1,103150.453,0,0,0,0,WPSA,,,,,,,,,,,,,,,,,
1772.276718,1,140245.8894,1,103150.453,0,0,0,0,WPSA,,,,,,,,,,,,,,,,,
1773.276718,1,140245.8894,1,103150.453,0,0,0,0,WPSA,,,,,,,,,,,,,,,,,
1774.276718,1,140245.8894,1,103150.453,1,159802.4909,0,0,WPSA,,,,,,,,,,,,,,,,,
1775.276718,1,140245.8894,1,103150.453,1,159802.4909,0,0,WPSA,,,,,,,,,,,,,,,,,
1776.276718,1,140245.8894,1,103150.453,1,159802.4909,0,0,WPSA,,,,,,,,,,,,,,,,,
1777.276718,1,140245.8894,1,103150.453,1,159802.4909,0,0,WPSA,,,,,,,,,,,,,,,,,
1778.276718,1,140245.8894,1,103150.453,1,159802.4909,0,0,WPSA,,,,,,,,,,,,,,,,,
1779.276718,1,140245.8894,1,103150.453,1,159802.4909,0,0,WPSA,,,,,,,,,,,,,,,,,
1780.276718,1,140245.8894,1,103150.453,1,159802.4909,0,0,WPSA,,,,,,,,,,,,,,,,,
1781.276718,1,140245.8894,1,103150.453,1,159802.4909,0,0,WPSA,,,,,,,,,,,,,,,,,
1782.276718,1,140245.8894,1,103150.453,1,159802.4909,0,0,WPSA,,,,,,,,,,,,,,,,,
1783.276718,1,140245.8894,1,103150.453,1,159802.4909,0,0,WPSA,,,,,,,,,,,,,,,,,
1784.276718,1,140245.8894,1,103150.453,1,159802.4909,0,0,WPSA,,,,,,,,,,,,,,,,,
1785.276718,1,140245.8894,1,103150.453,1,159802.4909,0,0,WPSA,,,,,,,,,,,,,,,,,
1786.276718,1,140245.8894,1,103150.453,1,159802.4909,0,0,WPSA,,,,,,,,,,,,,,,,,
1787.276718,1,140245.8894,1,103150.453,1,159802.4909,0,0,WPSA,,,,,,,,,,,,,,,,,
1788.276718,1,140245.8894,1,103150.453,1,159802.4909,0,0,WPSA,,,,,,,,,,,,,,,,,
1789.276718,1,140245.8894,1,103150.453,1,159802.4909,0,0,WPSA,,,,,,,,,,,,,,,,,
1790.276718,1,140245.8894,1,103150.453,1,159802.4909,0,0,WPSA,,,,,,,,,,,,,,,,,
1791.276718,1,140245.8894,1,103150.453,1,159802.4909,0,0,WPSA,,,,,,,,,,,,,,,,,
1792.276718,1,140245.8894,1,103150.453,1,159802.4909,0,0,WPSA,,,,,,,,,,,,,,,,,
1793.276718,1,140245.8894,1,103150.453,1,159802.4909,0,0,WPSA,,,,,,,,,,,,,,,,,
1794.276718,1,140245.8894,1,103150.453,1,159802.4909,0,0,WPSA,,,,,,,,,,,,,,,,,
1795.276718,1,140245.8894,1,103150.453,1,159802.4909,0,0,WPSA,,,,,,,,,,,,,,,,,
1796.276718,1,140245.8894,1,103150.453,1,159802.4909,0,0,WPSA,,,,,,,,,,,,,,,,,
1797.276718,1,140245.8894,1,103150.453,1,159802.4909,0,0,WPSA,,,,,,,,,,,,,,,,,
1798.276718,1,140245.8894,1,103150.453,1,159802.4909,0,0,WPSA,,,,,,,,,,,,,,,,,
1799.276718,1,140245.8894,1,103150.453,1,159802.4909,0,0,WPSA,,,,,,,,,,,,,,,,,
1800.276718,1,140245.8894,1,103150.453,1,159802.4909,0,0,WPSA,,,,,,,,,,,,,,,,,
1801.276718,1,140245.8894,1,103150.453,1,159802.4909,0,0,WPSA,,,,,,,,,,,,,,,,,
1802.276718,1,140245.8894,1,103150.453,1,159802.4909,0,0,WPSA,,,,,,,,,,,,,,,,,
1803.276718,1,140245.8894,1,103150.453,1,159802.4909,0,0,WPSA,,,,,,,,,,,,,,,,,
1804.276718,1,140245.8894,1,103150.453,1,159802.4909,0,0,WPSA,,,,,,,,,,,,,,,,,
1805.276718,1,140245.8894,1,103150.453,1,159802.4909,0,0,WPSA,,,,,,,,,,,,,,,,,
1806.276718,1,140245.8894,1,103150.453,1,159802.4909,0,0,WPSA,,,,,,,,,,,,,,,,,
1807.276718,1,140245.8894,1,103150.453,1,159802.4909,0,0,WPSA,,,,,,,,,,,,,,,,,
1808.276718,1,140245.8894,1,103150.453,1,159802.4909,0,0,WPSA,,,,,,,,,,,,,,,,,
1809.276718,1,140245.8894,1,103150.453,1,159802.4909,0,0,WPSA,,,,,,,,,,,,,,,,,
1810.276718,1,140245.8894,1,103150.453,1,159802.4909,0,0,WPSA,,,,,,,,,,,,,,,,,
1811.276718,1,140245.8894,1,103150.453,1,159802.4909,0,0,WPSA,,,,,,,,,,,,,,,,,
1812.276718,1,140245.8894,1,103150.453,1,159802.4909,0,0,WPSA,,,,,,,,,,,,,,,,,
1813.276718,1,140245.8894,1,103150.453,1,159802.4909,0,0,WPSA,,,,,,,,,,,,,,,,,
1814.276718,1,140245.8894,1,103150.453,1,159802.4909,0,0,WPSA,,,,,,,,,,,,,,,,,
1815.276718,1,140245.8894,1,103150.453,1,159802.4909,0,0,WPSA,,,,,,,,,,,,,,,,,
1816.276718,1,140245.8894,1,103150.453,1,159802.4909,0,0,WPSA,,,,,,,,,,,,,,,,,
1817.276718,1,140245.8894,1,103150.453,1,159802.4909,0,0,WPSA,,,,,,,,,,,,,,,,,
1818.276718,1,140245.8894,1,103150.453,1,159802.4909,0,0,WPSA,,,,,,,,,,,,,,,,,
1819.276718,1,140245.8894,1,103150.453,1,159802.4909,0,0,WPSA,,,,,,,,,,,,,,,,,
1820.276718,1,140245.8894,1,103150.453,1,159802.4909,0,0,WPSA,,,,,,,,,,,,,,,,,
1821.276718,1,140245.8894,1,103150.453,1,159802.4909,0,0,WPSA,,,,,,,,,,,,,,,,,
1822.276718,1,140245.8894,1,103150.453,1,159802.4909,0,0,WPSA,,,,,,,,,,,,,,,,,
1823.276718,1,140245.8894,1,103150.453,1,159802.4909,0,0,WPSA,,,,,,,,,,,,,,,,,
1824.276718,1,140245.8894,1,103150.453,1,159802.4909,0,0,WPSA,,,,,,,,,,,,,,,,,
1825.276718,1,140245.8894,1,103150.453,1,159802.4909,0,0,WPSA,,,,,,,,,,,,,,,,,
1826.276718,1,140245.8894,1,103150.453,1,159802.4909,0,0,WPSA,,,,,,,,,,,,,,,,,
1827.276718,1,140245.8894,1,103150.453,1,159802.4909,0,0,WPSA,,,,,,,,,,,,,,,,,
1828.276718,1,140245.8894,1,103150.453,1,159802.4909,0,0,WPSA,,,,,,,,,,,,,,,,,
1829.276718,1,140245.8894,1,103150.453,1,159802.4909,0,0,WPSA,,,,,,,,,,,,,,,,,
1830.276718,1,140245.8894,1,103150.453,1,159802.4909,0,0,WPSA,,,,,,,,,,,,,,,,,
1831.276718,1,140245.8894,1,103150.453,1,159802.4909,0,0,WPSA,,,,,,,,,,,,,,,,,
1832.276718,1,140245.8894,1,103150.453,1,159802.4909,0,0,WPSA,,,,,,,,,,,,,,,,,
1833.276718,1,140245.8894,1,103150.453,1,159802.4909,0,0,WPSA,,,,,,,,,,,,,,,,,
1834.276718,1,140245.8894,1,103150.453,1,159802.4909,0,0,WPSA,,,,,,,,,,,,,,,,,
1835.276718,1,140245.8894,1,103150.453,1,159802.4909,0,0,WPSA,,,,,,,,,,,,,,,,,
1836.276718,1,140245.8894,1,103150.453,1,159802.4909,0,0,WPSA,,,,,,,,,,,,,,,,,
1837.276718,1,140245.8894,1,103150.453,1,159802.4909,0,0,WPSA,,,,,,,,,,,,,,,,,
1838.276718,1,140245.8894,1,103150.453,1,159802.4909,0,0,WPSA,,,,,,,,,,,,,,,,,
1839.276718,1,140245.8894,1,103150.453,1,159802.4909,0,0,WPSA,,,,,,,,,,,,,,,,,
1840.276718,1,140245.8894,1,103150.453,1,159802.4909,0,0,WPSA,,,,,,,,,,,,,,,,,
1841.276718,1,140245.8894,1,103150.453,1,159802.4909,0,0,WPSA,,,,,,,,,,,,,,,,,
1842.276718,1,140245.8894,1,103150.453,1,159802.4909,0,0,WPSA,,,,,,,,,,,,,,,,,
1843.276718,1,140245.8894,1,103150.453,1,159802.4909,0,0,WPSA,,,,,,,,,,,,,,,,,
1844.276718,1,140245.8894,1,103150.453,1,159802.4909,0,0,WPSA,,,,,,,,,,,,,,,,,
1845.276718,1,140245.8894,1,103150.453,1,159802.4909,0,0,WPSA,,,,,,,,,,,,,,,,,
1846.276718,1,140245.8894,1,103150.453,1,159802.4909,0,0,WPSA,,,,,,,,,,,,,,,,,
1847.276718,1,140245.8894,1,103150.453,1,159802.4909,0,0,WPSA,,,,,,,,,,,,,,,,,
1848.276718,1,140245.8894,1,103150.453,1,159802.4909,0,0,WPSA,,,,,,,,,,,,,,,,,
1849.276718,1,140245.8894,1,103150.453,1,159802.4909,0,0,WPSA,,,,,,,,,,,,,,,,,
1850.276718,1,140245.8894,1,103150.453,1,159802.4909,0,0,WPSA,,,,,,,,,,,,,,,,,
1851.276718,1,140245.8894,1,103150.453,1,159802.4909,0,0,WPSA,,,,,,,,,,,,,,,,,
1852.276718,1,140245.8894,1,103150.453,1,159802.4909,0,0,WPSA,,,,,,,,,,,,,,,,,
1853.276718,1,140245.8894,1,103150.453,1,159802.4909,0,0,WPSA,,,,,,,,,,,,,,,,,
1854.276718,1,140245.8894,1,103150.453,1,159802.4909,0,0,WPSA,,,,,,,,,,,,,,,,,
1855.276718,1,140245.8894,1,103150.453,1,159802.4909,0,0,WPSA,,,,,,,,,,,,,,,,,
1856.276718,1,140245.8894,1,103150.453,1,159802.4909,0,0,WPSA,,,,,,,,,,,,,,,,,
1857.276718,1,140245.8894,1,103150.453,1,159802.4909,0,0,WPSA,,,,,,,,,,,,,,,,,
1858.276718,1,140245.8894,1,103150.453,1,159802.4909,0,0,WPSA,,,,,,,,,,,,,,,,,
1859.276718,1,140245.8894,1,103150.453,1,159802.4909,0,0,WPSA,,,,,,,,,,,,,,,,,
1860.276718,1,140245.8894,1,103150.453,1,159802.4909,0,0,WPSA,,,,,,,,,,,,,,,,,
1861.276718,1,140245.8894,1,103150.453,1,159802.4909,0,0,WPSA,,,,,,,,,,,,,,,,,
1862.276718,1,140245.8894,1,103150.453,1,159802.4909,0,0,WPSA,,,,,,,,,,,,,,,,,
1863.276718,1,140245.8894,1,103150.453,1,159802.4909,0,0,WPSA,,,,,,,,,,,,,,,,,
1864.276718,1,140245.8894,1,103150.453,1,159802.4909,0,0,WPSA,,,,,,,,,,,,,,,,,
1865.276718,1,140245.8894,1,103150.453,1,159802.4909,0,0,WPSA,,,,,,,,,,,,,,,,,
1866.276718,1,140245.8894,1,103150.453,1,159802.4909,0,0,WPSA,,,,,,,,,,,,,,,,,
1867.276718,1,140245.8894,1,103150.453,1,159802.4909,0,0,WPSA,,,,,,,,,,,,,,,,,
1868.276718,1,140245.8894,1,103150.453,1,159802.4909,0,0,WPSA,,,,,,,,,,,,,,,,,
1869.276718,1,140245.8894,1,103150.453,1,159802.4909,0,0,WPSA,,,,,,,,,,,,,,,,,
1870.276718,1,140245.8894,1,103150.453,1,159802.4909,0,0,WPSA,,,,,,,,,,,,,,,,,
1871.276718,1,140245.8894,1,103150.453,1,159802.4909,0,0,WPSA,,,,,,,,,,,,,,,,,
1872.276718,1,140245.8894,1,103150.453,1,159802.4909,0,0,WPSA,,,,,,,,,,,,,,,,,
1873.276718,1,140245.8894,1,103150.453,1,159802.4909,0,0,WPSA,,,,,,,,,,,,,,,,,
1874.276718,1,140245.8894,1,103150.453,1,159802.4909,0,0,WPSA,,,,,,,,,,,,,,,,,
1875.276718,1,140245.8894,1,103150.453,1,159802.4909,0,0,WPSA,,,,,,,,,,,,,,,,,
1876.276718,1,140245.8894,1,103150.453,1,159802.4909,0,0,WPSA,,,,,,,,,,,,,,,,,
1877.276718,1,140245.8894,1,103150.453,1,159802.4909,0,0,WPSA,,,,,,,,,,,,,,,,,
1878.276718,1,140245.8894,1,103150.453,1,159802.4909,0,0,WPSA,,,,,,,,,,,,,,,,,
1879.276718,1,140245.8894,1,103150.453,1,159802.4909,0,0,WPSA,,,,,,,,,,,,,,,,,
1880.276718,1,140245.8894,1,103150.453,1,159802.4909,0,0,WPSA,,,,,,,,,,,,,,,,,
1881.276718,1,140245.8894,1,103150.453,1,159802.4909,0,0,WPSA,,,,,,,,,,,,,,,,,
1882.276718,1,140245.8894,1,103150.453,1,159802.4909,0,0,WPSA,,,,,,,,,,,,,,,,,
1883.276718,1,140245.8894,1,103150.453,1,159802.4909,0,0,WPSA,,,,,,,,,,,,,,,,,
1884.276718,1,140245.8894,1,103150.453,1,159802.4909,0,0,WPSA,,,,,,,,,,,,,,,,,
1885.276718,1,140245.8894,1,103150.453,1,159802.4909,0,0,WPSA,,,,,,,,,,,,,,,,,
1886.276718,1,140245.8894,1,103150.453,1,159802.4909,0,0,WPSA,,,,,,,,,,,,,,,,,
1887.276718,1,140245.8894,1,103150.453,1,159802.4909,0,0,WPSA,,,,,,,,,,,,,,,,,
1888.276718,1,140245.8894,1,103150.453,1,159802.4909,0,0,WPSA,,,,,,,,,,,,,,,,,
1889.276718,1,140245.8894,1,103150.453,1,159802.4909,0,0,WPSA,,,,,,,,,,,,,,,,,
1890.276718,1,140245.8894,1,103150.453,1,159802.4909,0,0,WPSA,,,,,,,,,,,,,,,,,
1891.276718,1,140245.8894,1,103150.453,1,159802.4909,0,0,WPSA,,,,,,,,,,,,,,,,,
1892.276718,1,140245.8894,1,103150.453,1,159802.4909,0,0,WPSA,,,,,,,,,,,,,,,,,
1893.276718,1,140245.8894,1,103150.453,1,159802.4909,0,0,WPSA,,,,,,,,,,,,,,,,,
1894.276718,1,140245.8894,1,103150.453,1,159802.4909,0,0,WPSA,,,,,,,,,,,,,,,,,
1895.276718,1,140245.8894,1,103150.453,1,159802.4909,0,0,WPSA,,,,,,,,,,,,,,,,,
1896.276718,1,140245.8894,1,103150.453,1,159802.4909,0,0,WPSA,,,,,,,,,,,,,,,,,
1897.276718,1,140245.8894,1,103150.453,1,159802.4909,0,0,WPSA,,,,,,,,,,,,,,,,,
1898.276718,1,140245.8894,1,103150.453,1,159802.4909,0,0,WPSA,,,,,,,,,,,,,,,,,
1899.276718,1,140245.8894,1,103150.453,1,159802.4909,0,0,WPSA,,,,,,,,,,,,,,,,,
1900.276718,1,140245.8894,1,103150.453,1,159802.4909,0,0,WPSA,,,,,,,,,,,,,,,,,
1901.276718,1,140245.8894,1,103150.453,1,159802.4909,0,0,WPSA,,,,,,,,,,,,,,,,,
1902.276718,1,140245.8894,1,103150.453,1,159802.4909,0,0,WPSA,,,,,,,,,,,,,,,,,
1903.276718,1,140245.8894,1,103150.453,1,159802.4909,0,0,WPSA,,,,,,,,,,,,,,,,,
1904.276718,1,140245.8894,1,103150.453,1,159802.4909,0,0,WPSA,,,,,,,,,,,,,,,,,
1905.276718,1,140245.8894,1,103150.453,1,159802.4909,0,0,WPSA,,,,,,,,,,,,,,,,,
1906.276718,1,140245.8894,1,103150.453,1,159802.4909,0,0,WPSA,,,,,,,,,,,,,,,,,
1907.276718,1,140245.8894,1,103150.453,1,159802.4909,0,0,WPSA,,,,,,,,,,,,,,,,,
1908.276718,1,140245.8894,1,103150.453,1,159802.4909,0,0,WPSA,,,,,,,,,,,,,,,,,
1909.276718,1,140245.8894,1,103150.453,1,159802.4909,0,0,WPSA,,,,,,,,,,,,,,,,,
1910.276718,1,140245.8894,1,103150.453,1,159802.4909,0,0,WPSA,,,,,,,,,,,,,,,,,
1911.276718,1,140245.8894,1,103150.453,1,159802.4909,0,0,WPSA,,,,,,,,,,,,,,,,,
1912.276718,1,140245.8894,1,103150.453,1,159802.4909,0,0,WPSA,,,,,,,,,,,,,,,,,
1913.276718,1,140245.8894,1,103150.453,1,159802.4909,0,0,WPSA,,,,,,,,,,,,,,,,,
1914.276718,1,140245.8894,1,103150.453,1,159802.4909,0,0,WPSA,,,,,,,,,,,,,,,,,
1915.276718,1,140245.8894,1,103150.453,1,159802.4909,0,0,WPSA,,,,,,,,,,,,,,,,,
1916.276718,1,140245.8894,1,103150.453,1,159802.4909,0,0,WPSA,,,,,,,,,,,,,,,,,
1917.276718,1,140245.8894,1,103150.453,1,159802.4909,0,0,WPSA,,,,,,,,,,,,,,,,,
1918.276718,1,140245.8894,1,103150.453,1,159802.4909,0,0,WPSA,,,,,,,,,,,,,,,,,
1919.276718,1,140245.8894,1,103150.453,1,159802.4909,0,0,WPSA,,,,,,,,,,,,,,,,,
1920.276718,1,140245.8894,1,103150.453,1,159802.4909,0,0,WPSA,,,,,,,,,,,,,,,,,
1921.276718,1,140245.8894,1,103150.453,1,159802.4909,0,0,WPSA,,,,,,,,,,,,,,,,,
1922.276718,1,140245.8894,1,103150.453,1,159802.4909,0,0,WPSA,,,,,,,,,,,,,,,,,
1923.276718,1,140245.8894,1,103150.453,1,159802.4909,0,0,WPSA,,,,,,,,,,,,,,,,,
1924.276718,1,140245.8894,1,103150.453,1,159802.4909,0,0,WPSA,,,,,,,,,,,,,,,,,
1925.276718,1,140245.8894,1,103150.453,1,159802.4909,0,0,WPSA,,,,,,,,,,,,,,,,,
1926.276718,1,140245.8894,1,103150.453,1,159802.4909,0,0,WPSA,,,,,,,,,,,,,,,,,
1927.276718,1,140245.8894,1,103150.453,1,159802.4909,0,0,WPSA,,,,,,,,,,,,,,,,,
1928.276718,1,140245.8894,1,103150.453,1,159802.4909,0,0,WPSA,,,,,,,,,,,,,,,,,
1929.276718,1,140245.8894,1,103150.453,1,159802.4909,0,0,WPSA,,,,,,,,,,,,,,,,,
1930.276718,1,140245.8894,1,103150.453,1,159802.4909,0,0,WPSA,,,,,,,,,,,,,,,,,
1931.276718,1,140245.8894,1,103150.453,1,159802.4909,0,0,WPSA,,,,,,,,,,,,,,,,,
1932.276718,1,140245.8894,1,103150.453,1,159802.4909,0,0,WPSA,,,,,,,,,,,,,,,,,
1933.276718,1,140245.8894,1,103150.453,1,159802.4909,0,0,WPSA,,,,,,,,,,,,,,,,,
1934.276718,1,140245.8894,1,103150.453,1,159802.4909,0,0,WPSA,,,,,,,,,,,,,,,,,
1935.276718,1,140245.8894,1,103150.453,1,159802.4909,0,0,WPSA,,,,,,,,,,,,,,,,,
1936.276718,1,140245.8894,1,103150.453,1,159802.4909,0,0,WPSA,,,,,,,,,,,,,,,,,
1937.276718,1,140245.8894,1,103150.453,1,159802.4909,0,0,WPSA,,,,,,,,,,,,,,,,,
1938.276718,1,140245.8894,1,103150.453,1,159802.4909,0,0,WPSA,,,,,,,,,,,,,,,,,
1939.276718,1,140245.8894,1,103150.453,1,159802.4909,0,0,WPSA,,,,,,,,,,,,,,,,,
1940.276718,1,140245.8894,1,103150.453,1,159802.4909,0,0,WPSA,,,,,,,,,,,,,,,,,
1941.276718,1,140245.8894,1,103150.453,1,159802.4909,0,0,WPSA,,,,,,,,,,,,,,,,,
1942.276718,1,140245.8894,1,103150.453,1,159802.4909,0,0,WPSA,,,,,,,,,,,,,,,,,
1943.276718,1,140245.8894,1,103150.453,1,159802.4909,0,0,WPSA,,,,,,,,,,,,,,,,,
1944.276718,1,140245.8894,1,103150.453,1,159802.4909,0,0,WPSA,,,,,,,,,,,,,,,,,
1945.276718,1,140245.8894,1,103150.453,1,159802.4909,0,0,WPSA,,,,,,,,,,,,,,,,,
1946.276718,1,140245.8894,1,103150.453,1,159802.4909,0,0,WPSA,,,,,,,,,,,,,,,,,
1947.276718,1,140245.8894,1,103150.453,1,159802.4909,0,0,WPSA,,,,,,,,,,,,,,,,,
1948.276718,1,140245.8894,1,103150.453,1,159802.4909,0,0,WPSA,,,,,,,,,,,,,,,,,
1949.276718,1,140245.8894,1,103150.453,1,159802.4909,0,0,WPSA,,,,,,,,,,,,,,,,,
1950.276718,1,140245.8894,1,103150.453,1,159802.4909,0,0,WPSA,,,,,,,,,,,,,,,,,
1951.276718,1,140245.8894,1,103150.453,1,159802.4909,0,0,WPSA,,,,,,,,,,,,,,,,,
1952.276718,1,140245.8894,1,103150.453,1,159802.4909,0,0,WPSA,,,,,,,,,,,,,,,,,
1953.276718,1,140245.8894,1,103150.453,1,159802.4909,0,0,WPSA,,,,,,,,,,,,,,,,,
1954.276718,1,140245.8894,1,103150.453,1,159802.4909,0,0,WPSA,,,,,,,,,,,,,,,,,
1955.276718,1,140245.8894,1,103150.453,1,159802.4909,0,0,WPSA,,,,,,,,,,,,,,,,,
1956.276718,1,140245.8894,1,103150.453,1,159802.4909,0,0,WPSA,,,,,,,,,,,,,,,,,
1957.276718,1,140245.8894,1,103150.453,1,159802.4909,0,0,WPSA,,,,,,,,,,,,,,,,,
1958.276718,1,140245.8894,1,103150.453,1,159802.4909,0,0,WPSA,,,,,,,,,,,,,,,,,
1959.276718,1,140245.8894,1,103150.453,1,159802.4909,0,0,WPSA,,,,,,,,,,,,,,,,,
1960.276718,1,140245.8894,1,103150.453,1,159802.4909,0,0,WPSA,,,,,,,,,,,,,,,,,
1961.276718,1,140245.8894,1,103150.453,1,159802.4909,0,0,WPSA,,,,,,,,,,,,,,,,,
1962.276718,1,140245.8894,1,103150.453,1,159802.4909,0,0,WPSA,,,,,,,,,,,,,,,,,
1963.276718,1,140245.8894,1,103150.453,1,159802.4909,0,0,WPSA,,,,,,,,,,,,,,,,,
1964.276718,1,140245.8894,1,103150.453,1,159802.4909,0,0,WPSA,,,,,,,,,,,,,,,,,
1965.276718,1,140245.8894,1,103150.453,1,159802.4909,0,0,WPSA,,,,,,,,,,,,,,,,,
1966.276718,1,140245.8894,1,103150.453,1,159802.4909,0,0,WPSA,,,,,,,,,,,,,,,,,
1967.276718,1,140245.8894,1,103150.453,1,159802.4909,0,0,WPSA,,,,,,,,,,,,,,,,,
1968.276718,1,140245.8894,1,103150.453,1,159802.4909,0,0,WPSA,,,,,,,,,,,,,,,,,
1969.276718,1,140245.8894,1,103150.453,1,159802.4909,0,0,WPSA,,,,,,,,,,,,,,,,,
1970.276718,1,140245.8894,1,103150.453,1,159802.4909,0,0,WPSA,,,,,,,,,,,,,,,,,
1971.276718,1,140245.8894,1,103150.453,1,159802.4909,0,0,WPSA,,,,,,,,,,,,,,,,,
1972.276718,1,140245.8894,1,103150.453,1,159802.4909,0,0,WPSA,,,,,,,,,,,,,,,,,
1973.276718,1,140245.8894,1,103150.453,1,159802.4909,0,0,WPSA,,,,,,,,,,,,,,,,,
1974.276718,1,140245.8894,1,103150.453,1,159802.4909,0,0,WPSA,,,,,,,,,,,,,,,,,
1975.276718,1,140245.8894,1,103150.453,1,159802.4909,0,0,WPSA,,,,,,,,,,,,,,,,,
1976.276718,1,140245.8894,1,103150.453,1,159802.4909,0,0,WPSA,,,,,,,,,,,,,,,,,
1977.276718,1,140245.8894,0,0,1,159802.4909,0,0,WPSA,,,,,,,,,,,,,,,,,
1978.276718,1,140245.8894,0,0,1,159802.4909,0,0,WPSA,,,,,,,,,,,,,,,,,
1979.276718,1,140245.8894,0,0,1,159802.4909,0,0,WPSA,,,,,,,,,,,,,,,,,
1980.276718,1,140245.8894,0,0,1,159802.4909,0,0,WPSA,,,,,,,,,,,,,,,,,
1981.276718,1,140245.8894,0,0,1,159802.4909,0,0,WPSA,,,,,,,,,,,,,,,,,
1982.276718,1,140245.8894,0,0,1,159802.4909,0,0,WPSA,,,,,,,,,,,,,,,,,
1983.276718,1,140245.8894,0,0,1,159802.4909,0,0,WPSA,,,,,,,,,,,,,,,,,
1984.276718,1,140245.8894,0,0,1,159802.4909,0,0,WPSA,,,,,,,,,,,,,,,,,
1985.276718,1,140245.8894,0,0,1,159802.4909,0,0,WPSA,,,,,,,,,,,,,,,,,
1986.276718,1,140245.8894,0,0,1,159802.4909,0,0,WPSA,,,,,,,,,,,,,,,,,
1987.276718,1,140245.8894,0,0,1,159802.4909,0,0,WPSA,,,,,,,,,,,,,,,,,
1988.276718,1,140245.8894,0,0,1,159802.4909,0,0,WPSA,,,,,,,,,,,,,,,,,
1989.276718,1,140245.8894,0,0,1,159802.4909,0,0,WPSA,,,,,,,,,,,,,,,,,
1990.276718,1,140245.8894,0,0,1,159802.4909,0,0,WPSA,,,,,,,,,,,,,,,,,
1991.276718,1,140245.8894,0,0,1,159802.4909,0,0,WPSA,,,,,,,,,,,,,,,,,
1992.276718,1,140245.8894,0,0,1,159802.4909,0,0,WPSA,,,,,,,,,,,,,,,,,
1993.276718,1,140245.8894,0,0,1,159802.4909,0,0,WPSA,,,,,,,,,,,,,,,,,
1994.276718,1,140245.8894,0,0,1,159802.4909,0,0,WPSA,,,,,,,,,,,,,,,,,
1995.276718,1,140245.8894,0,0,1,159802.4909,0,0,WPSA,,,,,,,,,,,,,,,,,
1996.276718,1,140245.8894,0,0,1,159802.4909,0,0,WPSA,,,,,,,,,,,,,,,,,
1997.276718,1,140245.8894,0,0,1,159802.4909,0,0,WPSA,,,,,,,,,,,,,,,,,
1998.276718,1,140245.8894,0,0,1,159802.4909,0,0,WPSA,,,,,,,,,,,,,,,,,
1999.276718,1,140245.8894,0,0,1,159802.4909,0,0,WPSA,,,,,,,,,,,,,,,,,
2000.276718,1,140245.8894,0,0,1,159802.4909,0,0,WPSA,,,,,,,,,,,,,,,,,
2001.276718,1,140245.8894,0,0,1,159802.4909,0,0,WPSA,,,,,,,,,,,,,,,,,
2002.276718,1,140245.8894,0,0,1,159802.4909,0,0,WPSA,,,,,,,,,,,,,,,,,
2003.276718,1,140245.8894,0,0,1,159802.4909,0,0,WPSA,,,,,,,,,,,,,,,,,
2004.276718,1,140245.8894,0,0,1,159802.4909,0,0,WPSA,,,,,,,,,,,,,,,,,
2005.276718,1,140245.8894,0,0,1,159802.4909,0,0,WPSA,,,,,,,,,,,,,,,,,
2006.276718,1,140245.8894,0,0,1,159802.4909,0,0,WPSA,,,,,,,,,,,,,,,,,
2007.276718,1,140245.8894,0,0,1,159802.4909,0,0,WPSA,,,,,,,,,,,,,,,,,
2008.276718,1,140245.8894,0,0,1,159802.4909,0,0,WPSA,,,,,,,,,,,,,,,,,
2009.276718,1,140245.8894,0,0,1,159802.4909,0,0,WPSA,,,,,,,,,,,,,,,,,
2010.276718,1,140245.8894,0,0,1,159802.4909,0,0,WPSA,,,,,,,,,,,,,,,,,
2011.276718,1,140245.8894,0,0,1,159802.4909,0,0,WPSA,,,,,,,,,,,,,,,,,
2012.276718,1,140245.8894,0,0,1,159802.4909,0,0,WPSA,,,,,,,,,,,,,,,,,
2013.276718,1,140245.8894,0,0,1,159802.4909,0,0,WPSA,,,,,,,,,,,,,,,,,
2014.276718,1,140245.8894,0,0,1,159802.4909,0,0,WPSA,,,,,,,,,,,,,,,,,
2015.276718,1,140245.8894,0,0,1,159802.4909,0,0,WPSA,,,,,,,,,,,,,,,,,
2016.276718,1,140245.8894,0,0,1,159802.4909,0,0,WPSA,,,,,,,,,,,,,,,,,
2017.276718,1,140245.8894,0,0,1,159802.4909,0,0,WPSA,,,,,,,,,,,,,,,,,
2018.276718,1,140245.8894,0,0,1,159802.4909,0,0,WPSA,,,,,,,,,,,,,,,,,
2019.276718,1,140245.8894,0,0,1,159802.4909,0,0,WPSA,,,,,,,,,,,,,,,,,
2020.276718,1,140245.8894,0,0,1,159802.4909,0,0,WPSA,,,,,,,,,,,,,,,,,
2021.276718,1,140245.8894,0,0,1,159802.4909,0,0,WPSA,,,,,,,,,,,,,,,,,
2022.276718,1,140245.8894,0,0,1,159802.4909,0,0,WPSA,,,,,,,,,,,,,,,,,
2023.276718,1,140245.8894,0,0,1,159802.4909,0,0,WPSA,,,,,,,,,,,,,,,,,
2024.276718,1,140245.8894,0,0,1,159802.4909,0,0,WPSA,,,,,,,,,,,,,,,,,
2025.276718,1,140245.8894,0,0,1,159802.4909,0,0,WPSA,,,,,,,,,,,,,,,,,
2026.276718,1,140245.8894,0,0,1,159802.4909,0,0,WPSA,,,,,,,,,,,,,,,,,
2027.276718,1,140245.8894,0,0,1,159802.4909,0,0,WPSA,,,,,,,,,,,,,,,,,
2028.276718,1,140245.8894,0,0,1,159802.4909,0,0,WPSA,,,,,,,,,,,,,,,,,
2029.276718,1,140245.8894,0,0,1,159802.4909,0,0,WPSA,,,,,,,,,,,,,,,,,
2030.276718,1,140245.8894,0,0,1,159802.4909,0,0,WPSA,,,,,,,,,,,,,,,,,
2031.276718,1,140245.8894,0,0,1,159802.4909,0,0,WPSA,,,,,,,,,,,,,,,,,
2032.276718,1,140245.8894,0,0,1,159802.4909,0,0,WPSA,,,,,,,,,,,,,,,,,
2033.276718,1,140245.8894,0,0,1,159802.4909,0,0,WPSA,,,,,,,,,,,,,,,,,
2034.276718,1,140245.8894,0,0,1,159802.4909,0,0,WPSA,,,,,,,,,,,,,,,,,
2035.276718,1,140245.8894,0,0,1,159802.4909,0,0,WPSA,,,,,,,,,,,,,,,,,
2036.276718,1,140245.8894,0,0,1,159802.4909,0,0,WPSA,,,,,,,,,,,,,,,,,
2037.276718,1,140245.8894,0,0,1,159802.4909,0,0,WPSA,,,,,,,,,,,,,,,,,
2038.276718,1,140245.8894,0,0,1,159802.4909,0,0,WPSA,,,,,,,,,,,,,,,,,
2039.276718,1,140245.8894,0,0,1,159802.4909,0,0,WPSA,,,,,,,,,,,,,,,,,
2040.276718,1,140245.8894,0,0,1,159802.4909,0,0,WPSA,,,,,,,,,,,,,,,,,
2041.276718,1,140245.8894,0,0,1,159802.4909,0,0,WPSA,,,,,,,,,,,,,,,,,
2042.276718,1,140245.8894,0,0,1,159802.4909,0,0,WPSA,,,,,,,,,,,,,,,,,
2043.276718,1,140245.8894,0,0,1,159802.4909,0,0,WPSA,,,,,,,,,,,,,,,,,
2044.276718,1,140245.8894,0,0,1,159802.4909,0,0,WPSA,,,,,,,,,,,,,,,,,
2045.276718,1,140245.8894,0,0,1,159802.4909,0,0,WPSA,,,,,,,,,,,,,,,,,
2046.276718,1,140245.8894,0,0,1,159802.4909,0,0,WPSA,,,,,,,,,,,,,,,,,
2047.276718,1,140245.8894,0,0,1,159802.4909,0,0,WPSA,,,,,,,,,,,,,,,,,
2048.276718,1,140245.8894,0,0,1,159802.4909,0,0,WPSA,,,,,,,,,,,,,,,,,
2049.276718,1,140245.8894,0,0,1,159802.4909,0,0,WPSA,,,,,,,,,,,,,,,,,
2050.276718,1,140245.8894,0,0,1,159802.4909,0,0,WPSA,,,,,,,,,,,,,,,,,
2051.276718,1,140245.8894,0,0,1,159802.4909,0,0,WPSA,,,,,,,,,,,,,,,,,
2052.276718,1,140245.8894,0,0,1,159802.4909,0,0,WPSA,,,,,,,,,,,,,,,,,
2053.276718,1,140245.8894,0,0,1,159802.4909,0,0,WPSA,,,,,,,,,,,,,,,,,
2054.276718,1,140245.8894,0,0,1,159802.4909,0,0,WPSA,,,,,,,,,,,,,,,,,
2055.276718,1,140245.8894,0,0,1,159802.4909,0,0,WPSA,,,,,,,,,,,,,,,,,
2056.276718,1,140245.8894,0,0,1,159802.4909,0,0,WPSA,,,,,,,,,,,,,,,,,
2057.276718,1,140245.8894,0,0,1,159802.4909,0,0,WPSA,,,,,,,,,,,,,,,,,
2058.276718,1,140245.8894,0,0,1,159802.4909,0,0,WPSA,,,,,,,,,,,,,,,,,
2059.276718,1,140245.8894,0,0,1,159802.4909,0,0,WPSA,,,,,,,,,,,,,,,,,
2060.276718,1,140245.8894,0,0,1,159802.4909,0,0,WPSA,,,,,,,,,,,,,,,,,
2061.276718,1,140245.8894,0,0,1,159802.4909,0,0,WPSA,,,,,,,,,,,,,,,,,
2062.276718,1,140245.8894,0,0,1,159802.4909,0,0,WPSA,,,,,,,,,,,,,,,,,
2063.276718,1,140245.8894,0,0,1,159802.4909,0,0,WPSA,,,,,,,,,,,,,,,,,
2064.276718,1,140245.8894,0,0,1,159802.4909,0,0,WPSA,,,,,,,,,,,,,,,,,
2065.276718,1,140245.8894,0,0,1,159802.4909,0,0,WPSA,,,,,,,,,,,,,,,,,
2066.276718,1,140245.8894,0,0,1,159802.4909,0,0,WPSA,,,,,,,,,,,,,,,,,
2067.276718,1,140245.8894,0,0,1,159802.4909,0,0,WPSA,,,,,,,,,,,,,,,,,
2068.276718,1,140245.8894,0,0,1,159802.4909,0,0,WPSA,,,,,,,,,,,,,,,,,
2069.276718,1,140245.8894,0,0,1,159802.4909,0,0,WPSA,,,,,,,,,,,,,,,,,
2070.276718,1,140245.8894,0,0,1,159802.4909,0,0,WPSA,,,,,,,,,,,,,,,,,
2071.276718,1,140245.8894,0,0,1,159802.4909,0,0,WPSA,,,,,,,,,,,,,,,,,
2072.276718,1,140245.8894,0,0,1,159802.4909,0,0,WPSA,,,,,,,,,,,,,,,,,
2073.276718,1,140245.8894,0,0,1,159802.4909,0,0,WPSA,,,,,,,,,,,,,,,,,
2074.276718,1,140245.8894,0,0,1,159802.4909,0,0,WPSA,,,,,,,,,,,,,,,,,
2075.276718,1,140245.8894,0,0,1,159802.4909,0,0,WPSA,,,,,,,,,,,,,,,,,
2076.276718,1,140245.8894,0,0,1,159802.4909,0,0,WPSA,,,,,,,,,,,,,,,,,
2077.276718,1,140245.8894,0,0,1,159802.4909,0,0,WPSA,,,,,,,,,,,,,,,,,
2078.276718,1,140245.8894,0,0,1,159802.4909,0,0,WPSA,,,,,,,,,,,,,,,,,
2079.276718,1,140245.8894,0,0,1,159802.4909,0,0,WPSA,,,,,,,,,,,,,,,,,
2080.276718,1,140245.8894,0,0,1,159802.4909,0,0,WPSA,,,,,,,,,,,,,,,,,
2081.276718,1,140245.8894,0,0,1,159802.4909,0,0,WPSA,,,,,,,,,,,,,,,,,
2082.276718,1,140245.8894,0,0,1,159802.4909,0,0,WPSA,,,,,,,,,,,,,,,,,
2083.276718,1,140245.8894,0,0,1,159802.4909,0,0,WPSA,,,,,,,,,,,,,,,,,
2084.276718,1,140245.8894,0,0,1,159802.4909,0,0,WPSA,,,,,,,,,,,,,,,,,
2085.276718,1,140245.8894,0,0,1,159802.4909,0,0,WPSA,,,,,,,,,,,,,,,,,
2086.276718,1,140245.8894,0,0,1,159802.4909,0,0,WPSA,,,,,,,,,,,,,,,,,
2087.276718,1,140245.8894,0,0,1,159802.4909,0,0,WPSA,,,,,,,,,,,,,,,,,
2088.276718,1,140245.8894,0,0,1,159802.4909,0,0,WPSA,,,,,,,,,,,,,,,,,
2089.276718,1,140245.8894,0,0,1,159802.4909,0,0,WPSA,,,,,,,,,,,,,,,,,
2090.276718,1,140245.8894,0,0,1,159802.4909,0,0,WPSA,,,,,,,,,,,,,,,,,
2091.276718,1,140245.8894,0,0,1,159802.4909,0,0,WPSA,,,,,,,,,,,,,,,,,
2092.276718,1,140245.8894,0,0,1,159802.4909,0,0,WPSA,,,,,,,,,,,,,,,,,
2093.276718,1,140245.8894,0,0,1,159802.4909,0,0,WPSA,,,,,,,,,,,,,,,,,
2094.276718,1,140245.8894,0,0,1,159802.4909,0,0,WPSA,,,,,,,,,,,,,,,,,
2095.276718,1,140245.8894,0,0,1,159802.4909,0,0,WPSA,,,,,,,,,,,,,,,,,
2096.276718,1,140245.8894,0,0,1,159802.4909,0,0,WPSA,,,,,,,,,,,,,,,,,
2097.276718,1,140245.8894,0,0,1,159802.4909,0,0,WPSA,,,,,,,,,,,,,,,,,
2098.276718,1,140245.8894,0,0,1,159802.4909,0,0,WPSA,,,,,,,,,,,,,,,,,
2099.276718,1,140245.8894,0,0,1,159802.4909,0,0,WPSA,,,,,,,,,,,,,,,,,
2100.276718,1,140245.8894,0,0,1,159802.4909,0,0,WPSA,,,,,,,,,,,,,,,,,
2101.276718,1,140245.8894,0,0,1,159802.4909,0,0,WPSA,,,,,,,,,,,,,,,,,
2102.276718,1,140245.8894,0,0,1,159802.4909,0,0,WPSA,,,,,,,,,,,,,,,,,
2103.276718,1,140245.8894,0,0,1,159802.4909,0,0,WPSA,,,,,,,,,,,,,,,,,
2104.276718,1,140245.8894,0,0,1,159802.4909,0,0,WPSA,,,,,,,,,,,,,,,,,
2105.276718,1,140245.8894,0,0,1,159802.4909,0,0,WPSA,,,,,,,,,,,,,,,,,
2106.276718,1,140245.8894,0,0,1,159802.4909,0,0,WPSA,,,,,,,,,,,,,,,,,
2107.276718,1,140245.8894,0,0,1,159802.4909,0,0,WPSA,,,,,,,,,,,,,,,,,
2108.276718,1,140245.8894,0,0,1,159802.4909,0,0,WPSA,,,,,,,,,,,,,,,,,
2109.276718,1,140245.8894,0,0,1,159802.4909,0,0,WPSA,,,,,,,,,,,,,,,,,
2110.276718,1,140245.8894,0,0,1,159802.4909,0,0,WPSA,,,,,,,,,,,,,,,,,
2111.276718,1,140245.8894,0,0,1,159802.4909,0,0,WPSA,,,,,,,,,,,,,,,,,
2112.276718,1,140245.8894,0,0,1,159802.4909,0,0,WPSA,,,,,,,,,,,,,,,,,
2113.276718,1,140245.8894,0,0,1,159802.4909,0,0,WPSA,,,,,,,,,,,,,,,,,
2114.276718,1,140245.8894,0,0,1,159802.4909,0,0,WPSA,,,,,,,,,,,,,,,,,
2115.276718,1,140245.8894,0,0,1,159802.4909,0,0,WPSA,,,,,,,,,,,,,,,,,
2116.276718,1,140245.8894,0,0,1,159802.4909,0,0,WPSA,,,,,,,,,,,,,,,,,
2117.276718,1,140245.8894,0,0,1,159802.4909,0,0,WPSA,,,,,,,,,,,,,,,,,
2118.276718,1,140245.8894,0,0,1,159802.4909,0,0,WPSA,,,,,,,,,,,,,,,,,
2119.276718,1,140245.8894,0,0,1,159802.4909,0,0,WPSA,,,,,,,,,,,,,,,,,
2120.276718,1,140245.8894,0,0,1,159802.4909,0,0,WPSA,,,,,,,,,,,,,,,,,
2121.276718,1,140245.8894,0,0,1,159802.4909,0,0,WPSA,,,,,,,,,,,,,,,,,
2122.276718,1,140245.8894,0,0,1,159802.4909,0,0,WPSA,,,,,,,,,,,,,,,,,
2123.276718,1,140245.8894,0,0,1,159802.4909,0,0,WPSA,,,,,,,,,,,,,,,,,
2124.276718,1,140245.8894,0,0,1,159802.4909,0,0,WPSA,,,,,,,,,,,,,,,,,
2125.276718,1,140245.8894,0,0,1,159802.4909,0,0,WPSA,,,,,,,,,,,,,,,,,
2126.276718,1,140245.8894,0,0,1,159802.4909,0,0,WPSA,,,,,,,,,,,,,,,,,
2127.276718,1,140245.8894,0,0,1,159802.4909,0,0,WPSA,,,,,,,,,,,,,,,,,
2128.276718,1,140245.8894,0,0,1,159802.4909,0,0,WPSA,,,,,,,,,,,,,,,,,
2129.276718,1,140245.8894,0,0,1,159802.4909,0,0,WPSA,,,,,,,,,,,,,,,,,
2130.276718,1,140245.8894,0,0,1,159802.4909,0,0,WPSA,,,,,,,,,,,,,,,,,
2131.276718,1,140245.8894,0,0,1,159802.4909,0,0,WPSA,,,,,,,,,,,,,,,,,
2132.276718,1,140245.8894,0,0,1,159802.4909,0,0,WPSA,,,,,,,,,,,,,,,,,
2133.276718,1,140245.8894,0,0,1,159802.4909,0,0,WPSA,,,,,,,,,,,,,,,,,
2134.276718,1,140245.8894,0,0,1,159802.4909,0,0,WPSA,,,,,,,,,,,,,,,,,
2135.276718,1,140245.8894,0,0,1,159802.4909,0,0,WPSA,,,,,,,,,,,,,,,,,
2136.276718,1,140245.8894,0,0,1,159802.4909,0,0,WPSA,,,,,,,,,,,,,,,,,
2137.276718,1,140245.8894,0,0,1,159802.4909,0,0,WPSA,,,,,,,,,,,,,,,,,
2138.276718,1,140245.8894,0,0,1,159802.4909,0,0,WPSA,,,,,,,,,,,,,,,,,
2139.276718,1,140245.8894,0,0,1,159802.4909,0,0,WPSA,,,,,,,,,,,,,,,,,
2140.276718,1,140245.8894,0,0,1,159802.4909,0,0,WPSA,,,,,,,,,,,,,,,,,
2141.276718,1,140245.8894,0,0,1,159802.4909,0,0,WPSA,,,,,,,,,,,,,,,,,
2142.276718,1,140245.8894,0,0,1,159802.4909,0,0,WPSA,,,,,,,,,,,,,,,,,
2143.276718,1,140245.8894,0,0,1,159802.4909,0,0,WPSA,,,,,,,,,,,,,,,,,
2144.276718,1,140245.8894,0,0,1,159802.4909,0,0,WPSA,,,,,,,,,,,,,,,,,
2145.276718,1,140245.8894,0,0,1,159802.4909,0,0,WPSA,,,,,,,,,,,,,,,,,
2146.276718,1,140245.8894,0,0,1,159802.4909,0,0,WPSA,,,,,,,,,,,,,,,,,
2147.276718,1,140245.8894,0,0,1,159802.4909,0,0,WPSA,,,,,,,,,,,,,,,,,
2148.276718,1,140245.8894,0,0,1,159802.4909,0,0,WPSA,,,,,,,,,,,,,,,,,
2149.276718,1,140245.8894,0,0,1,159802.4909,0,0,WPSA,,,,,,,,,,,,,,,,,
2150.276718,1,140245.8894,0,0,1,159802.4909,0,0,WPSA,,,,,,,,,,,,,,,,,
2151.276718,1,140245.8894,0,0,1,159802.4909,0,0,WPSA,,,,,,,,,,,,,,,,,
2152.276718,1,140245.8894,0,0,1,159802.4909,0,0,WPSA,,,,,,,,,,,,,,,,,
2153.276718,1,140245.8894,0,0,1,159802.4909,0,0,WPSA,,,,,,,,,,,,,,,,,
2154.276718,1,140245.8894,0,0,1,159802.4909,0,0,WPSA,,,,,,,,,,,,,,,,,
2155.276718,1,140245.8894,0,0,1,159802.4909,0,0,WPSA,,,,,,,,,,,,,,,,,
2156.276718,1,140245.8894,0,0,1,159802.4909,0,0,WPSA,,,,,,,,,,,,,,,,,
2157.276718,1,140245.8894,0,0,1,159802.4909,0,0,WPSA,,,,,,,,,,,,,,,,,
2158.276718,1,140245.8894,0,0,1,159802.4909,0,0,WPSA,,,,,,,,,,,,,,,,,
2159.276718,1,140245.8894,0,0,1,159802.4909,0,0,WPSA,,,,,,,,,,,,,,,,,
2160.276718,1,140245.8894,0,0,1,159802.4909,0,0,WPSA,,,,,,,,,,,,,,,,,
2161.276718,1,140245.8894,0,0,1,159802.4909,0,0,WPSA,,,,,,,,,,,,,,,,,
2162.276718,1,140245.8894,0,0,1,159802.4909,0,0,WPSA,,,,,,,,,,,,,,,,,
2163.276718,1,140245.8894,0,0,1,159802.4909,0,0,WPSA,,,,,,,,,,,,,,,,,
2164.276718,1,140245.8894,0,0,1,159802.4909,0,0,WPSA,,,,,,,,,,,,,,,,,
2165.276718,1,140245.8894,0,0,1,159802.4909,0,0,WPSA,,,,,,,,,,,,,,,,,
2166.276718,1,140245.8894,0,0,1,159802.4909,0,0,WPSA,,,,,,,,,,,,,,,,,
2167.276718,1,140245.8894,0,0,1,159802.4909,0,0,WPSA,,,,,,,,,,,,,,,,,
2168.276718,1,140245.8894,0,0,1,159802.4909,0,0,WPSA,,,,,,,,,,,,,,,,,
2169.276718,1,140245.8894,0,0,1,159802.4909,0,0,WPSA,,,,,,,,,,,,,,,,,
2170.276718,1,140245.8894,0,0,1,159802.4909,0,0,WPSA,,,,,,,,,,,,,,,,,
2171.276718,1,140245.8894,0,0,1,159802.4909,0,0,WPSA,,,,,,,,,,,,,,,,,
2172.276718,1,140245.8894,0,0,1,159802.4909,0,0,WPSA,,,,,,,,,,,,,,,,,
2173.276718,1,140245.8894,0,0,1,159802.4909,0,0,WPSA,,,,,,,,,,,,,,,,,
2174.276718,1,140245.8894,0,0,1,159802.4909,0,0,WPSA,,,,,,,,,,,,,,,,,
2175.276718,1,140245.8894,0,0,1,159802.4909,0,0,WPSA,,,,,,,,,,,,,,,,,
2176.276718,1,140245.8894,0,0,1,159802.4909,0,0,WPSA,,,,,,,,,,,,,,,,,
2177.276718,1,140245.8894,0,0,1,159802.4909,0,0,WPSA,,,,,,,,,,,,,,,,,
2178.276718,1,140245.8894,0,0,1,159802.4909,0,0,WPSA,,,,,,,,,,,,,,,,,
2179.276718,1,140245.8894,0,0,1,159802.4909,0,0,WPSA,,,,,,,,,,,,,,,,,
2180.276718,1,140245.8894,0,0,1,159802.4909,0,0,WPSA,,,,,,,,,,,,,,,,,
2181.276718,1,140245.8894,0,0,1,159802.4909,0,0,WPSA,,,,,,,,,,,,,,,,,
2182.276718,1,140245.8894,0,0,1,159802.4909,0,0,WPSA,,,,,,,,,,,,,,,,,
2183.276718,1,140245.8894,0,0,1,159802.4909,0,0,WPSA,,,,,,,,,,,,,,,,,
2184.276718,1,140245.8894,0,0,1,159802.4909,0,0,WPSA,,,,,,,,,,,,,,,,,
2185.276718,1,140245.8894,0,0,1,159802.4909,0,0,WPSA,,,,,,,,,,,,,,,,,
2186.276718,1,140245.8894,0,0,1,159802.4909,0,0,WPSA,,,,,,,,,,,,,,,,,
2187.276718,1,140245.8894,0,0,1,159802.4909,0,0,WPSA,,,,,,,,,,,,,,,,,
2188.276718,1,140245.8894,0,0,1,159802.4909,0,0,WPSA,,,,,,,,,,,,,,,,,
2189.276718,1,140245.8894,0,0,1,159802.4909,0,0,WPSA,,,,,,,,,,,,,,,,,
2190.276718,1,140245.8894,0,0,1,159802.4909,0,0,WPSA,,,,,,,,,,,,,,,,,
2191.276718,1,140245.8894,0,0,1,159802.4909,0,0,WPSA,,,,,,,,,,,,,,,,,
2192.276718,1,140245.8894,0,0,1,159802.4909,0,0,WPSA,,,,,,,,,,,,,,,,,
2193.276718,1,140245.8894,0,0,1,159802.4909,0,0,WPSA,,,,,,,,,,,,,,,,,
2194.276718,1,140245.8894,0,0,1,159802.4909,0,0,WPSA,,,,,,,,,,,,,,,,,
2195.276718,1,140245.8894,0,0,1,159802.4909,0,0,WPSA,,,,,,,,,,,,,,,,,
2196.276718,1,140245.8894,0,0,1,159802.4909,0,0,WPSA,,,,,,,,,,,,,,,,,
2197.276718,1,140245.8894,0,0,1,159802.4909,0,0,WPSA,,,,,,,,,,,,,,,,,
2198.276718,1,140245.8894,0,0,1,159802.4909,0,0,WPSA,,,,,,,,,,,,,,,,,
2199.276718,1,140245.8894,0,0,1,159802.4909,0,0,WPSA,,,,,,,,,,,,,,,,,
2200.276718,1,140245.8894,0,0,1,159802.4909,0,0,WPSA,,,,,,,,,,,,,,,,,
2201.276718,1,140245.8894,0,0,1,159802.4909,0,0,WPSA,,,,,,,,,,,,,,,,,
2202.276718,1,140245.8894,0,0,1,159802.4909,0,0,WPSA,,,,,,,,,,,,,,,,,
2203.276718,1,140245.8894,0,0,1,159802.4909,0,0,WPSA,,,,,,,,,,,,,,,,,
2204.276718,1,140245.8894,0,0,1,159802.4909,0,0,WPSA,,,,,,,,,,,,,,,,,
2205.276718,1,140245.8894,0,0,1,159802.4909,0,0,WPSA,,,,,,,,,,,,,,,,,
2206.276718,1,140245.8894,0,0,1,159802.4909,0,0,WPSA,,,,,,,,,,,,,,,,,
2207.276718,1,140245.8894,0,0,1,159802.4909,0,0,WPSA,,,,,,,,,,,,,,,,,
2208.276718,1,140245.8894,0,0,1,159802.4909,0,0,WPSA,,,,,,,,,,,,,,,,,
2209.276718,1,140245.8894,0,0,1,159802.4909,1,197805.1554,WPSA,,,,,,,,,,,,,,,,,
2210.276718,1,140245.8894,0,0,1,159802.4909,1,197805.1554,WPSA,,,,,,,,,,,,,,,,,
2211.276718,1,140245.8894,0,0,1,159802.4909,1,197805.1554,WPSA,,,,,,,,,,,,,,,,,
2212.276718,1,140245.8894,0,0,1,159802.4909,1,197805.1554,WPSA,,,,,,,,,,,,,,,,,
2213.276718,1,140245.8894,0,0,1,159802.4909,1,197805.1554,WPSA,,,,,,,,,,,,,,,,,
2214.276718,1,140245.8894,0,0,1,159802.4909,1,197805.1554,WPSA,,,,,,,,,,,,,,,,,
2215.276718,1,140245.8894,0,0,1,159802.4909,1,197805.1554,WPSA,,,,,,,,,,,,,,,,,
2216.276718,1,140245.8894,0,0,1,159802.4909,1,197805.1554,WPSA,,,,,,,,,,,,,,,,,
2217.276718,1,140245.8894,0,0,1,159802.4909,1,197805.1554,WPSA,,,,,,,,,,,,,,,,,
2218.276718,1,140245.8894,0,0,1,159802.4909,1,197805.1554,WPSA,,,,,,,,,,,,,,,,,
2219.276718,1,140245.8894,0,0,1,159802.4909,1,197805.1554,WPSA,,,,,,,,,,,,,,,,,
2220.276718,1,140245.8894,0,0,1,159802.4909,1,197805.1554,WPSA,,,,,,,,,,,,,,,,,
2221.276718,1,140245.8894,0,0,1,159802.4909,1,197805.1554,WPSA,,,,,,,,,,,,,,,,,
2222.276718,1,140245.8894,0,0,1,159802.4909,1,197805.1554,WPSA,,,,,,,,,,,,,,,,,
2223.276718,1,140245.8894,0,0,1,159802.4909,1,197805.1554,WPSA,,,,,,,,,,,,,,,,,
2224.276718,1,140245.8894,0,0,1,159802.4909,1,197805.1554,WPSA,,,,,,,,,,,,,,,,,
2225.276718,1,140245.8894,0,0,1,159802.4909,1,197805.1554,WPSA,,,,,,,,,,,,,,,,,
2226.276718,1,140245.8894,0,0,1,159802.4909,1,197805.1554,WPSA,,,,,,,,,,,,,,,,,
2227.276718,1,140245.8894,0,0,1,159802.4909,1,197805.1554,WPSA,,,,,,,,,,,,,,,,,
2228.276718,1,140245.8894,0,0,1,159802.4909,1,197805.1554,WPSA,,,,,,,,,,,,,,,,,
2229.276718,1,140245.8894,0,0,1,159802.4909,1,197805.1554,WPSA,,,,,,,,,,,,,,,,,
2230.276718,1,140245.8894,0,0,1,159802.4909,1,197805.1554,WPSA,,,,,,,,,,,,,,,,,
2231.276718,1,140245.8894,0,0,1,159802.4909,1,197805.1554,WPSA,,,,,,,,,,,,,,,,,
2232.276718,1,140245.8894,0,0,1,159802.4909,1,197805.1554,WPSA,,,,,,,,,,,,,,,,,
2233.276718,1,140245.8894,0,0,1,159802.4909,1,197805.1554,WPSA,,,,,,,,,,,,,,,,,
2234.276718,1,140245.8894,0,0,1,159802.4909,1,197805.1554,WPSA,,,,,,,,,,,,,,,,,
2235.276718,1,140245.8894,0,0,1,159802.4909,1,197805.1554,WPSA,,,,,,,,,,,,,,,,,
2236.276718,1,140245.8894,0,0,1,159802.4909,1,197805.1554,WPSA,,,,,,,,,,,,,,,,,
2237.276718,1,140245.8894,0,0,1,159802.4909,1,197805.1554,WPSA,,,,,,,,,,,,,,,,,
2238.276718,1,140245.8894,0,0,1,159802.4909,1,197805.1554,WPSA,,,,,,,,,,,,,,,,,
2239.276718,1,140245.8894,0,0,1,159802.4909,1,197805.1554,WPSA,,,,,,,,,,,,,,,,,
2240.276718,1,140245.8894,0,0,1,159802.4909,1,197805.1554,WPSA,,,,,,,,,,,,,,,,,
2241.276718,1,140245.8894,0,0,1,159802.4909,1,197805.1554,WPSA,,,,,,,,,,,,,,,,,
2242.276718,1,140245.8894,0,0,1,159802.4909,1,197805.1554,WPSA,,,,,,,,,,,,,,,,,
2243.276718,1,140245.8894,0,0,1,159802.4909,1,197805.1554,WPSA,,,,,,,,,,,,,,,,,
2244.276718,1,140245.8894,0,0,1,159802.4909,1,197805.1554,WPSA,,,,,,,,,,,,,,,,,
2245.276718,1,140245.8894,0,0,1,159802.4909,1,197805.1554,WPSA,,,,,,,,,,,,,,,,,
2246.276718,1,140245.8894,0,0,1,159802.4909,1,197805.1554,WPSA,,,,,,,,,,,,,,,,,
2247.276718,1,140245.8894,0,0,1,159802.4909,1,197805.1554,WPSA,,,,,,,,,,,,,,,,,
2248.276718,1,140245.8894,0,0,1,159802.4909,1,197805.1554,WPSA,,,,,,,,,,,,,,,,,
2249.276718,1,140245.8894,0,0,1,159802.4909,1,197805.1554,WPSA,,,,,,,,,,,,,,,,,
2250.276718,1,140245.8894,0,0,1,159802.4909,1,197805.1554,WPSA,,,,,,,,,,,,,,,,,
2251.276718,1,140245.8894,0,0,1,159802.4909,1,197805.1554,WPSA,,,,,,,,,,,,,,,,,
2252.276718,1,140245.8894,0,0,1,159802.4909,1,197805.1554,WPSA,,,,,,,,,,,,,,,,,
2253.276718,1,140245.8894,0,0,1,159802.4909,1,197805.1554,WPSA,,,,,,,,,,,,,,,,,
2254.276718,1,140245.8894,0,0,1,159802.4909,1,197805.1554,WPSA,,,,,,,,,,,,,,,,,
2255.276718,1,140245.8894,0,0,1,159802.4909,1,197805.1554,WPSA,,,,,,,,,,,,,,,,,
2256.276718,1,140245.8894,0,0,1,159802.4909,1,197805.1554,WPSA,,,,,,,,,,,,,,,,,
2257.276718,1,140245.8894,0,0,1,159802.4909,1,197805.1554,WPSA,,,,,,,,,,,,,,,,,
2258.276718,1,140245.8894,0,0,1,159802.4909,1,197805.1554,WPSA,,,,,,,,,,,,,,,,,
2259.276718,1,140245.8894,0,0,1,159802.4909,1,197805.1554,WPSA,,,,,,,,,,,,,,,,,
2260.276718,1,140245.8894,0,0,1,159802.4909,1,197805.1554,WPSA,,,,,,,,,,,,,,,,,
2261.276718,1,140245.8894,0,0,1,159802.4909,1,197805.1554,WPSA,,,,,,,,,,,,,,,,,
2262.276718,1,140245.8894,0,0,1,159802.4909,1,197805.1554,WPSA,,,,,,,,,,,,,,,,,
2263.276718,1,140245.8894,0,0,1,159802.4909,1,197805.1554,WPSA,,,,,,,,,,,,,,,,,
2264.276718,1,140245.8894,0,0,1,159802.4909,1,197805.1554,WPSA,,,,,,,,,,,,,,,,,
2265.276718,1,140245.8894,0,0,1,159802.4909,1,197805.1554,WPSA,,,,,,,,,,,,,,,,,
2266.276718,1,140245.8894,0,0,1,159802.4909,1,197805.1554,WPSA,,,,,,,,,,,,,,,,,
2267.276718,1,140245.8894,0,0,1,159802.4909,1,197805.1554,WPSA,,,,,,,,,,,,,,,,,
2268.276718,1,140245.8894,0,0,1,159802.4909,1,197805.1554,WPSA,,,,,,,,,,,,,,,,,
2269.276718,1,140245.8894,0,0,1,159802.4909,1,197805.1554,WPSA,,,,,,,,,,,,,,,,,
2270.276718,1,140245.8894,0,0,1,159802.4909,1,197805.1554,WPSA,,,,,,,,,,,,,,,,,
2271.276718,0,0,0,0,1,159802.4909,1,197805.1554,DS34,,,,,,,,,,,,,,,,,
2272.276718,0,0,0,0,1,159802.4909,1,197805.1554,DS34,,,,,,,,,,,,,,,,,
2273.276718,0,0,0,0,1,159802.4909,1,197805.1554,DS34,,,,,,,,,,,,,,,,,
2274.276718,0,0,0,0,1,159802.4909,1,197805.1554,DS34,,,,,,,,,,,,,,,,,
2275.276718,0,0,0,0,1,159802.4909,1,197805.1554,DS34,,,,,,,,,,,,,,,,,
2276.276718,0,0,0,0,1,159802.4909,1,197805.1554,DS34,,,,,,,,,,,,,,,,,
2277.276718,0,0,0,0,1,159802.4909,1,197805.1554,DS34,,,,,,,,,,,,,,,,,
2278.276718,0,0,0,0,1,159802.4909,1,197805.1554,DS34,,,,,,,,,,,,,,,,,
2279.276718,0,0,0,0,1,159802.4909,1,197805.1554,DS34,,,,,,,,,,,,,,,,,
2280.276718,0,0,0,0,1,159802.4909,1,197805.1554,DS34,,,,,,,,,,,,,,,,,
2281.276718,0,0,0,0,1,159802.4909,1,197805.1554,DS34,,,,,,,,,,,,,,,,,
2282.276718,0,0,0,0,1,159802.4909,1,197805.1554,DS34,,,,,,,,,,,,,,,,,
2283.276718,0,0,0,0,1,159802.4909,1,197805.1554,DS34,,,,,,,,,,,,,,,,,
2284.276718,0,0,0,0,1,159802.4909,1,197805.1554,DS34,,,,,,,,,,,,,,,,,
2285.276718,0,0,0,0,1,159802.4909,1,197805.1554,DS34,,,,,,,,,,,,,,,,,
2286.276718,0,0,0,0,1,159802.4909,1,197805.1554,DS34,,,,,,,,,,,,,,,,,
2287.276718,0,0,0,0,1,159802.4909,1,197805.1554,DS34,,,,,,,,,,,,,,,,,
2288.276718,0,0,0,0,1,159802.4909,1,197805.1554,DS34,,,,,,,,,,,,,,,,,
2289.276718,0,0,0,0,1,159802.4909,1,197805.1554,DS34,,,,,,,,,,,,,,,,,
2290.276718,0,0,0,0,1,159802.4909,1,197805.1554,DS34,,,,,,,,,,,,,,,,,
2291.276718,0,0,0,0,1,159802.4909,1,197805.1554,DS34,,,,,,,,,,,,,,,,,
2292.276718,0,0,0,0,1,159802.4909,1,197805.1554,DS34,,,,,,,,,,,,,,,,,
2293.276718,0,0,0,0,1,159802.4909,1,197805.1554,DS34,,,,,,,,,,,,,,,,,
2294.276718,0,0,0,0,1,159802.4909,1,197805.1554,DS34,,,,,,,,,,,,,,,,,
2295.276718,0,0,0,0,1,159802.4909,1,197805.1554,DS34,,,,,,,,,,,,,,,,,
2296.276718,0,0,0,0,1,159802.4909,1,197805.1554,DS34,,,,,,,,,,,,,,,,,
2297.276718,0,0,0,0,1,159802.4909,1,197805.1554,DS34,,,,,,,,,,,,,,,,,
2298.276718,0,0,0,0,1,159802.4909,1,197805.1554,DS34,,,,,,,,,,,,,,,,,
2299.276718,0,0,0,0,1,159802.4909,1,197805.1554,DS34,,,,,,,,,,,,,,,,,
2300.276718,0,0,0,0,1,159802.4909,1,197805.1554,DS34,,,,,,,,,,,,,,,,,
2301.276718,0,0,0,0,1,159802.4909,1,197805.1554,DS34,,,,,,,,,,,,,,,,,
2302.276718,0,0,0,0,1,159802.4909,1,197805.1554,DS34,,,,,,,,,,,,,,,,,
2303.276718,0,0,0,0,1,159802.4909,1,197805.1554,DS34,,,,,,,,,,,,,,,,,
2304.276718,0,0,0,0,1,159802.4909,1,197805.1554,DS34,,,,,,,,,,,,,,,,,
2305.276718,0,0,0,0,1,159802.4909,1,197805.1554,DS34,,,,,,,,,,,,,,,,,
2306.276718,0,0,0,0,1,159802.4909,1,197805.1554,DS34,,,,,,,,,,,,,,,,,
2307.276718,0,0,0,0,1,159802.4909,1,197805.1554,DS34,,,,,,,,,,,,,,,,,
2308.276718,0,0,0,0,1,159802.4909,1,197805.1554,DS34,,,,,,,,,,,,,,,,,
2309.276718,0,0,0,0,1,159802.4909,1,197805.1554,DS34,,,,,,,,,,,,,,,,,
2310.276718,0,0,0,0,1,159802.4909,1,197805.1554,DS34,,,,,,,,,,,,,,,,,
2311.276718,0,0,0,0,1,159802.4909,1,197805.1554,DS34,,,,,,,,,,,,,,,,,
2312.276718,0,0,0,0,1,159802.4909,1,197805.1554,DS34,,,,,,,,,,,,,,,,,
2313.276718,0,0,0,0,1,159802.4909,1,197805.1554,DS34,,,,,,,,,,,,,,,,,
2314.276718,0,0,0,0,1,159802.4909,1,197805.1554,DS34,,,,,,,,,,,,,,,,,
2315.276718,0,0,0,0,1,159802.4909,1,197805.1554,DS34,,,,,,,,,,,,,,,,,
2316.276718,0,0,0,0,1,159802.4909,1,197805.1554,DS34,,,,,,,,,,,,,,,,,
2317.276718,0,0,0,0,1,159802.4909,1,197805.1554,DS34,,,,,,,,,,,,,,,,,
2318.276718,0,0,0,0,1,159802.4909,1,197805.1554,DS34,,,,,,,,,,,,,,,,,
2319.276718,0,0,0,0,1,159802.4909,1,197805.1554,DS34,,,,,,,,,,,,,,,,,
2320.276718,0,0,0,0,1,159802.4909,1,197805.1554,DS34,,,,,,,,,,,,,,,,,
2321.276718,0,0,0,0,1,159802.4909,1,197805.1554,DS34,,,,,,,,,,,,,,,,,
2322.276718,0,0,0,0,1,159802.4909,1,197805.1554,DS34,,,,,,,,,,,,,,,,,
2323.276718,0,0,0,0,1,159802.4909,1,197805.1554,DS34,,,,,,,,,,,,,,,,,
2324.276718,0,0,0,0,1,159802.4909,1,197805.1554,DS34,,,,,,,,,,,,,,,,,
2325.276718,0,0,0,0,1,159802.4909,1,197805.1554,DS34,,,,,,,,,,,,,,,,,
2326.276718,0,0,0,0,1,159802.4909,1,197805.1554,DS34,,,,,,,,,,,,,,,,,
2327.276718,0,0,0,0,1,159802.4909,1,197805.1554,DS34,,,,,,,,,,,,,,,,,
2328.276718,0,0,0,0,1,159802.4909,1,197805.1554,DS34,,,,,,,,,,,,,,,,,
2329.276718,0,0,0,0,1,159802.4909,1,197805.1554,DS34,,,,,,,,,,,,,,,,,
2330.276718,0,0,0,0,1,159802.4909,1,197805.1554,DS34,,,,,,,,,,,,,,,,,
2331.276718,0,0,0,0,1,159802.4909,1,197805.1554,DS34,,,,,,,,,,,,,,,,,
2332.276718,0,0,0,0,1,159802.4909,1,197805.1554,DS34,,,,,,,,,,,,,,,,,
2333.276718,0,0,0,0,1,159802.4909,1,197805.1554,DS34,,,,,,,,,,,,,,,,,
2334.276718,0,0,0,0,1,159802.4909,1,197805.1554,DS34,,,,,,,,,,,,,,,,,
2335.276718,0,0,0,0,1,159802.4909,1,197805.1554,DS34,,,,,,,,,,,,,,,,,
2336.276718,0,0,0,0,1,159802.4909,1,197805.1554,DS34,,,,,,,,,,,,,,,,,
2337.276718,0,0,0,0,1,159802.4909,1,197805.1554,DS34,,,,,,,,,,,,,,,,,
2338.276718,0,0,0,0,1,159802.4909,1,197805.1554,DS34,,,,,,,,,,,,,,,,,
2339.276718,0,0,0,0,1,159802.4909,1,197805.1554,DS34,,,,,,,,,,,,,,,,,
2340.276718,0,0,0,0,1,159802.4909,1,197805.1554,DS34,,,,,,,,,,,,,,,,,
2341.276718,0,0,0,0,1,159802.4909,1,197805.1554,DS34,,,,,,,,,,,,,,,,,
2342.276718,0,0,0,0,1,159802.4909,1,197805.1554,DS34,,,,,,,,,,,,,,,,,
2343.276718,0,0,0,0,1,159802.4909,1,197805.1554,DS34,,,,,,,,,,,,,,,,,
2344.276718,0,0,0,0,1,159802.4909,1,197805.1554,DS34,,,,,,,,,,,,,,,,,
2345.276718,0,0,0,0,1,159802.4909,1,197805.1554,DS34,,,,,,,,,,,,,,,,,
2346.276718,0,0,0,0,1,159802.4909,1,197805.1554,DS34,,,,,,,,,,,,,,,,,
2347.276718,0,0,0,0,1,159802.4909,1,197805.1554,DS34,,,,,,,,,,,,,,,,,
2348.276718,0,0,0,0,1,159802.4909,1,197805.1554,DS34,,,,,,,,,,,,,,,,,
2349.276718,0,0,0,0,1,159802.4909,1,197805.1554,DS34,,,,,,,,,,,,,,,,,
2350.276718,0,0,0,0,1,159802.4909,1,197805.1554,DS34,,,,,,,,,,,,,,,,,
2351.276718,0,0,0,0,1,159802.4909,1,197805.1554,DS34,,,,,,,,,,,,,,,,,
2352.276718,0,0,0,0,1,159802.4909,1,197805.1554,DS34,,,,,,,,,,,,,,,,,
2353.276718,0,0,0,0,1,159802.4909,1,197805.1554,DS34,,,,,,,,,,,,,,,,,
2354.276718,0,0,0,0,1,159802.4909,1,197805.1554,DS34,,,,,,,,,,,,,,,,,
2355.276718,0,0,0,0,1,159802.4909,1,197805.1554,DS34,,,,,,,,,,,,,,,,,
2356.276718,0,0,0,0,1,159802.4909,1,197805.1554,DS34,,,,,,,,,,,,,,,,,
2357.276718,0,0,0,0,1,159802.4909,1,197805.1554,DS34,,,,,,,,,,,,,,,,,
2358.276718,0,0,0,0,1,159802.4909,1,197805.1554,DS34,,,,,,,,,,,,,,,,,
2359.276718,0,0,0,0,1,159802.4909,1,197805.1554,DS34,,,,,,,,,,,,,,,,,
2360.276718,0,0,0,0,1,159802.4909,1,197805.1554,DS34,,,,,,,,,,,,,,,,,
2361.276718,0,0,0,0,1,159802.4909,1,197805.1554,DS34,,,,,,,,,,,,,,,,,
2362.276718,0,0,0,0,1,159802.4909,1,197805.1554,DS34,,,,,,,,,,,,,,,,,
2363.276718,0,0,0,0,1,159802.4909,1,197805.1554,DS34,,,,,,,,,,,,,,,,,
2364.276718,0,0,0,0,1,159802.4909,1,197805.1554,DS34,,,,,,,,,,,,,,,,,
2365.276718,0,0,0,0,1,159802.4909,1,197805.1554,DS34,,,,,,,,,,,,,,,,,
2366.276718,0,0,0,0,1,159802.4909,1,197805.1554,DS34,,,,,,,,,,,,,,,,,
2367.276718,0,0,0,0,1,159802.4909,1,197805.1554,DS34,,,,,,,,,,,,,,,,,
2368.276718,0,0,0,0,1,159802.4909,1,197805.1554,DS34,,,,,,,,,,,,,,,,,
2369.276718,0,0,0,0,1,159802.4909,1,197805.1554,DS34,,,,,,,,,,,,,,,,,
2370.276718,0,0,0,0,1,159802.4909,1,197805.1554,DS34,,,,,,,,,,,,,,,,,
2371.276718,0,0,0,0,1,159802.4909,1,197805.1554,DS34,,,,,,,,,,,,,,,,,
2372.276718,0,0,0,0,1,159802.4909,1,197805.1554,DS34,,,,,,,,,,,,,,,,,
2373.276718,0,0,0,0,1,159802.4909,1,197805.1554,DS34,,,,,,,,,,,,,,,,,
2374.276718,0,0,0,0,1,159802.4909,1,197805.1554,DS34,,,,,,,,,,,,,,,,,
2375.276718,0,0,0,0,1,159802.4909,1,197805.1554,DS34,,,,,,,,,,,,,,,,,
2376.276718,0,0,0,0,1,159802.4909,1,197805.1554,DS34,,,,,,,,,,,,,,,,,
2377.276718,0,0,0,0,1,159802.4909,1,197805.1554,DS34,,,,,,,,,,,,,,,,,
2378.276718,0,0,0,0,1,159802.4909,1,197805.1554,DS34,,,,,,,,,,,,,,,,,
2379.276718,0,0,0,0,1,159802.4909,1,197805.1554,DS34,,,,,,,,,,,,,,,,,
2380.276718,0,0,0,0,1,159802.4909,1,197805.1554,DS34,,,,,,,,,,,,,,,,,
2381.276718,0,0,0,0,1,159802.4909,1,197805.1554,DS34,,,,,,,,,,,,,,,,,
2382.276718,0,0,0,0,1,159802.4909,1,197805.1554,DS34,,,,,,,,,,,,,,,,,
2383.276718,0,0,0,0,1,159802.4909,1,197805.1554,DS34,,,,,,,,,,,,,,,,,
2384.276718,0,0,0,0,1,159802.4909,1,197805.1554,DS34,,,,,,,,,,,,,,,,,
2385.276718,0,0,0,0,1,159802.4909,1,197805.1554,DS34,,,,,,,,,,,,,,,,,
2386.276718,0,0,0,0,1,159802.4909,1,197805.1554,DS34,,,,,,,,,,,,,,,,,
2387.276718,0,0,0,0,1,159802.4909,1,197805.1554,DS34,,,,,,,,,,,,,,,,,
2388.276718,0,0,0,0,1,159802.4909,1,197805.1554,DS34,,,,,,,,,,,,,,,,,
2389.276718,0,0,0,0,1,159802.4909,1,197805.1554,DS34,,,,,,,,,,,,,,,,,
2390.276718,0,0,0,0,1,159802.4909,1,197805.1554,DS34,,,,,,,,,,,,,,,,,
2391.276718,0,0,0,0,1,159802.4909,1,197805.1554,DS34,,,,,,,,,,,,,,,,,
2392.276718,0,0,0,0,1,159802.4909,1,197805.1554,DS34,,,,,,,,,,,,,,,,,
2393.276718,0,0,0,0,1,159802.4909,1,197805.1554,DS34,,,,,,,,,,,,,,,,,
2394.276718,0,0,0,0,1,159802.4909,1,197805.1554,DS34,,,,,,,,,,,,,,,,,
2395.276718,0,0,0,0,1,159802.4909,1,197805.1554,DS34,,,,,,,,,,,,,,,,,
2396.276718,0,0,0,0,1,159802.4909,1,197805.1554,DS34,,,,,,,,,,,,,,,,,
2397.276718,0,0,0,0,1,159802.4909,1,197805.1554,DS34,,,,,,,,,,,,,,,,,
2398.276718,0,0,0,0,1,159802.4909,1,197805.1554,DS34,,,,,,,,,,,,,,,,,
2399.276718,0,0,0,0,1,159802.4909,1,197805.1554,DS34,,,,,,,,,,,,,,,,,
2400.276718,0,0,0,0,1,159802.4909,1,197805.1554,DS34,,,,,,,,,,,,,,,,,
2401.276718,0,0,0,0,1,159802.4909,1,197805.1554,DS34,,,,,,,,,,,,,,,,,
2402.276718,0,0,0,0,1,159802.4909,1,197805.1554,DS34,,,,,,,,,,,,,,,,,
2403.276718,0,0,0,0,1,159802.4909,1,197805.1554,DS34,,,,,,,,,,,,,,,,,
2404.276718,0,0,0,0,1,159802.4909,1,197805.1554,DS34,,,,,,,,,,,,,,,,,
2405.276718,0,0,0,0,1,159802.4909,1,197805.1554,DS34,,,,,,,,,,,,,,,,,
2406.276718,0,0,0,0,1,159802.4909,1,197805.1554,DS34,,,,,,,,,,,,,,,,,
2407.276718,0,0,0,0,1,159802.4909,1,197805.1554,DS34,,,,,,,,,,,,,,,,,
2408.276718,0,0,0,0,1,159802.4909,1,197805.1554,DS34,,,,,,,,,,,,,,,,,
2409.276718,0,0,0,0,1,159802.4909,1,197805.1554,DS34,,,,,,,,,,,,,,,,,
2410.276718,0,0,0,0,1,159802.4909,1,197805.1554,DS34,,,,,,,,,,,,,,,,,
2411.276718,0,0,0,0,1,159802.4909,1,197805.1554,DS34,,,,,,,,,,,,,,,,,
2412.276718,0,0,0,0,1,159802.4909,1,197805.1554,DS34,,,,,,,,,,,,,,,,,
2413.276718,0,0,0,0,1,159802.4909,1,197805.1554,DS34,,,,,,,,,,,,,,,,,
2414.276718,0,0,0,0,1,159802.4909,1,197805.1554,DS34,,,,,,,,,,,,,,,,,
2415.276718,0,0,0,0,1,159802.4909,1,197805.1554,DS34,,,,,,,,,,,,,,,,,
2416.276718,0,0,0,0,1,159802.4909,1,197805.1554,DS34,,,,,,,,,,,,,,,,,
2417.276718,0,0,0,0,1,159802.4909,1,197805.1554,DS34,,,,,,,,,,,,,,,,,
2418.276718,0,0,0,0,1,159802.4909,1,197805.1554,DS34,,,,,,,,,,,,,,,,,
2419.276718,0,0,0,0,1,159802.4909,1,197805.1554,DS34,,,,,,,,,,,,,,,,,
2420.276718,0,0,0,0,1,159802.4909,1,197805.1554,DS34,,,,,,,,,,,,,,,,,
2421.276718,0,0,0,0,1,159802.4909,1,197805.1554,DS34,,,,,,,,,,,,,,,,,
2422.276718,0,0,0,0,1,159802.4909,1,197805.1554,DS34,,,,,,,,,,,,,,,,,
2423.276718,0,0,0,0,1,159802.4909,1,197805.1554,DS34,,,,,,,,,,,,,,,,,
2424.276718,0,0,0,0,1,159802.4909,1,197805.1554,DS34,,,,,,,,,,,,,,,,,
2425.276718,0,0,0,0,1,159802.4909,1,197805.1554,DS34,,,,,,,,,,,,,,,,,
2426.276718,0,0,0,0,1,159802.4909,1,197805.1554,DS34,,,,,,,,,,,,,,,,,
2427.276718,0,0,0,0,1,159802.4909,1,197805.1554,DS34,,,,,,,,,,,,,,,,,
2428.276718,0,0,0,0,1,159802.4909,1,197805.1554,DS34,,,,,,,,,,,,,,,,,
2429.276718,0,0,0,0,1,159802.4909,1,197805.1554,DS34,,,,,,,,,,,,,,,,,
2430.276718,0,0,0,0,1,159802.4909,1,197805.1554,DS34,,,,,,,,,,,,,,,,,
2431.276718,0,0,0,0,1,159802.4909,1,197805.1554,DS34,,,,,,,,,,,,,,,,,
2432.276718,0,0,0,0,1,159802.4909,1,197805.1554,DS34,,,,,,,,,,,,,,,,,
2433.276718,0,0,0,0,1,159802.4909,1,197805.1554,DS34,,,,,,,,,,,,,,,,,
2434.276718,0,0,0,0,1,159802.4909,1,197805.1554,DS34,,,,,,,,,,,,,,,,,
2435.276718,0,0,0,0,1,159802.4909,1,197805.1554,DS34,,,,,,,,,,,,,,,,,
2436.276718,0,0,0,0,1,159802.4909,1,197805.1554,DS34,,,,,,,,,,,,,,,,,
2437.276718,0,0,0,0,1,159802.4909,1,197805.1554,DS34,,,,,,,,,,,,,,,,,
2438.276718,0,0,0,0,1,159802.4909,1,197805.1554,DS34,,,,,,,,,,,,,,,,,
2439.276718,0,0,0,0,1,159802.4909,1,197805.1554,DS34,,,,,,,,,,,,,,,,,
2440.276718,0,0,0,0,1,159802.4909,1,197805.1554,DS34,,,,,,,,,,,,,,,,,
2441.276718,0,0,0,0,1,159802.4909,1,197805.1554,DS34,,,,,,,,,,,,,,,,,
2442.276718,0,0,0,0,1,159802.4909,1,197805.1554,DS34,,,,,,,,,,,,,,,,,
2443.276718,0,0,0,0,1,159802.4909,1,197805.1554,DS34,,,,,,,,,,,,,,,,,
2444.276718,0,0,0,0,1,159802.4909,1,197805.1554,DS34,,,,,,,,,,,,,,,,,
2445.276718,0,0,0,0,1,159802.4909,1,197805.1554,DS34,,,,,,,,,,,,,,,,,
2446.276718,0,0,0,0,1,159802.4909,1,197805.1554,DS34,,,,,,,,,,,,,,,,,
2447.276718,0,0,0,0,1,159802.4909,1,197805.1554,DS34,,,,,,,,,,,,,,,,,
2448.276718,0,0,0,0,0,0,1,197805.1554,DS34,,,,,,,,,,,,,,,,,
2449.276718,0,0,0,0,0,0,1,197805.1554,DS34,,,,,,,,,,,,,,,,,
2450.276718,0,0,0,0,0,0,1,197805.1554,DS34,,,,,,,,,,,,,,,,,
2451.276718,0,0,0,0,0,0,1,197805.1554,DS34,,,,,,,,,,,,,,,,,
2452.276718,0,0,0,0,0,0,1,197805.1554,DS34,,,,,,,,,,,,,,,,,
2453.276718,0,0,0,0,0,0,1,197805.1554,DS34,,,,,,,,,,,,,,,,,
2454.276718,0,0,0,0,0,0,1,197805.1554,DS34,,,,,,,,,,,,,,,,,
2455.276718,0,0,0,0,0,0,1,197805.1554,DS34,,,,,,,,,,,,,,,,,
2456.276718,0,0,0,0,0,0,1,197805.1554,DS34,,,,,,,,,,,,,,,,,
2457.276718,0,0,0,0,0,0,1,197805.1554,DS34,,,,,,,,,,,,,,,,,
2458.276718,0,0,0,0,0,0,1,197805.1554,DS34,,,,,,,,,,,,,,,,,
2459.276718,0,0,0,0,0,0,1,197805.1554,DS34,,,,,,,,,,,,,,,,,
2460.276718,0,0,0,0,0,0,1,197805.1554,DS34,,,,,,,,,,,,,,,,,
2461.276718,0,0,0,0,0,0,1,197805.1554,DS34,,,,,,,,,,,,,,,,,
2462.276718,0,0,0,0,0,0,1,197805.1554,DS34,,,,,,,,,,,,,,,,,
2463.276718,0,0,0,0,0,0,1,197805.1554,DS34,,,,,,,,,,,,,,,,,
2464.276718,0,0,0,0,0,0,1,197805.1554,DS34,,,,,,,,,,,,,,,,,
2465.276718,0,0,0,0,0,0,1,197805.1554,DS34,,,,,,,,,,,,,,,,,
2466.276718,0,0,0,0,0,0,1,197805.1554,DS34,,,,,,,,,,,,,,,,,
2467.276718,0,0,0,0,0,0,1,197805.1554,DS34,,,,,,,,,,,,,,,,,
2468.276718,0,0,0,0,0,0,1,197805.1554,DS34,,,,,,,,,,,,,,,,,
2469.276718,0,0,0,0,0,0,1,197805.1554,DS34,,,,,,,,,,,,,,,,,
2470.276718,0,0,0,0,0,0,1,197805.1554,DS34,,,,,,,,,,,,,,,,,
2471.276718,0,0,0,0,0,0,1,197805.1554,DS34,,,,,,,,,,,,,,,,,
2472.276718,0,0,0,0,0,0,1,197805.1554,DS34,,,,,,,,,,,,,,,,,
2473.276718,0,0,0,0,0,0,1,197805.1554,DS34,,,,,,,,,,,,,,,,,
2474.276718,0,0,0,0,0,0,1,197805.1554,DS34,,,,,,,,,,,,,,,,,
2475.276718,0,0,0,0,0,0,1,197805.1554,DS34,,,,,,,,,,,,,,,,,
2476.276718,0,0,0,0,0,0,1,197805.1554,DS34,,,,,,,,,,,,,,,,,
2477.276718,0,0,0,0,0,0,1,197805.1554,DS34,,,,,,,,,,,,,,,,,
2478.276718,0,0,0,0,0,0,1,197805.1554,DS34,,,,,,,,,,,,,,,,,
2479.276718,0,0,0,0,0,0,1,197805.1554,DS34,,,,,,,,,,,,,,,,,
2480.276718,0,0,0,0,0,0,1,197805.1554,DS34,,,,,,,,,,,,,,,,,
2481.276718,0,0,0,0,0,0,1,197805.1554,DS34,,,,,,,,,,,,,,,,,
2482.276718,0,0,0,0,0,0,1,197805.1554,DS34,,,,,,,,,,,,,,,,,
2483.276718,0,0,0,0,0,0,1,197805.1554,DS34,,,,,,,,,,,,,,,,,
2484.276718,0,0,0,0,0,0,1,197805.1554,DS34,,,,,,,,,,,,,,,,,
2485.276718,0,0,0,0,0,0,1,197805.1554,DS34,,,,,,,,,,,,,,,,,
2486.276718,0,0,0,0,0,0,1,197805.1554,DS34,,,,,,,,,,,,,,,,,
2487.276718,0,0,0,0,0,0,1,197805.1554,DS34,,,,,,,,,,,,,,,,,
2488.276718,0,0,0,0,0,0,1,197805.1554,DS34,,,,,,,,,,,,,,,,,
2489.276718,0,0,0,0,0,0,1,197805.1554,DS34,,,,,,,,,,,,,,,,,
2490.276718,0,0,0,0,0,0,1,197805.1554,DS34,,,,,,,,,,,,,,,,,
2491.276718,0,0,0,0,0,0,1,197805.1554,DS34,,,,,,,,,,,,,,,,,
2492.276718,0,0,0,0,0,0,1,197805.1554,DS34,,,,,,,,,,,,,,,,,
2493.276718,0,0,0,0,0,0,1,197805.1554,DS34,,,,,,,,,,,,,,,,,
2494.276718,0,0,0,0,0,0,1,197805.1554,DS34,,,,,,,,,,,,,,,,,
2495.276718,0,0,0,0,0,0,1,197805.1554,DS34,,,,,,,,,,,,,,,,,
2496.276718,0,0,0,0,0,0,1,197805.1554,DS34,,,,,,,,,,,,,,,,,
2497.276718,0,0,0,0,0,0,1,197805.1554,DS34,,,,,,,,,,,,,,,,,
2498.276718,0,0,0,0,0,0,1,197805.1554,DS34,,,,,,,,,,,,,,,,,
2499.276718,0,0,0,0,0,0,1,197805.1554,DS34,,,,,,,,,,,,,,,,,
2500.276718,0,0,0,0,0,0,1,197805.1554,DS34,,,,,,,,,,,,,,,,,
2501.276718,0,0,0,0,0,0,1,197805.1554,DS34,,,,,,,,,,,,,,,,,
2502.276718,0,0,0,0,0,0,1,197805.1554,DS34,,,,,,,,,,,,,,,,,
2503.276718,0,0,0,0,0,0,1,197805.1554,DS34,,,,,,,,,,,,,,,,,
2504.276718,0,0,0,0,0,0,1,197805.1554,DS34,,,,,,,,,,,,,,,,,
2505.276718,0,0,0,0,0,0,1,197805.1554,DS34,,,,,,,,,,,,,,,,,
2506.276718,0,0,0,0,0,0,1,197805.1554,DS34,,,,,,,,,,,,,,,,,
2507.276718,0,0,0,0,0,0,1,197805.1554,DS34,,,,,,,,,,,,,,,,,
2508.276718,0,0,0,0,0,0,1,197805.1554,DS34,,,,,,,,,,,,,,,,,
2509.276718,0,0,0,0,0,0,1,197805.1554,DS34,,,,,,,,,,,,,,,,,
2510.276718,0,0,0,0,0,0,1,197805.1554,DS34,,,,,,,,,,,,,,,,,
2511.276718,0,0,0,0,0,0,1,197805.1554,DS34,,,,,,,,,,,,,,,,,
2512.276718,0,0,0,0,0,0,1,197805.1554,DS34,,,,,,,,,,,,,,,,,
2513.276718,0,0,0,0,0,0,1,197805.1554,DS34,,,,,,,,,,,,,,,,,
2514.276718,0,0,0,0,0,0,1,197805.1554,DS34,,,,,,,,,,,,,,,,,
2515.276718,0,0,0,0,0,0,1,197805.1554,DS34,,,,,,,,,,,,,,,,,
2516.276718,0,0,0,0,0,0,1,197805.1554,DS34,,,,,,,,,,,,,,,,,
2517.276718,0,0,0,0,0,0,1,197805.1554,DS34,,,,,,,,,,,,,,,,,
2518.276718,0,0,0,0,0,0,1,197805.1554,DS34,,,,,,,,,,,,,,,,,
2519.276718,0,0,0,0,0,0,1,197805.1554,DS34,,,,,,,,,,,,,,,,,
2520.276718,0,0,0,0,0,0,1,197805.1554,DS34,,,,,,,,,,,,,,,,,
2521.276718,0,0,0,0,0,0,1,197805.1554,DS34,,,,,,,,,,,,,,,,,
2522.276718,0,0,0,0,0,0,1,197805.1554,DS34,,,,,,,,,,,,,,,,,
2523.276718,0,0,0,0,0,0,1,197805.1554,DS34,,,,,,,,,,,,,,,,,
2524.276718,0,0,0,0,0,0,1,197805.1554,DS34,,,,,,,,,,,,,,,,,
2525.276718,0,0,0,0,0,0,1,197805.1554,DS34,,,,,,,,,,,,,,,,,
2526.276718,0,0,0,0,0,0,1,197805.1554,DS34,,,,,,,,,,,,,,,,,
2527.276718,0,0,0,0,0,0,1,197805.1554,DS34,,,,,,,,,,,,,,,,,
2528.276718,0,0,0,0,0,0,1,197805.1554,DS34,,,,,,,,,,,,,,,,,
2529.276718,0,0,0,0,0,0,1,197805.1554,DS34,,,,,,,,,,,,,,,,,
2530.276718,0,0,0,0,0,0,1,197805.1554,DS34,,,,,,,,,,,,,,,,,
2531.276718,0,0,0,0,0,0,1,197805.1554,DS34,,,,,,,,,,,,,,,,,
2532.276718,0,0,0,0,0,0,1,197805.1554,DS34,,,,,,,,,,,,,,,,,
2533.276718,0,0,0,0,0,0,1,197805.1554,DS34,,,,,,,,,,,,,,,,,
2534.276718,0,0,0,0,0,0,1,197805.1554,DS34,,,,,,,,,,,,,,,,,
2535.276718,0,0,0,0,0,0,1,197805.1554,DS34,,,,,,,,,,,,,,,,,
2536.276718,0,0,0,0,0,0,1,197805.1554,DS34,,,,,,,,,,,,,,,,,
2537.276718,0,0,0,0,0,0,1,197805.1554,DS34,,,,,,,,,,,,,,,,,
2538.276718,0,0,0,0,0,0,1,197805.1554,DS34,,,,,,,,,,,,,,,,,
2539.276718,0,0,0,0,0,0,1,197805.1554,DS34,,,,,,,,,,,,,,,,,
2540.276718,0,0,0,0,0,0,1,197805.1554,DS34,,,,,,,,,,,,,,,,,
2541.276718,0,0,0,0,0,0,1,197805.1554,DS34,,,,,,,,,,,,,,,,,
2542.276718,0,0,0,0,0,0,1,197805.1554,DS34,,,,,,,,,,,,,,,,,
2543.276718,0,0,0,0,0,0,1,197805.1554,DS34,,,,,,,,,,,,,,,,,
2544.276718,0,0,0,0,0,0,1,197805.1554,DS34,,,,,,,,,,,,,,,,,
2545.276718,0,0,0,0,0,0,1,197805.1554,DS34,,,,,,,,,,,,,,,,,
2546.276718,0,0,0,0,0,0,1,197805.1554,DS34,,,,,,,,,,,,,,,,,
2547.276718,0,0,0,0,0,0,1,197805.1554,DS34,,,,,,,,,,,,,,,,,
2548.276718,0,0,0,0,0,0,1,197805.1554,DS34,,,,,,,,,,,,,,,,,
2549.276718,0,0,0,0,0,0,1,197805.1554,DS34,,,,,,,,,,,,,,,,,
2550.276718,0,0,0,0,0,0,1,197805.1554,DS34,,,,,,,,,,,,,,,,,
2551.276718,0,0,0,0,0,0,1,197805.1554,DS34,,,,,,,,,,,,,,,,,
2552.276718,0,0,0,0,0,0,1,197805.1554,DS34,,,,,,,,,,,,,,,,,
2553.276718,0,0,0,0,0,0,1,197805.1554,DS34,,,,,,,,,,,,,,,,,
2554.276718,0,0,0,0,0,0,1,197805.1554,DS34,,,,,,,,,,,,,,,,,
2555.276718,0,0,0,0,0,0,1,197805.1554,DS34,,,,,,,,,,,,,,,,,
2556.276718,0,0,0,0,0,0,1,197805.1554,DS34,,,,,,,,,,,,,,,,,
2557.276718,0,0,0,0,0,0,1,197805.1554,DS34,,,,,,,,,,,,,,,,,
2558.276718,0,0,0,0,0,0,1,197805.1554,DS34,,,,,,,,,,,,,,,,,
2559.276718,0,0,0,0,0,0,1,197805.1554,DS34,,,,,,,,,,,,,,,,,
2560.276718,0,0,0,0,0,0,1,197805.1554,DS34,,,,,,,,,,,,,,,,,
2561.276718,0,0,0,0,0,0,1,197805.1554,DS34,,,,,,,,,,,,,,,,,
2562.276718,0,0,0,0,0,0,1,197805.1554,DS34,,,,,,,,,,,,,,,,,
2563.276718,0,0,0,0,0,0,1,197805.1554,DS34,,,,,,,,,,,,,,,,,
2564.276718,0,0,0,0,0,0,1,197805.1554,DS34,,,,,,,,,,,,,,,,,
2565.276718,0,0,0,0,0,0,1,197805.1554,DS34,,,,,,,,,,,,,,,,,
2566.276718,0,0,0,0,0,0,1,197805.1554,DS34,,,,,,,,,,,,,,,,,
2567.276718,0,0,0,0,0,0,1,197805.1554,DS34,,,,,,,,,,,,,,,,,
2568.276718,0,0,0,0,0,0,1,197805.1554,DS34,,,,,,,,,,,,,,,,,
2569.276718,0,0,0,0,0,0,1,197805.1554,DS34,,,,,,,,,,,,,,,,,
2570.276718,0,0,0,0,0,0,1,197805.1554,DS34,,,,,,,,,,,,,,,,,
2571.276718,0,0,0,0,0,0,1,197805.1554,DS34,,,,,,,,,,,,,,,,,
2572.276718,0,0,0,0,0,0,1,197805.1554,DS34,,,,,,,,,,,,,,,,,
2573.276718,0,0,0,0,0,0,1,197805.1554,DS34,,,,,,,,,,,,,,,,,
2574.276718,0,0,0,0,0,0,1,197805.1554,DS34,,,,,,,,,,,,,,,,,
2575.276718,0,0,0,0,0,0,1,197805.1554,DS34,,,,,,,,,,,,,,,,,
2576.276718,0,0,0,0,0,0,1,197805.1554,DS34,,,,,,,,,,,,,,,,,
2577.276718,0,0,0,0,0,0,1,197805.1554,DS34,,,,,,,,,,,,,,,,,
2578.276718,0,0,0,0,0,0,1,197805.1554,DS34,,,,,,,,,,,,,,,,,
2579.276718,0,0,0,0,0,0,1,197805.1554,DS34,,,,,,,,,,,,,,,,,
2580.276718,0,0,0,0,0,0,1,197805.1554,DS34,,,,,,,,,,,,,,,,,
2581.276718,0,0,0,0,0,0,1,197805.1554,DS34,,,,,,,,,,,,,,,,,
2582.276718,0,0,0,0,0,0,1,197805.1554,DS34,,,,,,,,,,,,,,,,,
2583.276718,0,0,0,0,0,0,1,197805.1554,DS34,,,,,,,,,,,,,,,,,
2584.276718,0,0,0,0,0,0,1,197805.1554,DS34,,,,,,,,,,,,,,,,,
2585.276718,0,0,0,0,0,0,1,197805.1554,DS34,,,,,,,,,,,,,,,,,
2586.276718,0,0,0,0,0,0,1,197805.1554,DS34,,,,,,,,,,,,,,,,,
2587.276718,0,0,0,0,0,0,1,197805.1554,DS34,,,,,,,,,,,,,,,,,
2588.276718,0,0,0,0,0,0,1,197805.1554,DS34,,,,,,,,,,,,,,,,,
2589.276718,0,0,0,0,0,0,1,197805.1554,DS34,,,,,,,,,,,,,,,,,
2590.276718,0,0,0,0,0,0,1,197805.1554,DS34,,,,,,,,,,,,,,,,,
2591.276718,0,0,0,0,0,0,1,197805.1554,DS34,,,,,,,,,,,,,,,,,
2592.276718,0,0,0,0,0,0,1,197805.1554,DS34,,,,,,,,,,,,,,,,,
2593.276718,0,0,0,0,0,0,1,197805.1554,DS34,,,,,,,,,,,,,,,,,
2594.276718,0,0,0,0,0,0,1,197805.1554,DS34,,,,,,,,,,,,,,,,,
2595.276718,0,0,0,0,0,0,1,197805.1554,DS34,,,,,,,,,,,,,,,,,
2596.276718,0,0,0,0,0,0,1,197805.1554,DS34,,,,,,,,,,,,,,,,,
2597.276718,0,0,0,0,0,0,1,197805.1554,DS34,,,,,,,,,,,,,,,,,
2598.276718,0,0,0,0,0,0,1,197805.1554,DS34,,,,,,,,,,,,,,,,,
2599.276718,0,0,0,0,0,0,1,197805.1554,DS34,,,,,,,,,,,,,,,,,
2600.276718,0,0,0,0,0,0,1,197805.1554,DS34,,,,,,,,,,,,,,,,,
2601.276718,0,0,0,0,0,0,1,197805.1554,DS34,,,,,,,,,,,,,,,,,
2602.276718,0,0,0,0,0,0,1,197805.1554,DS34,,,,,,,,,,,,,,,,,
2603.276718,0,0,0,0,0,0,1,197805.1554,DS34,,,,,,,,,,,,,,,,,
2604.276718,0,0,0,0,0,0,1,197805.1554,DS34,,,,,,,,,,,,,,,,,
2605.276718,0,0,0,0,0,0,1,197805.1554,DS34,,,,,,,,,,,,,,,,,
2606.276718,0,0,0,0,0,0,1,197805.1554,DS34,,,,,,,,,,,,,,,,,
2607.276718,0,0,0,0,0,0,1,197805.1554,DS34,,,,,,,,,,,,,,,,,
2608.276718,0,0,0,0,0,0,1,197805.1554,DS34,,,,,,,,,,,,,,,,,
2609.276718,0,0,0,0,0,0,1,197805.1554,DS34,,,,,,,,,,,,,,,,,
2610.276718,0,0,0,0,0,0,1,197805.1554,DS34,,,,,,,,,,,,,,,,,
2611.276718,0,0,0,0,0,0,1,197805.1554,DS34,,,,,,,,,,,,,,,,,
2612.276718,0,0,0,0,0,0,1,197805.1554,DS34,,,,,,,,,,,,,,,,,
2613.276718,0,0,0,0,0,0,1,197805.1554,DS34,,,,,,,,,,,,,,,,,
2614.276718,0,0,0,0,0,0,1,197805.1554,DS34,,,,,,,,,,,,,,,,,
2615.276718,0,0,0,0,0,0,1,197805.1554,DS34,,,,,,,,,,,,,,,,,
2616.276718,0,0,0,0,0,0,1,197805.1554,DS34,,,,,,,,,,,,,,,,,
2617.276718,0,0,0,0,0,0,1,197805.1554,DS34,,,,,,,,,,,,,,,,,
2618.276718,0,0,0,0,0,0,1,197805.1554,DS34,,,,,,,,,,,,,,,,,
2619.276718,0,0,0,0,0,0,1,197805.1554,DS34,,,,,,,,,,,,,,,,,
2620.276718,0,0,0,0,0,0,1,197805.1554,DS34,,,,,,,,,,,,,,,,,
2621.276718,0,0,0,0,0,0,1,197805.1554,DS34,,,,,,,,,,,,,,,,,
2622.276718,0,0,0,0,0,0,1,197805.1554,DS34,,,,,,,,,,,,,,,,,
2623.276718,0,0,0,0,0,0,1,197805.1554,DS34,,,,,,,,,,,,,,,,,
2624.276718,0,0,0,0,0,0,1,197805.1554,DS34,,,,,,,,,,,,,,,,,
2625.276718,0,0,0,0,0,0,1,197805.1554,DS34,,,,,,,,,,,,,,,,,
2626.276718,0,0,0,0,0,0,1,197805.1554,DS34,,,,,,,,,,,,,,,,,
2627.276718,0,0,0,0,0,0,1,197805.1554,DS34,,,,,,,,,,,,,,,,,
2628.276718,0,0,0,0,0,0,1,197805.1554,DS34,,,,,,,,,,,,,,,,,
2629.276718,0,0,0,0,0,0,1,197805.1554,DS34,,,,,,,,,,,,,,,,,
2630.276718,0,0,0,0,0,0,1,197805.1554,DS34,,,,,,,,,,,,,,,,,
2631.276718,0,0,0,0,0,0,1,197805.1554,DS34,,,,,,,,,,,,,,,,,
2632.276718,0,0,0,0,0,0,1,197805.1554,DS34,,,,,,,,,,,,,,,,,
2633.276718,0,0,0,0,0,0,1,197805.1554,DS34,,,,,,,,,,,,,,,,,
2634.276718,0,0,0,0,0,0,1,197805.1554,DS34,,,,,,,,,,,,,,,,,
2635.276718,0,0,0,0,0,0,1,197805.1554,DS34,,,,,,,,,,,,,,,,,
2636.276718,0,0,0,0,0,0,1,197805.1554,DS34,,,,,,,,,,,,,,,,,
2637.276718,0,0,0,0,0,0,1,197805.1554,DS34,,,,,,,,,,,,,,,,,
2638.276718,0,0,0,0,0,0,1,197805.1554,DS34,,,,,,,,,,,,,,,,,
2639.276718,0,0,0,0,0,0,1,197805.1554,DS34,,,,,,,,,,,,,,,,,
2640.276718,0,0,0,0,0,0,1,197805.1554,DS34,,,,,,,,,,,,,,,,,
2641.276718,0,0,0,0,0,0,1,197805.1554,DS34,,,,,,,,,,,,,,,,,
2642.276718,0,0,0,0,0,0,1,197805.1554,DS34,,,,,,,,,,,,,,,,,
2643.276718,0,0,0,0,0,0,1,197805.1554,DS34,,,,,,,,,,,,,,,,,
2644.276718,0,0,0,0,0,0,1,197805.1554,DS34,,,,,,,,,,,,,,,,,
2645.276718,0,0,0,0,0,0,1,197805.1554,DS34,,,,,,,,,,,,,,,,,
2646.276718,0,0,0,0,0,0,1,197805.1554,DS34,,,,,,,,,,,,,,,,,
2647.276718,0,0,0,0,0,0,1,197805.1554,DS34,,,,,,,,,,,,,,,,,
2648.276718,0,0,0,0,0,0,1,197805.1554,DS34,,,,,,,,,,,,,,,,,
2649.276718,0,0,0,0,0,0,1,197805.1554,DS34,,,,,,,,,,,,,,,,,
2650.276718,0,0,0,0,0,0,1,197805.1554,DS34,,,,,,,,,,,,,,,,,
2651.276718,0,0,0,0,0,0,1,197805.1554,DS34,,,,,,,,,,,,,,,,,
2652.276718,0,0,0,0,0,0,1,197805.1554,DS34,,,,,,,,,,,,,,,,,
2653.276718,0,0,0,0,0,0,1,197805.1554,DS34,,,,,,,,,,,,,,,,,
2654.276718,0,0,0,0,0,0,1,197805.1554,DS34,,,,,,,,,,,,,,,,,
2655.276718,0,0,0,0,0,0,1,197805.1554,DS34,,,,,,,,,,,,,,,,,
2656.276718,0,0,0,0,0,0,1,197805.1554,DS34,,,,,,,,,,,,,,,,,
2657.276718,0,0,0,0,0,0,1,197805.1554,DS34,,,,,,,,,,,,,,,,,
2658.276718,0,0,0,0,0,0,1,197805.1554,DS34,,,,,,,,,,,,,,,,,
2659.276718,0,0,0,0,0,0,1,197805.1554,DS34,,,,,,,,,,,,,,,,,
2660.276718,0,0,0,0,0,0,1,197805.1554,DS34,,,,,,,,,,,,,,,,,
2661.276718,0,0,0,0,0,0,1,197805.1554,DS34,,,,,,,,,,,,,,,,,
2662.276718,0,0,0,0,0,0,1,197805.1554,DS34,,,,,,,,,,,,,,,,,
2663.276718,0,0,0,0,0,0,1,197805.1554,DS34,,,,,,,,,,,,,,,,,
2664.276718,0,0,0,0,0,0,1,197805.1554,DS34,,,,,,,,,,,,,,,,,
2665.276718,0,0,0,0,0,0,1,197805.1554,DS34,,,,,,,,,,,,,,,,,
2666.276718,0,0,0,0,0,0,1,197805.1554,DS34,,,,,,,,,,,,,,,,,
2667.276718,0,0,0,0,0,0,1,197805.1554,DS34,,,,,,,,,,,,,,,,,
2668.276718,0,0,0,0,0,0,1,197805.1554,DS34,,,,,,,,,,,,,,,,,
2669.276718,0,0,0,0,0,0,1,197805.1554,DS34,,,,,,,,,,,,,,,,,
2670.276718,0,0,0,0,0,0,1,197805.1554,DS34,,,,,,,,,,,,,,,,,
2671.276718,0,0,0,0,0,0,1,197805.1554,DS34,,,,,,,,,,,,,,,,,
2672.276718,0,0,0,0,0,0,1,197805.1554,DS34,,,,,,,,,,,,,,,,,
2673.276718,0,0,0,0,0,0,1,197805.1554,DS34,,,,,,,,,,,,,,,,,
2674.276718,0,0,0,0,0,0,1,197805.1554,DS34,,,,,,,,,,,,,,,,,
2675.276718,0,0,0,0,0,0,1,197805.1554,DS34,,,,,,,,,,,,,,,,,
2676.276718,0,0,0,0,0,0,1,197805.1554,DS34,,,,,,,,,,,,,,,,,
2677.276718,0,0,0,0,0,0,1,197805.1554,DS34,,,,,,,,,,,,,,,,,
2678.276718,0,0,0,0,0,0,1,197805.1554,DS34,,,,,,,,,,,,,,,,,
2679.276718,0,0,0,0,0,0,1,197805.1554,DS34,,,,,,,,,,,,,,,,,
2680.276718,0,0,0,0,0,0,1,197805.1554,DS34,,,,,,,,,,,,,,,,,
2681.276718,0,0,0,0,0,0,1,197805.1554,DS34,,,,,,,,,,,,,,,,,
2682.276718,0,0,0,0,0,0,1,197805.1554,DS34,,,,,,,,,,,,,,,,,
2683.276718,0,0,0,0,0,0,1,197805.1554,DS34,,,,,,,,,,,,,,,,,
2684.276718,0,0,0,0,0,0,1,197805.1554,DS34,,,,,,,,,,,,,,,,,
2685.276718,0,0,0,0,0,0,1,197805.1554,DS34,,,,,,,,,,,,,,,,,
2686.276718,0,0,0,0,0,0,1,197805.1554,DS34,,,,,,,,,,,,,,,,,
2687.276718,0,0,0,0,0,0,1,197805.1554,DS34,,,,,,,,,,,,,,,,,
2688.276718,0,0,0,0,0,0,1,197805.1554,DS34,,,,,,,,,,,,,,,,,
2689.276718,0,0,0,0,0,0,1,197805.1554,DS34,,,,,,,,,,,,,,,,,
2690.276718,0,0,0,0,0,0,1,197805.1554,DS34,,,,,,,,,,,,,,,,,
2691.276718,0,0,0,0,0,0,1,197805.1554,DS34,,,,,,,,,,,,,,,,,
2692.276718,0,0,0,0,0,0,1,197805.1554,DS34,,,,,,,,,,,,,,,,,
2693.276718,0,0,0,0,0,0,1,197805.1554,DS34,,,,,,,,,,,,,,,,,
2694.276718,0,0,0,0,0,0,1,197805.1554,DS34,,,,,,,,,,,,,,,,,
2695.276718,0,0,0,0,0,0,1,197805.1554,DS34,,,,,,,,,,,,,,,,,
2696.276718,0,0,0,0,0,0,1,197805.1554,DS34,,,,,,,,,,,,,,,,,
2697.276718,0,0,0,0,0,0,1,197805.1554,DS34,,,,,,,,,,,,,,,,,
2698.276718,0,0,0,0,0,0,1,197805.1554,DS34,,,,,,,,,,,,,,,,,
2699.276718,0,0,0,0,0,0,1,197805.1554,DS34,,,,,,,,,,,,,,,,,
2700.276718,0,0,0,0,0,0,1,197805.1554,DS34,,,,,,,,,,,,,,,,,
2701.276718,0,0,0,0,0,0,1,197805.1554,DS34,,,,,,,,,,,,,,,,,
2702.276718,0,0,0,0,0,0,1,197805.1554,DS34,,,,,,,,,,,,,,,,,
2703.276718,0,0,0,0,0,0,1,197805.1554,DS34,,,,,,,,,,,,,,,,,
2704.276718,0,0,0,0,0,0,1,197805.1554,DS34,,,,,,,,,,,,,,,,,
2705.276718,0,0,0,0,0,0,1,197805.1554,DS34,,,,,,,,,,,,,,,,,
2706.276718,0,0,0,0,0,0,1,197805.1554,DS34,,,,,,,,,,,,,,,,,
2707.276718,0,0,0,0,0,0,1,197805.1554,DS34,,,,,,,,,,,,,,,,,
2708.276718,0,0,0,0,0,0,1,197805.1554,DS34,,,,,,,,,,,,,,,,,
2709.276718,0,0,0,0,0,0,1,197805.1554,DS34,,,,,,,,,,,,,,,,,
2710.276718,0,0,0,0,0,0,1,197805.1554,DS34,,,,,,,,,,,,,,,,,
2711.276718,0,0,0,0,0,0,1,197805.1554,DS34,,,,,,,,,,,,,,,,,
2712.276718,0,0,0,0,0,0,1,197805.1554,DS34,,,,,,,,,,,,,,,,,
2713.276718,0,0,0,0,0,0,1,197805.1554,DS34,,,,,,,,,,,,,,,,,
2714.276718,0,0,0,0,0,0,1,197805.1554,DS34,,,,,,,,,,,,,,,,,
2715.276718,0,0,0,0,0,0,1,197805.1554,DS34,,,,,,,,,,,,,,,,,
2716.276718,0,0,0,0,0,0,1,197805.1554,DS34,,,,,,,,,,,,,,,,,
2717.276718,0,0,0,0,0,0,1,197805.1554,DS34,,,,,,,,,,,,,,,,,
2718.276718,0,0,0,0,0,0,1,197805.1554,DS34,,,,,,,,,,,,,,,,,
2719.276718,0,0,0,0,0,0,1,197805.1554,DS34,,,,,,,,,,,,,,,,,
2720.276718,0,0,0,0,0,0,1,197805.1554,DS34,,,,,,,,,,,,,,,,,
2721.276718,0,0,0,0,0,0,1,197805.1554,DS34,,,,,,,,,,,,,,,,,
2722.276718,0,0,0,0,0,0,1,197805.1554,DS34,,,,,,,,,,,,,,,,,
2723.276718,0,0,0,0,0,0,1,197805.1554,DS34,,,,,,,,,,,,,,,,,
2724.276718,0,0,0,0,0,0,1,197805.1554,DS34,,,,,,,,,,,,,,,,,
2725.276718,0,0,0,0,0,0,1,197805.1554,DS34,,,,,,,,,,,,,,,,,
2726.276718,0,0,0,0,0,0,1,197805.1554,DS34,,,,,,,,,,,,,,,,,
2727.276718,0,0,0,0,0,0,1,197805.1554,DS34,,,,,,,,,,,,,,,,,
2728.276718,0,0,0,0,0,0,1,197805.1554,DS34,,,,,,,,,,,,,,,,,
2729.276718,0,0,0,0,0,0,1,197805.1554,DS34,,,,,,,,,,,,,,,,,
2730.276718,0,0,0,0,0,0,1,197805.1554,DS34,,,,,,,,,,,,,,,,,
2731.276718,0,0,0,0,0,0,1,197805.1554,DS34,,,,,,,,,,,,,,,,,
2732.276718,0,0,0,0,0,0,1,197805.1554,DS34,,,,,,,,,,,,,,,,,
2733.276718,0,0,0,0,0,0,1,197805.1554,DS34,,,,,,,,,,,,,,,,,
2734.276718,0,0,0,0,0,0,1,197805.1554,DS34,,,,,,,,,,,,,,,,,
2735.276718,0,0,0,0,0,0,1,197805.1554,DS34,,,,,,,,,,,,,,,,,
2736.276718,0,0,0,0,0,0,1,197805.1554,DS34,,,,,,,,,,,,,,,,,
2737.276718,0,0,0,0,0,0,1,197805.1554,DS34,,,,,,,,,,,,,,,,,
2738.276718,0,0,0,0,0,0,1,197805.1554,DS34,,,,,,,,,,,,,,,,,
2739.276718,0,0,0,0,0,0,1,197805.1554,DS34,,,,,,,,,,,,,,,,,
2740.276718,0,0,0,0,0,0,1,197805.1554,DS34,,,,,,,,,,,,,,,,,
2741.276718,0,0,0,0,0,0,1,197805.1554,DS34,,,,,,,,,,,,,,,,,
2742.276718,0,0,0,0,0,0,1,197805.1554,DS34,,,,,,,,,,,,,,,,,
2743.276718,0,0,0,0,0,0,1,197805.1554,DS34,,,,,,,,,,,,,,,,,
2744.276718,0,0,0,0,0,0,1,197805.1554,DS34,,,,,,,,,,,,,,,,,
2745.276718,0,0,0,0,0,0,1,197805.1554,DS34,,,,,,,,,,,,,,,,,
2746.276718,0,0,0,0,0,0,1,197805.1554,DS34,,,,,,,,,,,,,,,,,
2747.276718,0,0,0,0,0,0,1,197805.1554,DS34,,,,,,,,,,,,,,,,,
2748.276718,0,0,0,0,0,0,1,197805.1554,DS34,,,,,,,,,,,,,,,,,
2749.276718,0,0,0,0,0,0,1,197805.1554,DS34,,,,,,,,,,,,,,,,,
2750.276718,0,0,0,0,0,0,1,197805.1554,DS34,,,,,,,,,,,,,,,,,
2751.276718,0,0,0,0,0,0,1,197805.1554,DS34,,,,,,,,,,,,,,,,,
2752.276718,0,0,0,0,0,0,1,197805.1554,DS34,,,,,,,,,,,,,,,,,
2753.276718,0,0,0,0,0,0,1,197805.1554,DS34,,,,,,,,,,,,,,,,,
2754.276718,0,0,0,0,0,0,1,197805.1554,DS34,,,,,,,,,,,,,,,,,
2755.276718,0,0,0,0,0,0,1,197805.1554,DS34,,,,,,,,,,,,,,,,,
2756.276718,0,0,0,0,0,0,1,197805.1554,DS34,,,,,,,,,,,,,,,,,
2757.276718,0,0,0,0,0,0,1,197805.1554,DS34,,,,,,,,,,,,,,,,,
2758.276718,0,0,0,0,0,0,1,197805.1554,DS34,,,,,,,,,,,,,,,,,
2759.276718,0,0,0,0,0,0,1,197805.1554,DS34,,,,,,,,,,,,,,,,,
2760.276718,0,0,0,0,0,0,1,197805.1554,DS34,,,,,,,,,,,,,,,,,
2761.276718,0,0,0,0,0,0,1,197805.1554,DS34,,,,,,,,,,,,,,,,,
2762.276718,0,0,0,0,0,0,1,197805.1554,DS34,,,,,,,,,,,,,,,,,
2763.276718,0,0,0,0,0,0,1,197805.1554,DS34,,,,,,,,,,,,,,,,,
2764.276718,0,0,0,0,0,0,1,197805.1554,DS34,,,,,,,,,,,,,,,,,
2765.276718,0,0,0,0,0,0,1,197805.1554,DS34,,,,,,,,,,,,,,,,,
2766.276718,0,0,0,0,0,0,1,197805.1554,DS34,,,,,,,,,,,,,,,,,
2767.276718,0,0,0,0,0,0,1,197805.1554,DS34,,,,,,,,,,,,,,,,,
2768.276718,0,0,0,0,0,0,1,197805.1554,DS34,,,,,,,,,,,,,,,,,
2769.276718,0,0,0,0,0,0,1,197805.1554,DS34,,,,,,,,,,,,,,,,,
2770.276718,0,0,0,0,0,0,1,197805.1554,DS34,,,,,,,,,,,,,,,,,
2771.276718,0,0,0,0,0,0,1,197805.1554,DS34,,,,,,,,,,,,,,,,,
2772.276718,0,0,0,0,0,0,1,197805.1554,DS34,,,,,,,,,,,,,,,,,
2773.276718,0,0,0,0,0,0,1,197805.1554,DS34,,,,,,,,,,,,,,,,,
2774.276718,0,0,0,0,0,0,1,197805.1554,DS34,,,,,,,,,,,,,,,,,
2775.276718,0,0,0,0,0,0,1,197805.1554,DS34,,,,,,,,,,,,,,,,,
2776.276718,0,0,0,0,0,0,1,197805.1554,DS34,,,,,,,,,,,,,,,,,
2777.276718,0,0,0,0,0,0,1,197805.1554,DS34,,,,,,,,,,,,,,,,,
2778.276718,0,0,0,0,0,0,1,197805.1554,DS34,,,,,,,,,,,,,,,,,
2779.276718,0,0,0,0,0,0,1,197805.1554,DS34,,,,,,,,,,,,,,,,,
2780.276718,0,0,0,0,0,0,1,197805.1554,DS34,,,,,,,,,,,,,,,,,
2781.276718,0,0,0,0,0,0,1,197805.1554,DS34,,,,,,,,,,,,,,,,,
2782.276718,0,0,0,0,0,0,1,197805.1554,DS34,,,,,,,,,,,,,,,,,
2783.276718,0,0,0,0,0,0,1,197805.1554,DS34,,,,,,,,,,,,,,,,,
2784.276718,0,0,0,0,0,0,1,197805.1554,DS34,,,,,,,,,,,,,,,,,
2785.276718,0,0,0,0,0,0,1,197805.1554,DS34,,,,,,,,,,,,,,,,,
2786.276718,0,0,0,0,0,0,1,197805.1554,DS34,,,,,,,,,,,,,,,,,
2787.276718,0,0,0,0,0,0,1,197805.1554,DS34,,,,,,,,,,,,,,,,,
2788.276718,0,0,0,0,0,0,1,197805.1554,DS34,,,,,,,,,,,,,,,,,
2789.276718,0,0,0,0,0,0,1,197805.1554,DS34,,,,,,,,,,,,,,,,,
2790.276718,0,0,0,0,0,0,1,197805.1554,DS34,,,,,,,,,,,,,,,,,
2791.276718,0,0,0,0,0,0,1,197805.1554,DS34,,,,,,,,,,,,,,,,,
2792.276718,0,0,0,0,0,0,1,197805.1554,DS34,,,,,,,,,,,,,,,,,
2793.276718,0,0,0,0,0,0,1,197805.1554,DS34,,,,,,,,,,,,,,,,,
2794.276718,0,0,0,0,0,0,1,197805.1554,DS34,,,,,,,,,,,,,,,,,
2795.276718,0,0,0,0,0,0,1,197805.1554,DS34,,,,,,,,,,,,,,,,,
2796.276718,0,0,0,0,0,0,1,197805.1554,DS34,,,,,,,,,,,,,,,,,
2797.276718,0,0,0,0,0,0,1,197805.1554,DS34,,,,,,,,,,,,,,,,,
2798.276718,0,0,0,0,0,0,1,197805.1554,DS34,,,,,,,,,,,,,,,,,
2799.276718,0,0,0,0,0,0,1,197805.1554,DS34,,,,,,,,,,,,,,,,,
2800.276718,0,0,0,0,0,0,1,197805.1554,DS34,,,,,,,,,,,,,,,,,
2801.276718,0,0,0,0,0,0,1,197805.1554,DS34,,,,,,,,,,,,,,,,,
2802.276718,0,0,0,0,0,0,1,197805.1554,DS34,,,,,,,,,,,,,,,,,
2803.276718,0,0,0,0,0,0,1,197805.1554,DS34,,,,,,,,,,,,,,,,,
2804.276718,0,0,0,0,0,0,1,197805.1554,DS34,,,,,,,,,,,,,,,,,
2805.276718,0,0,0,0,0,0,1,197805.1554,DS34,,,,,,,,,,,,,,,,,
2806.276718,0,0,0,0,0,0,1,197805.1554,DS34,,,,,,,,,,,,,,,,,
2807.276718,0,0,0,0,0,0,1,197805.1554,DS34,,,,,,,,,,,,,,,,,
2808.276718,0,0,0,0,0,0,1,197805.1554,DS34,,,,,,,,,,,,,,,,,
2809.276718,0,0,0,0,0,0,1,197805.1554,DS34,,,,,,,,,,,,,,,,,
2810.276718,0,0,0,0,0,0,1,197805.1554,DS34,,,,,,,,,,,,,,,,,
2811.276718,0,0,0,0,0,0,1,197805.1554,DS34,,,,,,,,,,,,,,,,,
2812.276718,0,0,0,0,0,0,1,197805.1554,DS34,,,,,,,,,,,,,,,,,
2813.276718,0,0,0,0,0,0,1,197805.1554,DS34,,,,,,,,,,,,,,,,,
2814.276718,0,0,0,0,0,0,1,197805.1554,DS34,,,,,,,,,,,,,,,,,
2815.276718,0,0,0,0,0,0,1,197805.1554,DS34,,,,,,,,,,,,,,,,,
2816.276718,0,0,0,0,0,0,1,197805.1554,DS34,,,,,,,,,,,,,,,,,
2817.276718,0,0,0,0,0,0,1,197805.1554,DS34,,,,,,,,,,,,,,,,,
2818.276718,0,0,0,0,0,0,1,197805.1554,DS34,,,,,,,,,,,,,,,,,
2819.276718,0,0,0,0,0,0,1,197805.1554,DS34,,,,,,,,,,,,,,,,,
2820.276718,0,0,0,0,0,0,1,197805.1554,DS34,,,,,,,,,,,,,,,,,
2821.276718,0,0,0,0,0,0,1,197805.1554,DS34,,,,,,,,,,,,,,,,,
2822.276718,0,0,0,0,0,0,1,197805.1554,DS34,,,,,,,,,,,,,,,,,
2823.276718,0,0,0,0,0,0,1,197805.1554,DS34,,,,,,,,,,,,,,,,,
2824.276718,0,0,0,0,0,0,1,197805.1554,DS34,,,,,,,,,,,,,,,,,
2825.276718,0,0,0,0,0,0,1,197805.1554,DS34,,,,,,,,,,,,,,,,,
2826.276718,0,0,0,0,0,0,1,197805.1554,DS34,,,,,,,,,,,,,,,,,
2827.276718,0,0,0,0,0,0,1,197805.1554,DS34,,,,,,,,,,,,,,,,,
2828.276718,0,0,0,0,0,0,1,197805.1554,DS34,,,,,,,,,,,,,,,,,
2829.276718,0,0,1,244216.9176,0,0,1,197805.1554,DS34,,,,,,,,,,,,,,,,,
2830.276718,0,0,1,244216.9176,0,0,1,197805.1554,DS34,,,,,,,,,,,,,,,,,
2831.276718,0,0,1,244216.9176,0,0,1,197805.1554,DS34,,,,,,,,,,,,,,,,,
2832.276718,0,0,1,244216.9176,0,0,1,197805.1554,DS34,,,,,,,,,,,,,,,,,
2833.276718,0,0,1,244216.9176,0,0,1,197805.1554,DS34,,,,,,,,,,,,,,,,,
2834.276718,0,0,1,244216.9176,0,0,1,197805.1554,DS34,,,,,,,,,,,,,,,,,
2835.276718,0,0,1,244216.9176,0,0,1,197805.1554,DS34,,,,,,,,,,,,,,,,,
2836.276718,0,0,1,244216.9176,0,0,1,197805.1554,DS34,,,,,,,,,,,,,,,,,
2837.276718,0,0,1,244216.9176,0,0,1,197805.1554,DS34,,,,,,,,,,,,,,,,,
2838.276718,0,0,1,244216.9176,0,0,1,197805.1554,DS34,,,,,,,,,,,,,,,,,
2839.276718,0,0,1,244216.9176,0,0,1,197805.1554,DS34,,,,,,,,,,,,,,,,,
2840.276718,0,0,1,244216.9176,0,0,1,197805.1554,DS34,,,,,,,,,,,,,,,,,
2841.276718,0,0,1,244216.9176,0,0,1,197805.1554,DS34,,,,,,,,,,,,,,,,,
2842.276718,0,0,1,244216.9176,0,0,1,197805.1554,DS34,,,,,,,,,,,,,,,,,
2843.276718,0,0,1,244216.9176,0,0,1,197805.1554,DS34,,,,,,,,,,,,,,,,,
2844.276718,0,0,1,244216.9176,0,0,1,197805.1554,DS34,,,,,,,,,,,,,,,,,
2845.276718,0,0,1,244216.9176,0,0,0,0,DS54,,,,,,,,,,,,,,,,,
2846.276718,0,0,1,244216.9176,0,0,0,0,DS54,,,,,,,,,,,,,,,,,
2847.276718,0,0,1,244216.9176,0,0,0,0,DS54,,,,,,,,,,,,,,,,,
2848.276718,0,0,1,244216.9176,0,0,0,0,DS54,,,,,,,,,,,,,,,,,
2849.276718,0,0,1,244216.9176,0,0,0,0,DS54,,,,,,,,,,,,,,,,,
2850.276718,0,0,1,244216.9176,0,0,0,0,DS54,,,,,,,,,,,,,,,,,
2851.276718,0,0,1,244216.9176,0,0,0,0,DS54,,,,,,,,,,,,,,,,,
2852.276718,0,0,1,244216.9176,0,0,0,0,DS54,,,,,,,,,,,,,,,,,
2853.276718,0,0,1,244216.9176,0,0,0,0,DS54,,,,,,,,,,,,,,,,,
2854.276718,0,0,1,244216.9176,0,0,0,0,DS54,,,,,,,,,,,,,,,,,
2855.276718,0,0,1,244216.9176,0,0,0,0,DS54,,,,,,,,,,,,,,,,,
2856.276718,0,0,1,244216.9176,0,0,0,0,DS54,,,,,,,,,,,,,,,,,
2857.276718,0,0,1,244216.9176,0,0,0,0,DS54,,,,,,,,,,,,,,,,,
2858.276718,0,0,1,244216.9176,0,0,0,0,DS54,,,,,,,,,,,,,,,,,
2859.276718,0,0,1,244216.9176,0,0,0,0,DS54,,,,,,,,,,,,,,,,,
2860.276718,0,0,1,244216.9176,0,0,0,0,DS54,,,,,,,,,,,,,,,,,
2861.276718,0,0,1,244216.9176,0,0,0,0,DS54,,,,,,,,,,,,,,,,,
2862.276718,0,0,1,244216.9176,0,0,0,0,DS54,,,,,,,,,,,,,,,,,
2863.276718,0,0,1,244216.9176,0,0,0,0,DS54,,,,,,,,,,,,,,,,,
2864.276718,0,0,1,244216.9176,0,0,0,0,DS54,,,,,,,,,,,,,,,,,
2865.276718,0,0,1,244216.9176,0,0,0,0,DS54,,,,,,,,,,,,,,,,,
2866.276718,0,0,1,244216.9176,0,0,0,0,DS54,,,,,,,,,,,,,,,,,
2867.276718,0,0,1,244216.9176,0,0,0,0,DS54,,,,,,,,,,,,,,,,,
2868.276718,0,0,1,244216.9176,0,0,0,0,DS54,,,,,,,,,,,,,,,,,
2869.276718,0,0,1,244216.9176,0,0,0,0,DS54,,,,,,,,,,,,,,,,,
2870.276718,0,0,1,244216.9176,0,0,0,0,DS54,,,,,,,,,,,,,,,,,
2871.276718,0,0,1,244216.9176,0,0,0,0,DS54,,,,,,,,,,,,,,,,,
2872.276718,0,0,1,244216.9176,0,0,0,0,DS54,,,,,,,,,,,,,,,,,
2873.276718,0,0,1,244216.9176,0,0,0,0,DS54,,,,,,,,,,,,,,,,,
2874.276718,0,0,1,244216.9176,0,0,0,0,DS54,,,,,,,,,,,,,,,,,
2875.276718,0,0,1,244216.9176,0,0,0,0,DS54,,,,,,,,,,,,,,,,,
2876.276718,0,0,1,244216.9176,0,0,0,0,DS54,,,,,,,,,,,,,,,,,
2877.276718,0,0,1,244216.9176,0,0,0,0,DS54,,,,,,,,,,,,,,,,,
2878.276718,0,0,1,244216.9176,0,0,0,0,DS54,,,,,,,,,,,,,,,,,
2879.276718,0,0,1,244216.9176,0,0,0,0,DS54,,,,,,,,,,,,,,,,,
2880.276718,0,0,1,244216.9176,0,0,0,0,DS54,,,,,,,,,,,,,,,,,
2881.276718,0,0,1,244216.9176,0,0,0,0,DS54,,,,,,,,,,,,,,,,,
2882.276718,0,0,1,244216.9176,0,0,0,0,DS54,,,,,,,,,,,,,,,,,
2883.276718,0,0,1,244216.9176,0,0,0,0,DS54,,,,,,,,,,,,,,,,,
2884.276718,0,0,1,244216.9176,0,0,0,0,DS54,,,,,,,,,,,,,,,,,
2885.276718,0,0,1,244216.9176,0,0,0,0,DS54,,,,,,,,,,,,,,,,,
2886.276718,0,0,1,244216.9176,0,0,0,0,DS54,,,,,,,,,,,,,,,,,
2887.276718,0,0,1,244216.9176,0,0,0,0,DS54,,,,,,,,,,,,,,,,,
2888.276718,0,0,1,244216.9176,0,0,0,0,DS54,,,,,,,,,,,,,,,,,
2889.276718,0,0,1,244216.9176,0,0,0,0,DS54,,,,,,,,,,,,,,,,,
2890.276718,0,0,1,244216.9176,0,0,0,0,DS54,,,,,,,,,,,,,,,,,
2891.276718,0,0,1,244216.9176,0,0,0,0,DS54,,,,,,,,,,,,,,,,,
2892.276718,0,0,1,244216.9176,0,0,0,0,DS54,,,,,,,,,,,,,,,,,
2893.276718,0,0,1,244216.9176,0,0,0,0,DS54,,,,,,,,,,,,,,,,,
2894.276718,0,0,1,244216.9176,0,0,0,0,DS54,,,,,,,,,,,,,,,,,
2895.276718,0,0,1,244216.9176,0,0,0,0,DS54,,,,,,,,,,,,,,,,,
2896.276718,0,0,1,244216.9176,0,0,0,0,DS54,,,,,,,,,,,,,,,,,
2897.276718,0,0,1,244216.9176,0,0,0,0,DS54,,,,,,,,,,,,,,,,,
2898.276718,0,0,1,244216.9176,0,0,0,0,DS54,,,,,,,,,,,,,,,,,
2899.276718,0,0,1,244216.9176,0,0,0,0,DS54,,,,,,,,,,,,,,,,,
2900.276718,0,0,1,244216.9176,0,0,0,0,DS54,,,,,,,,,,,,,,,,,
2901.276718,0,0,1,244216.9176,0,0,0,0,DS54,,,,,,,,,,,,,,,,,
2902.276718,0,0,1,244216.9176,0,0,0,0,DS54,,,,,,,,,,,,,,,,,
2903.276718,0,0,1,244216.9176,0,0,0,0,DS54,,,,,,,,,,,,,,,,,
2904.276718,0,0,1,244216.9176,0,0,0,0,DS54,,,,,,,,,,,,,,,,,
2905.276718,0,0,1,244216.9176,0,0,0,0,DS54,,,,,,,,,,,,,,,,,
2906.276718,0,0,1,244216.9176,0,0,0,0,DS54,,,,,,,,,,,,,,,,,
2907.276718,0,0,1,244216.9176,0,0,0,0,DS54,,,,,,,,,,,,,,,,,
2908.276718,0,0,1,244216.9176,0,0,0,0,DS54,,,,,,,,,,,,,,,,,
2909.276718,0,0,1,244216.9176,0,0,0,0,DS54,,,,,,,,,,,,,,,,,
2910.276718,0,0,1,244216.9176,0,0,0,0,DS54,,,,,,,,,,,,,,,,,
2911.276718,0,0,1,244216.9176,0,0,0,0,DS54,,,,,,,,,,,,,,,,,
2912.276718,0,0,1,244216.9176,0,0,0,0,DS54,,,,,,,,,,,,,,,,,
2913.276718,0,0,1,244216.9176,0,0,0,0,DS54,,,,,,,,,,,,,,,,,
2914.276718,0,0,1,244216.9176,0,0,0,0,DS54,,,,,,,,,,,,,,,,,
2915.276718,0,0,1,244216.9176,0,0,0,0,DS54,,,,,,,,,,,,,,,,,
2916.276718,0,0,1,244216.9176,0,0,0,0,DS54,,,,,,,,,,,,,,,,,
2917.276718,0,0,1,244216.9176,0,0,0,0,DS54,,,,,,,,,,,,,,,,,
2918.276718,0,0,1,244216.9176,0,0,0,0,DS54,,,,,,,,,,,,,,,,,
2919.276718,0,0,1,244216.9176,0,0,0,0,DS54,,,,,,,,,,,,,,,,,
2920.276718,0,0,1,244216.9176,0,0,0,0,DS54,,,,,,,,,,,,,,,,,
2921.276718,0,0,1,244216.9176,0,0,0,0,DS54,,,,,,,,,,,,,,,,,
2922.276718,0,0,1,244216.9176,0,0,0,0,DS54,,,,,,,,,,,,,,,,,
2923.276718,0,0,1,244216.9176,0,0,0,0,DS54,,,,,,,,,,,,,,,,,
2924.276718,0,0,1,244216.9176,0,0,0,0,DS54,,,,,,,,,,,,,,,,,
2925.276718,0,0,1,244216.9176,0,0,0,0,DS54,,,,,,,,,,,,,,,,,
2926.276718,0,0,1,244216.9176,0,0,0,0,DS54,,,,,,,,,,,,,,,,,
2927.650291,0,0,1,244216.9176,0,0,0,0,DS54,,,,,,,,,,,,,,,,,
2928.650291,0,0,1,244216.9176,0,0,0,0,DS54,,,,,,,,,,,,,,,,,
2929.650291,0,0,1,244216.9176,0,0,0,0,DS54,,,,,,,,,,,,,,,,,
2930.650291,0,0,1,244216.9176,0,0,0,0,DS54,,,,,,,,,,,,,,,,,
2931.650291,0,0,1,244216.9176,0,0,0,0,DS54,,,,,,,,,,,,,,,,,
2932.650291,0,0,1,244216.9176,0,0,0,0,DS54,,,,,,,,,,,,,,,,,
2933.650291,0,0,1,244216.9176,0,0,0,0,DS54,,,,,,,,,,,,,,,,,
2934.650291,0,0,1,244216.9176,0,0,0,0,DS54,,,,,,,,,,,,,,,,,
2935.650291,0,0,1,244216.9176,0,0,0,0,DS54,,,,,,,,,,,,,,,,,
2936.650291,0,0,1,244216.9176,0,0,0,0,DS54,,,,,,,,,,,,,,,,,
2937.650291,0,0,1,244216.9176,0,0,0,0,DS54,,,,,,,,,,,,,,,,,
2938.650291,0,0,1,244216.9176,0,0,0,0,DS54,,,,,,,,,,,,,,,,,
2939.650291,0,0,1,244216.9176,0,0,0,0,DS54,,,,,,,,,,,,,,,,,
2940.650291,0,0,1,244216.9176,0,0,0,0,DS54,,,,,,,,,,,,,,,,,
2941.650291,0,0,1,244216.9176,0,0,0,0,DS54,,,,,,,,,,,,,,,,,
2942.650291,0,0,1,244216.9176,0,0,0,0,DS54,,,,,,,,,,,,,,,,,
2943.650291,0,0,1,244216.9176,0,0,0,0,DS54,,,,,,,,,,,,,,,,,
2944.650291,0,0,1,244216.9176,0,0,0,0,DS54,,,,,,,,,,,,,,,,,
2945.650291,0,0,1,244216.9176,0,0,0,0,DS54,,,,,,,,,,,,,,,,,
2946.650291,0,0,1,244216.9176,0,0,0,0,DS54,,,,,,,,,,,,,,,,,
2947.650291,0,0,1,244216.9176,0,0,0,0,DS54,,,,,,,,,,,,,,,,,
2948.650291,0,0,1,244216.9176,0,0,0,0,DS54,,,,,,,,,,,,,,,,,
2949.650291,0,0,1,244216.9176,0,0,0,0,DS54,,,,,,,,,,,,,,,,,
2950.650291,0,0,1,244216.9176,0,0,0,0,DS54,,,,,,,,,,,,,,,,,
2951.650291,0,0,1,244216.9176,0,0,0,0,DS54,,,,,,,,,,,,,,,,,
2952.650291,0,0,1,244216.9176,0,0,0,0,DS54,,,,,,,,,,,,,,,,,
2953.650291,0,0,1,244216.9176,0,0,0,0,DS54,,,,,,,,,,,,,,,,,
2954.650291,0,0,1,244216.9176,0,0,0,0,DS54,,,,,,,,,,,,,,,,,
2955.650291,0,0,1,244216.9176,0,0,0,0,DS54,,,,,,,,,,,,,,,,,
2956.650291,0,0,1,244216.9176,0,0,0,0,DS54,,,,,,,,,,,,,,,,,
2957.650291,0,0,1,244216.9176,0,0,0,0,DS54,,,,,,,,,,,,,,,,,
2958.650291,0,0,1,244216.9176,0,0,0,0,DS54,,,,,,,,,,,,,,,,,
2959.650291,0,0,1,244216.9176,0,0,0,0,DS54,,,,,,,,,,,,,,,,,
2960.650291,0,0,1,244216.9176,0,0,0,0,DS54,,,,,,,,,,,,,,,,,
2961.650291,0,0,1,244216.9176,0,0,0,0,DS54,,,,,,,,,,,,,,,,,
2962.650291,0,0,1,244216.9176,0,0,0,0,DS54,,,,,,,,,,,,,,,,,
2963.650291,0,0,1,244216.9176,0,0,0,0,DS54,,,,,,,,,,,,,,,,,
2964.650291,0,0,1,244216.9176,0,0,0,0,DS54,,,,,,,,,,,,,,,,,
2965.650291,0,0,1,244216.9176,0,0,0,0,DS54,,,,,,,,,,,,,,,,,
2966.650291,0,0,1,244216.9176,0,0,0,0,DS54,,,,,,,,,,,,,,,,,
2967.650291,0,0,1,244216.9176,0,0,0,0,DS54,,,,,,,,,,,,,,,,,
2968.650291,0,0,1,244216.9176,0,0,0,0,DS54,,,,,,,,,,,,,,,,,
2969.650291,0,0,1,244216.9176,0,0,0,0,DS54,,,,,,,,,,,,,,,,,
2970.650291,0,0,1,244216.9176,0,0,0,0,DS54,,,,,,,,,,,,,,,,,
2971.650291,0,0,1,244216.9176,0,0,0,0,DS54,,,,,,,,,,,,,,,,,
2972.650291,0,0,1,244216.9176,0,0,0,0,DS54,,,,,,,,,,,,,,,,,
2973.650291,0,0,1,244216.9176,0,0,0,0,DS54,,,,,,,,,,,,,,,,,
2974.650291,0,0,1,244216.9176,0,0,0,0,DS54,,,,,,,,,,,,,,,,,
2975.650291,0,0,1,244216.9176,0,0,0,0,DS54,,,,,,,,,,,,,,,,,
2976.650291,0,0,1,244216.9176,0,0,0,0,DS54,,,,,,,,,,,,,,,,,
2977.650291,0,0,1,244216.9176,0,0,0,0,DS54,,,,,,,,,,,,,,,,,
2978.650291,0,0,1,244216.9176,0,0,0,0,DS54,,,,,,,,,,,,,,,,,
2979.650291,0,0,1,244216.9176,0,0,0,0,DS54,,,,,,,,,,,,,,,,,
2980.650291,0,0,1,244216.9176,0,0,0,0,DS54,,,,,,,,,,,,,,,,,
2981.650291,0,0,1,244216.9176,0,0,0,0,DS54,,,,,,,,,,,,,,,,,
2982.650291,0,0,1,244216.9176,0,0,0,0,DS54,,,,,,,,,,,,,,,,,
2983.650291,0,0,1,244216.9176,0,0,0,0,DS54,,,,,,,,,,,,,,,,,
2984.650291,0,0,1,244216.9176,0,0,0,0,DS54,,,,,,,,,,,,,,,,,
2985.650291,0,0,1,244216.9176,0,0,0,0,DS54,,,,,,,,,,,,,,,,,
2986.650291,0,0,1,244216.9176,0,0,0,0,DS54,,,,,,,,,,,,,,,,,
2987.650291,0,0,1,244216.9176,0,0,0,0,DS54,,,,,,,,,,,,,,,,,
2988.650291,0,0,1,244216.9176,0,0,0,0,DS54,,,,,,,,,,,,,,,,,
2989.650291,0,0,1,244216.9176,0,0,0,0,DS54,,,,,,,,,,,,,,,,,
2990.650291,0,0,1,244216.9176,0,0,0,0,DS54,,,,,,,,,,,,,,,,,
2991.650291,0,0,1,244216.9176,0,0,0,0,DS54,,,,,,,,,,,,,,,,,
2992.650291,0,0,1,244216.9176,0,0,0,0,DS54,,,,,,,,,,,,,,,,,
2993.650291,0,0,1,244216.9176,0,0,0,0,DS54,,,,,,,,,,,,,,,,,
2994.650291,0,0,1,244216.9176,0,0,0,0,DS54,,,,,,,,,,,,,,,,,
2995.650291,0,0,1,244216.9176,0,0,0,0,DS54,,,,,,,,,,,,,,,,,
2996.650291,0,0,1,244216.9176,0,0,0,0,DS54,,,,,,,,,,,,,,,,,
2997.650291,0,0,1,244216.9176,0,0,0,0,DS54,,,,,,,,,,,,,,,,,
2998.650291,0,0,1,244216.9176,0,0,0,0,DS54,,,,,,,,,,,,,,,,,
2999.650291,0,0,1,244216.9176,0,0,0,0,DS54,,,,,,,,,,,,,,,,,
3000.650291,0,0,1,244216.9176,0,0,0,0,DS54,,,,,,,,,,,,,,,,,
3001.650291,0,0,1,244216.9176,0,0,0,0,DS54,,,,,,,,,,,,,,,,,
3002.650291,0,0,1,244216.9176,0,0,0,0,DS54,,,,,,,,,,,,,,,,,
3003.650291,0,0,1,244216.9176,0,0,0,0,DS54,,,,,,,,,,,,,,,,,
3004.650291,0,0,1,244216.9176,0,0,0,0,DS54,,,,,,,,,,,,,,,,,
3005.650291,0,0,1,244216.9176,0,0,0,0,DS54,,,,,,,,,,,,,,,,,
3006.650291,0,0,1,244216.9176,0,0,0,0,DS54,,,,,,,,,,,,,,,,,
3007.650291,0,0,1,244216.9176,0,0,0,0,DS54,,,,,,,,,,,,,,,,,
3008.650291,0,0,1,244216.9176,0,0,0,0,DS54,,,,,,,,,,,,,,,,,
3009.650291,0,0,1,244216.9176,0,0,0,0,DS54,,,,,,,,,,,,,,,,,
3010.650291,0,0,1,244216.9176,0,0,0,0,DS54,,,,,,,,,,,,,,,,,
3011.650291,0,0,1,244216.9176,0,0,0,0,DS54,,,,,,,,,,,,,,,,,
3012.650291,0,0,1,244216.9176,0,0,0,0,DS54,,,,,,,,,,,,,,,,,
3013.650291,0,0,1,244216.9176,0,0,0,0,DS54,,,,,,,,,,,,,,,,,
3014.650291,0,0,1,244216.9176,0,0,0,0,DS54,,,,,,,,,,,,,,,,,
3015.650291,0,0,1,244216.9176,0,0,0,0,DS54,,,,,,,,,,,,,,,,,
3016.650291,0,0,1,244216.9176,0,0,0,0,DS54,,,,,,,,,,,,,,,,,
3017.650291,0,0,1,244216.9176,0,0,0,0,DS54,,,,,,,,,,,,,,,,,
3018.650291,0,0,1,244216.9176,0,0,0,0,DS54,,,,,,,,,,,,,,,,,
3019.650291,0,0,1,244216.9176,0,0,0,0,DS54,,,,,,,,,,,,,,,,,
3020.650291,0,0,1,244216.9176,0,0,0,0,DS54,,,,,,,,,,,,,,,,,
3021.650291,0,0,1,244216.9176,0,0,0,0,DS54,,,,,,,,,,,,,,,,,
3022.650291,0,0,1,244216.9176,0,0,0,0,DS54,,,,,,,,,,,,,,,,,
3023.650291,0,0,1,244216.9176,0,0,0,0,DS54,,,,,,,,,,,,,,,,,
3024.650291,0,0,1,244216.9176,0,0,0,0,DS54,,,,,,,,,,,,,,,,,
3025.650291,0,0,1,244216.9176,0,0,0,0,DS54,,,,,,,,,,,,,,,,,
3026.650291,0,0,1,244216.9176,0,0,0,0,DS54,,,,,,,,,,,,,,,,,
3027.650291,0,0,1,244216.9176,0,0,0,0,DS54,,,,,,,,,,,,,,,,,
3028.650291,0,0,1,244216.9176,0,0,0,0,DS54,,,,,,,,,,,,,,,,,
3029.650291,0,0,1,244216.9176,0,0,0,0,DS54,,,,,,,,,,,,,,,,,
3030.650291,0,0,1,244216.9176,0,0,0,0,DS54,,,,,,,,,,,,,,,,,
3031.650291,0,0,1,244216.9176,0,0,0,0,DS54,,,,,,,,,,,,,,,,,
3032.650291,0,0,1,244216.9176,0,0,0,0,DS54,,,,,,,,,,,,,,,,,
3033.650291,0,0,1,244216.9176,0,0,0,0,DS54,,,,,,,,,,,,,,,,,
3034.650291,0,0,1,244216.9176,0,0,0,0,DS54,,,,,,,,,,,,,,,,,
3035.650291,0,0,1,244216.9176,0,0,0,0,DS54,,,,,,,,,,,,,,,,,
3036.650291,0,0,1,244216.9176,0,0,0,0,DS54,,,,,,,,,,,,,,,,,
3037.650291,0,0,1,244216.9176,0,0,0,0,DS54,,,,,,,,,,,,,,,,,
3038.650291,0,0,1,244216.9176,0,0,0,0,DS54,,,,,,,,,,,,,,,,,
3039.650291,0,0,1,244216.9176,0,0,0,0,DS54,,,,,,,,,,,,,,,,,
3040.650291,0,0,1,244216.9176,0,0,0,0,DS54,,,,,,,,,,,,,,,,,
3041.650291,0,0,1,244216.9176,0,0,0,0,DS54,,,,,,,,,,,,,,,,,
3042.650291,0,0,1,244216.9176,0,0,0,0,DS54,,,,,,,,,,,,,,,,,
3043.650291,0,0,1,244216.9176,0,0,0,0,DS54,,,,,,,,,,,,,,,,,
3044.650291,0,0,1,244216.9176,0,0,0,0,DS54,,,,,,,,,,,,,,,,,
3045.650291,0,0,1,244216.9176,0,0,0,0,DS54,,,,,,,,,,,,,,,,,
3046.650291,0,0,1,244216.9176,0,0,0,0,DS54,,,,,,,,,,,,,,,,,
3047.650291,0,0,1,244216.9176,0,0,0,0,DS54,,,,,,,,,,,,,,,,,
3048.650291,0,0,1,244216.9176,0,0,0,0,DS54,,,,,,,,,,,,,,,,,
3049.650291,0,0,1,244216.9176,0,0,0,0,DS54,,,,,,,,,,,,,,,,,
3050.650291,0,0,1,244216.9176,0,0,0,0,DS54,,,,,,,,,,,,,,,,,
3051.650291,0,0,1,244216.9176,0,0,0,0,DS54,,,,,,,,,,,,,,,,,
3052.650291,0,0,1,244216.9176,0,0,0,0,DS54,,,,,,,,,,,,,,,,,
3053.650291,0,0,1,244216.9176,0,0,0,0,DS54,,,,,,,,,,,,,,,,,
3054.650291,0,0,1,244216.9176,0,0,0,0,DS54,,,,,,,,,,,,,,,,,
3055.650291,0,0,1,244216.9176,0,0,0,0,DS54,,,,,,,,,,,,,,,,,
3056.650291,0,0,1,244216.9176,0,0,0,0,DS54,,,,,,,,,,,,,,,,,
3057.650291,0,0,1,244216.9176,0,0,0,0,DS54,,,,,,,,,,,,,,,,,
3058.650291,0,0,1,244216.9176,0,0,0,0,DS54,,,,,,,,,,,,,,,,,
3059.650291,0,0,1,244216.9176,0,0,0,0,DS54,,,,,,,,,,,,,,,,,
3060.650291,0,0,1,244216.9176,0,0,0,0,DS54,,,,,,,,,,,,,,,,,
3061.650291,0,0,1,244216.9176,0,0,0,0,DS54,,,,,,,,,,,,,,,,,
3062.650291,0,0,1,244216.9176,0,0,0,0,DS54,,,,,,,,,,,,,,,,,
3063.650291,0,0,1,244216.9176,0,0,0,0,DS54,,,,,,,,,,,,,,,,,
3064.650291,0,0,1,244216.9176,0,0,0,0,DS54,,,,,,,,,,,,,,,,,
3065.650291,0,0,1,244216.9176,0,0,0,0,DS54,,,,,,,,,,,,,,,,,
3066.650291,0,0,1,244216.9176,0,0,0,0,DS54,,,,,,,,,,,,,,,,,
3067.650291,0,0,1,244216.9176,0,0,0,0,DS54,,,,,,,,,,,,,,,,,
3068.650291,0,0,1,244216.9176,0,0,0,0,DS54,,,,,,,,,,,,,,,,,
3069.650291,0,0,1,244216.9176,0,0,0,0,DS54,,,,,,,,,,,,,,,,,
3070.650291,0,0,1,244216.9176,0,0,0,0,DS54,,,,,,,,,,,,,,,,,
3071.650291,0,0,1,244216.9176,0,0,0,0,DS54,,,,,,,,,,,,,,,,,
3072.650291,0,0,1,244216.9176,0,0,0,0,DS54,,,,,,,,,,,,,,,,,
3073.650291,0,0,1,244216.9176,0,0,0,0,DS54,,,,,,,,,,,,,,,,,
3074.650291,0,0,1,244216.9176,0,0,0,0,DS54,,,,,,,,,,,,,,,,,
3075.650291,0,0,1,244216.9176,0,0,0,0,DS54,,,,,,,,,,,,,,,,,
3076.650291,0,0,1,244216.9176,0,0,0,0,DS54,,,,,,,,,,,,,,,,,
3077.650291,0,0,1,244216.9176,0,0,0,0,DS54,,,,,,,,,,,,,,,,,
3078.650291,0,0,1,244216.9176,0,0,0,0,DS54,,,,,,,,,,,,,,,,,
3079.650291,0,0,1,244216.9176,0,0,0,0,DS54,,,,,,,,,,,,,,,,,
3080.650291,0,0,1,244216.9176,0,0,0,0,DS54,,,,,,,,,,,,,,,,,
3081.650291,0,0,1,244216.9176,0,0,0,0,DS54,,,,,,,,,,,,,,,,,
3082.650291,0,0,1,244216.9176,0,0,0,0,DS54,,,,,,,,,,,,,,,,,
3083.650291,0,0,1,244216.9176,0,0,0,0,DS54,,,,,,,,,,,,,,,,,
3084.650291,0,0,1,244216.9176,0,0,0,0,DS54,,,,,,,,,,,,,,,,,
3085.650291,0,0,1,244216.9176,0,0,0,0,DS54,,,,,,,,,,,,,,,,,
3086.650291,0,0,1,244216.9176,0,0,0,0,DS54,,,,,,,,,,,,,,,,,
3087.650291,0,0,1,244216.9176,0,0,0,0,DS54,,,,,,,,,,,,,,,,,
3088.650291,0,0,1,244216.9176,0,0,0,0,DS54,,,,,,,,,,,,,,,,,
3089.650291,0,0,1,244216.9176,0,0,0,0,DS54,,,,,,,,,,,,,,,,,
3090.650291,0,0,1,244216.9176,0,0,0,0,DS54,,,,,,,,,,,,,,,,,
3091.650291,0,0,1,244216.9176,0,0,0,0,DS54,,,,,,,,,,,,,,,,,
3092.650291,0,0,1,244216.9176,0,0,0,0,DS54,,,,,,,,,,,,,,,,,
3093.650291,0,0,1,244216.9176,0,0,0,0,DS54,,,,,,,,,,,,,,,,,
3094.650291,0,0,1,244216.9176,0,0,0,0,DS54,,,,,,,,,,,,,,,,,
3095.650291,0,0,1,244216.9176,0,0,0,0,DS54,,,,,,,,,,,,,,,,,
3096.650291,0,0,1,244216.9176,0,0,0,0,DS54,,,,,,,,,,,,,,,,,
3097.650291,0,0,1,244216.9176,0,0,0,0,DS54,,,,,,,,,,,,,,,,,
3098.650291,0,0,1,244216.9176,0,0,0,0,DS54,,,,,,,,,,,,,,,,,
3099.650291,0,0,1,244216.9176,0,0,0,0,DS54,,,,,,,,,,,,,,,,,
3100.650291,0,0,1,244216.9176,0,0,0,0,DS54,,,,,,,,,,,,,,,,,
3101.650291,0,0,1,244216.9176,0,0,0,0,DS54,,,,,,,,,,,,,,,,,
3102.650291,0,0,1,244216.9176,0,0,0,0,DS54,,,,,,,,,,,,,,,,,
3103.650291,1,265308.2569,1,244216.9176,0,0,0,0,DS54,,,,,,,,,,,,,,,,,
3104.650291,1,265308.2569,1,244216.9176,0,0,0,0,DS54,,,,,,,,,,,,,,,,,
3105.650291,1,265308.2569,1,244216.9176,0,0,0,0,DS54,,,,,,,,,,,,,,,,,
3106.650291,1,265308.2569,1,244216.9176,0,0,0,0,DS54,,,,,,,,,,,,,,,,,
3107.650291,1,265308.2569,1,244216.9176,0,0,0,0,DS54,,,,,,,,,,,,,,,,,
3108.650291,1,265308.2569,1,244216.9176,0,0,0,0,DS54,,,,,,,,,,,,,,,,,
3109.650291,1,265308.2569,1,244216.9176,0,0,0,0,DS54,,,,,,,,,,,,,,,,,
3110.650291,1,265308.2569,1,244216.9176,0,0,0,0,DS54,,,,,,,,,,,,,,,,,
3111.650291,1,265308.2569,1,244216.9176,0,0,0,0,DS54,,,,,,,,,,,,,,,,,
3112.650291,1,265308.2569,1,244216.9176,0,0,0,0,DS54,,,,,,,,,,,,,,,,,
3113.650291,1,265308.2569,1,244216.9176,0,0,0,0,DS54,,,,,,,,,,,,,,,,,
3114.650291,1,265308.2569,1,244216.9176,0,0,0,0,DS54,,,,,,,,,,,,,,,,,
3115.650291,1,265308.2569,1,244216.9176,0,0,0,0,DS54,,,,,,,,,,,,,,,,,
3116.650291,1,265308.2569,1,244216.9176,0,0,0,0,DS54,,,,,,,,,,,,,,,,,
3117.650291,1,265308.2569,1,244216.9176,0,0,0,0,DS54,,,,,,,,,,,,,,,,,
3118.650291,1,265308.2569,1,244216.9176,0,0,0,0,DS54,,,,,,,,,,,,,,,,,
3119.650291,1,265308.2569,1,244216.9176,0,0,0,0,DS54,,,,,,,,,,,,,,,,,
3120.650291,1,265308.2569,1,244216.9176,0,0,0,0,DS54,,,,,,,,,,,,,,,,,
3121.650291,1,265308.2569,1,244216.9176,0,0,0,0,DS54,,,,,,,,,,,,,,,,,
3122.650291,1,265308.2569,1,244216.9176,0,0,0,0,DS54,,,,,,,,,,,,,,,,,
3123.650291,1,265308.2569,1,244216.9176,0,0,0,0,DS54,,,,,,,,,,,,,,,,,
3124.650291,1,265308.2569,1,244216.9176,0,0,0,0,DS54,,,,,,,,,,,,,,,,,
3125.650291,1,265308.2569,1,244216.9176,0,0,0,0,DS54,,,,,,,,,,,,,,,,,
3126.650291,1,265308.2569,1,244216.9176,0,0,0,0,DS54,,,,,,,,,,,,,,,,,
3127.650291,1,265308.2569,1,244216.9176,0,0,0,0,DS54,,,,,,,,,,,,,,,,,
3128.650291,1,265308.2569,1,244216.9176,0,0,0,0,DS54,,,,,,,,,,,,,,,,,
3129.650291,1,265308.2569,1,244216.9176,0,0,0,0,DS54,,,,,,,,,,,,,,,,,
3130.650291,1,265308.2569,1,244216.9176,0,0,0,0,DS54,,,,,,,,,,,,,,,,,
3131.650291,1,265308.2569,1,244216.9176,0,0,0,0,DS54,,,,,,,,,,,,,,,,,
3132.650291,1,265308.2569,1,244216.9176,0,0,0,0,DS54,,,,,,,,,,,,,,,,,
3133.650291,1,265308.2569,1,244216.9176,0,0,0,0,DS54,,,,,,,,,,,,,,,,,
3134.650291,1,265308.2569,1,244216.9176,0,0,0,0,DS54,,,,,,,,,,,,,,,,,
3135.650291,1,265308.2569,1,244216.9176,0,0,0,0,DS54,,,,,,,,,,,,,,,,,
3136.650291,1,265308.2569,1,244216.9176,0,0,0,0,DS54,,,,,,,,,,,,,,,,,
3137.650291,1,265308.2569,1,244216.9176,0,0,0,0,DS54,,,,,,,,,,,,,,,,,
3138.650291,1,265308.2569,1,244216.9176,0,0,0,0,DS54,,,,,,,,,,,,,,,,,
3139.650291,1,265308.2569,1,244216.9176,0,0,0,0,DS54,,,,,,,,,,,,,,,,,
3140.650291,1,265308.2569,1,244216.9176,0,0,0,0,DS54,,,,,,,,,,,,,,,,,
3141.650291,1,265308.2569,1,244216.9176,0,0,0,0,DS54,,,,,,,,,,,,,,,,,
3142.650291,1,265308.2569,1,244216.9176,0,0,0,0,DS54,,,,,,,,,,,,,,,,,
3143.650291,1,265308.2569,1,244216.9176,0,0,0,0,DS54,,,,,,,,,,,,,,,,,
3144.650291,1,265308.2569,1,244216.9176,0,0,0,0,DS54,,,,,,,,,,,,,,,,,
3145.650291,1,265308.2569,1,244216.9176,0,0,0,0,DS54,,,,,,,,,,,,,,,,,
3146.650291,1,265308.2569,1,244216.9176,0,0,0,0,DS54,,,,,,,,,,,,,,,,,
3147.650291,1,265308.2569,1,244216.9176,0,0,0,0,DS54,,,,,,,,,,,,,,,,,
3148.650291,1,265308.2569,1,244216.9176,0,0,0,0,DS54,,,,,,,,,,,,,,,,,
3149.650291,1,265308.2569,1,244216.9176,0,0,0,0,DS54,,,,,,,,,,,,,,,,,
3150.650291,1,265308.2569,1,244216.9176,0,0,0,0,DS54,,,,,,,,,,,,,,,,,
3151.650291,1,265308.2569,1,244216.9176,0,0,0,0,DS54,,,,,,,,,,,,,,,,,
3152.650291,1,265308.2569,1,244216.9176,0,0,0,0,DS54,,,,,,,,,,,,,,,,,
3153.650291,1,265308.2569,1,244216.9176,0,0,0,0,DS54,,,,,,,,,,,,,,,,,
3154.650291,1,265308.2569,1,244216.9176,0,0,0,0,DS54,,,,,,,,,,,,,,,,,
3155.650291,1,265308.2569,1,244216.9176,0,0,0,0,DS54,,,,,,,,,,,,,,,,,
3156.650291,1,265308.2569,1,244216.9176,0,0,0,0,DS54,,,,,,,,,,,,,,,,,
3157.650291,1,265308.2569,1,244216.9176,0,0,0,0,DS54,,,,,,,,,,,,,,,,,
3158.650291,1,265308.2569,1,244216.9176,0,0,0,0,DS54,,,,,,,,,,,,,,,,,
3159.650291,1,265308.2569,1,244216.9176,0,0,0,0,DS54,,,,,,,,,,,,,,,,,
3160.650291,1,265308.2569,1,244216.9176,0,0,0,0,DS54,,,,,,,,,,,,,,,,,
3161.650291,1,265308.2569,1,244216.9176,0,0,0,0,DS54,,,,,,,,,,,,,,,,,
3162.650291,1,265308.2569,1,244216.9176,0,0,0,0,DS54,,,,,,,,,,,,,,,,,
3163.650291,1,265308.2569,1,244216.9176,0,0,0,0,DS54,,,,,,,,,,,,,,,,,
3164.650291,1,265308.2569,1,244216.9176,0,0,0,0,DS54,,,,,,,,,,,,,,,,,
3165.650291,1,265308.2569,1,244216.9176,0,0,0,0,DS54,,,,,,,,,,,,,,,,,
3166.650291,1,265308.2569,1,244216.9176,0,0,0,0,DS54,,,,,,,,,,,,,,,,,
3167.650291,1,265308.2569,1,244216.9176,0,0,0,0,DS54,,,,,,,,,,,,,,,,,
3168.650291,1,265308.2569,1,244216.9176,0,0,0,0,DS54,,,,,,,,,,,,,,,,,
3169.650291,1,265308.2569,1,244216.9176,0,0,0,0,DS54,,,,,,,,,,,,,,,,,
3170.650291,1,265308.2569,1,244216.9176,0,0,0,0,DS54,,,,,,,,,,,,,,,,,
3171.650291,1,265308.2569,1,244216.9176,0,0,0,0,DS54,,,,,,,,,,,,,,,,,
3172.650291,1,265308.2569,1,244216.9176,0,0,0,0,DS54,,,,,,,,,,,,,,,,,
3173.650291,1,265308.2569,1,244216.9176,0,0,0,0,DS54,,,,,,,,,,,,,,,,,
3174.650291,1,265308.2569,1,244216.9176,0,0,0,0,DS54,,,,,,,,,,,,,,,,,
3175.650291,1,265308.2569,1,244216.9176,0,0,0,0,DS54,,,,,,,,,,,,,,,,,
3176.650291,1,265308.2569,1,244216.9176,0,0,0,0,DS54,,,,,,,,,,,,,,,,,
3177.650291,1,265308.2569,1,244216.9176,0,0,0,0,DS54,,,,,,,,,,,,,,,,,
3178.650291,1,265308.2569,1,244216.9176,0,0,0,0,DS54,,,,,,,,,,,,,,,,,
3179.650291,1,265308.2569,1,244216.9176,0,0,0,0,DS54,,,,,,,,,,,,,,,,,
3180.650291,1,265308.2569,1,244216.9176,0,0,0,0,DS54,,,,,,,,,,,,,,,,,
3181.650291,1,265308.2569,1,244216.9176,0,0,0,0,DS54,,,,,,,,,,,,,,,,,
3182.650291,1,265308.2569,1,244216.9176,0,0,0,0,DS54,,,,,,,,,,,,,,,,,
3183.650291,1,265308.2569,1,244216.9176,0,0,0,0,DS54,,,,,,,,,,,,,,,,,
3184.650291,1,265308.2569,1,244216.9176,0,0,0,0,DS54,,,,,,,,,,,,,,,,,
3185.650291,1,265308.2569,1,244216.9176,0,0,0,0,DS54,,,,,,,,,,,,,,,,,
3186.650291,1,265308.2569,1,244216.9176,0,0,0,0,DS54,,,,,,,,,,,,,,,,,
3187.650291,1,265308.2569,1,244216.9176,0,0,0,0,DS54,,,,,,,,,,,,,,,,,
3188.650291,1,265308.2569,1,244216.9176,0,0,0,0,DS54,,,,,,,,,,,,,,,,,
3189.650291,1,265308.2569,1,244216.9176,0,0,0,0,DS54,,,,,,,,,,,,,,,,,
3190.650291,1,265308.2569,1,244216.9176,0,0,0,0,DS54,,,,,,,,,,,,,,,,,
3191.650291,1,265308.2569,1,244216.9176,0,0,0,0,DS54,,,,,,,,,,,,,,,,,
3192.650291,1,265308.2569,1,244216.9176,0,0,0,0,DS54,,,,,,,,,,,,,,,,,
3193.650291,1,265308.2569,1,244216.9176,0,0,0,0,DS54,,,,,,,,,,,,,,,,,
3194.650291,1,265308.2569,1,244216.9176,0,0,0,0,DS54,,,,,,,,,,,,,,,,,
3195.650291,1,265308.2569,1,244216.9176,0,0,0,0,DS54,,,,,,,,,,,,,,,,,
3196.650291,1,265308.2569,1,244216.9176,0,0,0,0,DS54,,,,,,,,,,,,,,,,,
3197.650291,1,265308.2569,1,244216.9176,0,0,0,0,DS54,,,,,,,,,,,,,,,,,
3198.650291,1,265308.2569,1,244216.9176,0,0,0,0,DS54,,,,,,,,,,,,,,,,,
3199.650291,1,265308.2569,1,244216.9176,0,0,0,0,DS54,,,,,,,,,,,,,,,,,
3200.650291,1,265308.2569,1,244216.9176,0,0,0,0,DS54,,,,,,,,,,,,,,,,,
3201.650291,1,265308.2569,1,244216.9176,0,0,0,0,DS54,,,,,,,,,,,,,,,,,
3202.650291,1,265308.2569,1,244216.9176,0,0,0,0,DS54,,,,,,,,,,,,,,,,,
3203.650291,1,265308.2569,1,244216.9176,0,0,0,0,DS54,,,,,,,,,,,,,,,,,
3204.650291,1,265308.2569,1,244216.9176,0,0,0,0,DS54,,,,,,,,,,,,,,,,,
3205.650291,1,265308.2569,1,244216.9176,0,0,0,0,DS54,,,,,,,,,,,,,,,,,
3206.650291,1,265308.2569,1,244216.9176,0,0,0,0,DS54,,,,,,,,,,,,,,,,,
3207.650291,1,265308.2569,1,244216.9176,0,0,0,0,DS54,,,,,,,,,,,,,,,,,
3208.650291,1,265308.2569,1,244216.9176,0,0,0,0,DS54,,,,,,,,,,,,,,,,,
3209.650291,1,265308.2569,1,244216.9176,0,0,0,0,DS54,,,,,,,,,,,,,,,,,
3210.650291,1,265308.2569,1,244216.9176,0,0,0,0,DS54,,,,,,,,,,,,,,,,,
3211.650291,1,265308.2569,1,244216.9176,0,0,0,0,DS54,,,,,,,,,,,,,,,,,
3212.650291,1,265308.2569,1,244216.9176,0,0,0,0,DS54,,,,,,,,,,,,,,,,,
3213.650291,1,265308.2569,1,244216.9176,0,0,0,0,DS54,,,,,,,,,,,,,,,,,
3214.650291,1,265308.2569,1,244216.9176,0,0,0,0,DS54,,,,,,,,,,,,,,,,,
3215.650291,1,265308.2569,1,244216.9176,0,0,0,0,DS54,,,,,,,,,,,,,,,,,
3216.650291,1,265308.2569,1,244216.9176,0,0,0,0,DS54,,,,,,,,,,,,,,,,,
3217.650291,1,265308.2569,1,244216.9176,0,0,0,0,DS54,,,,,,,,,,,,,,,,,
3218.650291,1,265308.2569,1,244216.9176,0,0,0,0,DS54,,,,,,,,,,,,,,,,,
3219.650291,1,265308.2569,1,244216.9176,0,0,0,0,DS54,,,,,,,,,,,,,,,,,
3220.650291,1,265308.2569,1,244216.9176,0,0,0,0,DS54,,,,,,,,,,,,,,,,,
3221.650291,1,265308.2569,1,244216.9176,0,0,0,0,DS54,,,,,,,,,,,,,,,,,
3222.650291,1,265308.2569,1,244216.9176,0,0,0,0,DS54,,,,,,,,,,,,,,,,,
3223.650291,1,265308.2569,1,244216.9176,0,0,0,0,DS54,,,,,,,,,,,,,,,,,
3224.650291,1,265308.2569,1,244216.9176,0,0,0,0,DS54,,,,,,,,,,,,,,,,,
3225.650291,1,265308.2569,1,244216.9176,0,0,0,0,DS54,,,,,,,,,,,,,,,,,
3226.650291,1,265308.2569,1,244216.9176,0,0,0,0,DS54,,,,,,,,,,,,,,,,,
3227.650291,1,265308.2569,1,244216.9176,0,0,0,0,DS54,,,,,,,,,,,,,,,,,
3228.650291,1,265308.2569,1,244216.9176,0,0,0,0,DS54,,,,,,,,,,,,,,,,,
3229.650291,1,265308.2569,1,244216.9176,0,0,0,0,DS54,,,,,,,,,,,,,,,,,
3230.650291,1,265308.2569,1,244216.9176,0,0,0,0,DS54,,,,,,,,,,,,,,,,,
3231.650291,1,265308.2569,1,244216.9176,0,0,0,0,DS54,,,,,,,,,,,,,,,,,
3232.650291,1,265308.2569,1,244216.9176,0,0,0,0,DS54,,,,,,,,,,,,,,,,,
3233.650291,1,265308.2569,1,244216.9176,0,0,0,0,DS54,,,,,,,,,,,,,,,,,
3234.650291,1,265308.2569,1,244216.9176,0,0,0,0,DS54,,,,,,,,,,,,,,,,,
3235.650291,1,265308.2569,1,244216.9176,0,0,0,0,DS54,,,,,,,,,,,,,,,,,
3236.650291,1,265308.2569,1,244216.9176,0,0,0,0,DS54,,,,,,,,,,,,,,,,,
3237.650291,1,265308.2569,1,244216.9176,0,0,0,0,DS54,,,,,,,,,,,,,,,,,
3238.650291,1,265308.2569,1,244216.9176,0,0,0,0,DS54,,,,,,,,,,,,,,,,,
3239.650291,1,265308.2569,1,244216.9176,0,0,0,0,DS54,,,,,,,,,,,,,,,,,
3240.650291,1,265308.2569,1,244216.9176,0,0,0,0,DS54,,,,,,,,,,,,,,,,,
3241.650291,1,265308.2569,1,244216.9176,0,0,0,0,DS54,,,,,,,,,,,,,,,,,
3242.650291,1,265308.2569,1,244216.9176,0,0,0,0,DS54,,,,,,,,,,,,,,,,,
3243.650291,1,265308.2569,1,244216.9176,0,0,0,0,DS54,,,,,,,,,,,,,,,,,
3244.650291,1,265308.2569,1,244216.9176,0,0,0,0,DS54,,,,,,,,,,,,,,,,,
3245.650291,1,265308.2569,1,244216.9176,0,0,0,0,DS54,,,,,,,,,,,,,,,,,
3246.650291,1,265308.2569,1,244216.9176,0,0,0,0,DS54,,,,,,,,,,,,,,,,,
3247.650291,1,265308.2569,1,244216.9176,0,0,0,0,DS54,,,,,,,,,,,,,,,,,
3248.650291,1,265308.2569,1,244216.9176,0,0,0,0,DS54,,,,,,,,,,,,,,,,,
3249.650291,1,265308.2569,1,244216.9176,0,0,0,0,DS54,,,,,,,,,,,,,,,,,
3250.650291,1,265308.2569,1,244216.9176,0,0,0,0,DS54,,,,,,,,,,,,,,,,,
3251.650291,1,265308.2569,1,244216.9176,0,0,0,0,DS54,,,,,,,,,,,,,,,,,
3252.650291,1,265308.2569,1,244216.9176,0,0,0,0,DS54,,,,,,,,,,,,,,,,,
3253.650291,1,265308.2569,1,244216.9176,0,0,0,0,DS54,,,,,,,,,,,,,,,,,
3254.650291,1,265308.2569,1,244216.9176,0,0,0,0,DS54,,,,,,,,,,,,,,,,,
3255.650291,1,265308.2569,1,244216.9176,0,0,0,0,DS54,,,,,,,,,,,,,,,,,
3256.650291,1,265308.2569,1,244216.9176,0,0,0,0,DS54,,,,,,,,,,,,,,,,,
3257.650291,1,265308.2569,1,244216.9176,0,0,0,0,DS54,,,,,,,,,,,,,,,,,
3258.650291,1,265308.2569,1,244216.9176,0,0,0,0,DS54,,,,,,,,,,,,,,,,,
3259.650291,1,265308.2569,1,244216.9176,0,0,0,0,DS54,,,,,,,,,,,,,,,,,
3260.650291,1,265308.2569,1,244216.9176,0,0,0,0,DS54,,,,,,,,,,,,,,,,,
3261.650291,1,265308.2569,1,244216.9176,0,0,0,0,DS54,,,,,,,,,,,,,,,,,
3262.650291,1,265308.2569,1,244216.9176,0,0,0,0,DS54,,,,,,,,,,,,,,,,,
3263.650291,1,265308.2569,1,244216.9176,0,0,0,0,DS54,,,,,,,,,,,,,,,,,
3264.650291,1,265308.2569,1,244216.9176,0,0,0,0,DS54,,,,,,,,,,,,,,,,,
3265.650291,1,265308.2569,1,244216.9176,0,0,0,0,DS54,,,,,,,,,,,,,,,,,
3266.650291,1,265308.2569,1,244216.9176,0,0,0,0,DS54,,,,,,,,,,,,,,,,,
3267.650291,1,265308.2569,1,244216.9176,0,0,0,0,DS54,,,,,,,,,,,,,,,,,
3268.650291,1,265308.2569,1,244216.9176,0,0,0,0,DS54,,,,,,,,,,,,,,,,,
3269.650291,1,265308.2569,1,244216.9176,0,0,0,0,DS54,,,,,,,,,,,,,,,,,
3270.650291,1,265308.2569,1,244216.9176,0,0,0,0,DS54,,,,,,,,,,,,,,,,,
3271.650291,1,265308.2569,1,244216.9176,0,0,0,0,DS54,,,,,,,,,,,,,,,,,
3272.650291,1,265308.2569,1,244216.9176,0,0,0,0,DS54,,,,,,,,,,,,,,,,,
3273.650291,1,265308.2569,1,244216.9176,0,0,0,0,DS54,,,,,,,,,,,,,,,,,
3274.650291,1,265308.2569,1,244216.9176,0,0,0,0,DS54,,,,,,,,,,,,,,,,,
3275.650291,1,265308.2569,1,244216.9176,0,0,0,0,DS54,,,,,,,,,,,,,,,,,
3276.650291,1,265308.2569,1,244216.9176,0,0,0,0,DS54,,,,,,,,,,,,,,,,,
3277.650291,1,265308.2569,1,244216.9176,0,0,0,0,DS54,,,,,,,,,,,,,,,,,
3278.650291,1,265308.2569,1,244216.9176,0,0,0,0,DS54,,,,,,,,,,,,,,,,,
3279.650291,1,265308.2569,1,244216.9176,0,0,0,0,DS54,,,,,,,,,,,,,,,,,
3280.650291,1,265308.2569,1,244216.9176,0,0,0,0,DS54,,,,,,,,,,,,,,,,,
3281.650291,1,265308.2569,1,244216.9176,0,0,0,0,DS54,,,,,,,,,,,,,,,,,
3282.650291,1,265308.2569,1,244216.9176,0,0,0,0,DS54,,,,,,,,,,,,,,,,,
3283.650291,1,265308.2569,1,244216.9176,0,0,0,0,DS54,,,,,,,,,,,,,,,,,
3284.650291,1,265308.2569,1,244216.9176,0,0,0,0,DS54,,,,,,,,,,,,,,,,,
3285.650291,1,265308.2569,1,244216.9176,1,275676.0158,0,0,DS54,,,,,,,,,,,,,,,,,
3286.650291,1,265308.2569,1,244216.9176,1,275676.0158,0,0,DS54,,,,,,,,,,,,,,,,,
3287.650291,1,265308.2569,1,244216.9176,1,275676.0158,0,0,DS54,,,,,,,,,,,,,,,,,
3288.650291,1,265308.2569,1,244216.9176,1,275676.0158,0,0,DS54,,,,,,,,,,,,,,,,,
3289.650291,1,265308.2569,1,244216.9176,1,275676.0158,0,0,DS54,,,,,,,,,,,,,,,,,
3290.650291,1,265308.2569,1,244216.9176,1,275676.0158,0,0,DS54,,,,,,,,,,,,,,,,,
3291.650291,1,265308.2569,1,244216.9176,1,275676.0158,0,0,DS54,,,,,,,,,,,,,,,,,
3292.650291,1,265308.2569,1,244216.9176,1,275676.0158,0,0,DS54,,,,,,,,,,,,,,,,,
3293.650291,1,265308.2569,1,244216.9176,1,275676.0158,0,0,DS54,,,,,,,,,,,,,,,,,
3294.650291,1,265308.2569,1,244216.9176,1,275676.0158,0,0,DS54,,,,,,,,,,,,,,,,,
3295.650291,1,265308.2569,1,244216.9176,1,275676.0158,0,0,DS54,,,,,,,,,,,,,,,,,
3296.650291,1,265308.2569,1,244216.9176,1,275676.0158,0,0,DS54,,,,,,,,,,,,,,,,,
3297.650291,1,265308.2569,1,244216.9176,1,275676.0158,0,0,DS54,,,,,,,,,,,,,,,,,
3298.650291,1,265308.2569,1,244216.9176,1,275676.0158,0,0,DS54,,,,,,,,,,,,,,,,,
3299.650291,1,265308.2569,1,244216.9176,1,275676.0158,0,0,DS54,,,,,,,,,,,,,,,,,
3300.650291,1,265308.2569,1,244216.9176,1,275676.0158,0,0,DS54,,,,,,,,,,,,,,,,,
3301.650291,1,265308.2569,1,244216.9176,1,275676.0158,0,0,DS54,,,,,,,,,,,,,,,,,
3302.650291,1,265308.2569,1,244216.9176,1,275676.0158,0,0,DS54,,,,,,,,,,,,,,,,,
3303.650291,1,265308.2569,1,244216.9176,1,275676.0158,0,0,DS54,,,,,,,,,,,,,,,,,
3304.650291,1,265308.2569,1,244216.9176,1,275676.0158,0,0,DS54,,,,,,,,,,,,,,,,,
3305.650291,1,265308.2569,1,244216.9176,1,275676.0158,0,0,DS54,,,,,,,,,,,,,,,,,
3306.650291,1,265308.2569,1,244216.9176,1,275676.0158,0,0,DS54,,,,,,,,,,,,,,,,,
3307.650291,1,265308.2569,1,244216.9176,1,275676.0158,0,0,DS54,,,,,,,,,,,,,,,,,
3308.650291,1,265308.2569,1,244216.9176,1,275676.0158,0,0,DS54,,,,,,,,,,,,,,,,,
3309.650291,1,265308.2569,1,244216.9176,1,275676.0158,0,0,DS54,,,,,,,,,,,,,,,,,
3310.650291,1,265308.2569,1,244216.9176,1,275676.0158,0,0,DS54,,,,,,,,,,,,,,,,,
3311.650291,1,265308.2569,1,244216.9176,1,275676.0158,0,0,DS54,,,,,,,,,,,,,,,,,
3312.650291,1,265308.2569,1,244216.9176,1,275676.0158,0,0,DS54,,,,,,,,,,,,,,,,,
3313.650291,1,265308.2569,1,244216.9176,1,275676.0158,0,0,DS54,,,,,,,,,,,,,,,,,
3314.650291,1,265308.2569,1,244216.9176,1,275676.0158,0,0,DS54,,,,,,,,,,,,,,,,,
3315.650291,1,265308.2569,1,244216.9176,1,275676.0158,0,0,DS54,,,,,,,,,,,,,,,,,
3316.650291,1,265308.2569,1,244216.9176,1,275676.0158,0,0,DS54,,,,,,,,,,,,,,,,,
3317.650291,1,265308.2569,1,244216.9176,1,275676.0158,0,0,DS54,,,,,,,,,,,,,,,,,
3318.650291,1,265308.2569,1,244216.9176,1,275676.0158,0,0,DS54,,,,,,,,,,,,,,,,,
3319.650291,1,265308.2569,1,244216.9176,1,275676.0158,0,0,DS54,,,,,,,,,,,,,,,,,
3320.650291,1,265308.2569,1,244216.9176,1,275676.0158,0,0,DS54,,,,,,,,,,,,,,,,,
3321.650291,1,265308.2569,1,244216.9176,1,275676.0158,0,0,DS54,,,,,,,,,,,,,,,,,
3322.650291,1,265308.2569,1,244216.9176,1,275676.0158,0,0,DS54,,,,,,,,,,,,,,,,,
3323.650291,1,265308.2569,1,244216.9176,1,275676.0158,0,0,DS54,,,,,,,,,,,,,,,,,
3324.650291,1,265308.2569,1,244216.9176,1,275676.0158,0,0,DS54,,,,,,,,,,,,,,,,,
3325.650291,1,265308.2569,1,244216.9176,1,275676.0158,0,0,DS54,,,,,,,,,,,,,,,,,
3326.650291,1,265308.2569,1,244216.9176,1,275676.0158,0,0,DS54,,,,,,,,,,,,,,,,,
3327.650291,1,265308.2569,1,244216.9176,1,275676.0158,0,0,DS54,,,,,,,,,,,,,,,,,
3328.650291,1,265308.2569,1,244216.9176,1,275676.0158,0,0,DS54,,,,,,,,,,,,,,,,,
3329.650291,1,265308.2569,1,244216.9176,1,275676.0158,0,0,DS54,,,,,,,,,,,,,,,,,
3330.650291,1,265308.2569,1,244216.9176,1,275676.0158,0,0,DS54,,,,,,,,,,,,,,,,,
3331.650291,1,265308.2569,1,244216.9176,1,275676.0158,0,0,DS54,,,,,,,,,,,,,,,,,
3332.650291,1,265308.2569,1,244216.9176,1,275676.0158,0,0,DS54,,,,,,,,,,,,,,,,,
3333.650291,1,265308.2569,1,244216.9176,1,275676.0158,0,0,DS54,,,,,,,,,,,,,,,,,
3334.650291,1,265308.2569,1,244216.9176,1,275676.0158,0,0,DS54,,,,,,,,,,,,,,,,,
3335.650291,1,265308.2569,1,244216.9176,1,275676.0158,0,0,DS54,,,,,,,,,,,,,,,,,
3336.650291,1,265308.2569,1,244216.9176,1,275676.0158,0,0,DS54,,,,,,,,,,,,,,,,,
3337.650291,1,265308.2569,1,244216.9176,1,275676.0158,0,0,DS54,,,,,,,,,,,,,,,,,
3338.650291,1,265308.2569,1,244216.9176,1,275676.0158,0,0,DS54,,,,,,,,,,,,,,,,,
3339.650291,1,265308.2569,1,244216.9176,1,275676.0158,0,0,DS54,,,,,,,,,,,,,,,,,
3340.650291,1,265308.2569,1,244216.9176,1,275676.0158,0,0,DS54,,,,,,,,,,,,,,,,,
3341.650291,1,265308.2569,1,244216.9176,1,275676.0158,0,0,DS54,,,,,,,,,,,,,,,,,
3342.650291,1,265308.2569,1,244216.9176,1,275676.0158,0,0,DS54,,,,,,,,,,,,,,,,,
3343.650291,1,265308.2569,1,244216.9176,1,275676.0158,0,0,DS54,,,,,,,,,,,,,,,,,
3344.650291,1,265308.2569,1,244216.9176,1,275676.0158,0,0,DS54,,,,,,,,,,,,,,,,,
3345.650291,1,265308.2569,1,244216.9176,1,275676.0158,0,0,DS54,,,,,,,,,,,,,,,,,
3346.650291,1,265308.2569,1,244216.9176,1,275676.0158,0,0,DS54,,,,,,,,,,,,,,,,,
3347.650291,1,265308.2569,1,244216.9176,1,275676.0158,0,0,DS54,,,,,,,,,,,,,,,,,
3348.650291,1,265308.2569,1,244216.9176,1,275676.0158,0,0,DS54,,,,,,,,,,,,,,,,,
3349.650291,1,265308.2569,1,244216.9176,1,275676.0158,0,0,DS54,,,,,,,,,,,,,,,,,
3350.650291,1,265308.2569,1,244216.9176,1,275676.0158,0,0,DS54,,,,,,,,,,,,,,,,,
3351.650291,1,265308.2569,1,244216.9176,1,275676.0158,0,0,DS54,,,,,,,,,,,,,,,,,
3352.650291,1,265308.2569,1,244216.9176,1,275676.0158,0,0,DS54,,,,,,,,,,,,,,,,,
3353.650291,1,265308.2569,1,244216.9176,1,275676.0158,0,0,DS54,,,,,,,,,,,,,,,,,
3354.650291,1,265308.2569,1,244216.9176,1,275676.0158,0,0,DS54,,,,,,,,,,,,,,,,,
3355.650291,1,265308.2569,1,244216.9176,1,275676.0158,0,0,DS54,,,,,,,,,,,,,,,,,
3356.650291,1,265308.2569,1,244216.9176,1,275676.0158,0,0,DS54,,,,,,,,,,,,,,,,,
3357.650291,1,265308.2569,1,244216.9176,1,275676.0158,0,0,DS54,,,,,,,,,,,,,,,,,
3358.650291,1,265308.2569,1,244216.9176,1,275676.0158,0,0,DS54,,,,,,,,,,,,,,,,,
3359.650291,1,265308.2569,1,244216.9176,1,275676.0158,0,0,DS54,,,,,,,,,,,,,,,,,
3360.650291,1,265308.2569,1,244216.9176,1,275676.0158,0,0,DS54,,,,,,,,,,,,,,,,,
3361.650291,1,265308.2569,1,244216.9176,1,275676.0158,0,0,DS54,,,,,,,,,,,,,,,,,
3362.650291,1,265308.2569,1,244216.9176,1,275676.0158,0,0,DS54,,,,,,,,,,,,,,,,,
3363.650291,1,265308.2569,1,244216.9176,1,275676.0158,0,0,DS54,,,,,,,,,,,,,,,,,
3364.650291,1,265308.2569,1,244216.9176,1,275676.0158,0,0,DS54,,,,,,,,,,,,,,,,,
3365.650291,1,265308.2569,1,244216.9176,1,275676.0158,0,0,DS54,,,,,,,,,,,,,,,,,
3366.650291,1,265308.2569,1,244216.9176,1,275676.0158,0,0,DS54,,,,,,,,,,,,,,,,,
3367.650291,1,265308.2569,1,244216.9176,1,275676.0158,0,0,DS54,,,,,,,,,,,,,,,,,
3368.650291,1,265308.2569,1,244216.9176,1,275676.0158,0,0,DS54,,,,,,,,,,,,,,,,,
3369.650291,1,265308.2569,1,244216.9176,1,275676.0158,0,0,DS54,,,,,,,,,,,,,,,,,
3370.650291,1,265308.2569,1,244216.9176,1,275676.0158,0,0,DS54,,,,,,,,,,,,,,,,,
3371.650291,1,265308.2569,1,244216.9176,1,275676.0158,0,0,DS54,,,,,,,,,,,,,,,,,
3372.650291,1,265308.2569,1,244216.9176,1,275676.0158,0,0,DS54,,,,,,,,,,,,,,,,,
3373.650291,1,265308.2569,1,244216.9176,1,275676.0158,0,0,DS54,,,,,,,,,,,,,,,,,
3374.650291,1,265308.2569,1,244216.9176,1,275676.0158,0,0,DS54,,,,,,,,,,,,,,,,,
3375.650291,1,265308.2569,1,244216.9176,1,275676.0158,0,0,DS54,,,,,,,,,,,,,,,,,
3376.650291,1,265308.2569,1,244216.9176,1,275676.0158,0,0,DS54,,,,,,,,,,,,,,,,,
3377.650291,1,265308.2569,1,244216.9176,1,275676.0158,0,0,DS54,,,,,,,,,,,,,,,,,
3378.650291,1,265308.2569,1,244216.9176,1,275676.0158,0,0,DS54,,,,,,,,,,,,,,,,,
3379.650291,1,265308.2569,1,244216.9176,1,275676.0158,0,0,DS54,,,,,,,,,,,,,,,,,
3380.650291,1,265308.2569,1,244216.9176,1,275676.0158,0,0,DS54,,,,,,,,,,,,,,,,,
3381.650291,1,265308.2569,1,244216.9176,1,275676.0158,0,0,DS54,,,,,,,,,,,,,,,,,
3382.650291,1,265308.2569,1,244216.9176,1,275676.0158,0,0,DS54,,,,,,,,,,,,,,,,,
3383.650291,1,265308.2569,1,244216.9176,1,275676.0158,0,0,DS54,,,,,,,,,,,,,,,,,
3384.650291,1,265308.2569,1,244216.9176,1,275676.0158,0,0,DS54,,,,,,,,,,,,,,,,,
3385.650291,1,265308.2569,1,244216.9176,1,275676.0158,0,0,DS54,,,,,,,,,,,,,,,,,
3386.650291,1,265308.2569,1,244216.9176,1,275676.0158,0,0,DS54,,,,,,,,,,,,,,,,,
3387.650291,1,265308.2569,1,244216.9176,1,275676.0158,0,0,DS54,,,,,,,,,,,,,,,,,
3388.650291,1,265308.2569,1,244216.9176,1,275676.0158,0,0,DS54,,,,,,,,,,,,,,,,,
3389.650291,1,265308.2569,1,244216.9176,1,275676.0158,0,0,DS54,,,,,,,,,,,,,,,,,
3390.650291,1,265308.2569,1,244216.9176,1,275676.0158,0,0,DS54,,,,,,,,,,,,,,,,,
3391.650291,1,265308.2569,1,244216.9176,1,275676.0158,0,0,DS54,,,,,,,,,,,,,,,,,
3392.650291,1,265308.2569,1,244216.9176,1,275676.0158,0,0,DS54,,,,,,,,,,,,,,,,,
3393.650291,1,265308.2569,1,244216.9176,1,275676.0158,0,0,DS54,,,,,,,,,,,,,,,,,
3394.650291,1,265308.2569,1,244216.9176,1,275676.0158,0,0,DS54,,,,,,,,,,,,,,,,,
3395.650291,1,265308.2569,1,244216.9176,1,275676.0158,0,0,DS54,,,,,,,,,,,,,,,,,
3396.650291,1,265308.2569,1,244216.9176,1,275676.0158,0,0,DS54,,,,,,,,,,,,,,,,,
3397.650291,1,265308.2569,1,244216.9176,1,275676.0158,0,0,DS54,,,,,,,,,,,,,,,,,
3398.650291,1,265308.2569,1,244216.9176,1,275676.0158,0,0,DS54,,,,,,,,,,,,,,,,,
3399.650291,1,265308.2569,1,244216.9176,1,275676.0158,0,0,DS54,,,,,,,,,,,,,,,,,
3400.650291,1,265308.2569,1,244216.9176,1,275676.0158,0,0,DS54,,,,,,,,,,,,,,,,,
3401.650291,1,265308.2569,1,244216.9176,1,275676.0158,0,0,DS54,,,,,,,,,,,,,,,,,
3402.650291,1,265308.2569,1,244216.9176,1,275676.0158,0,0,DS54,,,,,,,,,,,,,,,,,
3403.650291,1,265308.2569,1,244216.9176,1,275676.0158,0,0,DS54,,,,,,,,,,,,,,,,,
3404.650291,1,265308.2569,1,244216.9176,1,275676.0158,0,0,DS54,,,,,,,,,,,,,,,,,
3405.650291,1,265308.2569,1,244216.9176,1,275676.0158,0,0,DS54,,,,,,,,,,,,,,,,,
3406.650291,1,265308.2569,1,244216.9176,1,275676.0158,0,0,DS54,,,,,,,,,,,,,,,,,
3407.650291,1,265308.2569,1,244216.9176,1,275676.0158,0,0,DS54,,,,,,,,,,,,,,,,,
3408.650291,1,265308.2569,1,244216.9176,1,275676.0158,0,0,DS54,,,,,,,,,,,,,,,,,
3409.650291,1,265308.2569,1,244216.9176,1,275676.0158,0,0,DS54,,,,,,,,,,,,,,,,,
3410.650291,1,265308.2569,1,244216.9176,1,275676.0158,0,0,DS54,,,,,,,,,,,,,,,,,
3411.650291,1,265308.2569,1,244216.9176,1,275676.0158,0,0,DS54,,,,,,,,,,,,,,,,,
3412.650291,1,265308.2569,1,244216.9176,1,275676.0158,0,0,DS54,,,,,,,,,,,,,,,,,
3413.650291,1,265308.2569,1,244216.9176,1,275676.0158,0,0,DS54,,,,,,,,,,,,,,,,,
3414.650291,1,265308.2569,1,244216.9176,1,275676.0158,0,0,DS54,,,,,,,,,,,,,,,,,
3415.650291,1,265308.2569,1,244216.9176,1,275676.0158,0,0,DS54,,,,,,,,,,,,,,,,,
3416.650291,1,265308.2569,1,244216.9176,1,275676.0158,0,0,DS54,,,,,,,,,,,,,,,,,
3417.650291,1,265308.2569,1,244216.9176,1,275676.0158,0,0,DS54,,,,,,,,,,,,,,,,,
3418.650291,1,265308.2569,1,244216.9176,1,275676.0158,0,0,DS54,,,,,,,,,,,,,,,,,
3419.650291,1,265308.2569,1,244216.9176,1,275676.0158,0,0,DS54,,,,,,,,,,,,,,,,,
3420.650291,1,265308.2569,1,244216.9176,1,275676.0158,0,0,DS54,,,,,,,,,,,,,,,,,
3421.650291,1,265308.2569,1,244216.9176,1,275676.0158,0,0,DS54,,,,,,,,,,,,,,,,,
3422.650291,1,265308.2569,1,244216.9176,1,275676.0158,0,0,DS54,,,,,,,,,,,,,,,,,
3423.650291,1,265308.2569,1,244216.9176,1,275676.0158,0,0,DS54,,,,,,,,,,,,,,,,,
3424.650291,1,265308.2569,1,244216.9176,1,275676.0158,0,0,DS54,,,,,,,,,,,,,,,,,
3425.650291,1,265308.2569,1,244216.9176,1,275676.0158,0,0,DS54,,,,,,,,,,,,,,,,,
3426.650291,1,265308.2569,1,244216.9176,1,275676.0158,0,0,DS54,,,,,,,,,,,,,,,,,
3427.650291,1,265308.2569,1,244216.9176,1,275676.0158,0,0,DS54,,,,,,,,,,,,,,,,,
3428.650291,1,265308.2569,1,244216.9176,1,275676.0158,0,0,DS54,,,,,,,,,,,,,,,,,
3429.650291,1,265308.2569,1,244216.9176,1,275676.0158,0,0,DS54,,,,,,,,,,,,,,,,,
3430.650291,1,265308.2569,1,244216.9176,1,275676.0158,0,0,DS54,,,,,,,,,,,,,,,,,
3431.650291,1,265308.2569,1,244216.9176,1,275676.0158,0,0,DS54,,,,,,,,,,,,,,,,,
3432.650291,1,265308.2569,1,244216.9176,1,275676.0158,0,0,DS54,,,,,,,,,,,,,,,,,
3433.650291,1,265308.2569,0,0,1,275676.0158,0,0,DS24,,,,,,,,,,,,,,,,,
3434.650291,1,265308.2569,0,0,1,275676.0158,0,0,DS24,,,,,,,,,,,,,,,,,
3435.650291,1,265308.2569,0,0,1,275676.0158,0,0,DS24,,,,,,,,,,,,,,,,,
3436.650291,1,265308.2569,0,0,1,275676.0158,0,0,DS24,,,,,,,,,,,,,,,,,
3437.650291,1,265308.2569,0,0,1,275676.0158,0,0,DS24,,,,,,,,,,,,,,,,,
3438.650291,1,265308.2569,0,0,1,275676.0158,0,0,DS24,,,,,,,,,,,,,,,,,
3439.650291,1,265308.2569,0,0,1,275676.0158,0,0,DS24,,,,,,,,,,,,,,,,,
3440.650291,1,265308.2569,0,0,1,275676.0158,0,0,DS24,,,,,,,,,,,,,,,,,
3441.650291,1,265308.2569,0,0,1,275676.0158,0,0,DS24,,,,,,,,,,,,,,,,,
3442.650291,1,265308.2569,0,0,1,275676.0158,0,0,DS24,,,,,,,,,,,,,,,,,
3443.650291,1,265308.2569,0,0,1,275676.0158,0,0,DS24,,,,,,,,,,,,,,,,,
3444.650291,1,265308.2569,0,0,1,275676.0158,0,0,DS24,,,,,,,,,,,,,,,,,
3445.650291,1,265308.2569,0,0,1,275676.0158,0,0,DS24,,,,,,,,,,,,,,,,,
3446.650291,1,265308.2569,0,0,1,275676.0158,0,0,DS24,,,,,,,,,,,,,,,,,
3447.650291,1,265308.2569,0,0,1,275676.0158,0,0,DS24,,,,,,,,,,,,,,,,,
3448.650291,1,265308.2569,0,0,1,275676.0158,0,0,DS24,,,,,,,,,,,,,,,,,
3449.650291,1,265308.2569,0,0,1,275676.0158,0,0,DS24,,,,,,,,,,,,,,,,,
3450.650291,1,265308.2569,0,0,1,275676.0158,0,0,DS24,,,,,,,,,,,,,,,,,
3451.650291,1,265308.2569,0,0,1,275676.0158,0,0,DS24,,,,,,,,,,,,,,,,,
3452.650291,1,265308.2569,0,0,1,275676.0158,0,0,DS24,,,,,,,,,,,,,,,,,
3453.650291,1,265308.2569,0,0,1,275676.0158,0,0,DS24,,,,,,,,,,,,,,,,,
3454.650291,1,265308.2569,0,0,1,275676.0158,0,0,DS24,,,,,,,,,,,,,,,,,
3455.650291,1,265308.2569,0,0,1,275676.0158,0,0,DS24,,,,,,,,,,,,,,,,,
3456.650291,1,265308.2569,0,0,1,275676.0158,0,0,DS24,,,,,,,,,,,,,,,,,
3457.650291,1,265308.2569,0,0,1,275676.0158,0,0,DS24,,,,,,,,,,,,,,,,,
3458.650291,1,265308.2569,0,0,1,275676.0158,0,0,DS24,,,,,,,,,,,,,,,,,
3459.650291,1,265308.2569,0,0,1,275676.0158,0,0,DS24,,,,,,,,,,,,,,,,,
3460.650291,1,265308.2569,0,0,1,275676.0158,0,0,DS24,,,,,,,,,,,,,,,,,
3461.650291,1,265308.2569,0,0,1,275676.0158,0,0,DS24,,,,,,,,,,,,,,,,,
3462.650291,1,265308.2569,0,0,1,275676.0158,0,0,DS24,,,,,,,,,,,,,,,,,
3463.650291,1,265308.2569,0,0,1,275676.0158,0,0,DS24,,,,,,,,,,,,,,,,,
3464.650291,1,265308.2569,0,0,1,275676.0158,0,0,DS24,,,,,,,,,,,,,,,,,
3465.650291,1,265308.2569,0,0,1,275676.0158,0,0,DS24,,,,,,,,,,,,,,,,,
3466.650291,1,265308.2569,0,0,1,275676.0158,0,0,DS24,,,,,,,,,,,,,,,,,
3467.650291,1,265308.2569,0,0,1,275676.0158,0,0,DS24,,,,,,,,,,,,,,,,,
3468.650291,1,265308.2569,0,0,1,275676.0158,0,0,DS24,,,,,,,,,,,,,,,,,
3469.650291,1,265308.2569,0,0,1,275676.0158,0,0,DS24,,,,,,,,,,,,,,,,,
3470.650291,1,265308.2569,0,0,1,275676.0158,0,0,DS24,,,,,,,,,,,,,,,,,
3471.650291,1,265308.2569,0,0,1,275676.0158,0,0,DS24,,,,,,,,,,,,,,,,,
3472.650291,1,265308.2569,0,0,1,275676.0158,0,0,DS24,,,,,,,,,,,,,,,,,
3473.650291,1,265308.2569,0,0,1,275676.0158,0,0,DS24,,,,,,,,,,,,,,,,,
3474.650291,1,265308.2569,0,0,1,275676.0158,0,0,DS24,,,,,,,,,,,,,,,,,
3475.650291,1,265308.2569,0,0,1,275676.0158,0,0,DS24,,,,,,,,,,,,,,,,,
3476.650291,1,265308.2569,0,0,1,275676.0158,0,0,DS24,,,,,,,,,,,,,,,,,
3477.650291,1,265308.2569,0,0,1,275676.0158,0,0,DS24,,,,,,,,,,,,,,,,,
3478.650291,1,265308.2569,0,0,1,275676.0158,0,0,DS24,,,,,,,,,,,,,,,,,
3479.650291,1,265308.2569,0,0,1,275676.0158,0,0,DS24,,,,,,,,,,,,,,,,,
3480.650291,1,265308.2569,0,0,1,275676.0158,0,0,DS24,,,,,,,,,,,,,,,,,
3481.650291,1,265308.2569,0,0,1,275676.0158,0,0,DS24,,,,,,,,,,,,,,,,,
3482.650291,1,265308.2569,0,0,1,275676.0158,0,0,DS24,,,,,,,,,,,,,,,,,
3483.650291,1,265308.2569,0,0,1,275676.0158,0,0,DS24,,,,,,,,,,,,,,,,,
3484.650291,1,265308.2569,0,0,1,275676.0158,0,0,DS24,,,,,,,,,,,,,,,,,
3485.650291,1,265308.2569,0,0,1,275676.0158,0,0,DS24,,,,,,,,,,,,,,,,,
3486.650291,1,265308.2569,0,0,1,275676.0158,0,0,DS24,,,,,,,,,,,,,,,,,
3487.650291,1,265308.2569,0,0,1,275676.0158,0,0,DS24,,,,,,,,,,,,,,,,,
3488.650291,1,265308.2569,0,0,1,275676.0158,0,0,DS24,,,,,,,,,,,,,,,,,
3489.650291,1,265308.2569,0,0,1,275676.0158,0,0,DS24,,,,,,,,,,,,,,,,,
3490.650291,1,265308.2569,0,0,1,275676.0158,0,0,DS24,,,,,,,,,,,,,,,,,
3491.650291,1,265308.2569,0,0,1,275676.0158,0,0,DS24,,,,,,,,,,,,,,,,,
3492.650291,1,265308.2569,0,0,1,275676.0158,0,0,DS24,,,,,,,,,,,,,,,,,
3493.650291,1,265308.2569,0,0,1,275676.0158,0,0,DS24,,,,,,,,,,,,,,,,,
3494.650291,1,265308.2569,0,0,1,275676.0158,0,0,DS24,,,,,,,,,,,,,,,,,
3495.650291,1,265308.2569,0,0,1,275676.0158,0,0,DS24,,,,,,,,,,,,,,,,,
3496.650291,1,265308.2569,0,0,1,275676.0158,0,0,DS24,,,,,,,,,,,,,,,,,
3497.650291,1,265308.2569,0,0,1,275676.0158,0,0,DS24,,,,,,,,,,,,,,,,,
3498.650291,1,265308.2569,0,0,1,275676.0158,0,0,DS24,,,,,,,,,,,,,,,,,
3499.650291,1,265308.2569,0,0,1,275676.0158,0,0,DS24,,,,,,,,,,,,,,,,,
3500.650291,1,265308.2569,0,0,1,275676.0158,0,0,DS24,,,,,,,,,,,,,,,,,
3501.650291,1,265308.2569,0,0,1,275676.0158,0,0,DS24,,,,,,,,,,,,,,,,,
3502.650291,1,265308.2569,0,0,1,275676.0158,0,0,DS24,,,,,,,,,,,,,,,,,
3503.650291,1,265308.2569,0,0,1,275676.0158,0,0,DS24,,,,,,,,,,,,,,,,,
3504.650291,1,265308.2569,0,0,1,275676.0158,0,0,DS24,,,,,,,,,,,,,,,,,
3505.650291,1,265308.2569,0,0,1,275676.0158,0,0,DS24,,,,,,,,,,,,,,,,,
3506.650291,1,265308.2569,0,0,1,275676.0158,0,0,DS24,,,,,,,,,,,,,,,,,
3507.650291,1,265308.2569,0,0,1,275676.0158,0,0,DS24,,,,,,,,,,,,,,,,,
3508.650291,1,265308.2569,0,0,1,275676.0158,0,0,DS24,,,,,,,,,,,,,,,,,
3509.650291,1,265308.2569,0,0,1,275676.0158,0,0,DS24,,,,,,,,,,,,,,,,,
3510.650291,1,265308.2569,0,0,1,275676.0158,0,0,DS24,,,,,,,,,,,,,,,,,
3511.650291,1,265308.2569,0,0,1,275676.0158,0,0,DS24,,,,,,,,,,,,,,,,,
3512.650291,1,265308.2569,0,0,1,275676.0158,0,0,DS24,,,,,,,,,,,,,,,,,
3513.650291,1,265308.2569,0,0,1,275676.0158,0,0,DS24,,,,,,,,,,,,,,,,,
3514.650291,1,265308.2569,0,0,1,275676.0158,0,0,DS24,,,,,,,,,,,,,,,,,
3515.650291,1,265308.2569,0,0,1,275676.0158,0,0,DS24,,,,,,,,,,,,,,,,,
3516.650291,1,265308.2569,0,0,1,275676.0158,0,0,DS24,,,,,,,,,,,,,,,,,
3517.650291,1,265308.2569,0,0,1,275676.0158,0,0,DS24,,,,,,,,,,,,,,,,,
3518.650291,1,265308.2569,0,0,1,275676.0158,0,0,DS24,,,,,,,,,,,,,,,,,
3519.650291,1,265308.2569,0,0,1,275676.0158,0,0,DS24,,,,,,,,,,,,,,,,,
3520.650291,1,265308.2569,0,0,1,275676.0158,0,0,DS24,,,,,,,,,,,,,,,,,
3521.650291,1,265308.2569,0,0,1,275676.0158,0,0,DS24,,,,,,,,,,,,,,,,,
3522.650291,1,265308.2569,0,0,1,275676.0158,0,0,DS24,,,,,,,,,,,,,,,,,
3523.650291,1,265308.2569,0,0,1,275676.0158,0,0,DS24,,,,,,,,,,,,,,,,,
3524.650291,1,265308.2569,0,0,1,275676.0158,0,0,DS24,,,,,,,,,,,,,,,,,
3525.650291,1,265308.2569,0,0,1,275676.0158,0,0,DS24,,,,,,,,,,,,,,,,,
3526.650291,1,265308.2569,0,0,1,275676.0158,0,0,DS24,,,,,,,,,,,,,,,,,
3527.650291,1,265308.2569,0,0,1,275676.0158,0,0,DS24,,,,,,,,,,,,,,,,,
3528.650291,1,265308.2569,0,0,1,275676.0158,0,0,DS24,,,,,,,,,,,,,,,,,
3529.650291,1,265308.2569,0,0,1,275676.0158,0,0,DS24,,,,,,,,,,,,,,,,,
3530.650291,1,265308.2569,0,0,1,275676.0158,0,0,DS24,,,,,,,,,,,,,,,,,
3531.650291,1,265308.2569,0,0,1,275676.0158,0,0,DS24,,,,,,,,,,,,,,,,,
3532.650291,1,265308.2569,0,0,1,275676.0158,0,0,DS24,,,,,,,,,,,,,,,,,
3533.650291,1,265308.2569,0,0,1,275676.0158,0,0,DS24,,,,,,,,,,,,,,,,,
3534.650291,1,265308.2569,0,0,1,275676.0158,0,0,DS24,,,,,,,,,,,,,,,,,
3535.650291,1,265308.2569,0,0,1,275676.0158,0,0,DS24,,,,,,,,,,,,,,,,,
3536.650291,1,265308.2569,0,0,1,275676.0158,0,0,DS24,,,,,,,,,,,,,,,,,
3537.650291,1,265308.2569,0,0,1,275676.0158,0,0,DS24,,,,,,,,,,,,,,,,,
3538.650291,1,265308.2569,0,0,1,275676.0158,0,0,DS24,,,,,,,,,,,,,,,,,
3539.650291,1,265308.2569,0,0,1,275676.0158,0,0,DS24,,,,,,,,,,,,,,,,,
3540.650291,1,265308.2569,0,0,1,275676.0158,0,0,DS24,,,,,,,,,,,,,,,,,
3541.650291,1,265308.2569,0,0,1,275676.0158,0,0,DS24,,,,,,,,,,,,,,,,,
3542.650291,1,265308.2569,0,0,1,275676.0158,0,0,DS24,,,,,,,,,,,,,,,,,
3543.650291,1,265308.2569,0,0,1,275676.0158,0,0,DS24,,,,,,,,,,,,,,,,,
3544.650291,1,265308.2569,0,0,1,275676.0158,0,0,DS24,,,,,,,,,,,,,,,,,
3545.650291,1,265308.2569,0,0,1,275676.0158,0,0,DS24,,,,,,,,,,,,,,,,,
3546.650291,1,265308.2569,0,0,1,275676.0158,0,0,DS24,,,,,,,,,,,,,,,,,
3547.650291,1,265308.2569,0,0,1,275676.0158,0,0,DS24,,,,,,,,,,,,,,,,,
3548.650291,1,265308.2569,0,0,1,275676.0158,0,0,DS24,,,,,,,,,,,,,,,,,
3549.650291,1,265308.2569,0,0,1,275676.0158,0,0,DS24,,,,,,,,,,,,,,,,,
3550.650291,1,265308.2569,0,0,1,275676.0158,0,0,DS24,,,,,,,,,,,,,,,,,
3551.650291,1,265308.2569,0,0,1,275676.0158,0,0,DS24,,,,,,,,,,,,,,,,,
3552.650291,1,265308.2569,0,0,1,275676.0158,0,0,DS24,,,,,,,,,,,,,,,,,
3553.650291,1,265308.2569,0,0,1,275676.0158,0,0,DS24,,,,,,,,,,,,,,,,,
3554.650291,1,265308.2569,0,0,1,275676.0158,0,0,DS24,,,,,,,,,,,,,,,,,
3555.650291,1,265308.2569,0,0,1,275676.0158,0,0,DS24,,,,,,,,,,,,,,,,,
3556.650291,1,265308.2569,0,0,1,275676.0158,0,0,DS24,,,,,,,,,,,,,,,,,
3557.650291,1,265308.2569,0,0,1,275676.0158,0,0,DS24,,,,,,,,,,,,,,,,,
3558.650291,1,265308.2569,0,0,1,275676.0158,0,0,DS24,,,,,,,,,,,,,,,,,
3559.650291,1,265308.2569,0,0,1,275676.0158,0,0,DS24,,,,,,,,,,,,,,,,,
3560.650291,1,265308.2569,0,0,1,275676.0158,0,0,DS24,,,,,,,,,,,,,,,,,
3561.650291,1,265308.2569,0,0,1,275676.0158,0,0,DS24,,,,,,,,,,,,,,,,,
3562.650291,1,265308.2569,0,0,1,275676.0158,0,0,DS24,,,,,,,,,,,,,,,,,
3563.650291,1,265308.2569,0,0,1,275676.0158,0,0,DS24,,,,,,,,,,,,,,,,,
3564.650291,1,265308.2569,0,0,1,275676.0158,0,0,DS24,,,,,,,,,,,,,,,,,
3565.650291,1,265308.2569,0,0,1,275676.0158,0,0,DS24,,,,,,,,,,,,,,,,,
3566.650291,1,265308.2569,0,0,1,275676.0158,0,0,DS24,,,,,,,,,,,,,,,,,
3567.650291,1,265308.2569,0,0,1,275676.0158,0,0,DS24,,,,,,,,,,,,,,,,,
3568.650291,1,265308.2569,0,0,1,275676.0158,0,0,DS24,,,,,,,,,,,,,,,,,
3569.650291,1,265308.2569,0,0,1,275676.0158,0,0,DS24,,,,,,,,,,,,,,,,,
3570.650291,1,265308.2569,0,0,1,275676.0158,0,0,DS24,,,,,,,,,,,,,,,,,
3571.650291,1,265308.2569,0,0,1,275676.0158,0,0,DS24,,,,,,,,,,,,,,,,,
3572.650291,1,265308.2569,0,0,1,275676.0158,0,0,DS24,,,,,,,,,,,,,,,,,
3573.650291,1,265308.2569,0,0,1,275676.0158,0,0,DS24,,,,,,,,,,,,,,,,,
3574.650291,1,265308.2569,0,0,1,275676.0158,0,0,DS24,,,,,,,,,,,,,,,,,
3575.650291,1,265308.2569,0,0,1,275676.0158,0,0,DS24,,,,,,,,,,,,,,,,,
3576.650291,1,265308.2569,0,0,1,275676.0158,0,0,DS24,,,,,,,,,,,,,,,,,
3577.650291,1,265308.2569,0,0,1,275676.0158,0,0,DS24,,,,,,,,,,,,,,,,,
3578.650291,1,265308.2569,0,0,1,275676.0158,0,0,DS24,,,,,,,,,,,,,,,,,
3579.650291,1,265308.2569,0,0,1,275676.0158,0,0,DS24,,,,,,,,,,,,,,,,,
3580.650291,1,265308.2569,0,0,1,275676.0158,0,0,DS24,,,,,,,,,,,,,,,,,
3581.650291,1,265308.2569,0,0,1,275676.0158,0,0,DS24,,,,,,,,,,,,,,,,,
3582.650291,1,265308.2569,0,0,1,275676.0158,0,0,DS24,,,,,,,,,,,,,,,,,
3583.650291,1,265308.2569,0,0,1,275676.0158,0,0,DS24,,,,,,,,,,,,,,,,,
3584.650291,1,265308.2569,0,0,1,275676.0158,0,0,DS24,,,,,,,,,,,,,,,,,
3585.650291,1,265308.2569,0,0,1,275676.0158,0,0,DS24,,,,,,,,,,,,,,,,,
3586.650291,1,265308.2569,0,0,1,275676.0158,0,0,DS24,,,,,,,,,,,,,,,,,
3587.650291,1,265308.2569,0,0,1,275676.0158,0,0,DS24,,,,,,,,,,,,,,,,,
3588.650291,1,265308.2569,0,0,1,275676.0158,0,0,DS24,,,,,,,,,,,,,,,,,
3589.650291,1,265308.2569,0,0,1,275676.0158,0,0,DS24,,,,,,,,,,,,,,,,,
3590.650291,1,265308.2569,0,0,1,275676.0158,0,0,DS24,,,,,,,,,,,,,,,,,
3591.650291,1,265308.2569,0,0,1,275676.0158,0,0,DS24,,,,,,,,,,,,,,,,,
3592.650291,1,265308.2569,0,0,1,275676.0158,0,0,DS24,,,,,,,,,,,,,,,,,
3593.650291,1,265308.2569,0,0,1,275676.0158,0,0,DS24,,,,,,,,,,,,,,,,,
3594.650291,1,265308.2569,0,0,1,275676.0158,0,0,DS24,,,,,,,,,,,,,,,,,
3595.650291,1,265308.2569,0,0,1,275676.0158,0,0,DS24,,,,,,,,,,,,,,,,,
3596.650291,1,265308.2569,0,0,1,275676.0158,0,0,DS24,,,,,,,,,,,,,,,,,
3597.650291,1,265308.2569,0,0,1,275676.0158,0,0,DS24,,,,,,,,,,,,,,,,,
3598.650291,1,265308.2569,0,0,1,275676.0158,0,0,DS24,,,,,,,,,,,,,,,,,
3599.650291,1,265308.2569,0,0,1,275676.0158,0,0,DS24,,,,,,,,,,,,,,,,,
3600.650291,1,265308.2569,0,0,1,275676.0158,0,0,DS24,,,,,,,,,,,,,,,,,
3601.650291,1,265308.2569,0,0,1,275676.0158,0,0,DS24,,,,,,,,,,,,,,,,,
3602.650291,1,265308.2569,0,0,1,275676.0158,0,0,DS24,,,,,,,,,,,,,,,,,
3603.650291,1,265308.2569,0,0,1,275676.0158,0,0,DS24,,,,,,,,,,,,,,,,,
3604.650291,1,265308.2569,0,0,1,275676.0158,0,0,DS24,,,,,,,,,,,,,,,,,
3605.650291,1,265308.2569,0,0,1,275676.0158,0,0,DS24,,,,,,,,,,,,,,,,,
3606.650291,1,265308.2569,0,0,1,275676.0158,0,0,DS24,,,,,,,,,,,,,,,,,
3607.650291,1,265308.2569,0,0,1,275676.0158,0,0,DS24,,,,,,,,,,,,,,,,,
3608.650291,1,265308.2569,0,0,1,275676.0158,0,0,DS24,,,,,,,,,,,,,,,,,
3609.650291,1,265308.2569,0,0,1,275676.0158,0,0,DS24,,,,,,,,,,,,,,,,,
3610.650291,1,265308.2569,0,0,1,275676.0158,0,0,DS24,,,,,,,,,,,,,,,,,
3611.650291,1,265308.2569,0,0,1,275676.0158,0,0,DS24,,,,,,,,,,,,,,,,,
3612.650291,1,265308.2569,0,0,1,275676.0158,0,0,DS24,,,,,,,,,,,,,,,,,
3613.650291,1,265308.2569,0,0,1,275676.0158,0,0,DS24,,,,,,,,,,,,,,,,,
3614.650291,1,265308.2569,0,0,1,275676.0158,0,0,DS24,,,,,,,,,,,,,,,,,
3615.650291,1,265308.2569,0,0,1,275676.0158,0,0,DS24,,,,,,,,,,,,,,,,,
3616.650291,1,265308.2569,0,0,1,275676.0158,0,0,DS24,,,,,,,,,,,,,,,,,
3617.650291,1,265308.2569,0,0,1,275676.0158,0,0,DS24,,,,,,,,,,,,,,,,,
3618.650291,1,265308.2569,0,0,1,275676.0158,0,0,DS24,,,,,,,,,,,,,,,,,
3619.650291,1,265308.2569,0,0,1,275676.0158,0,0,DS24,,,,,,,,,,,,,,,,,
3620.650291,1,265308.2569,0,0,1,275676.0158,0,0,DS24,,,,,,,,,,,,,,,,,
3621.650291,1,265308.2569,0,0,1,275676.0158,0,0,DS24,,,,,,,,,,,,,,,,,
3622.650291,1,265308.2569,0,0,1,275676.0158,0,0,DS24,,,,,,,,,,,,,,,,,
3623.650291,1,265308.2569,0,0,1,275676.0158,0,0,DS24,,,,,,,,,,,,,,,,,
3624.650291,1,265308.2569,0,0,1,275676.0158,0,0,DS24,,,,,,,,,,,,,,,,,
3625.650291,1,265308.2569,0,0,1,275676.0158,0,0,DS24,,,,,,,,,,,,,,,,,
3626.650291,1,265308.2569,0,0,1,275676.0158,0,0,DS24,,,,,,,,,,,,,,,,,
3627.650291,1,265308.2569,0,0,1,275676.0158,0,0,DS24,,,,,,,,,,,,,,,,,
3628.650291,1,265308.2569,0,0,1,275676.0158,0,0,DS24,,,,,,,,,,,,,,,,,
3629.650291,1,265308.2569,0,0,1,275676.0158,0,0,DS24,,,,,,,,,,,,,,,,,
3630.650291,1,265308.2569,0,0,1,275676.0158,0,0,DS24,,,,,,,,,,,,,,,,,
3631.650291,1,265308.2569,0,0,1,275676.0158,0,0,DS24,,,,,,,,,,,,,,,,,
3632.650291,1,265308.2569,0,0,1,275676.0158,0,0,DS24,,,,,,,,,,,,,,,,,
3633.650291,1,265308.2569,0,0,1,275676.0158,0,0,DS24,,,,,,,,,,,,,,,,,
3634.650291,1,265308.2569,0,0,1,275676.0158,0,0,DS24,,,,,,,,,,,,,,,,,
3635.650291,1,265308.2569,0,0,1,275676.0158,0,0,DS24,,,,,,,,,,,,,,,,,
3636.650291,1,265308.2569,0,0,1,275676.0158,0,0,DS24,,,,,,,,,,,,,,,,,
3637.650291,1,265308.2569,0,0,1,275676.0158,0,0,DS24,,,,,,,,,,,,,,,,,
3638.650291,1,265308.2569,0,0,1,275676.0158,0,0,DS24,,,,,,,,,,,,,,,,,
3639.650291,1,265308.2569,0,0,1,275676.0158,0,0,DS24,,,,,,,,,,,,,,,,,
3640.650291,1,265308.2569,0,0,1,275676.0158,0,0,DS24,,,,,,,,,,,,,,,,,
3641.650291,1,265308.2569,0,0,1,275676.0158,0,0,DS24,,,,,,,,,,,,,,,,,
3642.650291,1,265308.2569,0,0,1,275676.0158,0,0,DS24,,,,,,,,,,,,,,,,,
3643.650291,1,265308.2569,0,0,1,275676.0158,0,0,DS24,,,,,,,,,,,,,,,,,
3644.650291,1,265308.2569,0,0,1,275676.0158,0,0,DS24,,,,,,,,,,,,,,,,,
3645.650291,1,265308.2569,0,0,1,275676.0158,0,0,DS24,,,,,,,,,,,,,,,,,
3646.650291,1,265308.2569,0,0,1,275676.0158,0,0,DS24,,,,,,,,,,,,,,,,,
3647.650291,1,265308.2569,0,0,1,275676.0158,1,300087.641,DS24,,,,,,,,,,,,,,,,,
3648.650291,1,265308.2569,0,0,1,275676.0158,1,300087.641,DS24,,,,,,,,,,,,,,,,,
3649.650291,1,265308.2569,0,0,1,275676.0158,1,300087.641,DS24,,,,,,,,,,,,,,,,,
3650.650291,1,265308.2569,0,0,1,275676.0158,1,300087.641,DS24,,,,,,,,,,,,,,,,,
3651.650291,1,265308.2569,0,0,1,275676.0158,1,300087.641,DS24,,,,,,,,,,,,,,,,,
3652.650291,1,265308.2569,0,0,1,275676.0158,1,300087.641,DS24,,,,,,,,,,,,,,,,,
3653.650291,1,265308.2569,0,0,1,275676.0158,1,300087.641,DS24,,,,,,,,,,,,,,,,,
3654.650291,1,265308.2569,0,0,1,275676.0158,1,300087.641,DS24,,,,,,,,,,,,,,,,,
3655.650291,1,265308.2569,0,0,1,275676.0158,1,300087.641,DS24,,,,,,,,,,,,,,,,,
3656.650291,1,265308.2569,0,0,1,275676.0158,1,300087.641,DS24,,,,,,,,,,,,,,,,,
3657.650291,1,265308.2569,0,0,1,275676.0158,1,300087.641,DS24,,,,,,,,,,,,,,,,,
3658.650291,1,265308.2569,0,0,1,275676.0158,1,300087.641,DS24,,,,,,,,,,,,,,,,,
3659.650291,1,265308.2569,0,0,1,275676.0158,1,300087.641,DS24,,,,,,,,,,,,,,,,,
3660.650291,1,265308.2569,0,0,1,275676.0158,1,300087.641,DS24,,,,,,,,,,,,,,,,,
3661.650291,1,265308.2569,0,0,1,275676.0158,1,300087.641,DS24,,,,,,,,,,,,,,,,,
3662.650291,1,265308.2569,0,0,1,275676.0158,1,300087.641,DS24,,,,,,,,,,,,,,,,,
3663.650291,1,265308.2569,0,0,1,275676.0158,1,300087.641,DS24,,,,,,,,,,,,,,,,,
3664.650291,1,265308.2569,0,0,1,275676.0158,1,300087.641,DS24,,,,,,,,,,,,,,,,,
3665.650291,1,265308.2569,0,0,1,275676.0158,1,300087.641,DS24,,,,,,,,,,,,,,,,,
3666.650291,1,265308.2569,0,0,1,275676.0158,1,300087.641,DS24,,,,,,,,,,,,,,,,,
3667.650291,1,265308.2569,0,0,1,275676.0158,1,300087.641,DS24,,,,,,,,,,,,,,,,,
3668.650291,1,265308.2569,0,0,1,275676.0158,1,300087.641,DS24,,,,,,,,,,,,,,,,,
3669.650291,1,265308.2569,0,0,1,275676.0158,1,300087.641,DS24,,,,,,,,,,,,,,,,,
3670.650291,1,265308.2569,0,0,1,275676.0158,1,300087.641,DS24,,,,,,,,,,,,,,,,,
3671.650291,1,265308.2569,0,0,1,275676.0158,1,300087.641,DS24,,,,,,,,,,,,,,,,,
3672.650291,1,265308.2569,0,0,1,275676.0158,1,300087.641,DS24,,,,,,,,,,,,,,,,,
3673.650291,1,265308.2569,0,0,1,275676.0158,1,300087.641,DS24,,,,,,,,,,,,,,,,,
3674.650291,1,265308.2569,0,0,1,275676.0158,1,300087.641,DS24,,,,,,,,,,,,,,,,,
3675.650291,1,265308.2569,0,0,1,275676.0158,1,300087.641,DS24,,,,,,,,,,,,,,,,,
3676.650291,1,265308.2569,0,0,1,275676.0158,1,300087.641,DS24,,,,,,,,,,,,,,,,,
3677.650291,1,265308.2569,0,0,1,275676.0158,1,300087.641,DS24,,,,,,,,,,,,,,,,,
3678.650291,1,265308.2569,0,0,1,275676.0158,1,300087.641,DS24,,,,,,,,,,,,,,,,,
3679.650291,1,265308.2569,0,0,1,275676.0158,1,300087.641,DS24,,,,,,,,,,,,,,,,,
3680.650291,1,265308.2569,0,0,1,275676.0158,1,300087.641,DS24,,,,,,,,,,,,,,,,,
3681.650291,1,265308.2569,0,0,1,275676.0158,1,300087.641,DS24,,,,,,,,,,,,,,,,,
3682.650291,1,265308.2569,0,0,1,275676.0158,1,300087.641,DS24,,,,,,,,,,,,,,,,,
3683.650291,1,265308.2569,0,0,1,275676.0158,1,300087.641,DS24,,,,,,,,,,,,,,,,,
3684.650291,1,265308.2569,0,0,1,275676.0158,1,300087.641,DS24,,,,,,,,,,,,,,,,,
3685.650291,1,265308.2569,0,0,1,275676.0158,1,300087.641,DS24,,,,,,,,,,,,,,,,,
3686.650291,1,265308.2569,0,0,1,275676.0158,1,300087.641,DS24,,,,,,,,,,,,,,,,,
3687.650291,1,265308.2569,0,0,1,275676.0158,1,300087.641,DS24,,,,,,,,,,,,,,,,,
3688.650291,1,265308.2569,0,0,1,275676.0158,1,300087.641,DS24,,,,,,,,,,,,,,,,,
3689.650291,1,265308.2569,0,0,1,275676.0158,1,300087.641,DS24,,,,,,,,,,,,,,,,,
3690.650291,1,265308.2569,0,0,1,275676.0158,1,300087.641,DS24,,,,,,,,,,,,,,,,,
3691.650291,1,265308.2569,0,0,1,275676.0158,1,300087.641,DS24,,,,,,,,,,,,,,,,,
3692.650291,1,265308.2569,0,0,1,275676.0158,1,300087.641,DS24,,,,,,,,,,,,,,,,,
3693.650291,1,265308.2569,0,0,1,275676.0158,1,300087.641,DS24,,,,,,,,,,,,,,,,,
3694.650291,1,265308.2569,0,0,1,275676.0158,1,300087.641,DS24,,,,,,,,,,,,,,,,,
3695.650291,1,265308.2569,0,0,1,275676.0158,1,300087.641,DS24,,,,,,,,,,,,,,,,,
3696.650291,1,265308.2569,0,0,1,275676.0158,1,300087.641,DS24,,,,,,,,,,,,,,,,,
3697.650291,1,265308.2569,0,0,1,275676.0158,1,300087.641,DS24,,,,,,,,,,,,,,,,,
3698.650291,1,265308.2569,0,0,1,275676.0158,1,300087.641,DS24,,,,,,,,,,,,,,,,,
3699.650291,1,265308.2569,0,0,1,275676.0158,1,300087.641,DS24,,,,,,,,,,,,,,,,,
3700.650291,1,265308.2569,0,0,1,275676.0158,1,300087.641,DS24,,,,,,,,,,,,,,,,,
3701.650291,1,265308.2569,0,0,1,275676.0158,1,300087.641,DS24,,,,,,,,,,,,,,,,,
3702.650291,1,265308.2569,0,0,1,275676.0158,1,300087.641,DS24,,,,,,,,,,,,,,,,,
3703.650291,1,265308.2569,0,0,1,275676.0158,1,300087.641,DS24,,,,,,,,,,,,,,,,,
3704.650291,1,265308.2569,0,0,1,275676.0158,1,300087.641,DS24,,,,,,,,,,,,,,,,,
3705.650291,1,265308.2569,0,0,1,275676.0158,1,300087.641,DS24,,,,,,,,,,,,,,,,,
3706.650291,1,265308.2569,0,0,1,275676.0158,1,300087.641,DS24,,,,,,,,,,,,,,,,,
3707.650291,1,265308.2569,0,0,1,275676.0158,1,300087.641,DS24,,,,,,,,,,,,,,,,,
3708.650291,1,265308.2569,0,0,1,275676.0158,1,300087.641,DS24,,,,,,,,,,,,,,,,,
3709.650291,1,265308.2569,0,0,1,275676.0158,1,300087.641,DS24,,,,,,,,,,,,,,,,,
3710.650291,1,265308.2569,0,0,1,275676.0158,1,300087.641,DS24,,,,,,,,,,,,,,,,,
3711.650291,1,265308.2569,0,0,1,275676.0158,1,300087.641,DS24,,,,,,,,,,,,,,,,,
3712.650291,1,265308.2569,0,0,1,275676.0158,1,300087.641,DS24,,,,,,,,,,,,,,,,,
3713.650291,1,265308.2569,0,0,1,275676.0158,1,300087.641,DS24,,,,,,,,,,,,,,,,,
3714.650291,1,265308.2569,0,0,1,275676.0158,1,300087.641,DS24,,,,,,,,,,,,,,,,,
3715.650291,1,265308.2569,0,0,1,275676.0158,1,300087.641,DS24,,,,,,,,,,,,,,,,,
3716.650291,1,265308.2569,0,0,1,275676.0158,1,300087.641,DS24,,,,,,,,,,,,,,,,,
3717.650291,1,265308.2569,0,0,1,275676.0158,1,300087.641,DS24,,,,,,,,,,,,,,,,,
3718.650291,1,265308.2569,0,0,1,275676.0158,1,300087.641,DS24,,,,,,,,,,,,,,,,,
3719.650291,1,265308.2569,0,0,1,275676.0158,1,300087.641,DS24,,,,,,,,,,,,,,,,,
3720.650291,1,265308.2569,0,0,1,275676.0158,1,300087.641,DS24,,,,,,,,,,,,,,,,,
3721.650291,1,265308.2569,0,0,1,275676.0158,1,300087.641,DS24,,,,,,,,,,,,,,,,,
3722.650291,1,265308.2569,0,0,1,275676.0158,1,300087.641,DS24,,,,,,,,,,,,,,,,,
3723.650291,1,265308.2569,0,0,1,275676.0158,1,300087.641,DS24,,,,,,,,,,,,,,,,,
3724.650291,1,265308.2569,0,0,1,275676.0158,1,300087.641,DS24,,,,,,,,,,,,,,,,,
3725.650291,1,265308.2569,0,0,1,275676.0158,1,300087.641,DS24,,,,,,,,,,,,,,,,,
3726.650291,1,265308.2569,0,0,1,275676.0158,1,300087.641,DS24,,,,,,,,,,,,,,,,,
3727.650291,1,265308.2569,0,0,1,275676.0158,1,300087.641,DS24,,,,,,,,,,,,,,,,,
3728.650291,1,265308.2569,0,0,1,275676.0158,1,300087.641,DS24,,,,,,,,,,,,,,,,,
3729.650291,1,265308.2569,0,0,1,275676.0158,1,300087.641,DS24,,,,,,,,,,,,,,,,,
3730.650291,1,265308.2569,0,0,1,275676.0158,1,300087.641,DS24,,,,,,,,,,,,,,,,,
3731.650291,1,265308.2569,0,0,1,275676.0158,1,300087.641,DS24,,,,,,,,,,,,,,,,,
3732.650291,1,265308.2569,0,0,1,275676.0158,1,300087.641,DS24,,,,,,,,,,,,,,,,,
3733.650291,1,265308.2569,0,0,1,275676.0158,1,300087.641,DS24,,,,,,,,,,,,,,,,,
3734.650291,1,265308.2569,0,0,1,275676.0158,1,300087.641,DS24,,,,,,,,,,,,,,,,,
3735.650291,1,265308.2569,0,0,1,275676.0158,1,300087.641,DS24,,,,,,,,,,,,,,,,,
3736.650291,0,0,0,0,1,275676.0158,1,300087.641,DS24,,,,,,,,,,,,,,,,,
3737.650291,0,0,0,0,1,275676.0158,1,300087.641,DS24,,,,,,,,,,,,,,,,,
3738.650291,0,0,0,0,1,275676.0158,1,300087.641,DS24,,,,,,,,,,,,,,,,,
3739.650291,0,0,0,0,1,275676.0158,1,300087.641,DS24,,,,,,,,,,,,,,,,,
3740.650291,0,0,0,0,1,275676.0158,1,300087.641,DS24,,,,,,,,,,,,,,,,,
3741.650291,0,0,0,0,1,275676.0158,1,300087.641,DS24,,,,,,,,,,,,,,,,,
3742.650291,0,0,0,0,1,275676.0158,1,300087.641,DS24,,,,,,,,,,,,,,,,,
3743.650291,0,0,0,0,1,275676.0158,1,300087.641,DS24,,,,,,,,,,,,,,,,,
3744.650291,0,0,0,0,1,275676.0158,1,300087.641,DS24,,,,,,,,,,,,,,,,,
3745.650291,0,0,0,0,1,275676.0158,1,300087.641,DS24,,,,,,,,,,,,,,,,,
3746.650291,0,0,0,0,1,275676.0158,1,300087.641,DS24,,,,,,,,,,,,,,,,,
3747.650291,0,0,0,0,1,275676.0158,1,300087.641,DS24,,,,,,,,,,,,,,,,,
3748.650291,0,0,0,0,1,275676.0158,1,300087.641,DS24,,,,,,,,,,,,,,,,,
3749.650291,0,0,0,0,1,275676.0158,1,300087.641,DS24,,,,,,,,,,,,,,,,,
3750.650291,0,0,0,0,1,275676.0158,1,300087.641,DS24,,,,,,,,,,,,,,,,,
3751.650291,0,0,0,0,1,275676.0158,1,300087.641,DS24,,,,,,,,,,,,,,,,,
3752.650291,0,0,0,0,1,275676.0158,1,300087.641,DS24,,,,,,,,,,,,,,,,,
3753.650291,0,0,0,0,1,275676.0158,1,300087.641,DS24,,,,,,,,,,,,,,,,,
3754.650291,0,0,0,0,1,275676.0158,1,300087.641,DS24,,,,,,,,,,,,,,,,,
3755.650291,0,0,0,0,1,275676.0158,1,300087.641,DS24,,,,,,,,,,,,,,,,,
3756.650291,0,0,0,0,1,275676.0158,1,300087.641,DS24,,,,,,,,,,,,,,,,,
3757.650291,0,0,0,0,1,275676.0158,1,300087.641,DS24,,,,,,,,,,,,,,,,,
3758.650291,0,0,0,0,1,275676.0158,1,300087.641,DS24,,,,,,,,,,,,,,,,,
3759.650291,0,0,0,0,1,275676.0158,1,300087.641,DS24,,,,,,,,,,,,,,,,,
3760.650291,0,0,0,0,1,275676.0158,1,300087.641,DS24,,,,,,,,,,,,,,,,,
3761.650291,0,0,0,0,1,275676.0158,1,300087.641,DS24,,,,,,,,,,,,,,,,,
3762.650291,0,0,0,0,1,275676.0158,1,300087.641,DS24,,,,,,,,,,,,,,,,,
3763.650291,0,0,0,0,1,275676.0158,1,300087.641,DS24,,,,,,,,,,,,,,,,,
3764.650291,0,0,0,0,1,275676.0158,1,300087.641,DS24,,,,,,,,,,,,,,,,,
3765.650291,0,0,0,0,1,275676.0158,1,300087.641,DS24,,,,,,,,,,,,,,,,,
3766.650291,0,0,0,0,1,275676.0158,1,300087.641,DS24,,,,,,,,,,,,,,,,,
3767.650291,0,0,0,0,1,275676.0158,1,300087.641,DS24,,,,,,,,,,,,,,,,,
3768.650291,0,0,0,0,1,275676.0158,1,300087.641,DS24,,,,,,,,,,,,,,,,,
3769.650291,0,0,0,0,1,275676.0158,1,300087.641,DS24,,,,,,,,,,,,,,,,,
3770.650291,0,0,0,0,1,275676.0158,1,300087.641,DS24,,,,,,,,,,,,,,,,,
3771.650291,0,0,0,0,1,275676.0158,1,300087.641,DS24,,,,,,,,,,,,,,,,,
3772.650291,0,0,0,0,1,275676.0158,1,300087.641,DS24,,,,,,,,,,,,,,,,,
3773.650291,0,0,0,0,1,275676.0158,1,300087.641,DS24,,,,,,,,,,,,,,,,,
3774.650291,0,0,0,0,1,275676.0158,1,300087.641,DS24,,,,,,,,,,,,,,,,,
3775.650291,0,0,0,0,1,275676.0158,1,300087.641,DS24,,,,,,,,,,,,,,,,,
3776.650291,0,0,0,0,1,275676.0158,1,300087.641,DS24,,,,,,,,,,,,,,,,,
3777.650291,0,0,0,0,1,275676.0158,1,300087.641,DS24,,,,,,,,,,,,,,,,,
3778.650291,0,0,0,0,1,275676.0158,1,300087.641,DS24,,,,,,,,,,,,,,,,,
3779.650291,0,0,0,0,1,275676.0158,1,300087.641,DS24,,,,,,,,,,,,,,,,,
3780.650291,0,0,0,0,1,275676.0158,1,300087.641,DS24,,,,,,,,,,,,,,,,,
3781.650291,0,0,0,0,1,275676.0158,1,300087.641,DS24,,,,,,,,,,,,,,,,,
3782.650291,0,0,0,0,1,275676.0158,1,300087.641,DS24,,,,,,,,,,,,,,,,,
3783.650291,0,0,0,0,1,275676.0158,1,300087.641,DS24,,,,,,,,,,,,,,,,,
3784.650291,0,0,0,0,1,275676.0158,1,300087.641,DS24,,,,,,,,,,,,,,,,,
3785.650291,0,0,0,0,1,275676.0158,1,300087.641,DS24,,,,,,,,,,,,,,,,,
3786.650291,0,0,0,0,1,275676.0158,1,300087.641,DS24,,,,,,,,,,,,,,,,,
3787.650291,0,0,0,0,1,275676.0158,1,300087.641,DS24,,,,,,,,,,,,,,,,,
3788.650291,0,0,0,0,1,275676.0158,1,300087.641,DS24,,,,,,,,,,,,,,,,,
3789.650291,0,0,0,0,1,275676.0158,1,300087.641,DS24,,,,,,,,,,,,,,,,,
3790.650291,0,0,0,0,1,275676.0158,1,300087.641,DS24,,,,,,,,,,,,,,,,,
3791.650291,0,0,0,0,1,275676.0158,1,300087.641,DS24,,,,,,,,,,,,,,,,,
3792.650291,0,0,0,0,1,275676.0158,1,300087.641,DS24,,,,,,,,,,,,,,,,,
3793.650291,0,0,0,0,1,275676.0158,1,300087.641,DS24,,,,,,,,,,,,,,,,,
3794.650291,0,0,0,0,1,275676.0158,1,300087.641,DS24,,,,,,,,,,,,,,,,,
3795.650291,0,0,0,0,1,275676.0158,1,300087.641,DS24,,,,,,,,,,,,,,,,,
3796.650291,0,0,0,0,1,275676.0158,1,300087.641,DS24,,,,,,,,,,,,,,,,,
3797.650291,0,0,0,0,1,275676.0158,1,300087.641,DS24,,,,,,,,,,,,,,,,,
3798.650291,0,0,0,0,1,275676.0158,1,300087.641,DS24,,,,,,,,,,,,,,,,,
3799.650291,0,0,0,0,1,275676.0158,1,300087.641,DS24,,,,,,,,,,,,,,,,,
3800.650291,0,0,0,0,1,275676.0158,1,300087.641,DS24,,,,,,,,,,,,,,,,,
3801.650291,0,0,0,0,1,275676.0158,1,300087.641,DS24,,,,,,,,,,,,,,,,,
3802.650291,0,0,0,0,1,275676.0158,1,300087.641,DS24,,,,,,,,,,,,,,,,,
3803.650291,0,0,0,0,1,275676.0158,1,300087.641,DS24,,,,,,,,,,,,,,,,,
3804.650291,0,0,0,0,1,275676.0158,1,300087.641,DS24,,,,,,,,,,,,,,,,,
3805.650291,0,0,0,0,1,275676.0158,1,300087.641,DS24,,,,,,,,,,,,,,,,,
3806.650291,0,0,0,0,1,275676.0158,1,300087.641,DS24,,,,,,,,,,,,,,,,,
3807.650291,0,0,0,0,1,275676.0158,1,300087.641,DS24,,,,,,,,,,,,,,,,,
3808.650291,0,0,0,0,1,275676.0158,1,300087.641,DS24,,,,,,,,,,,,,,,,,
3809.650291,0,0,0,0,1,275676.0158,1,300087.641,DS24,,,,,,,,,,,,,,,,,
3810.650291,0,0,0,0,1,275676.0158,1,300087.641,DS24,,,,,,,,,,,,,,,,,
3811.650291,0,0,0,0,1,275676.0158,1,300087.641,DS24,,,,,,,,,,,,,,,,,
3812.650291,0,0,0,0,1,275676.0158,1,300087.641,DS24,,,,,,,,,,,,,,,,,
3813.650291,0,0,0,0,1,275676.0158,1,300087.641,DS24,,,,,,,,,,,,,,,,,
3814.650291,0,0,0,0,1,275676.0158,1,300087.641,DS24,,,,,,,,,,,,,,,,,
3815.650291,0,0,0,0,1,275676.0158,1,300087.641,DS24,,,,,,,,,,,,,,,,,
3816.650291,0,0,0,0,1,275676.0158,1,300087.641,DS24,,,,,,,,,,,,,,,,,
3817.650291,0,0,0,0,1,275676.0158,1,300087.641,DS24,,,,,,,,,,,,,,,,,
3818.650291,0,0,0,0,1,275676.0158,1,300087.641,DS24,,,,,,,,,,,,,,,,,
3819.650291,0,0,0,0,1,275676.0158,1,300087.641,DS24,,,,,,,,,,,,,,,,,
3820.650291,0,0,0,0,1,275676.0158,1,300087.641,DS24,,,,,,,,,,,,,,,,,
3821.650291,0,0,0,0,1,275676.0158,1,300087.641,DS24,,,,,,,,,,,,,,,,,
3822.650291,0,0,0,0,1,275676.0158,1,300087.641,DS24,,,,,,,,,,,,,,,,,
3823.650291,0,0,0,0,1,275676.0158,1,300087.641,DS24,,,,,,,,,,,,,,,,,
3824.650291,0,0,0,0,1,275676.0158,1,300087.641,DS24,,,,,,,,,,,,,,,,,
3825.650291,0,0,0,0,1,275676.0158,1,300087.641,DS24,,,,,,,,,,,,,,,,,
3826.650291,0,0,0,0,1,275676.0158,1,300087.641,DS24,,,,,,,,,,,,,,,,,
3827.650291,0,0,0,0,1,275676.0158,1,300087.641,DS24,,,,,,,,,,,,,,,,,
3828.650291,0,0,0,0,1,275676.0158,1,300087.641,DS24,,,,,,,,,,,,,,,,,
3829.650291,0,0,0,0,1,275676.0158,1,300087.641,DS24,,,,,,,,,,,,,,,,,
3830.650291,0,0,0,0,1,275676.0158,1,300087.641,DS24,,,,,,,,,,,,,,,,,
3831.650291,0,0,0,0,1,275676.0158,1,300087.641,DS24,,,,,,,,,,,,,,,,,
3832.650291,0,0,0,0,1,275676.0158,1,300087.641,DS24,,,,,,,,,,,,,,,,,
3833.650291,0,0,0,0,1,275676.0158,1,300087.641,DS24,,,,,,,,,,,,,,,,,
3834.650291,0,0,0,0,1,275676.0158,1,300087.641,DS24,,,,,,,,,,,,,,,,,
3835.650291,0,0,0,0,1,275676.0158,1,300087.641,DS24,,,,,,,,,,,,,,,,,
3836.650291,0,0,0,0,1,275676.0158,1,300087.641,DS24,,,,,,,,,,,,,,,,,
3837.650291,0,0,0,0,1,275676.0158,1,300087.641,DS24,,,,,,,,,,,,,,,,,
3838.650291,0,0,0,0,1,275676.0158,1,300087.641,DS24,,,,,,,,,,,,,,,,,
3839.650291,0,0,0,0,1,275676.0158,1,300087.641,DS24,,,,,,,,,,,,,,,,,
3840.650291,0,0,0,0,1,275676.0158,1,300087.641,DS24,,,,,,,,,,,,,,,,,
3841.650291,0,0,0,0,1,275676.0158,1,300087.641,DS24,,,,,,,,,,,,,,,,,
3842.650291,0,0,0,0,1,275676.0158,1,300087.641,DS24,,,,,,,,,,,,,,,,,
3843.650291,0,0,0,0,1,275676.0158,1,300087.641,DS24,,,,,,,,,,,,,,,,,
3844.650291,0,0,0,0,1,275676.0158,1,300087.641,DS24,,,,,,,,,,,,,,,,,
3845.650291,0,0,0,0,1,275676.0158,1,300087.641,DS24,,,,,,,,,,,,,,,,,
3846.650291,0,0,0,0,1,275676.0158,1,300087.641,DS24,,,,,,,,,,,,,,,,,
3847.650291,0,0,0,0,1,275676.0158,1,300087.641,DS24,,,,,,,,,,,,,,,,,
3848.650291,0,0,0,0,1,275676.0158,1,300087.641,DS24,,,,,,,,,,,,,,,,,
3849.650291,0,0,0,0,1,275676.0158,1,300087.641,DS24,,,,,,,,,,,,,,,,,
3850.650291,0,0,0,0,1,275676.0158,1,300087.641,DS24,,,,,,,,,,,,,,,,,
3851.650291,0,0,0,0,1,275676.0158,1,300087.641,DS24,,,,,,,,,,,,,,,,,
3852.650291,0,0,0,0,1,275676.0158,1,300087.641,DS24,,,,,,,,,,,,,,,,,
3853.650291,0,0,0,0,1,275676.0158,1,300087.641,DS24,,,,,,,,,,,,,,,,,
3854.650291,0,0,0,0,1,275676.0158,1,300087.641,DS24,,,,,,,,,,,,,,,,,
3855.650291,0,0,0,0,1,275676.0158,1,300087.641,DS24,,,,,,,,,,,,,,,,,
3856.650291,0,0,0,0,1,275676.0158,1,300087.641,DS24,,,,,,,,,,,,,,,,,
3857.650291,0,0,0,0,1,275676.0158,1,300087.641,DS24,,,,,,,,,,,,,,,,,
3858.650291,0,0,0,0,1,275676.0158,1,300087.641,DS24,,,,,,,,,,,,,,,,,
3859.650291,0,0,0,0,1,275676.0158,1,300087.641,DS24,,,,,,,,,,,,,,,,,
3860.650291,0,0,0,0,1,275676.0158,1,300087.641,DS24,,,,,,,,,,,,,,,,,
3861.650291,0,0,0,0,1,275676.0158,1,300087.641,DS24,,,,,,,,,,,,,,,,,
3862.650291,0,0,0,0,1,275676.0158,1,300087.641,DS24,,,,,,,,,,,,,,,,,
3863.650291,0,0,0,0,1,275676.0158,1,300087.641,DS24,,,,,,,,,,,,,,,,,
3864.650291,0,0,0,0,1,275676.0158,1,300087.641,DS24,,,,,,,,,,,,,,,,,
3865.650291,0,0,0,0,1,275676.0158,1,300087.641,DS24,,,,,,,,,,,,,,,,,
3866.650291,0,0,0,0,1,275676.0158,1,300087.641,DS24,,,,,,,,,,,,,,,,,
3867.650291,0,0,0,0,1,275676.0158,1,300087.641,DS24,,,,,,,,,,,,,,,,,
3868.650291,0,0,0,0,1,275676.0158,1,300087.641,DS24,,,,,,,,,,,,,,,,,
3869.650291,0,0,0,0,1,275676.0158,1,300087.641,DS24,,,,,,,,,,,,,,,,,
3870.650291,0,0,0,0,1,275676.0158,1,300087.641,DS24,,,,,,,,,,,,,,,,,
3871.650291,0,0,0,0,1,275676.0158,1,300087.641,DS24,,,,,,,,,,,,,,,,,
3872.650291,0,0,0,0,1,275676.0158,1,300087.641,DS24,,,,,,,,,,,,,,,,,
3873.650291,0,0,0,0,1,275676.0158,1,300087.641,DS24,,,,,,,,,,,,,,,,,
3874.650291,0,0,0,0,1,275676.0158,1,300087.641,DS24,,,,,,,,,,,,,,,,,
3875.650291,0,0,0,0,1,275676.0158,1,300087.641,DS24,,,,,,,,,,,,,,,,,
3876.650291,0,0,0,0,1,275676.0158,1,300087.641,DS24,,,,,,,,,,,,,,,,,
3877.650291,0,0,0,0,1,275676.0158,1,300087.641,DS24,,,,,,,,,,,,,,,,,
3878.650291,0,0,0,0,1,275676.0158,1,300087.641,DS24,,,,,,,,,,,,,,,,,
3879.650291,0,0,0,0,1,275676.0158,1,300087.641,DS24,,,,,,,,,,,,,,,,,
3880.650291,0,0,0,0,1,275676.0158,1,300087.641,DS24,,,,,,,,,,,,,,,,,
3881.650291,0,0,0,0,1,275676.0158,1,300087.641,DS24,,,,,,,,,,,,,,,,,
3882.650291,0,0,0,0,1,275676.0158,1,300087.641,DS24,,,,,,,,,,,,,,,,,
3883.650291,0,0,0,0,1,275676.0158,1,300087.641,DS24,,,,,,,,,,,,,,,,,
3884.650291,0,0,0,0,1,275676.0158,1,300087.641,DS24,,,,,,,,,,,,,,,,,
3885.650291,0,0,0,0,1,275676.0158,1,300087.641,DS24,,,,,,,,,,,,,,,,,
3886.650291,0,0,0,0,1,275676.0158,1,300087.641,DS24,,,,,,,,,,,,,,,,,
3887.650291,0,0,0,0,1,275676.0158,1,300087.641,DS24,,,,,,,,,,,,,,,,,
3888.650291,0,0,0,0,1,275676.0158,1,300087.641,DS24,,,,,,,,,,,,,,,,,
3889.650291,0,0,0,0,1,275676.0158,1,300087.641,DS24,,,,,,,,,,,,,,,,,
3890.650291,0,0,0,0,1,275676.0158,1,300087.641,DS24,,,,,,,,,,,,,,,,,
3891.650291,0,0,0,0,1,275676.0158,1,300087.641,DS24,,,,,,,,,,,,,,,,,
3892.650291,0,0,0,0,1,275676.0158,1,300087.641,DS24,,,,,,,,,,,,,,,,,
3893.650291,0,0,0,0,1,275676.0158,1,300087.641,DS24,,,,,,,,,,,,,,,,,
3894.650291,0,0,0,0,1,275676.0158,1,300087.641,DS24,,,,,,,,,,,,,,,,,
3895.650291,0,0,0,0,1,275676.0158,1,300087.641,DS24,,,,,,,,,,,,,,,,,
3896.650291,0,0,0,0,1,275676.0158,1,300087.641,DS24,,,,,,,,,,,,,,,,,
3897.650291,0,0,0,0,1,275676.0158,1,300087.641,DS24,,,,,,,,,,,,,,,,,
3898.650291,0,0,0,0,1,275676.0158,1,300087.641,DS24,,,,,,,,,,,,,,,,,
3899.650291,0,0,0,0,1,275676.0158,1,300087.641,DS24,,,,,,,,,,,,,,,,,
3900.650291,0,0,0,0,0,0,1,300087.641,DS34,,,,,,,,,,,,,,,,,
3901.650291,0,0,0,0,0,0,1,300087.641,DS34,,,,,,,,,,,,,,,,,
3902.650291,0,0,0,0,0,0,1,300087.641,DS34,,,,,,,,,,,,,,,,,
3903.650291,0,0,0,0,0,0,1,300087.641,DS34,,,,,,,,,,,,,,,,,
3904.650291,0,0,0,0,0,0,1,300087.641,DS34,,,,,,,,,,,,,,,,,
3905.650291,0,0,0,0,0,0,1,300087.641,DS34,,,,,,,,,,,,,,,,,
3906.650291,0,0,0,0,0,0,1,300087.641,DS34,,,,,,,,,,,,,,,,,
3907.650291,0,0,0,0,0,0,1,300087.641,DS34,,,,,,,,,,,,,,,,,
3908.650291,0,0,0,0,0,0,1,300087.641,DS34,,,,,,,,,,,,,,,,,
3909.650291,0,0,0,0,0,0,1,300087.641,DS34,,,,,,,,,,,,,,,,,
3910.650291,0,0,0,0,0,0,1,300087.641,DS34,,,,,,,,,,,,,,,,,
3911.650291,0,0,0,0,0,0,1,300087.641,DS34,,,,,,,,,,,,,,,,,
3912.650291,0,0,0,0,0,0,1,300087.641,DS34,,,,,,,,,,,,,,,,,
3913.650291,0,0,0,0,0,0,1,300087.641,DS34,,,,,,,,,,,,,,,,,
3914.650291,0,0,0,0,0,0,1,300087.641,DS34,,,,,,,,,,,,,,,,,
3915.650291,0,0,0,0,0,0,1,300087.641,DS34,,,,,,,,,,,,,,,,,
3916.650291,0,0,0,0,0,0,1,300087.641,DS34,,,,,,,,,,,,,,,,,
3917.650291,0,0,0,0,0,0,1,300087.641,DS34,,,,,,,,,,,,,,,,,
3918.650291,0,0,0,0,0,0,1,300087.641,DS34,,,,,,,,,,,,,,,,,
3919.650291,0,0,0,0,0,0,1,300087.641,DS34,,,,,,,,,,,,,,,,,
3920.650291,0,0,0,0,0,0,1,300087.641,DS34,,,,,,,,,,,,,,,,,
3921.650291,0,0,0,0,0,0,1,300087.641,DS34,,,,,,,,,,,,,,,,,
3922.650291,0,0,0,0,0,0,1,300087.641,DS34,,,,,,,,,,,,,,,,,
3923.650291,0,0,0,0,0,0,1,300087.641,DS34,,,,,,,,,,,,,,,,,
3924.650291,0,0,0,0,0,0,1,300087.641,DS34,,,,,,,,,,,,,,,,,
3925.650291,0,0,0,0,0,0,1,300087.641,DS34,,,,,,,,,,,,,,,,,
3926.650291,0,0,0,0,0,0,1,300087.641,DS34,,,,,,,,,,,,,,,,,
3927.650291,0,0,0,0,0,0,1,300087.641,DS34,,,,,,,,,,,,,,,,,
3928.650291,0,0,0,0,0,0,1,300087.641,DS34,,,,,,,,,,,,,,,,,
3929.650291,0,0,0,0,0,0,1,300087.641,DS34,,,,,,,,,,,,,,,,,
3930.650291,0,0,0,0,0,0,1,300087.641,DS34,,,,,,,,,,,,,,,,,
3931.650291,0,0,0,0,0,0,1,300087.641,DS34,,,,,,,,,,,,,,,,,
3932.650291,0,0,0,0,0,0,1,300087.641,DS34,,,,,,,,,,,,,,,,,
3933.650291,0,0,0,0,0,0,1,300087.641,DS34,,,,,,,,,,,,,,,,,
3934.650291,0,0,0,0,0,0,1,300087.641,DS34,,,,,,,,,,,,,,,,,
3935.650291,0,0,0,0,0,0,1,300087.641,DS34,,,,,,,,,,,,,,,,,
3936.650291,0,0,0,0,0,0,1,300087.641,DS34,,,,,,,,,,,,,,,,,
3937.650291,0,0,0,0,0,0,1,300087.641,DS34,,,,,,,,,,,,,,,,,
3938.650291,0,0,0,0,0,0,1,300087.641,DS34,,,,,,,,,,,,,,,,,
3939.650291,0,0,0,0,0,0,1,300087.641,DS34,,,,,,,,,,,,,,,,,
3940.650291,0,0,0,0,0,0,1,300087.641,DS34,,,,,,,,,,,,,,,,,
3941.650291,0,0,0,0,0,0,1,300087.641,DS34,,,,,,,,,,,,,,,,,
3942.650291,0,0,0,0,0,0,1,300087.641,DS34,,,,,,,,,,,,,,,,,
3943.650291,0,0,0,0,0,0,1,300087.641,DS34,,,,,,,,,,,,,,,,,
3944.650291,0,0,0,0,0,0,1,300087.641,DS34,,,,,,,,,,,,,,,,,
3945.650291,0,0,0,0,0,0,1,300087.641,DS34,,,,,,,,,,,,,,,,,
3946.650291,0,0,0,0,0,0,1,300087.641,DS34,,,,,,,,,,,,,,,,,
3947.650291,0,0,0,0,0,0,1,300087.641,DS34,,,,,,,,,,,,,,,,,
3948.650291,0,0,0,0,0,0,1,300087.641,DS34,,,,,,,,,,,,,,,,,
3949.650291,0,0,0,0,0,0,1,300087.641,DS34,,,,,,,,,,,,,,,,,
3950.650291,0,0,0,0,0,0,1,300087.641,DS34,,,,,,,,,,,,,,,,,
3951.650291,0,0,0,0,0,0,1,300087.641,DS34,,,,,,,,,,,,,,,,,
3952.650291,0,0,0,0,0,0,1,300087.641,DS34,,,,,,,,,,,,,,,,,
3953.650291,0,0,0,0,0,0,1,300087.641,DS34,,,,,,,,,,,,,,,,,
3954.650291,0,0,0,0,0,0,1,300087.641,DS34,,,,,,,,,,,,,,,,,
3955.650291,0,0,0,0,0,0,1,300087.641,DS34,,,,,,,,,,,,,,,,,
3956.650291,0,0,0,0,0,0,1,300087.641,DS34,,,,,,,,,,,,,,,,,
3957.650291,0,0,0,0,0,0,1,300087.641,DS34,,,,,,,,,,,,,,,,,
3958.650291,0,0,0,0,0,0,1,300087.641,DS34,,,,,,,,,,,,,,,,,
3959.650291,0,0,0,0,0,0,1,300087.641,DS34,,,,,,,,,,,,,,,,,
3960.650291,0,0,0,0,0,0,1,300087.641,DS34,,,,,,,,,,,,,,,,,
3961.650291,0,0,0,0,0,0,1,300087.641,DS34,,,,,,,,,,,,,,,,,
3962.650291,0,0,0,0,0,0,1,300087.641,DS34,,,,,,,,,,,,,,,,,
3963.650291,0,0,0,0,0,0,1,300087.641,DS34,,,,,,,,,,,,,,,,,
3964.650291,0,0,0,0,0,0,1,300087.641,DS34,,,,,,,,,,,,,,,,,
3965.650291,0,0,0,0,0,0,1,300087.641,DS34,,,,,,,,,,,,,,,,,
3966.650291,0,0,0,0,0,0,1,300087.641,DS34,,,,,,,,,,,,,,,,,
3967.650291,0,0,0,0,0,0,1,300087.641,DS34,,,,,,,,,,,,,,,,,
3968.650291,0,0,0,0,0,0,1,300087.641,DS34,,,,,,,,,,,,,,,,,
3969.650291,0,0,0,0,0,0,1,300087.641,DS34,,,,,,,,,,,,,,,,,
3970.650291,0,0,0,0,0,0,1,300087.641,DS34,,,,,,,,,,,,,,,,,
3971.650291,0,0,0,0,0,0,1,300087.641,DS34,,,,,,,,,,,,,,,,,
3972.650291,0,0,0,0,0,0,1,300087.641,DS34,,,,,,,,,,,,,,,,,
3973.650291,0,0,0,0,0,0,1,300087.641,DS34,,,,,,,,,,,,,,,,,
3974.650291,0,0,0,0,0,0,1,300087.641,DS34,,,,,,,,,,,,,,,,,
3975.650291,0,0,0,0,0,0,1,300087.641,DS34,,,,,,,,,,,,,,,,,
3976.650291,0,0,0,0,0,0,1,300087.641,DS34,,,,,,,,,,,,,,,,,
3977.650291,0,0,0,0,0,0,1,300087.641,DS34,,,,,,,,,,,,,,,,,
3978.650291,0,0,0,0,0,0,1,300087.641,DS34,,,,,,,,,,,,,,,,,
3979.650291,0,0,0,0,0,0,1,300087.641,DS34,,,,,,,,,,,,,,,,,
3980.650291,0,0,0,0,0,0,1,300087.641,DS34,,,,,,,,,,,,,,,,,
3981.650291,0,0,0,0,0,0,1,300087.641,DS34,,,,,,,,,,,,,,,,,
3982.650291,0,0,0,0,0,0,1,300087.641,DS34,,,,,,,,,,,,,,,,,
3983.650291,0,0,0,0,0,0,1,300087.641,DS34,,,,,,,,,,,,,,,,,
3984.650291,0,0,0,0,0,0,1,300087.641,DS34,,,,,,,,,,,,,,,,,
3985.650291,0,0,0,0,0,0,1,300087.641,DS34,,,,,,,,,,,,,,,,,
3986.650291,0,0,0,0,0,0,1,300087.641,DS34,,,,,,,,,,,,,,,,,
3987.650291,0,0,0,0,0,0,1,300087.641,DS34,,,,,,,,,,,,,,,,,
3988.650291,0,0,0,0,0,0,1,300087.641,DS34,,,,,,,,,,,,,,,,,
3989.650291,0,0,0,0,0,0,1,300087.641,DS34,,,,,,,,,,,,,,,,,
3990.650291,0,0,0,0,0,0,1,300087.641,DS34,,,,,,,,,,,,,,,,,
3991.650291,0,0,0,0,0,0,1,300087.641,DS34,,,,,,,,,,,,,,,,,
3992.650291,0,0,0,0,0,0,1,300087.641,DS34,,,,,,,,,,,,,,,,,
3993.650291,0,0,0,0,0,0,1,300087.641,DS34,,,,,,,,,,,,,,,,,
3994.650291,0,0,0,0,0,0,1,300087.641,DS34,,,,,,,,,,,,,,,,,
3995.650291,0,0,0,0,0,0,1,300087.641,DS34,,,,,,,,,,,,,,,,,
3996.650291,0,0,0,0,0,0,1,300087.641,DS34,,,,,,,,,,,,,,,,,
3997.650291,0,0,0,0,0,0,1,300087.641,DS34,,,,,,,,,,,,,,,,,
3998.650291,0,0,0,0,0,0,1,300087.641,DS34,,,,,,,,,,,,,,,,,
3999.650291,0,0,0,0,0,0,1,300087.641,DS34,,,,,,,,,,,,,,,,,
4000.650291,0,0,0,0,0,0,1,300087.641,DS34,,,,,,,,,,,,,,,,,
4001.650291,0,0,0,0,0,0,1,300087.641,DS34,,,,,,,,,,,,,,,,,
4002.650291,0,0,0,0,0,0,1,300087.641,DS34,,,,,,,,,,,,,,,,,
4003.650291,0,0,0,0,0,0,1,300087.641,DS34,,,,,,,,,,,,,,,,,
4004.650291,0,0,0,0,0,0,1,300087.641,DS34,,,,,,,,,,,,,,,,,
4005.650291,0,0,0,0,0,0,1,300087.641,DS34,,,,,,,,,,,,,,,,,
4006.650291,0,0,0,0,0,0,1,300087.641,DS34,,,,,,,,,,,,,,,,,
4007.650291,0,0,0,0,0,0,1,300087.641,DS34,,,,,,,,,,,,,,,,,
4008.650291,0,0,0,0,0,0,1,300087.641,DS34,,,,,,,,,,,,,,,,,
4009.650291,0,0,0,0,0,0,1,300087.641,DS34,,,,,,,,,,,,,,,,,
4010.650291,0,0,0,0,0,0,1,300087.641,DS34,,,,,,,,,,,,,,,,,
4011.650291,0,0,0,0,0,0,1,300087.641,DS34,,,,,,,,,,,,,,,,,
4012.650291,0,0,0,0,0,0,1,300087.641,DS34,,,,,,,,,,,,,,,,,
4013.650291,0,0,0,0,0,0,1,300087.641,DS34,,,,,,,,,,,,,,,,,
4014.650291,0,0,0,0,0,0,1,300087.641,DS34,,,,,,,,,,,,,,,,,
4015.650291,0,0,0,0,0,0,1,300087.641,DS34,,,,,,,,,,,,,,,,,
4016.650291,0,0,0,0,0,0,1,300087.641,DS34,,,,,,,,,,,,,,,,,
4017.650291,0,0,0,0,0,0,1,300087.641,DS34,,,,,,,,,,,,,,,,,
4018.650291,0,0,0,0,0,0,1,300087.641,DS34,,,,,,,,,,,,,,,,,
4019.650291,0,0,0,0,0,0,1,300087.641,DS34,,,,,,,,,,,,,,,,,
4020.650291,0,0,0,0,0,0,1,300087.641,DS34,,,,,,,,,,,,,,,,,
4021.650291,0,0,0,0,0,0,1,300087.641,DS34,,,,,,,,,,,,,,,,,
4022.650291,0,0,0,0,0,0,1,300087.641,DS34,,,,,,,,,,,,,,,,,
4023.650291,0,0,0,0,0,0,1,300087.641,DS34,,,,,,,,,,,,,,,,,
4024.650291,0,0,0,0,0,0,1,300087.641,DS34,,,,,,,,,,,,,,,,,
4025.650291,0,0,0,0,0,0,1,300087.641,DS34,,,,,,,,,,,,,,,,,
4026.650291,0,0,0,0,0,0,1,300087.641,DS34,,,,,,,,,,,,,,,,,
4027.650291,0,0,0,0,0,0,1,300087.641,DS34,,,,,,,,,,,,,,,,,
4028.650291,0,0,0,0,0,0,1,300087.641,DS34,,,,,,,,,,,,,,,,,
4029.650291,0,0,0,0,0,0,1,300087.641,DS34,,,,,,,,,,,,,,,,,
4030.650291,0,0,0,0,0,0,1,300087.641,DS34,,,,,,,,,,,,,,,,,
4031.650291,0,0,0,0,0,0,1,300087.641,DS34,,,,,,,,,,,,,,,,,
4032.650291,0,0,0,0,0,0,1,300087.641,DS34,,,,,,,,,,,,,,,,,
4033.650291,0,0,0,0,0,0,1,300087.641,DS34,,,,,,,,,,,,,,,,,
4034.650291,0,0,0,0,0,0,1,300087.641,DS34,,,,,,,,,,,,,,,,,
4035.650291,0,0,0,0,0,0,1,300087.641,DS34,,,,,,,,,,,,,,,,,
4036.650291,0,0,0,0,0,0,1,300087.641,DS34,,,,,,,,,,,,,,,,,
4037.650291,0,0,0,0,0,0,1,300087.641,DS34,,,,,,,,,,,,,,,,,
4038.650291,0,0,0,0,0,0,1,300087.641,DS34,,,,,,,,,,,,,,,,,
4039.650291,0,0,0,0,0,0,1,300087.641,DS34,,,,,,,,,,,,,,,,,
4040.650291,0,0,0,0,0,0,1,300087.641,DS34,,,,,,,,,,,,,,,,,
4041.650291,0,0,0,0,0,0,1,300087.641,DS34,,,,,,,,,,,,,,,,,
4042.650291,0,0,0,0,0,0,1,300087.641,DS34,,,,,,,,,,,,,,,,,
4043.650291,0,0,0,0,0,0,1,300087.641,DS34,,,,,,,,,,,,,,,,,
4044.650291,0,0,0,0,0,0,1,300087.641,DS34,,,,,,,,,,,,,,,,,
4045.650291,0,0,0,0,0,0,1,300087.641,DS34,,,,,,,,,,,,,,,,,
4046.650291,0,0,0,0,0,0,1,300087.641,DS34,,,,,,,,,,,,,,,,,
4047.650291,0,0,0,0,0,0,1,300087.641,DS34,,,,,,,,,,,,,,,,,
4048.650291,0,0,0,0,0,0,1,300087.641,DS34,,,,,,,,,,,,,,,,,
4049.650291,0,0,0,0,0,0,1,300087.641,DS34,,,,,,,,,,,,,,,,,
4050.650291,0,0,0,0,0,0,1,300087.641,DS34,,,,,,,,,,,,,,,,,
4051.650291,0,0,0,0,0,0,1,300087.641,DS34,,,,,,,,,,,,,,,,,
4052.650291,0,0,0,0,0,0,1,300087.641,DS34,,,,,,,,,,,,,,,,,
4053.650291,0,0,0,0,0,0,1,300087.641,DS34,,,,,,,,,,,,,,,,,
4054.650291,0,0,0,0,0,0,1,300087.641,DS34,,,,,,,,,,,,,,,,,
4055.650291,0,0,0,0,0,0,1,300087.641,DS34,,,,,,,,,,,,,,,,,
4056.650291,0,0,0,0,0,0,1,300087.641,DS34,,,,,,,,,,,,,,,,,
4057.650291,0,0,0,0,0,0,1,300087.641,DS34,,,,,,,,,,,,,,,,,
4058.650291,0,0,0,0,0,0,1,300087.641,DS34,,,,,,,,,,,,,,,,,
4059.650291,0,0,0,0,0,0,1,300087.641,DS34,,,,,,,,,,,,,,,,,
4060.650291,0,0,0,0,0,0,1,300087.641,DS34,,,,,,,,,,,,,,,,,
4061.650291,0,0,0,0,0,0,1,300087.641,DS34,,,,,,,,,,,,,,,,,
4062.650291,0,0,0,0,0,0,1,300087.641,DS34,,,,,,,,,,,,,,,,,
4063.650291,0,0,0,0,0,0,1,300087.641,DS34,,,,,,,,,,,,,,,,,
4064.650291,0,0,0,0,0,0,1,300087.641,DS34,,,,,,,,,,,,,,,,,
4065.650291,0,0,0,0,0,0,1,300087.641,DS34,,,,,,,,,,,,,,,,,
4066.650291,0,0,0,0,0,0,1,300087.641,DS34,,,,,,,,,,,,,,,,,
4067.650291,0,0,0,0,0,0,1,300087.641,DS34,,,,,,,,,,,,,,,,,
4068.650291,0,0,0,0,0,0,1,300087.641,DS34,,,,,,,,,,,,,,,,,
4069.650291,0,0,0,0,0,0,1,300087.641,DS34,,,,,,,,,,,,,,,,,
4070.650291,0,0,0,0,0,0,1,300087.641,DS34,,,,,,,,,,,,,,,,,
4071.650291,0,0,0,0,0,0,1,300087.641,DS34,,,,,,,,,,,,,,,,,
4072.650291,0,0,0,0,0,0,1,300087.641,DS34,,,,,,,,,,,,,,,,,
4073.650291,0,0,0,0,0,0,1,300087.641,DS34,,,,,,,,,,,,,,,,,
4074.650291,0,0,0,0,0,0,1,300087.641,DS34,,,,,,,,,,,,,,,,,
4075.650291,0,0,0,0,0,0,1,300087.641,DS34,,,,,,,,,,,,,,,,,
4076.650291,0,0,0,0,0,0,1,300087.641,DS34,,,,,,,,,,,,,,,,,
4077.650291,0,0,0,0,0,0,1,300087.641,DS34,,,,,,,,,,,,,,,,,
4078.650291,0,0,0,0,0,0,1,300087.641,DS34,,,,,,,,,,,,,,,,,
4079.650291,0,0,0,0,0,0,1,300087.641,DS34,,,,,,,,,,,,,,,,,
4080.650291,0,0,0,0,0,0,1,300087.641,DS34,,,,,,,,,,,,,,,,,
4081.650291,0,0,0,0,0,0,1,300087.641,DS34,,,,,,,,,,,,,,,,,
4082.650291,0,0,0,0,0,0,1,300087.641,DS34,,,,,,,,,,,,,,,,,
4083.650291,0,0,0,0,0,0,1,300087.641,DS34,,,,,,,,,,,,,,,,,
4084.650291,0,0,0,0,0,0,1,300087.641,DS34,,,,,,,,,,,,,,,,,
4085.650291,0,0,0,0,0,0,1,300087.641,DS34,,,,,,,,,,,,,,,,,
4086.650291,0,0,0,0,0,0,1,300087.641,DS34,,,,,,,,,,,,,,,,,
4087.650291,0,0,0,0,0,0,1,300087.641,DS34,,,,,,,,,,,,,,,,,
4088.650291,0,0,0,0,0,0,1,300087.641,DS34,,,,,,,,,,,,,,,,,
4089.650291,0,0,0,0,0,0,1,300087.641,DS34,,,,,,,,,,,,,,,,,
4090.650291,0,0,0,0,0,0,1,300087.641,DS34,,,,,,,,,,,,,,,,,
4091.650291,0,0,0,0,0,0,1,300087.641,DS34,,,,,,,,,,,,,,,,,
4092.650291,0,0,0,0,0,0,1,300087.641,DS34,,,,,,,,,,,,,,,,,
4093.650291,0,0,0,0,0,0,1,300087.641,DS34,,,,,,,,,,,,,,,,,
4094.650291,0,0,0,0,0,0,1,300087.641,DS34,,,,,,,,,,,,,,,,,
4095.650291,0,0,0,0,0,0,1,300087.641,DS34,,,,,,,,,,,,,,,,,
4096.650291,0,0,0,0,0,0,1,300087.641,DS34,,,,,,,,,,,,,,,,,
4097.650291,0,0,0,0,0,0,1,300087.641,DS34,,,,,,,,,,,,,,,,,
4098.650291,0,0,0,0,0,0,1,300087.641,DS34,,,,,,,,,,,,,,,,,
4099.650291,0,0,0,0,0,0,1,300087.641,DS34,,,,,,,,,,,,,,,,,
4100.650291,0,0,0,0,0,0,1,300087.641,DS34,,,,,,,,,,,,,,,,,
4101.650291,0,0,0,0,0,0,1,300087.641,DS34,,,,,,,,,,,,,,,,,
4102.650291,0,0,0,0,0,0,1,300087.641,DS34,,,,,,,,,,,,,,,,,
4103.650291,0,0,0,0,0,0,1,300087.641,DS34,,,,,,,,,,,,,,,,,
4104.650291,0,0,0,0,0,0,1,300087.641,DS34,,,,,,,,,,,,,,,,,
4105.650291,0,0,0,0,0,0,1,300087.641,DS34,,,,,,,,,,,,,,,,,
4106.650291,0,0,0,0,0,0,1,300087.641,DS34,,,,,,,,,,,,,,,,,
4107.650291,0,0,0,0,0,0,1,300087.641,DS34,,,,,,,,,,,,,,,,,
4108.650291,0,0,0,0,0,0,1,300087.641,DS34,,,,,,,,,,,,,,,,,
4109.650291,0,0,0,0,0,0,1,300087.641,DS34,,,,,,,,,,,,,,,,,
4110.650291,0,0,0,0,0,0,1,300087.641,DS34,,,,,,,,,,,,,,,,,
4111.650291,0,0,0,0,0,0,1,300087.641,DS34,,,,,,,,,,,,,,,,,
4112.650291,0,0,0,0,0,0,1,300087.641,DS34,,,,,,,,,,,,,,,,,
4113.650291,0,0,0,0,0,0,1,300087.641,DS34,,,,,,,,,,,,,,,,,
4114.650291,0,0,0,0,0,0,1,300087.641,DS34,,,,,,,,,,,,,,,,,
4115.650291,0,0,0,0,0,0,1,300087.641,DS34,,,,,,,,,,,,,,,,,
4116.650291,0,0,0,0,0,0,1,300087.641,DS34,,,,,,,,,,,,,,,,,
4117.650291,0,0,0,0,0,0,1,300087.641,DS34,,,,,,,,,,,,,,,,,
4118.650291,0,0,0,0,0,0,1,300087.641,DS34,,,,,,,,,,,,,,,,,
4119.650291,0,0,0,0,0,0,1,300087.641,DS34,,,,,,,,,,,,,,,,,
4120.650291,0,0,0,0,0,0,1,300087.641,DS34,,,,,,,,,,,,,,,,,
4121.650291,0,0,0,0,0,0,1,300087.641,DS34,,,,,,,,,,,,,,,,,
4122.650291,0,0,0,0,0,0,1,300087.641,DS34,,,,,,,,,,,,,,,,,
4123.650291,0,0,0,0,0,0,1,300087.641,DS34,,,,,,,,,,,,,,,,,
4124.650291,0,0,0,0,0,0,1,300087.641,DS34,,,,,,,,,,,,,,,,,
4125.650291,0,0,0,0,0,0,1,300087.641,DS34,,,,,,,,,,,,,,,,,
4126.650291,0,0,0,0,0,0,1,300087.641,DS34,,,,,,,,,,,,,,,,,
4127.650291,0,0,0,0,0,0,1,300087.641,DS34,,,,,,,,,,,,,,,,,
4128.650291,0,0,0,0,0,0,1,300087.641,DS34,,,,,,,,,,,,,,,,,
4129.650291,0,0,0,0,0,0,1,300087.641,DS34,,,,,,,,,,,,,,,,,
4130.650291,0,0,0,0,0,0,1,300087.641,DS34,,,,,,,,,,,,,,,,,
4131.650291,0,0,0,0,0,0,1,300087.641,DS34,,,,,,,,,,,,,,,,,
4132.650291,0,0,0,0,0,0,1,300087.641,DS34,,,,,,,,,,,,,,,,,
4133.650291,0,0,0,0,0,0,1,300087.641,DS34,,,,,,,,,,,,,,,,,
4134.650291,0,0,0,0,0,0,1,300087.641,DS34,,,,,,,,,,,,,,,,,
4135.650291,0,0,0,0,0,0,1,300087.641,DS34,,,,,,,,,,,,,,,,,
4136.650291,0,0,0,0,0,0,1,300087.641,DS34,,,,,,,,,,,,,,,,,
4137.650291,0,0,0,0,0,0,1,300087.641,DS34,,,,,,,,,,,,,,,,,
4138.650291,0,0,0,0,0,0,1,300087.641,DS34,,,,,,,,,,,,,,,,,
4139.650291,0,0,0,0,0,0,1,300087.641,DS34,,,,,,,,,,,,,,,,,
4140.650291,0,0,0,0,0,0,1,300087.641,DS34,,,,,,,,,,,,,,,,,
4141.650291,0,0,0,0,0,0,1,300087.641,DS34,,,,,,,,,,,,,,,,,
4142.650291,0,0,0,0,0,0,1,300087.641,DS34,,,,,,,,,,,,,,,,,
4143.650291,0,0,0,0,0,0,1,300087.641,DS34,,,,,,,,,,,,,,,,,
4144.650291,0,0,0,0,0,0,1,300087.641,DS34,,,,,,,,,,,,,,,,,
4145.650291,0,0,0,0,0,0,1,300087.641,DS34,,,,,,,,,,,,,,,,,
4146.650291,0,0,0,0,0,0,1,300087.641,DS34,,,,,,,,,,,,,,,,,
4147.650291,0,0,0,0,0,0,1,300087.641,DS34,,,,,,,,,,,,,,,,,
4148.650291,0,0,0,0,0,0,1,300087.641,DS34,,,,,,,,,,,,,,,,,
4149.650291,0,0,0,0,0,0,1,300087.641,DS34,,,,,,,,,,,,,,,,,
4150.650291,0,0,0,0,0,0,1,300087.641,DS34,,,,,,,,,,,,,,,,,
4151.650291,0,0,0,0,0,0,1,300087.641,DS34,,,,,,,,,,,,,,,,,
4152.650291,0,0,0,0,0,0,1,300087.641,DS34,,,,,,,,,,,,,,,,,
4153.650291,0,0,0,0,0,0,1,300087.641,DS34,,,,,,,,,,,,,,,,,
4154.650291,0,0,0,0,0,0,1,300087.641,DS34,,,,,,,,,,,,,,,,,
4155.650291,0,0,0,0,0,0,1,300087.641,DS34,,,,,,,,,,,,,,,,,
4156.650291,0,0,0,0,0,0,1,300087.641,DS34,,,,,,,,,,,,,,,,,
4157.650291,0,0,0,0,0,0,1,300087.641,DS34,,,,,,,,,,,,,,,,,
4158.650291,0,0,0,0,0,0,1,300087.641,DS34,,,,,,,,,,,,,,,,,
4159.650291,0,0,0,0,0,0,1,300087.641,DS34,,,,,,,,,,,,,,,,,
4160.650291,0,0,0,0,0,0,1,300087.641,DS34,,,,,,,,,,,,,,,,,
4161.650291,0,0,0,0,0,0,1,300087.641,DS34,,,,,,,,,,,,,,,,,
4162.650291,0,0,0,0,0,0,1,300087.641,DS34,,,,,,,,,,,,,,,,,
4163.650291,0,0,0,0,0,0,1,300087.641,DS34,,,,,,,,,,,,,,,,,
4164.650291,0,0,0,0,0,0,1,300087.641,DS34,,,,,,,,,,,,,,,,,
4165.650291,0,0,0,0,0,0,1,300087.641,DS34,,,,,,,,,,,,,,,,,
4166.650291,0,0,0,0,0,0,1,300087.641,DS34,,,,,,,,,,,,,,,,,
4167.650291,0,0,0,0,0,0,1,300087.641,DS34,,,,,,,,,,,,,,,,,
4168.650291,0,0,0,0,0,0,1,300087.641,DS34,,,,,,,,,,,,,,,,,
4169.650291,0,0,0,0,0,0,1,300087.641,DS34,,,,,,,,,,,,,,,,,
4170.650291,0,0,0,0,0,0,1,300087.641,DS34,,,,,,,,,,,,,,,,,
4171.650291,0,0,0,0,0,0,1,300087.641,DS34,,,,,,,,,,,,,,,,,
4172.650291,0,0,0,0,0,0,1,300087.641,DS34,,,,,,,,,,,,,,,,,
4173.650291,0,0,0,0,0,0,1,300087.641,DS34,,,,,,,,,,,,,,,,,
4174.650291,0,0,0,0,0,0,1,300087.641,DS34,,,,,,,,,,,,,,,,,
4175.650291,0,0,0,0,0,0,1,300087.641,DS34,,,,,,,,,,,,,,,,,
4176.650291,0,0,0,0,0,0,1,300087.641,DS34,,,,,,,,,,,,,,,,,
4177.650291,0,0,0,0,0,0,1,300087.641,DS34,,,,,,,,,,,,,,,,,
4178.650291,0,0,0,0,0,0,1,300087.641,DS34,,,,,,,,,,,,,,,,,
4179.650291,0,0,0,0,0,0,1,300087.641,DS34,,,,,,,,,,,,,,,,,
4180.650291,0,0,0,0,0,0,1,300087.641,DS34,,,,,,,,,,,,,,,,,
4181.650291,0,0,0,0,0,0,1,300087.641,DS34,,,,,,,,,,,,,,,,,
4182.650291,0,0,0,0,0,0,1,300087.641,DS34,,,,,,,,,,,,,,,,,
4183.650291,0,0,0,0,0,0,1,300087.641,DS34,,,,,,,,,,,,,,,,,
4184.650291,0,0,0,0,0,0,1,300087.641,DS34,,,,,,,,,,,,,,,,,
4185.650291,0,0,0,0,0,0,1,300087.641,DS34,,,,,,,,,,,,,,,,,
4186.650291,0,0,0,0,0,0,1,300087.641,DS34,,,,,,,,,,,,,,,,,
4187.650291,0,0,0,0,0,0,1,300087.641,DS34,,,,,,,,,,,,,,,,,
4188.650291,0,0,0,0,0,0,1,300087.641,DS34,,,,,,,,,,,,,,,,,
4189.650291,0,0,0,0,0,0,1,300087.641,DS34,,,,,,,,,,,,,,,,,
4190.650291,0,0,0,0,0,0,1,300087.641,DS34,,,,,,,,,,,,,,,,,
4191.650291,0,0,0,0,0,0,1,300087.641,DS34,,,,,,,,,,,,,,,,,
4192.650291,0,0,0,0,0,0,1,300087.641,DS34,,,,,,,,,,,,,,,,,
4193.650291,0,0,0,0,0,0,1,300087.641,DS34,,,,,,,,,,,,,,,,,
4194.650291,0,0,0,0,0,0,1,300087.641,DS34,,,,,,,,,,,,,,,,,
4195.650291,0,0,0,0,0,0,1,300087.641,DS34,,,,,,,,,,,,,,,,,
4196.650291,0,0,0,0,0,0,1,300087.641,DS34,,,,,,,,,,,,,,,,,
4197.650291,0,0,0,0,0,0,1,300087.641,DS34,,,,,,,,,,,,,,,,,
4198.650291,0,0,0,0,0,0,1,300087.641,DS34,,,,,,,,,,,,,,,,,
4199.650291,0,0,0,0,0,0,1,300087.641,DS34,,,,,,,,,,,,,,,,,
4200.650291,0,0,0,0,0,0,1,300087.641,DS34,,,,,,,,,,,,,,,,,
4201.650291,0,0,0,0,0,0,1,300087.641,DS34,,,,,,,,,,,,,,,,,
4202.650291,0,0,0,0,0,0,1,300087.641,DS34,,,,,,,,,,,,,,,,,
4203.650291,0,0,0,0,0,0,1,300087.641,DS34,,,,,,,,,,,,,,,,,
4204.650291,0,0,0,0,0,0,1,300087.641,DS34,,,,,,,,,,,,,,,,,
4205.650291,0,0,0,0,0,0,1,300087.641,DS34,,,,,,,,,,,,,,,,,
4206.650291,0,0,0,0,0,0,1,300087.641,DS34,,,,,,,,,,,,,,,,,
4207.650291,0,0,0,0,0,0,1,300087.641,DS34,,,,,,,,,,,,,,,,,
4208.650291,0,0,0,0,0,0,1,300087.641,DS34,,,,,,,,,,,,,,,,,
4209.650291,0,0,0,0,0,0,1,300087.641,DS34,,,,,,,,,,,,,,,,,
4210.650291,0,0,0,0,0,0,1,300087.641,DS34,,,,,,,,,,,,,,,,,
4211.650291,0,0,0,0,0,0,1,300087.641,DS34,,,,,,,,,,,,,,,,,
4212.650291,0,0,0,0,0,0,1,300087.641,DS34,,,,,,,,,,,,,,,,,
4213.650291,0,0,0,0,0,0,1,300087.641,DS34,,,,,,,,,,,,,,,,,
4214.650291,0,0,0,0,0,0,1,300087.641,DS34,,,,,,,,,,,,,,,,,
4215.650291,0,0,0,0,0,0,1,300087.641,DS34,,,,,,,,,,,,,,,,,
4216.650291,0,0,0,0,0,0,1,300087.641,DS34,,,,,,,,,,,,,,,,,
4217.650291,0,0,0,0,0,0,1,300087.641,DS34,,,,,,,,,,,,,,,,,
4218.650291,0,0,0,0,0,0,1,300087.641,DS34,,,,,,,,,,,,,,,,,
4219.650291,0,0,0,0,0,0,1,300087.641,DS34,,,,,,,,,,,,,,,,,
4220.650291,0,0,0,0,0,0,1,300087.641,DS34,,,,,,,,,,,,,,,,,
4221.650291,0,0,0,0,0,0,1,300087.641,DS34,,,,,,,,,,,,,,,,,
4222.650291,0,0,0,0,0,0,1,300087.641,DS34,,,,,,,,,,,,,,,,,
4223.650291,0,0,0,0,0,0,1,300087.641,DS34,,,,,,,,,,,,,,,,,
4224.650291,0,0,0,0,0,0,1,300087.641,DS34,,,,,,,,,,,,,,,,,
4225.650291,0,0,0,0,0,0,1,300087.641,DS34,,,,,,,,,,,,,,,,,
4226.650291,0,0,0,0,0,0,1,300087.641,DS34,,,,,,,,,,,,,,,,,
4227.650291,0,0,0,0,0,0,1,300087.641,DS34,,,,,,,,,,,,,,,,,
4228.650291,0,0,0,0,0,0,1,300087.641,DS34,,,,,,,,,,,,,,,,,
4229.650291,0,0,0,0,0,0,1,300087.641,DS34,,,,,,,,,,,,,,,,,
4230.650291,0,0,0,0,0,0,1,300087.641,DS34,,,,,,,,,,,,,,,,,
4231.650291,0,0,0,0,0,0,1,300087.641,DS34,,,,,,,,,,,,,,,,,
4232.650291,0,0,0,0,0,0,1,300087.641,DS34,,,,,,,,,,,,,,,,,
4233.650291,0,0,0,0,0,0,1,300087.641,DS34,,,,,,,,,,,,,,,,,
4234.650291,0,0,0,0,0,0,1,300087.641,DS34,,,,,,,,,,,,,,,,,
4235.650291,0,0,0,0,0,0,1,300087.641,DS34,,,,,,,,,,,,,,,,,
4236.650291,0,0,0,0,0,0,1,300087.641,DS34,,,,,,,,,,,,,,,,,
4237.650291,0,0,0,0,0,0,1,300087.641,DS34,,,,,,,,,,,,,,,,,
4238.650291,0,0,0,0,0,0,1,300087.641,DS34,,,,,,,,,,,,,,,,,
4239.650291,0,0,0,0,0,0,1,300087.641,DS34,,,,,,,,,,,,,,,,,
4240.650291,0,0,0,0,0,0,1,300087.641,DS34,,,,,,,,,,,,,,,,,
4241.650291,0,0,0,0,0,0,1,300087.641,DS34,,,,,,,,,,,,,,,,,
4242.650291,0,0,0,0,0,0,1,300087.641,DS34,,,,,,,,,,,,,,,,,
4243.650291,0,0,0,0,0,0,1,300087.641,DS34,,,,,,,,,,,,,,,,,
4244.650291,0,0,0,0,0,0,1,300087.641,DS34,,,,,,,,,,,,,,,,,
4245.650291,0,0,0,0,0,0,1,300087.641,DS34,,,,,,,,,,,,,,,,,
4246.650291,0,0,0,0,0,0,1,300087.641,DS34,,,,,,,,,,,,,,,,,
4247.650291,0,0,0,0,0,0,1,300087.641,DS34,,,,,,,,,,,,,,,,,
4248.650291,0,0,0,0,0,0,1,300087.641,DS34,,,,,,,,,,,,,,,,,
4249.650291,0,0,0,0,0,0,1,300087.641,DS34,,,,,,,,,,,,,,,,,
4250.650291,0,0,0,0,0,0,1,300087.641,DS34,,,,,,,,,,,,,,,,,
4251.650291,0,0,0,0,0,0,1,300087.641,DS34,,,,,,,,,,,,,,,,,
4252.650291,0,0,0,0,0,0,1,300087.641,DS34,,,,,,,,,,,,,,,,,
4253.650291,0,0,0,0,0,0,1,300087.641,DS34,,,,,,,,,,,,,,,,,
4254.650291,0,0,0,0,0,0,1,300087.641,DS34,,,,,,,,,,,,,,,,,
4255.650291,0,0,0,0,0,0,1,300087.641,DS34,,,,,,,,,,,,,,,,,
4256.650291,0,0,0,0,0,0,1,300087.641,DS34,,,,,,,,,,,,,,,,,
4257.650291,0,0,0,0,0,0,1,300087.641,DS34,,,,,,,,,,,,,,,,,
4258.650291,0,0,0,0,0,0,1,300087.641,DS34,,,,,,,,,,,,,,,,,
4259.650291,0,0,0,0,0,0,1,300087.641,DS34,,,,,,,,,,,,,,,,,
4260.650291,0,0,0,0,0,0,1,300087.641,DS34,,,,,,,,,,,,,,,,,
4261.650291,0,0,0,0,0,0,1,300087.641,DS34,,,,,,,,,,,,,,,,,
4262.650291,0,0,0,0,0,0,1,300087.641,DS34,,,,,,,,,,,,,,,,,
4263.650291,0,0,0,0,0,0,1,300087.641,DS34,,,,,,,,,,,,,,,,,
4264.650291,0,0,0,0,0,0,1,300087.641,DS34,,,,,,,,,,,,,,,,,
4265.650291,0,0,0,0,0,0,1,300087.641,DS34,,,,,,,,,,,,,,,,,
4266.650291,0,0,0,0,0,0,1,300087.641,DS34,,,,,,,,,,,,,,,,,
4267.650291,0,0,0,0,0,0,1,300087.641,DS34,,,,,,,,,,,,,,,,,
4268.650291,0,0,0,0,0,0,1,300087.641,DS34,,,,,,,,,,,,,,,,,
4269.650291,0,0,0,0,0,0,1,300087.641,DS34,,,,,,,,,,,,,,,,,
4270.650291,0,0,0,0,0,0,1,300087.641,DS34,,,,,,,,,,,,,,,,,
4271.650291,0,0,0,0,0,0,1,300087.641,DS34,,,,,,,,,,,,,,,,,
4272.650291,0,0,0,0,0,0,1,300087.641,DS34,,,,,,,,,,,,,,,,,
4273.650291,0,0,0,0,0,0,1,300087.641,DS34,,,,,,,,,,,,,,,,,
4274.650291,0,0,0,0,0,0,1,300087.641,DS34,,,,,,,,,,,,,,,,,
4275.650291,0,0,0,0,0,0,1,300087.641,DS34,,,,,,,,,,,,,,,,,
4276.650291,0,0,0,0,0,0,1,300087.641,DS34,,,,,,,,,,,,,,,,,
4277.650291,0,0,0,0,0,0,1,300087.641,DS34,,,,,,,,,,,,,,,,,
4278.650291,0,0,0,0,0,0,1,300087.641,DS34,,,,,,,,,,,,,,,,,
4279.650291,0,0,0,0,0,0,1,300087.641,DS34,,,,,,,,,,,,,,,,,
4280.650291,0,0,0,0,0,0,1,300087.641,DS34,,,,,,,,,,,,,,,,,
4281.650291,0,0,0,0,0,0,1,300087.641,DS34,,,,,,,,,,,,,,,,,
4282.650291,0,0,0,0,0,0,1,300087.641,DS34,,,,,,,,,,,,,,,,,
4283.650291,0,0,0,0,0,0,1,300087.641,DS34,,,,,,,,,,,,,,,,,
4284.650291,0,0,0,0,0,0,1,300087.641,DS34,,,,,,,,,,,,,,,,,
4285.650291,0,0,0,0,0,0,1,300087.641,DS34,,,,,,,,,,,,,,,,,
4286.650291,0,0,0,0,0,0,1,300087.641,DS34,,,,,,,,,,,,,,,,,
4287.650291,0,0,0,0,0,0,1,300087.641,DS34,,,,,,,,,,,,,,,,,
4288.650291,0,0,0,0,0,0,1,300087.641,DS34,,,,,,,,,,,,,,,,,
4289.650291,0,0,0,0,0,0,1,300087.641,DS34,,,,,,,,,,,,,,,,,
4290.650291,0,0,0,0,0,0,1,300087.641,DS34,,,,,,,,,,,,,,,,,
4291.650291,0,0,0,0,0,0,1,300087.641,DS34,,,,,,,,,,,,,,,,,
4292.650291,0,0,0,0,0,0,1,300087.641,DS34,,,,,,,,,,,,,,,,,
4293.650291,0,0,0,0,0,0,1,300087.641,DS34,,,,,,,,,,,,,,,,,
4294.650291,0,0,1,329180.5646,0,0,1,300087.641,DS34,,,,,,,,,,,,,,,,,
4295.650291,0,0,1,329180.5646,0,0,1,300087.641,DS34,,,,,,,,,,,,,,,,,
4296.650291,0,0,1,329180.5646,0,0,1,300087.641,DS34,,,,,,,,,,,,,,,,,
4297.650291,0,0,1,329180.5646,0,0,1,300087.641,DS34,,,,,,,,,,,,,,,,,
4298.650291,0,0,1,329180.5646,0,0,1,300087.641,DS34,,,,,,,,,,,,,,,,,
4299.650291,0,0,1,329180.5646,0,0,1,300087.641,DS34,,,,,,,,,,,,,,,,,
4300.650291,0,0,1,329180.5646,0,0,1,300087.641,DS34,,,,,,,,,,,,,,,,,
4301.650291,0,0,1,329180.5646,0,0,1,300087.641,DS34,,,,,,,,,,,,,,,,,
4302.650291,0,0,1,329180.5646,0,0,1,300087.641,DS34,,,,,,,,,,,,,,,,,
4303.650291,0,0,1,329180.5646,0,0,1,300087.641,DS34,,,,,,,,,,,,,,,,,
4304.650291,0,0,1,329180.5646,0,0,1,300087.641,DS34,,,,,,,,,,,,,,,,,
4305.650291,0,0,1,329180.5646,0,0,1,300087.641,DS34,,,,,,,,,,,,,,,,,
4306.650291,0,0,1,329180.5646,0,0,1,300087.641,DS34,,,,,,,,,,,,,,,,,
4307.650291,0,0,1,329180.5646,0,0,1,300087.641,DS34,,,,,,,,,,,,,,,,,
4308.650291,0,0,1,329180.5646,0,0,1,300087.641,DS34,,,,,,,,,,,,,,,,,
4309.650291,0,0,1,329180.5646,0,0,1,300087.641,DS34,,,,,,,,,,,,,,,,,
4310.650291,0,0,1,329180.5646,0,0,1,300087.641,DS34,,,,,,,,,,,,,,,,,
4311.650291,0,0,1,329180.5646,0,0,1,300087.641,DS34,,,,,,,,,,,,,,,,,
4312.650291,0,0,1,329180.5646,0,0,1,300087.641,DS34,,,,,,,,,,,,,,,,,
4313.650291,0,0,1,329180.5646,0,0,0,0,DS54,,,,,,,,,,,,,,,,,
4314.650291,0,0,1,329180.5646,0,0,0,0,DS54,,,,,,,,,,,,,,,,,
4315.650291,0,0,1,329180.5646,0,0,0,0,DS54,,,,,,,,,,,,,,,,,
4316.650291,0,0,1,329180.5646,0,0,0,0,DS54,,,,,,,,,,,,,,,,,
4317.650291,0,0,1,329180.5646,0,0,0,0,DS54,,,,,,,,,,,,,,,,,
4318.650291,0,0,1,329180.5646,0,0,0,0,DS54,,,,,,,,,,,,,,,,,
4319.650291,0,0,1,329180.5646,0,0,0,0,DS54,,,,,,,,,,,,,,,,,
4320.650291,0,0,1,329180.5646,0,0,0,0,DS54,,,,,,,,,,,,,,,,,
4321.650291,0,0,1,329180.5646,0,0,0,0,DS54,,,,,,,,,,,,,,,,,
4322.650291,0,0,1,329180.5646,0,0,0,0,DS54,,,,,,,,,,,,,,,,,
4323.650291,0,0,1,329180.5646,0,0,0,0,DS54,,,,,,,,,,,,,,,,,
4324.650291,0,0,1,329180.5646,0,0,0,0,DS54,,,,,,,,,,,,,,,,,
4325.650291,0,0,1,329180.5646,0,0,0,0,DS54,,,,,,,,,,,,,,,,,
4326.650291,0,0,1,329180.5646,0,0,0,0,DS54,,,,,,,,,,,,,,,,,
4327.650291,0,0,1,329180.5646,0,0,0,0,DS54,,,,,,,,,,,,,,,,,
4328.650291,0,0,1,329180.5646,0,0,0,0,DS54,,,,,,,,,,,,,,,,,
4329.650291,0,0,1,329180.5646,0,0,0,0,DS54,,,,,,,,,,,,,,,,,
4330.650291,0,0,1,329180.5646,0,0,0,0,DS54,,,,,,,,,,,,,,,,,
4331.650291,0,0,1,329180.5646,0,0,0,0,DS54,,,,,,,,,,,,,,,,,
4332.650291,0,0,1,329180.5646,0,0,0,0,DS54,,,,,,,,,,,,,,,,,
4333.650291,0,0,1,329180.5646,0,0,0,0,DS54,,,,,,,,,,,,,,,,,
4334.650291,0,0,1,329180.5646,0,0,0,0,DS54,,,,,,,,,,,,,,,,,
4335.650291,0,0,1,329180.5646,0,0,0,0,DS54,,,,,,,,,,,,,,,,,
4336.650291,0,0,1,329180.5646,0,0,0,0,DS54,,,,,,,,,,,,,,,,,
4337.650291,0,0,1,329180.5646,0,0,0,0,DS54,,,,,,,,,,,,,,,,,
4338.650291,0,0,1,329180.5646,0,0,0,0,DS54,,,,,,,,,,,,,,,,,
4339.650291,0,0,1,329180.5646,0,0,0,0,DS54,,,,,,,,,,,,,,,,,
4340.650291,0,0,1,329180.5646,0,0,0,0,DS54,,,,,,,,,,,,,,,,,
4341.650291,0,0,1,329180.5646,0,0,0,0,DS54,,,,,,,,,,,,,,,,,
4342.650291,0,0,1,329180.5646,0,0,0,0,DS54,,,,,,,,,,,,,,,,,
4343.650291,0,0,1,329180.5646,0,0,0,0,DS54,,,,,,,,,,,,,,,,,
4344.650291,0,0,1,329180.5646,0,0,0,0,DS54,,,,,,,,,,,,,,,,,
4345.650291,0,0,1,329180.5646,0,0,0,0,DS54,,,,,,,,,,,,,,,,,
4346.650291,0,0,1,329180.5646,0,0,0,0,DS54,,,,,,,,,,,,,,,,,
4347.650291,0,0,1,329180.5646,0,0,0,0,DS54,,,,,,,,,,,,,,,,,
4348.650291,0,0,1,329180.5646,0,0,0,0,DS54,,,,,,,,,,,,,,,,,
4349.650291,0,0,1,329180.5646,0,0,0,0,DS54,,,,,,,,,,,,,,,,,
4350.650291,0,0,1,329180.5646,0,0,0,0,DS54,,,,,,,,,,,,,,,,,
4351.650291,0,0,1,329180.5646,0,0,0,0,DS54,,,,,,,,,,,,,,,,,
4352.650291,0,0,1,329180.5646,0,0,0,0,DS54,,,,,,,,,,,,,,,,,
4353.650291,0,0,1,329180.5646,0,0,0,0,DS54,,,,,,,,,,,,,,,,,
4354.650291,0,0,1,329180.5646,0,0,0,0,DS54,,,,,,,,,,,,,,,,,
4355.650291,0,0,1,329180.5646,0,0,0,0,DS54,,,,,,,,,,,,,,,,,
4356.650291,0,0,1,329180.5646,0,0,0,0,DS54,,,,,,,,,,,,,,,,,
4357.650291,0,0,1,329180.5646,0,0,0,0,DS54,,,,,,,,,,,,,,,,,
4358.650291,0,0,1,329180.5646,0,0,0,0,DS54,,,,,,,,,,,,,,,,,
4359.650291,0,0,1,329180.5646,0,0,0,0,DS54,,,,,,,,,,,,,,,,,
4360.650291,0,0,1,329180.5646,0,0,0,0,DS54,,,,,,,,,,,,,,,,,
4361.650291,0,0,1,329180.5646,0,0,0,0,DS54,,,,,,,,,,,,,,,,,
4362.650291,0,0,1,329180.5646,0,0,0,0,DS54,,,,,,,,,,,,,,,,,
4363.650291,0,0,1,329180.5646,0,0,0,0,DS54,,,,,,,,,,,,,,,,,
4364.650291,0,0,1,329180.5646,0,0,0,0,DS54,,,,,,,,,,,,,,,,,
4365.650291,0,0,1,329180.5646,0,0,0,0,DS54,,,,,,,,,,,,,,,,,
4366.650291,0,0,1,329180.5646,0,0,0,0,DS54,,,,,,,,,,,,,,,,,
4367.650291,0,0,1,329180.5646,0,0,0,0,DS54,,,,,,,,,,,,,,,,,
4368.650291,0,0,1,329180.5646,0,0,0,0,DS54,,,,,,,,,,,,,,,,,
4369.650291,0,0,1,329180.5646,0,0,0,0,DS54,,,,,,,,,,,,,,,,,
4370.650291,0,0,1,329180.5646,0,0,0,0,DS54,,,,,,,,,,,,,,,,,
4371.650291,0,0,1,329180.5646,0,0,0,0,DS54,,,,,,,,,,,,,,,,,
4372.650291,0,0,1,329180.5646,0,0,0,0,DS54,,,,,,,,,,,,,,,,,
4373.650291,0,0,1,329180.5646,0,0,0,0,DS54,,,,,,,,,,,,,,,,,
4374.650291,0,0,1,329180.5646,0,0,0,0,DS54,,,,,,,,,,,,,,,,,
4375.650291,0,0,1,329180.5646,0,0,0,0,DS54,,,,,,,,,,,,,,,,,
4376.650291,0,0,1,329180.5646,0,0,0,0,DS54,,,,,,,,,,,,,,,,,
4377.650291,0,0,1,329180.5646,0,0,0,0,DS54,,,,,,,,,,,,,,,,,
4378.650291,0,0,1,329180.5646,0,0,0,0,DS54,,,,,,,,,,,,,,,,,
4379.650291,0,0,1,329180.5646,0,0,0,0,DS54,,,,,,,,,,,,,,,,,
4380.650291,0,0,1,329180.5646,0,0,0,0,DS54,,,,,,,,,,,,,,,,,
4381.650291,0,0,1,329180.5646,0,0,0,0,DS54,,,,,,,,,,,,,,,,,
4382.650291,0,0,1,329180.5646,0,0,0,0,DS54,,,,,,,,,,,,,,,,,
4383.650291,0,0,1,329180.5646,0,0,0,0,DS54,,,,,,,,,,,,,,,,,
4384.650291,0,0,1,329180.5646,0,0,0,0,DS54,,,,,,,,,,,,,,,,,
4385.650291,0,0,1,329180.5646,0,0,0,0,DS54,,,,,,,,,,,,,,,,,
4386.650291,0,0,1,329180.5646,0,0,0,0,DS54,,,,,,,,,,,,,,,,,
4387.650291,0,0,1,329180.5646,0,0,0,0,DS54,,,,,,,,,,,,,,,,,
4388.650291,0,0,1,329180.5646,0,0,0,0,DS54,,,,,,,,,,,,,,,,,
4389.650291,0,0,1,329180.5646,0,0,0,0,DS54,,,,,,,,,,,,,,,,,
4390.650291,0,0,1,329180.5646,0,0,0,0,DS54,,,,,,,,,,,,,,,,,
4391.650291,0,0,1,329180.5646,0,0,0,0,DS54,,,,,,,,,,,,,,,,,
4392.650291,0,0,1,329180.5646,0,0,0,0,DS54,,,,,,,,,,,,,,,,,
4393.650291,0,0,1,329180.5646,0,0,0,0,DS54,,,,,,,,,,,,,,,,,
4394.650291,0,0,1,329180.5646,0,0,0,0,DS54,,,,,,,,,,,,,,,,,
4395.650291,0,0,1,329180.5646,0,0,0,0,DS54,,,,,,,,,,,,,,,,,
4396.650291,0,0,1,329180.5646,0,0,0,0,DS54,,,,,,,,,,,,,,,,,
4397.650291,0,0,1,329180.5646,0,0,0,0,DS54,,,,,,,,,,,,,,,,,
4398.650291,0,0,1,329180.5646,0,0,0,0,DS54,,,,,,,,,,,,,,,,,
4399.650291,0,0,1,329180.5646,0,0,0,0,DS54,,,,,,,,,,,,,,,,,
4400.650291,0,0,1,329180.5646,0,0,0,0,DS54,,,,,,,,,,,,,,,,,
4401.650291,0,0,1,329180.5646,0,0,0,0,DS54,,,,,,,,,,,,,,,,,
4402.650291,0,0,1,329180.5646,0,0,0,0,DS54,,,,,,,,,,,,,,,,,
4403.650291,0,0,1,329180.5646,0,0,0,0,DS54,,,,,,,,,,,,,,,,,
4404.650291,0,0,1,329180.5646,0,0,0,0,DS54,,,,,,,,,,,,,,,,,
4405.650291,0,0,1,329180.5646,0,0,0,0,DS54,,,,,,,,,,,,,,,,,
4406.650291,0,0,1,329180.5646,0,0,0,0,DS54,,,,,,,,,,,,,,,,,
4407.650291,0,0,1,329180.5646,0,0,0,0,DS54,,,,,,,,,,,,,,,,,
4408.650291,0,0,1,329180.5646,0,0,0,0,DS54,,,,,,,,,,,,,,,,,
4409.650291,0,0,1,329180.5646,0,0,0,0,DS54,,,,,,,,,,,,,,,,,
4410.650291,0,0,1,329180.5646,0,0,0,0,DS54,,,,,,,,,,,,,,,,,
4411.650291,0,0,1,329180.5646,0,0,0,0,DS54,,,,,,,,,,,,,,,,,
4412.650291,0,0,1,329180.5646,0,0,0,0,DS54,,,,,,,,,,,,,,,,,
4413.650291,0,0,1,329180.5646,0,0,0,0,DS54,,,,,,,,,,,,,,,,,
4414.650291,0,0,1,329180.5646,0,0,0,0,DS54,,,,,,,,,,,,,,,,,
4415.650291,0,0,1,329180.5646,0,0,0,0,DS54,,,,,,,,,,,,,,,,,
4416.650291,0,0,1,329180.5646,0,0,0,0,DS54,,,,,,,,,,,,,,,,,
4417.650291,0,0,1,329180.5646,0,0,0,0,DS54,,,,,,,,,,,,,,,,,
4418.650291,0,0,1,329180.5646,0,0,0,0,DS54,,,,,,,,,,,,,,,,,
4419.650291,0,0,1,329180.5646,0,0,0,0,DS54,,,,,,,,,,,,,,,,,
4420.650291,0,0,1,329180.5646,0,0,0,0,DS54,,,,,,,,,,,,,,,,,
4421.650291,0,0,1,329180.5646,0,0,0,0,DS54,,,,,,,,,,,,,,,,,
4422.650291,0,0,1,329180.5646,0,0,0,0,DS54,,,,,,,,,,,,,,,,,
4423.650291,0,0,1,329180.5646,0,0,0,0,DS54,,,,,,,,,,,,,,,,,
4424.650291,0,0,1,329180.5646,0,0,0,0,DS54,,,,,,,,,,,,,,,,,
4425.650291,0,0,1,329180.5646,0,0,0,0,DS54,,,,,,,,,,,,,,,,,
4426.650291,0,0,1,329180.5646,0,0,0,0,DS54,,,,,,,,,,,,,,,,,
4427.650291,0,0,1,329180.5646,0,0,0,0,DS54,,,,,,,,,,,,,,,,,
4428.650291,0,0,1,329180.5646,0,0,0,0,DS54,,,,,,,,,,,,,,,,,
4429.650291,0,0,1,329180.5646,0,0,0,0,DS54,,,,,,,,,,,,,,,,,
4430.650291,0,0,1,329180.5646,0,0,0,0,DS54,,,,,,,,,,,,,,,,,
4431.650291,0,0,1,329180.5646,0,0,0,0,DS54,,,,,,,,,,,,,,,,,
4432.650291,0,0,1,329180.5646,0,0,0,0,DS54,,,,,,,,,,,,,,,,,
4433.650291,0,0,1,329180.5646,0,0,0,0,DS54,,,,,,,,,,,,,,,,,
4434.650291,0,0,1,329180.5646,0,0,0,0,DS54,,,,,,,,,,,,,,,,,
4435.650291,0,0,1,329180.5646,0,0,0,0,DS54,,,,,,,,,,,,,,,,,
4436.650291,0,0,1,329180.5646,0,0,0,0,DS54,,,,,,,,,,,,,,,,,
4437.650291,0,0,1,329180.5646,0,0,0,0,DS54,,,,,,,,,,,,,,,,,
4438.650291,0,0,1,329180.5646,0,0,0,0,DS54,,,,,,,,,,,,,,,,,
4439.650291,0,0,1,329180.5646,0,0,0,0,DS54,,,,,,,,,,,,,,,,,
4440.650291,0,0,1,329180.5646,0,0,0,0,DS54,,,,,,,,,,,,,,,,,
4441.650291,0,0,1,329180.5646,0,0,0,0,DS54,,,,,,,,,,,,,,,,,
4442.650291,0,0,1,329180.5646,0,0,0,0,DS54,,,,,,,,,,,,,,,,,
4443.650291,0,0,1,329180.5646,0,0,0,0,DS54,,,,,,,,,,,,,,,,,
4444.650291,0,0,1,329180.5646,0,0,0,0,DS54,,,,,,,,,,,,,,,,,
4445.650291,0,0,1,329180.5646,0,0,0,0,DS54,,,,,,,,,,,,,,,,,
4446.650291,0,0,1,329180.5646,0,0,0,0,DS54,,,,,,,,,,,,,,,,,
4447.650291,0,0,1,329180.5646,0,0,0,0,DS54,,,,,,,,,,,,,,,,,
4448.650291,0,0,1,329180.5646,0,0,0,0,DS54,,,,,,,,,,,,,,,,,
4449.650291,0,0,1,329180.5646,0,0,0,0,DS54,,,,,,,,,,,,,,,,,
4450.650291,0,0,1,329180.5646,0,0,0,0,DS54,,,,,,,,,,,,,,,,,
4451.650291,0,0,1,329180.5646,0,0,0,0,DS54,,,,,,,,,,,,,,,,,
4452.650291,0,0,1,329180.5646,0,0,0,0,DS54,,,,,,,,,,,,,,,,,
4453.650291,0,0,1,329180.5646,0,0,0,0,DS54,,,,,,,,,,,,,,,,,
4454.650291,0,0,1,329180.5646,0,0,0,0,DS54,,,,,,,,,,,,,,,,,
4455.650291,0,0,1,329180.5646,0,0,0,0,DS54,,,,,,,,,,,,,,,,,
4456.650291,0,0,1,329180.5646,0,0,0,0,DS54,,,,,,,,,,,,,,,,,
4457.650291,0,0,1,329180.5646,0,0,0,0,DS54,,,,,,,,,,,,,,,,,
4458.650291,0,0,1,329180.5646,0,0,0,0,DS54,,,,,,,,,,,,,,,,,
4459.650291,0,0,1,329180.5646,0,0,0,0,DS54,,,,,,,,,,,,,,,,,
4460.650291,0,0,1,329180.5646,0,0,0,0,DS54,,,,,,,,,,,,,,,,,
4461.650291,0,0,1,329180.5646,0,0,0,0,DS54,,,,,,,,,,,,,,,,,
4462.650291,0,0,1,329180.5646,0,0,0,0,DS54,,,,,,,,,,,,,,,,,
4463.650291,0,0,1,329180.5646,0,0,0,0,DS54,,,,,,,,,,,,,,,,,
4464.650291,0,0,1,329180.5646,0,0,0,0,DS54,,,,,,,,,,,,,,,,,
4465.650291,0,0,1,329180.5646,0,0,0,0,DS54,,,,,,,,,,,,,,,,,
4466.650291,0,0,1,329180.5646,0,0,0,0,DS54,,,,,,,,,,,,,,,,,
4467.650291,0,0,1,329180.5646,0,0,0,0,DS54,,,,,,,,,,,,,,,,,
4468.650291,0,0,1,329180.5646,0,0,0,0,DS54,,,,,,,,,,,,,,,,,
4469.650291,0,0,1,329180.5646,0,0,0,0,DS54,,,,,,,,,,,,,,,,,
4470.650291,0,0,1,329180.5646,0,0,0,0,DS54,,,,,,,,,,,,,,,,,
4471.650291,0,0,1,329180.5646,0,0,0,0,DS54,,,,,,,,,,,,,,,,,
4472.650291,0,0,1,329180.5646,0,0,0,0,DS54,,,,,,,,,,,,,,,,,
4473.650291,0,0,1,329180.5646,0,0,0,0,DS54,,,,,,,,,,,,,,,,,
4474.650291,0,0,1,329180.5646,0,0,0,0,DS54,,,,,,,,,,,,,,,,,
4475.650291,0,0,1,329180.5646,0,0,0,0,DS54,,,,,,,,,,,,,,,,,
4476.650291,0,0,1,329180.5646,0,0,0,0,DS54,,,,,,,,,,,,,,,,,
4477.650291,0,0,1,329180.5646,0,0,0,0,DS54,,,,,,,,,,,,,,,,,
4478.650291,0,0,1,329180.5646,0,0,0,0,DS54,,,,,,,,,,,,,,,,,
4479.650291,0,0,1,329180.5646,0,0,0,0,DS54,,,,,,,,,,,,,,,,,
4480.650291,0,0,1,329180.5646,0,0,0,0,DS54,,,,,,,,,,,,,,,,,
4481.650291,0,0,1,329180.5646,0,0,0,0,DS54,,,,,,,,,,,,,,,,,
4482.650291,0,0,1,329180.5646,0,0,0,0,DS54,,,,,,,,,,,,,,,,,
4483.650291,0,0,1,329180.5646,0,0,0,0,DS54,,,,,,,,,,,,,,,,,
4484.650291,0,0,1,329180.5646,0,0,0,0,DS54,,,,,,,,,,,,,,,,,
4485.650291,0,0,1,329180.5646,0,0,0,0,DS54,,,,,,,,,,,,,,,,,
4486.650291,0,0,1,329180.5646,0,0,0,0,DS54,,,,,,,,,,,,,,,,,
4487.650291,0,0,1,329180.5646,0,0,0,0,DS54,,,,,,,,,,,,,,,,,
4488.650291,0,0,1,329180.5646,0,0,0,0,DS54,,,,,,,,,,,,,,,,,
4489.650291,0,0,1,329180.5646,0,0,0,0,DS54,,,,,,,,,,,,,,,,,
4490.650291,0,0,1,329180.5646,0,0,0,0,DS54,,,,,,,,,,,,,,,,,
4491.650291,0,0,1,329180.5646,0,0,0,0,DS54,,,,,,,,,,,,,,,,,
4492.650291,0,0,1,329180.5646,0,0,0,0,DS54,,,,,,,,,,,,,,,,,
4493.650291,0,0,1,329180.5646,0,0,0,0,DS54,,,,,,,,,,,,,,,,,
4494.650291,0,0,1,329180.5646,0,0,0,0,DS54,,,,,,,,,,,,,,,,,
4495.650291,0,0,1,329180.5646,0,0,0,0,DS54,,,,,,,,,,,,,,,,,
4496.650291,0,0,1,329180.5646,0,0,0,0,DS54,,,,,,,,,,,,,,,,,
4497.650291,0,0,1,329180.5646,0,0,0,0,DS54,,,,,,,,,,,,,,,,,
4498.650291,0,0,1,329180.5646,0,0,0,0,DS54,,,,,,,,,,,,,,,,,
4499.650291,0,0,1,329180.5646,0,0,0,0,DS54,,,,,,,,,,,,,,,,,
4500.650291,0,0,1,329180.5646,0,0,0,0,DS54,,,,,,,,,,,,,,,,,
4501.650291,0,0,1,329180.5646,0,0,0,0,DS54,,,,,,,,,,,,,,,,,
4502.650291,0,0,1,329180.5646,0,0,0,0,DS54,,,,,,,,,,,,,,,,,
4503.650291,0,0,1,329180.5646,0,0,0,0,DS54,,,,,,,,,,,,,,,,,
4504.650291,0,0,1,329180.5646,0,0,0,0,DS54,,,,,,,,,,,,,,,,,
4505.650291,0,0,1,329180.5646,0,0,0,0,DS54,,,,,,,,,,,,,,,,,
4506.650291,0,0,1,329180.5646,0,0,0,0,DS54,,,,,,,,,,,,,,,,,
4507.650291,0,0,1,329180.5646,0,0,0,0,DS54,,,,,,,,,,,,,,,,,
4508.650291,0,0,1,329180.5646,0,0,0,0,DS54,,,,,,,,,,,,,,,,,
4509.650291,0,0,1,329180.5646,0,0,0,0,DS54,,,,,,,,,,,,,,,,,
4510.650291,0,0,1,329180.5646,0,0,0,0,DS54,,,,,,,,,,,,,,,,,
4511.650291,0,0,1,329180.5646,0,0,0,0,DS54,,,,,,,,,,,,,,,,,
4512.650291,0,0,1,329180.5646,0,0,0,0,DS54,,,,,,,,,,,,,,,,,
4513.650291,0,0,1,329180.5646,0,0,0,0,DS54,,,,,,,,,,,,,,,,,
4514.650291,0,0,1,329180.5646,0,0,0,0,DS54,,,,,,,,,,,,,,,,,
4515.650291,0,0,1,329180.5646,0,0,0,0,DS54,,,,,,,,,,,,,,,,,
4516.650291,0,0,1,329180.5646,0,0,0,0,DS54,,,,,,,,,,,,,,,,,
4517.650291,0,0,1,329180.5646,0,0,0,0,DS54,,,,,,,,,,,,,,,,,
4518.650291,0,0,1,329180.5646,0,0,0,0,DS54,,,,,,,,,,,,,,,,,
4519.650291,0,0,1,329180.5646,0,0,0,0,DS54,,,,,,,,,,,,,,,,,
4520.650291,0,0,1,329180.5646,0,0,0,0,DS54,,,,,,,,,,,,,,,,,
4521.650291,0,0,1,329180.5646,0,0,0,0,DS54,,,,,,,,,,,,,,,,,
4522.650291,0,0,1,329180.5646,0,0,0,0,DS54,,,,,,,,,,,,,,,,,
4523.650291,0,0,1,329180.5646,0,0,0,0,DS54,,,,,,,,,,,,,,,,,
4524.650291,0,0,1,329180.5646,0,0,0,0,DS54,,,,,,,,,,,,,,,,,
4525.650291,0,0,1,329180.5646,0,0,0,0,DS54,,,,,,,,,,,,,,,,,
4526.650291,0,0,1,329180.5646,0,0,0,0,DS54,,,,,,,,,,,,,,,,,
4527.650291,0,0,1,329180.5646,0,0,0,0,DS54,,,,,,,,,,,,,,,,,
4528.650291,0,0,1,329180.5646,0,0,0,0,DS54,,,,,,,,,,,,,,,,,
4529.650291,0,0,1,329180.5646,0,0,0,0,DS54,,,,,,,,,,,,,,,,,
4530.650291,0,0,1,329180.5646,0,0,0,0,DS54,,,,,,,,,,,,,,,,,
4531.650291,0,0,1,329180.5646,0,0,0,0,DS54,,,,,,,,,,,,,,,,,
4532.650291,0,0,1,329180.5646,0,0,0,0,DS54,,,,,,,,,,,,,,,,,
4533.650291,0,0,1,329180.5646,0,0,0,0,DS54,,,,,,,,,,,,,,,,,
4534.650291,0,0,1,329180.5646,0,0,0,0,DS54,,,,,,,,,,,,,,,,,
4535.650291,0,0,1,329180.5646,0,0,0,0,DS54,,,,,,,,,,,,,,,,,
4536.650291,0,0,1,329180.5646,0,0,0,0,DS54,,,,,,,,,,,,,,,,,
4537.650291,0,0,1,329180.5646,0,0,0,0,DS54,,,,,,,,,,,,,,,,,
4538.650291,0,0,1,329180.5646,0,0,0,0,DS54,,,,,,,,,,,,,,,,,
4539.650291,0,0,1,329180.5646,0,0,0,0,DS54,,,,,,,,,,,,,,,,,
4540.650291,0,0,1,329180.5646,0,0,0,0,DS54,,,,,,,,,,,,,,,,,
4541.650291,0,0,1,329180.5646,0,0,0,0,DS54,,,,,,,,,,,,,,,,,
4542.650291,0,0,1,329180.5646,0,0,0,0,DS54,,,,,,,,,,,,,,,,,
4543.650291,0,0,1,329180.5646,0,0,0,0,DS54,,,,,,,,,,,,,,,,,
4544.650291,0,0,1,329180.5646,0,0,0,0,DS54,,,,,,,,,,,,,,,,,
4545.650291,0,0,1,329180.5646,0,0,0,0,DS54,,,,,,,,,,,,,,,,,
4546.650291,0,0,1,329180.5646,0,0,0,0,DS54,,,,,,,,,,,,,,,,,
4547.650291,0,0,1,329180.5646,0,0,0,0,DS54,,,,,,,,,,,,,,,,,
4548.650291,0,0,1,329180.5646,0,0,0,0,DS54,,,,,,,,,,,,,,,,,
4549.650291,0,0,1,329180.5646,0,0,0,0,DS54,,,,,,,,,,,,,,,,,
4550.650291,0,0,1,329180.5646,0,0,0,0,DS54,,,,,,,,,,,,,,,,,
4551.650291,0,0,1,329180.5646,0,0,0,0,DS54,,,,,,,,,,,,,,,,,
4552.650291,0,0,1,329180.5646,0,0,0,0,DS54,,,,,,,,,,,,,,,,,
4553.650291,1,343403.3254,1,329180.5646,0,0,0,0,DS54,,,,,,,,,,,,,,,,,
4554.650291,1,343403.3254,1,329180.5646,0,0,0,0,DS54,,,,,,,,,,,,,,,,,
4555.650291,1,343403.3254,1,329180.5646,0,0,0,0,DS54,,,,,,,,,,,,,,,,,
4556.650291,1,343403.3254,1,329180.5646,0,0,0,0,DS54,,,,,,,,,,,,,,,,,
4557.650291,1,343403.3254,1,329180.5646,0,0,0,0,DS54,,,,,,,,,,,,,,,,,
4558.650291,1,343403.3254,1,329180.5646,0,0,0,0,DS54,,,,,,,,,,,,,,,,,
4559.650291,1,343403.3254,1,329180.5646,0,0,0,0,DS54,,,,,,,,,,,,,,,,,
4560.650291,1,343403.3254,1,329180.5646,0,0,0,0,DS54,,,,,,,,,,,,,,,,,
4561.650291,1,343403.3254,1,329180.5646,0,0,0,0,DS54,,,,,,,,,,,,,,,,,
4562.650291,1,343403.3254,1,329180.5646,0,0,0,0,DS54,,,,,,,,,,,,,,,,,
4563.650291,1,343403.3254,1,329180.5646,0,0,0,0,DS54,,,,,,,,,,,,,,,,,
4564.650291,1,343403.3254,1,329180.5646,0,0,0,0,DS54,,,,,,,,,,,,,,,,,
4565.650291,1,343403.3254,1,329180.5646,0,0,0,0,DS54,,,,,,,,,,,,,,,,,
4566.650291,1,343403.3254,1,329180.5646,0,0,0,0,DS54,,,,,,,,,,,,,,,,,
4567.650291,1,343403.3254,1,329180.5646,0,0,0,0,DS54,,,,,,,,,,,,,,,,,
4568.650291,1,343403.3254,1,329180.5646,0,0,0,0,DS54,,,,,,,,,,,,,,,,,
4569.650291,1,343403.3254,1,329180.5646,0,0,0,0,DS54,,,,,,,,,,,,,,,,,
4570.650291,1,343403.3254,1,329180.5646,0,0,0,0,DS54,,,,,,,,,,,,,,,,,
4571.650291,1,343403.3254,1,329180.5646,0,0,0,0,DS54,,,,,,,,,,,,,,,,,
4572.650291,1,343403.3254,1,329180.5646,0,0,0,0,DS54,,,,,,,,,,,,,,,,,
4573.650291,1,343403.3254,1,329180.5646,0,0,0,0,DS54,,,,,,,,,,,,,,,,,
4574.650291,1,343403.3254,1,329180.5646,0,0,0,0,DS54,,,,,,,,,,,,,,,,,
4575.650291,1,343403.3254,1,329180.5646,0,0,0,0,DS54,,,,,,,,,,,,,,,,,
4576.650291,1,343403.3254,1,329180.5646,0,0,0,0,DS54,,,,,,,,,,,,,,,,,
4577.650291,1,343403.3254,1,329180.5646,0,0,0,0,DS54,,,,,,,,,,,,,,,,,
4578.650291,1,343403.3254,1,329180.5646,0,0,0,0,DS54,,,,,,,,,,,,,,,,,
4579.650291,1,343403.3254,1,329180.5646,0,0,0,0,DS54,,,,,,,,,,,,,,,,,
4580.650291,1,343403.3254,1,329180.5646,0,0,0,0,DS54,,,,,,,,,,,,,,,,,
4581.650291,1,343403.3254,1,329180.5646,0,0,0,0,DS54,,,,,,,,,,,,,,,,,
4582.650291,1,343403.3254,1,329180.5646,0,0,0,0,DS54,,,,,,,,,,,,,,,,,
4583.650291,1,343403.3254,1,329180.5646,0,0,0,0,DS54,,,,,,,,,,,,,,,,,
4584.650291,1,343403.3254,1,329180.5646,0,0,0,0,DS54,,,,,,,,,,,,,,,,,
4585.650291,1,343403.3254,1,329180.5646,0,0,0,0,DS54,,,,,,,,,,,,,,,,,
4586.650291,1,343403.3254,1,329180.5646,0,0,0,0,DS54,,,,,,,,,,,,,,,,,
4587.650291,1,343403.3254,1,329180.5646,0,0,0,0,DS54,,,,,,,,,,,,,,,,,
4588.650291,1,343403.3254,1,329180.5646,0,0,0,0,DS54,,,,,,,,,,,,,,,,,
4589.650291,1,343403.3254,1,329180.5646,0,0,0,0,DS54,,,,,,,,,,,,,,,,,
4590.650291,1,343403.3254,1,329180.5646,0,0,0,0,DS54,,,,,,,,,,,,,,,,,
4591.650291,1,343403.3254,1,329180.5646,0,0,0,0,DS54,,,,,,,,,,,,,,,,,
4592.650291,1,343403.3254,1,329180.5646,0,0,0,0,DS54,,,,,,,,,,,,,,,,,
4593.650291,1,343403.3254,1,329180.5646,0,0,0,0,DS54,,,,,,,,,,,,,,,,,
4594.650291,1,343403.3254,1,329180.5646,0,0,0,0,DS54,,,,,,,,,,,,,,,,,
4595.650291,1,343403.3254,1,329180.5646,0,0,0,0,DS54,,,,,,,,,,,,,,,,,
4596.650291,1,343403.3254,1,329180.5646,0,0,0,0,DS54,,,,,,,,,,,,,,,,,
4597.650291,1,343403.3254,1,329180.5646,0,0,0,0,DS54,,,,,,,,,,,,,,,,,
4598.650291,1,343403.3254,1,329180.5646,0,0,0,0,DS54,,,,,,,,,,,,,,,,,
4599.650291,1,343403.3254,1,329180.5646,0,0,0,0,DS54,,,,,,,,,,,,,,,,,
4600.650291,1,343403.3254,1,329180.5646,0,0,0,0,DS54,,,,,,,,,,,,,,,,,
4601.650291,1,343403.3254,1,329180.5646,0,0,0,0,DS54,,,,,,,,,,,,,,,,,
4602.650291,1,343403.3254,1,329180.5646,0,0,0,0,DS54,,,,,,,,,,,,,,,,,
4603.650291,1,343403.3254,1,329180.5646,0,0,0,0,DS54,,,,,,,,,,,,,,,,,
4604.650291,1,343403.3254,1,329180.5646,0,0,0,0,DS54,,,,,,,,,,,,,,,,,
4605.650291,1,343403.3254,1,329180.5646,0,0,0,0,DS54,,,,,,,,,,,,,,,,,
4606.650291,1,343403.3254,1,329180.5646,0,0,0,0,DS54,,,,,,,,,,,,,,,,,
4607.650291,1,343403.3254,1,329180.5646,0,0,0,0,DS54,,,,,,,,,,,,,,,,,
4608.650291,1,343403.3254,1,329180.5646,0,0,0,0,DS54,,,,,,,,,,,,,,,,,
4609.650291,1,343403.3254,1,329180.5646,0,0,0,0,DS54,,,,,,,,,,,,,,,,,
4610.650291,1,343403.3254,1,329180.5646,0,0,0,0,DS54,,,,,,,,,,,,,,,,,
4611.650291,1,343403.3254,1,329180.5646,0,0,0,0,DS54,,,,,,,,,,,,,,,,,
4612.650291,1,343403.3254,1,329180.5646,0,0,0,0,DS54,,,,,,,,,,,,,,,,,
4613.650291,1,343403.3254,1,329180.5646,0,0,0,0,DS54,,,,,,,,,,,,,,,,,
4614.650291,1,343403.3254,1,329180.5646,0,0,0,0,DS54,,,,,,,,,,,,,,,,,
4615.650291,1,343403.3254,1,329180.5646,0,0,0,0,DS54,,,,,,,,,,,,,,,,,
4616.650291,1,343403.3254,1,329180.5646,0,0,0,0,DS54,,,,,,,,,,,,,,,,,
4617.650291,1,343403.3254,1,329180.5646,0,0,0,0,DS54,,,,,,,,,,,,,,,,,
4618.650291,1,343403.3254,1,329180.5646,0,0,0,0,DS54,,,,,,,,,,,,,,,,,
4619.650291,1,343403.3254,1,329180.5646,0,0,0,0,DS54,,,,,,,,,,,,,,,,,
4620.650291,1,343403.3254,1,329180.5646,0,0,0,0,DS54,,,,,,,,,,,,,,,,,
4621.650291,1,343403.3254,1,329180.5646,0,0,0,0,DS54,,,,,,,,,,,,,,,,,
4622.650291,1,343403.3254,1,329180.5646,0,0,0,0,DS54,,,,,,,,,,,,,,,,,
4623.650291,1,343403.3254,1,329180.5646,0,0,0,0,DS54,,,,,,,,,,,,,,,,,
4624.650291,1,343403.3254,1,329180.5646,0,0,0,0,DS54,,,,,,,,,,,,,,,,,
4625.650291,1,343403.3254,1,329180.5646,0,0,0,0,DS54,,,,,,,,,,,,,,,,,
4626.650291,1,343403.3254,1,329180.5646,0,0,0,0,DS54,,,,,,,,,,,,,,,,,
4627.650291,1,343403.3254,1,329180.5646,0,0,0,0,DS54,,,,,,,,,,,,,,,,,
4628.650291,1,343403.3254,1,329180.5646,0,0,0,0,DS54,,,,,,,,,,,,,,,,,
4629.650291,1,343403.3254,1,329180.5646,0,0,0,0,DS54,,,,,,,,,,,,,,,,,
4630.650291,1,343403.3254,1,329180.5646,0,0,0,0,DS54,,,,,,,,,,,,,,,,,
4631.650291,1,343403.3254,1,329180.5646,0,0,0,0,DS54,,,,,,,,,,,,,,,,,
4632.650291,1,343403.3254,1,329180.5646,0,0,0,0,DS54,,,,,,,,,,,,,,,,,
4633.650291,1,343403.3254,1,329180.5646,0,0,0,0,DS54,,,,,,,,,,,,,,,,,
4634.650291,1,343403.3254,1,329180.5646,0,0,0,0,DS54,,,,,,,,,,,,,,,,,
4635.650291,1,343403.3254,1,329180.5646,0,0,0,0,DS54,,,,,,,,,,,,,,,,,
4636.650291,1,343403.3254,1,329180.5646,0,0,0,0,DS54,,,,,,,,,,,,,,,,,
4637.650291,1,343403.3254,1,329180.5646,0,0,0,0,DS54,,,,,,,,,,,,,,,,,
4638.650291,1,343403.3254,1,329180.5646,0,0,0,0,DS54,,,,,,,,,,,,,,,,,
4639.650291,1,343403.3254,1,329180.5646,0,0,0,0,DS54,,,,,,,,,,,,,,,,,
4640.650291,1,343403.3254,1,329180.5646,0,0,0,0,DS54,,,,,,,,,,,,,,,,,
4641.650291,1,343403.3254,1,329180.5646,0,0,0,0,DS54,,,,,,,,,,,,,,,,,
4642.650291,1,343403.3254,1,329180.5646,0,0,0,0,DS54,,,,,,,,,,,,,,,,,
4643.650291,1,343403.3254,1,329180.5646,0,0,0,0,DS54,,,,,,,,,,,,,,,,,
4644.650291,1,343403.3254,1,329180.5646,0,0,0,0,DS54,,,,,,,,,,,,,,,,,
4645.650291,1,343403.3254,1,329180.5646,0,0,0,0,DS54,,,,,,,,,,,,,,,,,
4646.650291,1,343403.3254,1,329180.5646,0,0,0,0,DS54,,,,,,,,,,,,,,,,,
4647.650291,1,343403.3254,1,329180.5646,0,0,0,0,DS54,,,,,,,,,,,,,,,,,
4648.650291,1,343403.3254,1,329180.5646,0,0,0,0,DS54,,,,,,,,,,,,,,,,,
4649.650291,1,343403.3254,1,329180.5646,0,0,0,0,DS54,,,,,,,,,,,,,,,,,
4650.650291,1,343403.3254,1,329180.5646,0,0,0,0,DS54,,,,,,,,,,,,,,,,,
4651.650291,1,343403.3254,1,329180.5646,0,0,0,0,DS54,,,,,,,,,,,,,,,,,
4652.650291,1,343403.3254,1,329180.5646,0,0,0,0,DS54,,,,,,,,,,,,,,,,,
4653.650291,1,343403.3254,1,329180.5646,0,0,0,0,DS54,,,,,,,,,,,,,,,,,
4654.650291,1,343403.3254,1,329180.5646,0,0,0,0,DS54,,,,,,,,,,,,,,,,,
4655.650291,1,343403.3254,1,329180.5646,0,0,0,0,DS54,,,,,,,,,,,,,,,,,
4656.650291,1,343403.3254,1,329180.5646,0,0,0,0,DS54,,,,,,,,,,,,,,,,,
4657.650291,1,343403.3254,1,329180.5646,0,0,0,0,DS54,,,,,,,,,,,,,,,,,
4658.650291,1,343403.3254,1,329180.5646,0,0,0,0,DS54,,,,,,,,,,,,,,,,,
4659.650291,1,343403.3254,1,329180.5646,0,0,0,0,DS54,,,,,,,,,,,,,,,,,
4660.650291,1,343403.3254,1,329180.5646,0,0,0,0,DS54,,,,,,,,,,,,,,,,,
4661.650291,1,343403.3254,1,329180.5646,0,0,0,0,DS54,,,,,,,,,,,,,,,,,
4662.650291,1,343403.3254,1,329180.5646,0,0,0,0,DS54,,,,,,,,,,,,,,,,,
4663.650291,1,343403.3254,1,329180.5646,0,0,0,0,DS54,,,,,,,,,,,,,,,,,
4664.650291,1,343403.3254,1,329180.5646,0,0,0,0,DS54,,,,,,,,,,,,,,,,,
4665.650291,1,343403.3254,1,329180.5646,0,0,0,0,DS54,,,,,,,,,,,,,,,,,
4666.650291,1,343403.3254,1,329180.5646,0,0,0,0,DS54,,,,,,,,,,,,,,,,,
4667.650291,1,343403.3254,1,329180.5646,0,0,0,0,DS54,,,,,,,,,,,,,,,,,
4668.650291,1,343403.3254,1,329180.5646,0,0,0,0,DS54,,,,,,,,,,,,,,,,,
4669.650291,1,343403.3254,1,329180.5646,0,0,0,0,DS54,,,,,,,,,,,,,,,,,
4670.650291,1,343403.3254,1,329180.5646,0,0,0,0,DS54,,,,,,,,,,,,,,,,,
4671.650291,1,343403.3254,1,329180.5646,0,0,0,0,DS54,,,,,,,,,,,,,,,,,
4672.650291,1,343403.3254,1,329180.5646,0,0,0,0,DS54,,,,,,,,,,,,,,,,,
4673.650291,1,343403.3254,1,329180.5646,0,0,0,0,DS54,,,,,,,,,,,,,,,,,
4674.650291,1,343403.3254,1,329180.5646,0,0,0,0,DS54,,,,,,,,,,,,,,,,,
4675.650291,1,343403.3254,1,329180.5646,0,0,0,0,DS54,,,,,,,,,,,,,,,,,
4676.650291,1,343403.3254,1,329180.5646,0,0,0,0,DS54,,,,,,,,,,,,,,,,,
4677.650291,1,343403.3254,1,329180.5646,0,0,0,0,DS54,,,,,,,,,,,,,,,,,
4678.650291,1,343403.3254,1,329180.5646,0,0,0,0,DS54,,,,,,,,,,,,,,,,,
4679.650291,1,343403.3254,1,329180.5646,0,0,0,0,DS54,,,,,,,,,,,,,,,,,
4680.650291,1,343403.3254,1,329180.5646,0,0,0,0,DS54,,,,,,,,,,,,,,,,,
4681.650291,1,343403.3254,1,329180.5646,0,0,0,0,DS54,,,,,,,,,,,,,,,,,
4682.650291,1,343403.3254,1,329180.5646,0,0,0,0,DS54,,,,,,,,,,,,,,,,,
4683.650291,1,343403.3254,1,329180.5646,0,0,0,0,DS54,,,,,,,,,,,,,,,,,
4684.650291,1,343403.3254,1,329180.5646,0,0,0,0,DS54,,,,,,,,,,,,,,,,,
4685.650291,1,343403.3254,1,329180.5646,0,0,0,0,DS54,,,,,,,,,,,,,,,,,
4686.650291,1,343403.3254,1,329180.5646,0,0,0,0,DS54,,,,,,,,,,,,,,,,,
4687.650291,1,343403.3254,1,329180.5646,0,0,0,0,DS54,,,,,,,,,,,,,,,,,
4688.650291,1,343403.3254,1,329180.5646,0,0,0,0,DS54,,,,,,,,,,,,,,,,,
4689.650291,1,343403.3254,1,329180.5646,0,0,0,0,DS54,,,,,,,,,,,,,,,,,
4690.650291,1,343403.3254,1,329180.5646,0,0,0,0,DS54,,,,,,,,,,,,,,,,,
4691.650291,1,343403.3254,1,329180.5646,0,0,0,0,DS54,,,,,,,,,,,,,,,,,
4692.650291,1,343403.3254,1,329180.5646,0,0,0,0,DS54,,,,,,,,,,,,,,,,,
4693.650291,1,343403.3254,1,329180.5646,0,0,0,0,DS54,,,,,,,,,,,,,,,,,
4694.650291,1,343403.3254,1,329180.5646,0,0,0,0,DS54,,,,,,,,,,,,,,,,,
4695.650291,1,343403.3254,1,329180.5646,0,0,0,0,DS54,,,,,,,,,,,,,,,,,
4696.650291,1,343403.3254,1,329180.5646,0,0,0,0,DS54,,,,,,,,,,,,,,,,,
4697.650291,1,343403.3254,1,329180.5646,0,0,0,0,DS54,,,,,,,,,,,,,,,,,
4698.650291,1,343403.3254,1,329180.5646,0,0,0,0,DS54,,,,,,,,,,,,,,,,,
4699.650291,1,343403.3254,1,329180.5646,0,0,0,0,DS54,,,,,,,,,,,,,,,,,
4700.650291,1,343403.3254,1,329180.5646,0,0,0,0,DS54,,,,,,,,,,,,,,,,,
4701.650291,1,343403.3254,1,329180.5646,0,0,0,0,DS54,,,,,,,,,,,,,,,,,
4702.650291,1,343403.3254,1,329180.5646,0,0,0,0,DS54,,,,,,,,,,,,,,,,,
4703.650291,1,343403.3254,1,329180.5646,0,0,0,0,DS54,,,,,,,,,,,,,,,,,
4704.650291,1,343403.3254,1,329180.5646,0,0,0,0,DS54,,,,,,,,,,,,,,,,,
4705.650291,1,343403.3254,1,329180.5646,0,0,0,0,DS54,,,,,,,,,,,,,,,,,
4706.650291,1,343403.3254,1,329180.5646,0,0,0,0,DS54,,,,,,,,,,,,,,,,,
4707.650291,1,343403.3254,1,329180.5646,0,0,0,0,DS54,,,,,,,,,,,,,,,,,
4708.650291,1,343403.3254,1,329180.5646,0,0,0,0,DS54,,,,,,,,,,,,,,,,,
4709.650291,1,343403.3254,1,329180.5646,0,0,0,0,DS54,,,,,,,,,,,,,,,,,
4710.650291,1,343403.3254,1,329180.5646,0,0,0,0,DS54,,,,,,,,,,,,,,,,,
4711.650291,1,343403.3254,1,329180.5646,0,0,0,0,DS54,,,,,,,,,,,,,,,,,
4712.650291,1,343403.3254,1,329180.5646,0,0,0,0,DS54,,,,,,,,,,,,,,,,,
4713.650291,1,343403.3254,1,329180.5646,0,0,0,0,DS54,,,,,,,,,,,,,,,,,
4714.650291,1,343403.3254,1,329180.5646,0,0,0,0,DS54,,,,,,,,,,,,,,,,,
4715.650291,1,343403.3254,1,329180.5646,0,0,0,0,DS54,,,,,,,,,,,,,,,,,
4716.650291,1,343403.3254,1,329180.5646,0,0,0,0,DS54,,,,,,,,,,,,,,,,,
4717.650291,1,343403.3254,1,329180.5646,0,0,0,0,DS54,,,,,,,,,,,,,,,,,
4718.650291,1,343403.3254,1,329180.5646,0,0,0,0,DS54,,,,,,,,,,,,,,,,,
4719.650291,1,343403.3254,1,329180.5646,0,0,0,0,DS54,,,,,,,,,,,,,,,,,
4720.650291,1,343403.3254,1,329180.5646,0,0,0,0,DS54,,,,,,,,,,,,,,,,,
4721.650291,1,343403.3254,1,329180.5646,0,0,0,0,DS54,,,,,,,,,,,,,,,,,
4722.650291,1,343403.3254,1,329180.5646,0,0,0,0,DS54,,,,,,,,,,,,,,,,,
4723.650291,1,343403.3254,1,329180.5646,0,0,0,0,DS54,,,,,,,,,,,,,,,,,
4724.650291,1,343403.3254,1,329180.5646,0,0,0,0,DS54,,,,,,,,,,,,,,,,,
4725.650291,1,343403.3254,1,329180.5646,0,0,0,0,DS54,,,,,,,,,,,,,,,,,
4726.650291,1,343403.3254,1,329180.5646,0,0,0,0,DS54,,,,,,,,,,,,,,,,,
4727.650291,1,343403.3254,1,329180.5646,0,0,0,0,DS54,,,,,,,,,,,,,,,,,
4728.650291,1,343403.3254,1,329180.5646,0,0,0,0,DS54,,,,,,,,,,,,,,,,,
4729.650291,1,343403.3254,1,329180.5646,0,0,0,0,DS54,,,,,,,,,,,,,,,,,
4730.650291,1,343403.3254,1,329180.5646,0,0,0,0,DS54,,,,,,,,,,,,,,,,,
4731.650291,1,343403.3254,1,329180.5646,0,0,0,0,DS54,,,,,,,,,,,,,,,,,
4732.650291,1,343403.3254,1,329180.5646,0,0,0,0,DS54,,,,,,,,,,,,,,,,,
4733.650291,1,343403.3254,1,329180.5646,0,0,0,0,DS54,,,,,,,,,,,,,,,,,
4734.650291,1,343403.3254,1,329180.5646,0,0,0,0,DS54,,,,,,,,,,,,,,,,,
4735.650291,1,343403.3254,1,329180.5646,0,0,0,0,DS54,,,,,,,,,,,,,,,,,
4736.650291,1,343403.3254,1,329180.5646,0,0,0,0,DS54,,,,,,,,,,,,,,,,,
4737.650291,1,343403.3254,1,329180.5646,0,0,0,0,DS54,,,,,,,,,,,,,,,,,
4738.650291,1,343403.3254,1,329180.5646,0,0,0,0,DS54,,,,,,,,,,,,,,,,,
4739.650291,1,343403.3254,1,329180.5646,0,0,0,0,DS54,,,,,,,,,,,,,,,,,
4740.650291,1,343403.3254,1,329180.5646,0,0,0,0,DS54,,,,,,,,,,,,,,,,,
4741.650291,1,343403.3254,1,329180.5646,0,0,0,0,DS54,,,,,,,,,,,,,,,,,
4742.650291,1,343403.3254,1,329180.5646,1,350384.287,0,0,DS54,,,,,,,,,,,,,,,,,
4743.650291,1,343403.3254,1,329180.5646,1,350384.287,0,0,DS54,,,,,,,,,,,,,,,,,
4744.650291,1,343403.3254,1,329180.5646,1,350384.287,0,0,DS54,,,,,,,,,,,,,,,,,
4745.650291,1,343403.3254,1,329180.5646,1,350384.287,0,0,DS54,,,,,,,,,,,,,,,,,
4746.650291,1,343403.3254,1,329180.5646,1,350384.287,0,0,DS54,,,,,,,,,,,,,,,,,
4747.650291,1,343403.3254,1,329180.5646,1,350384.287,0,0,DS54,,,,,,,,,,,,,,,,,
4748.650291,1,343403.3254,1,329180.5646,1,350384.287,0,0,DS54,,,,,,,,,,,,,,,,,
4749.650291,1,343403.3254,1,329180.5646,1,350384.287,0,0,DS54,,,,,,,,,,,,,,,,,
4750.650291,1,343403.3254,1,329180.5646,1,350384.287,0,0,DS54,,,,,,,,,,,,,,,,,
4751.650291,1,343403.3254,1,329180.5646,1,350384.287,0,0,DS54,,,,,,,,,,,,,,,,,
4752.650291,1,343403.3254,1,329180.5646,1,350384.287,0,0,DS54,,,,,,,,,,,,,,,,,
4753.650291,1,343403.3254,1,329180.5646,1,350384.287,0,0,DS54,,,,,,,,,,,,,,,,,
4754.650291,1,343403.3254,1,329180.5646,1,350384.287,0,0,DS54,,,,,,,,,,,,,,,,,
4755.650291,1,343403.3254,1,329180.5646,1,350384.287,0,0,DS54,,,,,,,,,,,,,,,,,
4756.650291,1,343403.3254,1,329180.5646,1,350384.287,0,0,DS54,,,,,,,,,,,,,,,,,
4757.650291,1,343403.3254,1,329180.5646,1,350384.287,0,0,DS54,,,,,,,,,,,,,,,,,
4758.650291,1,343403.3254,1,329180.5646,1,350384.287,0,0,DS54,,,,,,,,,,,,,,,,,
4759.650291,1,343403.3254,1,329180.5646,1,350384.287,0,0,DS54,,,,,,,,,,,,,,,,,
4760.650291,1,343403.3254,1,329180.5646,1,350384.287,0,0,DS54,,,,,,,,,,,,,,,,,
4761.650291,1,343403.3254,1,329180.5646,1,350384.287,0,0,DS54,,,,,,,,,,,,,,,,,
4762.650291,1,343403.3254,1,329180.5646,1,350384.287,0,0,DS54,,,,,,,,,,,,,,,,,
4763.650291,1,343403.3254,1,329180.5646,1,350384.287,0,0,DS54,,,,,,,,,,,,,,,,,
4764.650291,1,343403.3254,1,329180.5646,1,350384.287,0,0,DS54,,,,,,,,,,,,,,,,,
4765.650291,1,343403.3254,1,329180.5646,1,350384.287,0,0,DS54,,,,,,,,,,,,,,,,,
4766.650291,1,343403.3254,1,329180.5646,1,350384.287,0,0,DS54,,,,,,,,,,,,,,,,,
4767.650291,1,343403.3254,1,329180.5646,1,350384.287,0,0,DS54,,,,,,,,,,,,,,,,,
4768.650291,1,343403.3254,1,329180.5646,1,350384.287,0,0,DS54,,,,,,,,,,,,,,,,,
4769.650291,1,343403.3254,1,329180.5646,1,350384.287,0,0,DS54,,,,,,,,,,,,,,,,,
4770.650291,1,343403.3254,1,329180.5646,1,350384.287,0,0,DS54,,,,,,,,,,,,,,,,,
4771.650291,1,343403.3254,1,329180.5646,1,350384.287,0,0,DS54,,,,,,,,,,,,,,,,,
4772.650291,1,343403.3254,1,329180.5646,1,350384.287,0,0,DS54,,,,,,,,,,,,,,,,,
4773.650291,1,343403.3254,1,329180.5646,1,350384.287,0,0,DS54,,,,,,,,,,,,,,,,,
4774.650291,1,343403.3254,1,329180.5646,1,350384.287,0,0,DS54,,,,,,,,,,,,,,,,,
4775.650291,1,343403.3254,1,329180.5646,1,350384.287,0,0,DS54,,,,,,,,,,,,,,,,,
4776.650291,1,343403.3254,1,329180.5646,1,350384.287,0,0,DS54,,,,,,,,,,,,,,,,,
4777.650291,1,343403.3254,1,329180.5646,1,350384.287,0,0,DS54,,,,,,,,,,,,,,,,,
4778.650291,1,343403.3254,1,329180.5646,1,350384.287,0,0,DS54,,,,,,,,,,,,,,,,,
4779.650291,1,343403.3254,1,329180.5646,1,350384.287,0,0,DS54,,,,,,,,,,,,,,,,,
4780.650291,1,343403.3254,1,329180.5646,1,350384.287,0,0,DS54,,,,,,,,,,,,,,,,,
4781.650291,1,343403.3254,1,329180.5646,1,350384.287,0,0,DS54,,,,,,,,,,,,,,,,,
4782.650291,1,343403.3254,1,329180.5646,1,350384.287,0,0,DS54,,,,,,,,,,,,,,,,,
4783.650291,1,343403.3254,1,329180.5646,1,350384.287,0,0,DS54,,,,,,,,,,,,,,,,,
4784.650291,1,343403.3254,1,329180.5646,1,350384.287,0,0,DS54,,,,,,,,,,,,,,,,,
4785.650291,1,343403.3254,1,329180.5646,1,350384.287,0,0,DS54,,,,,,,,,,,,,,,,,
4786.650291,1,343403.3254,1,329180.5646,1,350384.287,0,0,DS54,,,,,,,,,,,,,,,,,
4787.650291,1,343403.3254,1,329180.5646,1,350384.287,0,0,DS54,,,,,,,,,,,,,,,,,
4788.650291,1,343403.3254,1,329180.5646,1,350384.287,0,0,DS54,,,,,,,,,,,,,,,,,
4789.650291,1,343403.3254,1,329180.5646,1,350384.287,0,0,DS54,,,,,,,,,,,,,,,,,
4790.650291,1,343403.3254,1,329180.5646,1,350384.287,0,0,DS54,,,,,,,,,,,,,,,,,
4791.650291,1,343403.3254,1,329180.5646,1,350384.287,0,0,DS54,,,,,,,,,,,,,,,,,
4792.650291,1,343403.3254,1,329180.5646,1,350384.287,0,0,DS54,,,,,,,,,,,,,,,,,
4793.650291,1,343403.3254,1,329180.5646,1,350384.287,0,0,DS54,,,,,,,,,,,,,,,,,
4794.650291,1,343403.3254,1,329180.5646,1,350384.287,0,0,DS54,,,,,,,,,,,,,,,,,
4795.650291,1,343403.3254,1,329180.5646,1,350384.287,0,0,DS54,,,,,,,,,,,,,,,,,
4796.650291,1,343403.3254,1,329180.5646,1,350384.287,0,0,DS54,,,,,,,,,,,,,,,,,
4797.650291,1,343403.3254,1,329180.5646,1,350384.287,0,0,DS54,,,,,,,,,,,,,,,,,
4798.650291,1,343403.3254,1,329180.5646,1,350384.287,0,0,DS54,,,,,,,,,,,,,,,,,
4799.650291,1,343403.3254,1,329180.5646,1,350384.287,0,0,DS54,,,,,,,,,,,,,,,,,
4800.650291,1,343403.3254,1,329180.5646,1,350384.287,0,0,DS54,,,,,,,,,,,,,,,,,
4801.650291,1,343403.3254,1,329180.5646,1,350384.287,0,0,DS54,,,,,,,,,,,,,,,,,
4802.650291,1,343403.3254,1,329180.5646,1,350384.287,0,0,DS54,,,,,,,,,,,,,,,,,
4803.650291,1,343403.3254,1,329180.5646,1,350384.287,0,0,DS54,,,,,,,,,,,,,,,,,
4804.650291,1,343403.3254,1,329180.5646,1,350384.287,0,0,DS54,,,,,,,,,,,,,,,,,
4805.650291,1,343403.3254,1,329180.5646,1,350384.287,0,0,DS54,,,,,,,,,,,,,,,,,
4806.650291,1,343403.3254,1,329180.5646,1,350384.287,0,0,DS54,,,,,,,,,,,,,,,,,
4807.650291,1,343403.3254,1,329180.5646,1,350384.287,0,0,DS54,,,,,,,,,,,,,,,,,
4808.650291,1,343403.3254,1,329180.5646,1,350384.287,0,0,DS54,,,,,,,,,,,,,,,,,
4809.650291,1,343403.3254,1,329180.5646,1,350384.287,0,0,DS54,,,,,,,,,,,,,,,,,
4810.650291,1,343403.3254,1,329180.5646,1,350384.287,0,0,DS54,,,,,,,,,,,,,,,,,
4811.650291,1,343403.3254,1,329180.5646,1,350384.287,0,0,DS54,,,,,,,,,,,,,,,,,
4812.650291,1,343403.3254,1,329180.5646,1,350384.287,0,0,DS54,,,,,,,,,,,,,,,,,
4813.650291,1,343403.3254,1,329180.5646,1,350384.287,0,0,DS54,,,,,,,,,,,,,,,,,
4814.650291,1,343403.3254,1,329180.5646,1,350384.287,0,0,DS54,,,,,,,,,,,,,,,,,
4815.650291,1,343403.3254,1,329180.5646,1,350384.287,0,0,DS54,,,,,,,,,,,,,,,,,
4816.650291,1,343403.3254,1,329180.5646,1,350384.287,0,0,DS54,,,,,,,,,,,,,,,,,
4817.650291,1,343403.3254,1,329180.5646,1,350384.287,0,0,DS54,,,,,,,,,,,,,,,,,
4818.650291,1,343403.3254,1,329180.5646,1,350384.287,0,0,DS54,,,,,,,,,,,,,,,,,
4819.650291,1,343403.3254,1,329180.5646,1,350384.287,0,0,DS54,,,,,,,,,,,,,,,,,
4820.650291,1,343403.3254,1,329180.5646,1,350384.287,0,0,DS54,,,,,,,,,,,,,,,,,
4821.650291,1,343403.3254,1,329180.5646,1,350384.287,0,0,DS54,,,,,,,,,,,,,,,,,
4822.650291,1,343403.3254,1,329180.5646,1,350384.287,0,0,DS54,,,,,,,,,,,,,,,,,
4823.650291,1,343403.3254,1,329180.5646,1,350384.287,0,0,DS54,,,,,,,,,,,,,,,,,
4824.650291,1,343403.3254,1,329180.5646,1,350384.287,0,0,DS54,,,,,,,,,,,,,,,,,
4825.650291,1,343403.3254,1,329180.5646,1,350384.287,0,0,DS54,,,,,,,,,,,,,,,,,
4826.650291,1,343403.3254,1,329180.5646,1,350384.287,0,0,DS54,,,,,,,,,,,,,,,,,
4827.650291,1,343403.3254,1,329180.5646,1,350384.287,0,0,DS54,,,,,,,,,,,,,,,,,
4828.650291,1,343403.3254,1,329180.5646,1,350384.287,0,0,DS54,,,,,,,,,,,,,,,,,
4829.650291,1,343403.3254,1,329180.5646,1,350384.287,0,0,DS54,,,,,,,,,,,,,,,,,
4830.650291,1,343403.3254,1,329180.5646,1,350384.287,0,0,DS54,,,,,,,,,,,,,,,,,
4831.650291,1,343403.3254,1,329180.5646,1,350384.287,0,0,DS54,,,,,,,,,,,,,,,,,
4832.650291,1,343403.3254,1,329180.5646,1,350384.287,0,0,DS54,,,,,,,,,,,,,,,,,
4833.650291,1,343403.3254,1,329180.5646,1,350384.287,0,0,DS54,,,,,,,,,,,,,,,,,
4834.650291,1,343403.3254,1,329180.5646,1,350384.287,0,0,DS54,,,,,,,,,,,,,,,,,
4835.650291,1,343403.3254,1,329180.5646,1,350384.287,0,0,DS54,,,,,,,,,,,,,,,,,
4836.650291,1,343403.3254,1,329180.5646,1,350384.287,0,0,DS54,,,,,,,,,,,,,,,,,
4837.650291,1,343403.3254,1,329180.5646,1,350384.287,0,0,DS54,,,,,,,,,,,,,,,,,
4838.650291,1,343403.3254,1,329180.5646,1,350384.287,0,0,DS54,,,,,,,,,,,,,,,,,
4839.650291,1,343403.3254,1,329180.5646,1,350384.287,0,0,DS54,,,,,,,,,,,,,,,,,
4840.650291,1,343403.3254,1,329180.5646,1,350384.287,0,0,DS54,,,,,,,,,,,,,,,,,
4841.650291,1,343403.3254,1,329180.5646,1,350384.287,0,0,DS54,,,,,,,,,,,,,,,,,
4842.650291,1,343403.3254,1,329180.5646,1,350384.287,0,0,DS54,,,,,,,,,,,,,,,,,
4843.650291,1,343403.3254,1,329180.5646,1,350384.287,0,0,DS54,,,,,,,,,,,,,,,,,
4844.650291,1,343403.3254,1,329180.5646,1,350384.287,0,0,DS54,,,,,,,,,,,,,,,,,
4845.650291,1,343403.3254,1,329180.5646,1,350384.287,0,0,DS54,,,,,,,,,,,,,,,,,
4846.650291,1,343403.3254,1,329180.5646,1,350384.287,0,0,DS54,,,,,,,,,,,,,,,,,
4847.650291,1,343403.3254,1,329180.5646,1,350384.287,0,0,DS54,,,,,,,,,,,,,,,,,
4848.650291,1,343403.3254,1,329180.5646,1,350384.287,0,0,DS54,,,,,,,,,,,,,,,,,
4849.650291,1,343403.3254,1,329180.5646,1,350384.287,0,0,DS54,,,,,,,,,,,,,,,,,
4850.650291,1,343403.3254,1,329180.5646,1,350384.287,0,0,DS54,,,,,,,,,,,,,,,,,
4851.650291,1,343403.3254,1,329180.5646,1,350384.287,0,0,DS54,,,,,,,,,,,,,,,,,
4852.650291,1,343403.3254,1,329180.5646,1,350384.287,0,0,DS54,,,,,,,,,,,,,,,,,
4853.650291,1,343403.3254,1,329180.5646,1,350384.287,0,0,DS54,,,,,,,,,,,,,,,,,
4854.650291,1,343403.3254,1,329180.5646,1,350384.287,0,0,DS54,,,,,,,,,,,,,,,,,
4855.650291,1,343403.3254,1,329180.5646,1,350384.287,0,0,DS54,,,,,,,,,,,,,,,,,
4856.650291,1,343403.3254,1,329180.5646,1,350384.287,0,0,DS54,,,,,,,,,,,,,,,,,
4857.650291,1,343403.3254,1,329180.5646,1,350384.287,0,0,DS54,,,,,,,,,,,,,,,,,
4858.650291,1,343403.3254,1,329180.5646,1,350384.287,0,0,DS54,,,,,,,,,,,,,,,,,
4859.650291,1,343403.3254,1,329180.5646,1,350384.287,0,0,DS54,,,,,,,,,,,,,,,,,
4860.650291,1,343403.3254,1,329180.5646,1,350384.287,0,0,DS54,,,,,,,,,,,,,,,,,
4861.650291,1,343403.3254,1,329180.5646,1,350384.287,0,0,DS54,,,,,,,,,,,,,,,,,
4862.650291,1,343403.3254,1,329180.5646,1,350384.287,0,0,DS54,,,,,,,,,,,,,,,,,
4863.650291,1,343403.3254,1,329180.5646,1,350384.287,0,0,DS54,,,,,,,,,,,,,,,,,
4864.650291,1,343403.3254,1,329180.5646,1,350384.287,0,0,DS54,,,,,,,,,,,,,,,,,
4865.650291,1,343403.3254,1,329180.5646,1,350384.287,0,0,DS54,,,,,,,,,,,,,,,,,
4866.650291,1,343403.3254,1,329180.5646,1,350384.287,0,0,DS54,,,,,,,,,,,,,,,,,
4867.650291,1,343403.3254,1,329180.5646,1,350384.287,0,0,DS54,,,,,,,,,,,,,,,,,
4868.650291,1,343403.3254,1,329180.5646,1,350384.287,0,0,DS54,,,,,,,,,,,,,,,,,
4869.650291,1,343403.3254,1,329180.5646,1,350384.287,0,0,DS54,,,,,,,,,,,,,,,,,
4870.650291,1,343403.3254,1,329180.5646,1,350384.287,0,0,DS54,,,,,,,,,,,,,,,,,
4871.650291,1,343403.3254,1,329180.5646,1,350384.287,0,0,DS54,,,,,,,,,,,,,,,,,
4872.650291,1,343403.3254,1,329180.5646,1,350384.287,0,0,DS54,,,,,,,,,,,,,,,,,
4873.650291,1,343403.3254,1,329180.5646,1,350384.287,0,0,DS54,,,,,,,,,,,,,,,,,
4874.650291,1,343403.3254,1,329180.5646,1,350384.287,0,0,DS54,,,,,,,,,,,,,,,,,
4875.650291,1,343403.3254,1,329180.5646,1,350384.287,0,0,DS54,,,,,,,,,,,,,,,,,
4876.650291,1,343403.3254,1,329180.5646,1,350384.287,0,0,DS54,,,,,,,,,,,,,,,,,
4877.650291,1,343403.3254,0,0,1,350384.287,0,0,DS24,,,,,,,,,,,,,,,,,
4878.650291,1,343403.3254,0,0,1,350384.287,0,0,DS24,,,,,,,,,,,,,,,,,
4879.650291,1,343403.3254,0,0,1,350384.287,0,0,DS24,,,,,,,,,,,,,,,,,
4880.650291,1,343403.3254,0,0,1,350384.287,0,0,DS24,,,,,,,,,,,,,,,,,
4881.650291,1,343403.3254,0,0,1,350384.287,0,0,DS24,,,,,,,,,,,,,,,,,
4882.650291,1,343403.3254,0,0,1,350384.287,0,0,DS24,,,,,,,,,,,,,,,,,
4883.650291,1,343403.3254,0,0,1,350384.287,0,0,DS24,,,,,,,,,,,,,,,,,
4884.650291,1,343403.3254,0,0,1,350384.287,0,0,DS24,,,,,,,,,,,,,,,,,
4885.650291,1,343403.3254,0,0,1,350384.287,0,0,DS24,,,,,,,,,,,,,,,,,
4886.650291,1,343403.3254,0,0,1,350384.287,0,0,DS24,,,,,,,,,,,,,,,,,
4887.650291,1,343403.3254,0,0,1,350384.287,0,0,DS24,,,,,,,,,,,,,,,,,
4888.650291,1,343403.3254,0,0,1,350384.287,0,0,DS24,,,,,,,,,,,,,,,,,
4889.650291,1,343403.3254,0,0,1,350384.287,0,0,DS24,,,,,,,,,,,,,,,,,
4890.650291,1,343403.3254,0,0,1,350384.287,0,0,DS24,,,,,,,,,,,,,,,,,
4891.650291,1,343403.3254,0,0,1,350384.287,0,0,DS24,,,,,,,,,,,,,,,,,
4892.650291,1,343403.3254,0,0,1,350384.287,0,0,DS24,,,,,,,,,,,,,,,,,
4893.650291,1,343403.3254,0,0,1,350384.287,0,0,DS24,,,,,,,,,,,,,,,,,
4894.650291,1,343403.3254,0,0,1,350384.287,0,0,DS24,,,,,,,,,,,,,,,,,
4895.650291,1,343403.3254,0,0,1,350384.287,0,0,DS24,,,,,,,,,,,,,,,,,
4896.650291,1,343403.3254,0,0,1,350384.287,0,0,DS24,,,,,,,,,,,,,,,,,
4897.650291,1,343403.3254,0,0,1,350384.287,0,0,DS24,,,,,,,,,,,,,,,,,
4898.650291,1,343403.3254,0,0,1,350384.287,0,0,DS24,,,,,,,,,,,,,,,,,
4899.650291,1,343403.3254,0,0,1,350384.287,0,0,DS24,,,,,,,,,,,,,,,,,
4900.650291,1,343403.3254,0,0,1,350384.287,0,0,DS24,,,,,,,,,,,,,,,,,
4901.650291,1,343403.3254,0,0,1,350384.287,0,0,DS24,,,,,,,,,,,,,,,,,
4902.650291,1,343403.3254,0,0,1,350384.287,0,0,DS24,,,,,,,,,,,,,,,,,
4903.650291,1,343403.3254,0,0,1,350384.287,0,0,DS24,,,,,,,,,,,,,,,,,
4904.650291,1,343403.3254,0,0,1,350384.287,0,0,DS24,,,,,,,,,,,,,,,,,
4905.650291,1,343403.3254,0,0,1,350384.287,0,0,DS24,,,,,,,,,,,,,,,,,
4906.650291,1,343403.3254,0,0,1,350384.287,0,0,DS24,,,,,,,,,,,,,,,,,
4907.650291,1,343403.3254,0,0,1,350384.287,0,0,DS24,,,,,,,,,,,,,,,,,
4908.650291,1,343403.3254,0,0,1,350384.287,0,0,DS24,,,,,,,,,,,,,,,,,
4909.650291,1,343403.3254,0,0,1,350384.287,0,0,DS24,,,,,,,,,,,,,,,,,
4910.650291,1,343403.3254,0,0,1,350384.287,0,0,DS24,,,,,,,,,,,,,,,,,
4911.650291,1,343403.3254,0,0,1,350384.287,0,0,DS24,,,,,,,,,,,,,,,,,
4912.650291,1,343403.3254,0,0,1,350384.287,0,0,DS24,,,,,,,,,,,,,,,,,
4913.650291,1,343403.3254,0,0,1,350384.287,0,0,DS24,,,,,,,,,,,,,,,,,
4914.650291,1,343403.3254,0,0,1,350384.287,0,0,DS24,,,,,,,,,,,,,,,,,
4915.650291,1,343403.3254,0,0,1,350384.287,0,0,DS24,,,,,,,,,,,,,,,,,
4916.650291,1,343403.3254,0,0,1,350384.287,0,0,DS24,,,,,,,,,,,,,,,,,
4917.650291,1,343403.3254,0,0,1,350384.287,0,0,DS24,,,,,,,,,,,,,,,,,
4918.650291,1,343403.3254,0,0,1,350384.287,0,0,DS24,,,,,,,,,,,,,,,,,
4919.650291,1,343403.3254,0,0,1,350384.287,0,0,DS24,,,,,,,,,,,,,,,,,
4920.650291,1,343403.3254,0,0,1,350384.287,0,0,DS24,,,,,,,,,,,,,,,,,
4921.650291,1,343403.3254,0,0,1,350384.287,0,0,DS24,,,,,,,,,,,,,,,,,
4922.650291,1,343403.3254,0,0,1,350384.287,0,0,DS24,,,,,,,,,,,,,,,,,
4923.650291,1,343403.3254,0,0,1,350384.287,0,0,DS24,,,,,,,,,,,,,,,,,
4924.650291,1,343403.3254,0,0,1,350384.287,0,0,DS24,,,,,,,,,,,,,,,,,
4925.650291,1,343403.3254,0,0,1,350384.287,0,0,DS24,,,,,,,,,,,,,,,,,
4926.650291,1,343403.3254,0,0,1,350384.287,0,0,DS24,,,,,,,,,,,,,,,,,
4927.650291,1,343403.3254,0,0,1,350384.287,0,0,DS24,,,,,,,,,,,,,,,,,
4928.650291,1,343403.3254,0,0,1,350384.287,0,0,DS24,,,,,,,,,,,,,,,,,
4929.650291,1,343403.3254,0,0,1,350384.287,0,0,DS24,,,,,,,,,,,,,,,,,
4930.650291,1,343403.3254,0,0,1,350384.287,0,0,DS24,,,,,,,,,,,,,,,,,
4931.650291,1,343403.3254,0,0,1,350384.287,0,0,DS24,,,,,,,,,,,,,,,,,
4932.650291,1,343403.3254,0,0,1,350384.287,0,0,DS24,,,,,,,,,,,,,,,,,
4933.650291,1,343403.3254,0,0,1,350384.287,0,0,DS24,,,,,,,,,,,,,,,,,
4934.650291,1,343403.3254,0,0,1,350384.287,0,0,DS24,,,,,,,,,,,,,,,,,
4935.650291,1,343403.3254,0,0,1,350384.287,0,0,DS24,,,,,,,,,,,,,,,,,
4936.650291,1,343403.3254,0,0,1,350384.287,0,0,DS24,,,,,,,,,,,,,,,,,
4937.650291,1,343403.3254,0,0,1,350384.287,0,0,DS24,,,,,,,,,,,,,,,,,
4938.650291,1,343403.3254,0,0,1,350384.287,0,0,DS24,,,,,,,,,,,,,,,,,
4939.650291,1,343403.3254,0,0,1,350384.287,0,0,DS24,,,,,,,,,,,,,,,,,
4940.650291,1,343403.3254,0,0,1,350384.287,0,0,DS24,,,,,,,,,,,,,,,,,
4941.650291,1,343403.3254,0,0,1,350384.287,0,0,DS24,,,,,,,,,,,,,,,,,
4942.650291,1,343403.3254,0,0,1,350384.287,0,0,DS24,,,,,,,,,,,,,,,,,
4943.650291,1,343403.3254,0,0,1,350384.287,0,0,DS24,,,,,,,,,,,,,,,,,
4944.650291,1,343403.3254,0,0,1,350384.287,0,0,DS24,,,,,,,,,,,,,,,,,
4945.650291,1,343403.3254,0,0,1,350384.287,0,0,DS24,,,,,,,,,,,,,,,,,
4946.650291,1,343403.3254,0,0,1,350384.287,0,0,DS24,,,,,,,,,,,,,,,,,
4947.650291,1,343403.3254,0,0,1,350384.287,0,0,DS24,,,,,,,,,,,,,,,,,
4948.650291,1,343403.3254,0,0,1,350384.287,0,0,DS24,,,,,,,,,,,,,,,,,
4949.650291,1,343403.3254,0,0,1,350384.287,0,0,DS24,,,,,,,,,,,,,,,,,
4950.650291,1,343403.3254,0,0,1,350384.287,0,0,DS24,,,,,,,,,,,,,,,,,
4951.650291,1,343403.3254,0,0,1,350384.287,0,0,DS24,,,,,,,,,,,,,,,,,
4952.650291,1,343403.3254,0,0,1,350384.287,0,0,DS24,,,,,,,,,,,,,,,,,
4953.650291,1,343403.3254,0,0,1,350384.287,0,0,DS24,,,,,,,,,,,,,,,,,
4954.650291,1,343403.3254,0,0,1,350384.287,0,0,DS24,,,,,,,,,,,,,,,,,
4955.650291,1,343403.3254,0,0,1,350384.287,0,0,DS24,,,,,,,,,,,,,,,,,
4956.650291,1,343403.3254,0,0,1,350384.287,0,0,DS24,,,,,,,,,,,,,,,,,
4957.650291,1,343403.3254,0,0,1,350384.287,0,0,DS24,,,,,,,,,,,,,,,,,
4958.650291,1,343403.3254,0,0,1,350384.287,0,0,DS24,,,,,,,,,,,,,,,,,
4959.650291,1,343403.3254,0,0,1,350384.287,0,0,DS24,,,,,,,,,,,,,,,,,
4960.650291,1,343403.3254,0,0,1,350384.287,0,0,DS24,,,,,,,,,,,,,,,,,
4961.650291,1,343403.3254,0,0,1,350384.287,0,0,DS24,,,,,,,,,,,,,,,,,
4962.650291,1,343403.3254,0,0,1,350384.287,0,0,DS24,,,,,,,,,,,,,,,,,
4963.650291,1,343403.3254,0,0,1,350384.287,0,0,DS24,,,,,,,,,,,,,,,,,
4964.650291,1,343403.3254,0,0,1,350384.287,0,0,DS24,,,,,,,,,,,,,,,,,
4965.650291,1,343403.3254,0,0,1,350384.287,0,0,DS24,,,,,,,,,,,,,,,,,
4966.650291,1,343403.3254,0,0,1,350384.287,0,0,DS24,,,,,,,,,,,,,,,,,
4967.650291,1,343403.3254,0,0,1,350384.287,0,0,DS24,,,,,,,,,,,,,,,,,
4968.650291,1,343403.3254,0,0,1,350384.287,0,0,DS24,,,,,,,,,,,,,,,,,
4969.650291,1,343403.3254,0,0,1,350384.287,0,0,DS24,,,,,,,,,,,,,,,,,
4970.650291,1,343403.3254,0,0,1,350384.287,0,0,DS24,,,,,,,,,,,,,,,,,
4971.650291,1,343403.3254,0,0,1,350384.287,0,0,DS24,,,,,,,,,,,,,,,,,
4972.650291,1,343403.3254,0,0,1,350384.287,0,0,DS24,,,,,,,,,,,,,,,,,
4973.650291,1,343403.3254,0,0,1,350384.287,0,0,DS24,,,,,,,,,,,,,,,,,
4974.650291,1,343403.3254,0,0,1,350384.287,0,0,DS24,,,,,,,,,,,,,,,,,
4975.650291,1,343403.3254,0,0,1,350384.287,0,0,DS24,,,,,,,,,,,,,,,,,
4976.650291,1,343403.3254,0,0,1,350384.287,0,0,DS24,,,,,,,,,,,,,,,,,
4977.650291,1,343403.3254,0,0,1,350384.287,0,0,DS24,,,,,,,,,,,,,,,,,
4978.650291,1,343403.3254,0,0,1,350384.287,0,0,DS24,,,,,,,,,,,,,,,,,
4979.650291,1,343403.3254,0,0,1,350384.287,0,0,DS24,,,,,,,,,,,,,,,,,
4980.650291,1,343403.3254,0,0,1,350384.287,0,0,DS24,,,,,,,,,,,,,,,,,
4981.650291,1,343403.3254,0,0,1,350384.287,0,0,DS24,,,,,,,,,,,,,,,,,
4982.650291,1,343403.3254,0,0,1,350384.287,0,0,DS24,,,,,,,,,,,,,,,,,
4983.650291,1,343403.3254,0,0,1,350384.287,0,0,DS24,,,,,,,,,,,,,,,,,
4984.650291,1,343403.3254,0,0,1,350384.287,0,0,DS24,,,,,,,,,,,,,,,,,
4985.650291,1,343403.3254,0,0,1,350384.287,0,0,DS24,,,,,,,,,,,,,,,,,
4986.650291,1,343403.3254,0,0,1,350384.287,0,0,DS24,,,,,,,,,,,,,,,,,
4987.650291,1,343403.3254,0,0,1,350384.287,0,0,DS24,,,,,,,,,,,,,,,,,
4988.650291,1,343403.3254,0,0,1,350384.287,0,0,DS24,,,,,,,,,,,,,,,,,
4989.650291,1,343403.3254,0,0,1,350384.287,0,0,DS24,,,,,,,,,,,,,,,,,
4990.650291,1,343403.3254,0,0,1,350384.287,0,0,DS24,,,,,,,,,,,,,,,,,
4991.650291,1,343403.3254,0,0,1,350384.287,0,0,DS24,,,,,,,,,,,,,,,,,
4992.650291,1,343403.3254,0,0,1,350384.287,0,0,DS24,,,,,,,,,,,,,,,,,
4993.650291,1,343403.3254,0,0,1,350384.287,0,0,DS24,,,,,,,,,,,,,,,,,
4994.650291,1,343403.3254,0,0,1,350384.287,0,0,DS24,,,,,,,,,,,,,,,,,
4995.650291,1,343403.3254,0,0,1,350384.287,0,0,DS24,,,,,,,,,,,,,,,,,
4996.650291,1,343403.3254,0,0,1,350384.287,0,0,DS24,,,,,,,,,,,,,,,,,
4997.650291,1,343403.3254,0,0,1,350384.287,0,0,DS24,,,,,,,,,,,,,,,,,
4998.650291,1,343403.3254,0,0,1,350384.287,0,0,DS24,,,,,,,,,,,,,,,,,
4999.650291,1,343403.3254,0,0,1,350384.287,0,0,DS24,,,,,,,,,,,,,,,,,
5000.650291,1,343403.3254,0,0,1,350384.287,0,0,DS24,,,,,,,,,,,,,,,,,
5001.650291,1,343403.3254,0,0,1,350384.287,0,0,DS24,,,,,,,,,,,,,,,,,
5002.650291,1,343403.3254,0,0,1,350384.287,0,0,DS24,,,,,,,,,,,,,,,,,
5003.650291,1,343403.3254,0,0,1,350384.287,0,0,DS24,,,,,,,,,,,,,,,,,
5004.650291,1,343403.3254,0,0,1,350384.287,0,0,DS24,,,,,,,,,,,,,,,,,
5005.650291,1,343403.3254,0,0,1,350384.287,0,0,DS24,,,,,,,,,,,,,,,,,
5006.650291,1,343403.3254,0,0,1,350384.287,0,0,DS24,,,,,,,,,,,,,,,,,
5007.650291,1,343403.3254,0,0,1,350384.287,0,0,DS24,,,,,,,,,,,,,,,,,
5008.650291,1,343403.3254,0,0,1,350384.287,0,0,DS24,,,,,,,,,,,,,,,,,
5009.650291,1,343403.3254,0,0,1,350384.287,0,0,DS24,,,,,,,,,,,,,,,,,
5010.650291,1,343403.3254,0,0,1,350384.287,0,0,DS24,,,,,,,,,,,,,,,,,
5011.650291,1,343403.3254,0,0,1,350384.287,0,0,DS24,,,,,,,,,,,,,,,,,
5012.650291,1,343403.3254,0,0,1,350384.287,0,0,DS24,,,,,,,,,,,,,,,,,
5013.650291,1,343403.3254,0,0,1,350384.287,0,0,DS24,,,,,,,,,,,,,,,,,
5014.650291,1,343403.3254,0,0,1,350384.287,0,0,DS24,,,,,,,,,,,,,,,,,
5015.650291,1,343403.3254,0,0,1,350384.287,0,0,DS24,,,,,,,,,,,,,,,,,
5016.650291,1,343403.3254,0,0,1,350384.287,0,0,DS24,,,,,,,,,,,,,,,,,
5017.650291,1,343403.3254,0,0,1,350384.287,0,0,DS24,,,,,,,,,,,,,,,,,
5018.650291,1,343403.3254,0,0,1,350384.287,0,0,DS24,,,,,,,,,,,,,,,,,
5019.650291,1,343403.3254,0,0,1,350384.287,0,0,DS24,,,,,,,,,,,,,,,,,
5020.650291,1,343403.3254,0,0,1,350384.287,0,0,DS24,,,,,,,,,,,,,,,,,
5021.650291,1,343403.3254,0,0,1,350384.287,0,0,DS24,,,,,,,,,,,,,,,,,
5022.650291,1,343403.3254,0,0,1,350384.287,0,0,DS24,,,,,,,,,,,,,,,,,
5023.650291,1,343403.3254,0,0,1,350384.287,0,0,DS24,,,,,,,,,,,,,,,,,
5024.650291,1,343403.3254,0,0,1,350384.287,0,0,DS24,,,,,,,,,,,,,,,,,
5025.650291,1,343403.3254,0,0,1,350384.287,0,0,DS24,,,,,,,,,,,,,,,,,
5026.650291,1,343403.3254,0,0,1,350384.287,0,0,DS24,,,,,,,,,,,,,,,,,
5027.650291,1,343403.3254,0,0,1,350384.287,0,0,DS24,,,,,,,,,,,,,,,,,
5028.650291,1,343403.3254,0,0,1,350384.287,0,0,DS24,,,,,,,,,,,,,,,,,
5029.650291,1,343403.3254,0,0,1,350384.287,0,0,DS24,,,,,,,,,,,,,,,,,
5030.650291,1,343403.3254,0,0,1,350384.287,0,0,DS24,,,,,,,,,,,,,,,,,
5031.650291,1,343403.3254,0,0,1,350384.287,0,0,DS24,,,,,,,,,,,,,,,,,
5032.650291,1,343403.3254,0,0,1,350384.287,0,0,DS24,,,,,,,,,,,,,,,,,
5033.650291,1,343403.3254,0,0,1,350384.287,0,0,DS24,,,,,,,,,,,,,,,,,
5034.650291,1,343403.3254,0,0,1,350384.287,0,0,DS24,,,,,,,,,,,,,,,,,
5035.650291,1,343403.3254,0,0,1,350384.287,0,0,DS24,,,,,,,,,,,,,,,,,
5036.650291,1,343403.3254,0,0,1,350384.287,0,0,DS24,,,,,,,,,,,,,,,,,
5037.650291,1,343403.3254,0,0,1,350384.287,0,0,DS24,,,,,,,,,,,,,,,,,
5038.650291,1,343403.3254,0,0,1,350384.287,0,0,DS24,,,,,,,,,,,,,,,,,
5039.650291,1,343403.3254,0,0,1,350384.287,0,0,DS24,,,,,,,,,,,,,,,,,
5040.650291,1,343403.3254,0,0,1,350384.287,0,0,DS24,,,,,,,,,,,,,,,,,
5041.650291,1,343403.3254,0,0,1,350384.287,0,0,DS24,,,,,,,,,,,,,,,,,
5042.650291,1,343403.3254,0,0,1,350384.287,0,0,DS24,,,,,,,,,,,,,,,,,
5043.650291,1,343403.3254,0,0,1,350384.287,0,0,DS24,,,,,,,,,,,,,,,,,
5044.650291,1,343403.3254,0,0,1,350384.287,0,0,DS24,,,,,,,,,,,,,,,,,
5045.650291,1,343403.3254,0,0,1,350384.287,0,0,DS24,,,,,,,,,,,,,,,,,
5046.650291,1,343403.3254,0,0,1,350384.287,0,0,DS24,,,,,,,,,,,,,,,,,
5047.650291,1,343403.3254,0,0,1,350384.287,0,0,DS24,,,,,,,,,,,,,,,,,
5048.650291,1,343403.3254,0,0,1,350384.287,0,0,DS24,,,,,,,,,,,,,,,,,
5049.650291,1,343403.3254,0,0,1,350384.287,0,0,DS24,,,,,,,,,,,,,,,,,
5050.650291,1,343403.3254,0,0,1,350384.287,0,0,DS24,,,,,,,,,,,,,,,,,
5051.650291,1,343403.3254,0,0,1,350384.287,0,0,DS24,,,,,,,,,,,,,,,,,
5052.650291,1,343403.3254,0,0,1,350384.287,0,0,DS24,,,,,,,,,,,,,,,,,
5053.650291,1,343403.3254,0,0,1,350384.287,0,0,DS24,,,,,,,,,,,,,,,,,
5054.650291,1,343403.3254,0,0,1,350384.287,0,0,DS24,,,,,,,,,,,,,,,,,
5055.650291,1,343403.3254,0,0,1,350384.287,0,0,DS24,,,,,,,,,,,,,,,,,
5056.650291,1,343403.3254,0,0,1,350384.287,0,0,DS24,,,,,,,,,,,,,,,,,
5057.650291,1,343403.3254,0,0,1,350384.287,0,0,DS24,,,,,,,,,,,,,,,,,
5058.650291,1,343403.3254,0,0,1,350384.287,0,0,DS24,,,,,,,,,,,,,,,,,
5059.650291,1,343403.3254,0,0,1,350384.287,0,0,DS24,,,,,,,,,,,,,,,,,
5060.650291,1,343403.3254,0,0,1,350384.287,0,0,DS24,,,,,,,,,,,,,,,,,
5061.650291,1,343403.3254,0,0,1,350384.287,0,0,DS24,,,,,,,,,,,,,,,,,
5062.650291,1,343403.3254,0,0,1,350384.287,0,0,DS24,,,,,,,,,,,,,,,,,
5063.650291,1,343403.3254,0,0,1,350384.287,0,0,DS24,,,,,,,,,,,,,,,,,
5064.650291,1,343403.3254,0,0,1,350384.287,0,0,DS24,,,,,,,,,,,,,,,,,
5065.650291,1,343403.3254,0,0,1,350384.287,0,0,DS24,,,,,,,,,,,,,,,,,
5066.650291,1,343403.3254,0,0,1,350384.287,0,0,DS24,,,,,,,,,,,,,,,,,
5067.650291,1,343403.3254,0,0,1,350384.287,0,0,DS24,,,,,,,,,,,,,,,,,
5068.650291,1,343403.3254,0,0,1,350384.287,0,0,DS24,,,,,,,,,,,,,,,,,
5069.650291,1,343403.3254,0,0,1,350384.287,0,0,DS24,,,,,,,,,,,,,,,,,
5070.650291,1,343403.3254,0,0,1,350384.287,0,0,DS24,,,,,,,,,,,,,,,,,
5071.650291,1,343403.3254,0,0,1,350384.287,0,0,DS24,,,,,,,,,,,,,,,,,
5072.650291,1,343403.3254,0,0,1,350384.287,0,0,DS24,,,,,,,,,,,,,,,,,
5073.650291,1,343403.3254,0,0,1,350384.287,0,0,DS24,,,,,,,,,,,,,,,,,
5074.650291,1,343403.3254,0,0,1,350384.287,0,0,DS24,,,,,,,,,,,,,,,,,
5075.650291,1,343403.3254,0,0,1,350384.287,0,0,DS24,,,,,,,,,,,,,,,,,
5076.650291,1,343403.3254,0,0,1,350384.287,0,0,DS24,,,,,,,,,,,,,,,,,
5077.650291,1,343403.3254,0,0,1,350384.287,0,0,DS24,,,,,,,,,,,,,,,,,
5078.650291,1,343403.3254,0,0,1,350384.287,0,0,DS24,,,,,,,,,,,,,,,,,
5079.650291,1,343403.3254,0,0,1,350384.287,0,0,DS24,,,,,,,,,,,,,,,,,
5080.650291,1,343403.3254,0,0,1,350384.287,0,0,DS24,,,,,,,,,,,,,,,,,
5081.650291,1,343403.3254,0,0,1,350384.287,0,0,DS24,,,,,,,,,,,,,,,,,
5082.650291,1,343403.3254,0,0,1,350384.287,1,367604.9549,DS24,,,,,,,,,,,,,,,,,
5083.650291,1,343403.3254,0,0,1,350384.287,1,367604.9549,DS24,,,,,,,,,,,,,,,,,
5084.650291,1,343403.3254,0,0,1,350384.287,1,367604.9549,DS24,,,,,,,,,,,,,,,,,
5085.650291,1,343403.3254,0,0,1,350384.287,1,367604.9549,DS24,,,,,,,,,,,,,,,,,
5086.650291,1,343403.3254,0,0,1,350384.287,1,367604.9549,DS24,,,,,,,,,,,,,,,,,
5087.650291,1,343403.3254,0,0,1,350384.287,1,367604.9549,DS24,,,,,,,,,,,,,,,,,
5088.650291,1,343403.3254,0,0,1,350384.287,1,367604.9549,DS24,,,,,,,,,,,,,,,,,
5089.650291,1,343403.3254,0,0,1,350384.287,1,367604.9549,DS24,,,,,,,,,,,,,,,,,
5090.650291,1,343403.3254,0,0,1,350384.287,1,367604.9549,DS24,,,,,,,,,,,,,,,,,
5091.650291,1,343403.3254,0,0,1,350384.287,1,367604.9549,DS24,,,,,,,,,,,,,,,,,
5092.650291,1,343403.3254,0,0,1,350384.287,1,367604.9549,DS24,,,,,,,,,,,,,,,,,
5093.650291,1,343403.3254,0,0,1,350384.287,1,367604.9549,DS24,,,,,,,,,,,,,,,,,
5094.650291,1,343403.3254,0,0,1,350384.287,1,367604.9549,DS24,,,,,,,,,,,,,,,,,
5095.650291,1,343403.3254,0,0,1,350384.287,1,367604.9549,DS24,,,,,,,,,,,,,,,,,
5096.650291,1,343403.3254,0,0,1,350384.287,1,367604.9549,DS24,,,,,,,,,,,,,,,,,
5097.650291,1,343403.3254,0,0,1,350384.287,1,367604.9549,DS24,,,,,,,,,,,,,,,,,
5098.650291,1,343403.3254,0,0,1,350384.287,1,367604.9549,DS24,,,,,,,,,,,,,,,,,
5099.650291,1,343403.3254,0,0,1,350384.287,1,367604.9549,DS24,,,,,,,,,,,,,,,,,
5100.650291,1,343403.3254,0,0,1,350384.287,1,367604.9549,DS24,,,,,,,,,,,,,,,,,
5101.650291,1,343403.3254,0,0,1,350384.287,1,367604.9549,DS24,,,,,,,,,,,,,,,,,
5102.650291,1,343403.3254,0,0,1,350384.287,1,367604.9549,DS24,,,,,,,,,,,,,,,,,
5103.650291,1,343403.3254,0,0,1,350384.287,1,367604.9549,DS24,,,,,,,,,,,,,,,,,
5104.650291,1,343403.3254,0,0,1,350384.287,1,367604.9549,DS24,,,,,,,,,,,,,,,,,
5105.650291,1,343403.3254,0,0,1,350384.287,1,367604.9549,DS24,,,,,,,,,,,,,,,,,
5106.650291,1,343403.3254,0,0,1,350384.287,1,367604.9549,DS24,,,,,,,,,,,,,,,,,
5107.650291,1,343403.3254,0,0,1,350384.287,1,367604.9549,DS24,,,,,,,,,,,,,,,,,
5108.650291,1,343403.3254,0,0,1,350384.287,1,367604.9549,DS24,,,,,,,,,,,,,,,,,
5109.650291,1,343403.3254,0,0,1,350384.287,1,367604.9549,DS24,,,,,,,,,,,,,,,,,
5110.650291,1,343403.3254,0,0,1,350384.287,1,367604.9549,DS24,,,,,,,,,,,,,,,,,
5111.650291,1,343403.3254,0,0,1,350384.287,1,367604.9549,DS24,,,,,,,,,,,,,,,,,
5112.650291,1,343403.3254,0,0,1,350384.287,1,367604.9549,DS24,,,,,,,,,,,,,,,,,
5113.650291,1,343403.3254,0,0,1,350384.287,1,367604.9549,DS24,,,,,,,,,,,,,,,,,
5114.650291,1,343403.3254,0,0,1,350384.287,1,367604.9549,DS24,,,,,,,,,,,,,,,,,
5115.650291,1,343403.3254,0,0,1,350384.287,1,367604.9549,DS24,,,,,,,,,,,,,,,,,
5116.650291,1,343403.3254,0,0,1,350384.287,1,367604.9549,DS24,,,,,,,,,,,,,,,,,
5117.650291,1,343403.3254,0,0,1,350384.287,1,367604.9549,DS24,,,,,,,,,,,,,,,,,
5118.650291,1,343403.3254,0,0,1,350384.287,1,367604.9549,DS24,,,,,,,,,,,,,,,,,
5119.650291,1,343403.3254,0,0,1,350384.287,1,367604.9549,DS24,,,,,,,,,,,,,,,,,
5120.650291,1,343403.3254,0,0,1,350384.287,1,367604.9549,DS24,,,,,,,,,,,,,,,,,
5121.650291,1,343403.3254,0,0,1,350384.287,1,367604.9549,DS24,,,,,,,,,,,,,,,,,
5122.650291,1,343403.3254,0,0,1,350384.287,1,367604.9549,DS24,,,,,,,,,,,,,,,,,
5123.650291,1,343403.3254,0,0,1,350384.287,1,367604.9549,DS24,,,,,,,,,,,,,,,,,
5124.650291,1,343403.3254,0,0,1,350384.287,1,367604.9549,DS24,,,,,,,,,,,,,,,,,
5125.650291,1,343403.3254,0,0,1,350384.287,1,367604.9549,DS24,,,,,,,,,,,,,,,,,
5126.650291,1,343403.3254,0,0,1,350384.287,1,367604.9549,DS24,,,,,,,,,,,,,,,,,
5127.650291,1,343403.3254,0,0,1,350384.287,1,367604.9549,DS24,,,,,,,,,,,,,,,,,
5128.650291,1,343403.3254,0,0,1,350384.287,1,367604.9549,DS24,,,,,,,,,,,,,,,,,
5129.650291,1,343403.3254,0,0,1,350384.287,1,367604.9549,DS24,,,,,,,,,,,,,,,,,
5130.650291,1,343403.3254,0,0,1,350384.287,1,367604.9549,DS24,,,,,,,,,,,,,,,,,
5131.650291,1,343403.3254,0,0,1,350384.287,1,367604.9549,DS24,,,,,,,,,,,,,,,,,
5132.650291,1,343403.3254,0,0,1,350384.287,1,367604.9549,DS24,,,,,,,,,,,,,,,,,
5133.650291,1,343403.3254,0,0,1,350384.287,1,367604.9549,DS24,,,,,,,,,,,,,,,,,
5134.650291,1,343403.3254,0,0,1,350384.287,1,367604.9549,DS24,,,,,,,,,,,,,,,,,
5135.650291,1,343403.3254,0,0,1,350384.287,1,367604.9549,DS24,,,,,,,,,,,,,,,,,
5136.650291,1,343403.3254,0,0,1,350384.287,1,367604.9549,DS24,,,,,,,,,,,,,,,,,
5137.650291,1,343403.3254,0,0,1,350384.287,1,367604.9549,DS24,,,,,,,,,,,,,,,,,
5138.650291,1,343403.3254,0,0,1,350384.287,1,367604.9549,DS24,,,,,,,,,,,,,,,,,
5139.650291,1,343403.3254,0,0,1,350384.287,1,367604.9549,DS24,,,,,,,,,,,,,,,,,
5140.650291,1,343403.3254,0,0,1,350384.287,1,367604.9549,DS24,,,,,,,,,,,,,,,,,
5141.650291,1,343403.3254,0,0,1,350384.287,1,367604.9549,DS24,,,,,,,,,,,,,,,,,
5142.650291,1,343403.3254,0,0,1,350384.287,1,367604.9549,DS24,,,,,,,,,,,,,,,,,
5143.650291,1,343403.3254,0,0,1,350384.287,1,367604.9549,DS24,,,,,,,,,,,,,,,,,
5144.650291,1,343403.3254,0,0,1,350384.287,1,367604.9549,DS24,,,,,,,,,,,,,,,,,
5145.650291,1,343403.3254,0,0,1,350384.287,1,367604.9549,DS24,,,,,,,,,,,,,,,,,
5146.650291,1,343403.3254,0,0,1,350384.287,1,367604.9549,DS24,,,,,,,,,,,,,,,,,
5147.650291,1,343403.3254,0,0,1,350384.287,1,367604.9549,DS24,,,,,,,,,,,,,,,,,
5148.650291,1,343403.3254,0,0,1,350384.287,1,367604.9549,DS24,,,,,,,,,,,,,,,,,
5149.650291,1,343403.3254,0,0,1,350384.287,1,367604.9549,DS24,,,,,,,,,,,,,,,,,
5150.650291,1,343403.3254,0,0,1,350384.287,1,367604.9549,DS24,,,,,,,,,,,,,,,,,
5151.650291,1,343403.3254,0,0,1,350384.287,1,367604.9549,DS24,,,,,,,,,,,,,,,,,
5152.650291,1,343403.3254,0,0,1,350384.287,1,367604.9549,DS24,,,,,,,,,,,,,,,,,
5153.650291,1,343403.3254,0,0,1,350384.287,1,367604.9549,DS24,,,,,,,,,,,,,,,,,
5154.25142,1,343403.3254,0,0,1,350384.287,1,367604.9549,DS24,,,,,,,,,,,,,,,,,
5155.25142,1,343403.3254,0,0,1,350384.287,1,367604.9549,DS24,,,,,,,,,,,,,,,,,
5156.25142,1,343403.3254,0,0,1,350384.287,1,367604.9549,DS24,,,,,,,,,,,,,,,,,
5157.25142,1,343403.3254,0,0,1,350384.287,1,367604.9549,DS24,,,,,,,,,,,,,,,,,
5158.25142,1,343403.3254,0,0,1,350384.287,1,367604.9549,DS24,,,,,,,,,,,,,,,,,
5159.25142,1,343403.3254,0,0,1,350384.287,1,367604.9549,DS24,,,,,,,,,,,,,,,,,
5160.25142,1,343403.3254,0,0,1,350384.287,1,367604.9549,DS24,,,,,,,,,,,,,,,,,
5161.25142,1,343403.3254,0,0,1,350384.287,1,367604.9549,DS24,,,,,,,,,,,,,,,,,
5162.25142,1,343403.3254,0,0,1,350384.287,1,367604.9549,DS24,,,,,,,,,,,,,,,,,
5163.25142,1,343403.3254,0,0,1,350384.287,1,367604.9549,DS24,,,,,,,,,,,,,,,,,
5164.25142,1,343403.3254,0,0,1,350384.287,1,367604.9549,DS24,,,,,,,,,,,,,,,,,
5165.25142,1,343403.3254,0,0,1,350384.287,1,367604.9549,DS24,,,,,,,,,,,,,,,,,
5166.25142,1,343403.3254,0,0,1,350384.287,1,367604.9549,DS24,,,,,,,,,,,,,,,,,
5167.25142,1,343403.3254,0,0,1,350384.287,1,367604.9549,DS24,,,,,,,,,,,,,,,,,
5168.25142,1,343403.3254,0,0,1,350384.287,1,367604.9549,DS24,,,,,,,,,,,,,,,,,
5169.25142,1,343403.3254,0,0,1,350384.287,1,367604.9549,DS24,,,,,,,,,,,,,,,,,
5170.25142,1,343403.3254,0,0,1,350384.287,1,367604.9549,DS24,,,,,,,,,,,,,,,,,
5171.25142,1,343403.3254,0,0,1,350384.287,1,367604.9549,DS24,,,,,,,,,,,,,,,,,
5172.25142,1,343403.3254,0,0,1,350384.287,1,367604.9549,DS24,,,,,,,,,,,,,,,,,
5173.25142,1,343403.3254,0,0,1,350384.287,1,367604.9549,DS24,,,,,,,,,,,,,,,,,
5174.25142,1,343403.3254,0,0,1,350384.287,1,367604.9549,DS24,,,,,,,,,,,,,,,,,
5175.25142,1,343403.3254,0,0,1,350384.287,1,367604.9549,DS24,,,,,,,,,,,,,,,,,
5176.25142,1,343403.3254,0,0,1,350384.287,1,367604.9549,DS24,,,,,,,,,,,,,,,,,
5177.25142,1,343403.3254,0,0,1,350384.287,1,367604.9549,DS24,,,,,,,,,,,,,,,,,
5178.25142,1,343403.3254,0,0,1,350384.287,1,367604.9549,DS24,,,,,,,,,,,,,,,,,
5179.25142,0,0,0,0,1,350384.287,1,367604.9549,DS24,,,,,,,,,,,,,,,,,
5180.25142,0,0,0,0,1,350384.287,1,367604.9549,DS24,,,,,,,,,,,,,,,,,
5181.25142,0,0,0,0,1,350384.287,1,367604.9549,DS24,,,,,,,,,,,,,,,,,
5182.25142,0,0,0,0,1,350384.287,1,367604.9549,DS24,,,,,,,,,,,,,,,,,
5183.25142,0,0,0,0,1,350384.287,1,367604.9549,DS24,,,,,,,,,,,,,,,,,
5184.25142,0,0,0,0,1,350384.287,1,367604.9549,DS24,,,,,,,,,,,,,,,,,
5185.25142,0,0,0,0,1,350384.287,1,367604.9549,DS24,,,,,,,,,,,,,,,,,
5186.25142,0,0,0,0,1,350384.287,1,367604.9549,DS24,,,,,,,,,,,,,,,,,
5187.25142,0,0,0,0,1,350384.287,1,367604.9549,DS24,,,,,,,,,,,,,,,,,
5188.25142,0,0,0,0,1,350384.287,1,367604.9549,DS24,,,,,,,,,,,,,,,,,
5189.25142,0,0,0,0,1,350384.287,1,367604.9549,DS24,,,,,,,,,,,,,,,,,
5190.25142,0,0,0,0,1,350384.287,1,367604.9549,DS24,,,,,,,,,,,,,,,,,
5191.25142,0,0,0,0,1,350384.287,1,367604.9549,DS24,,,,,,,,,,,,,,,,,
5192.25142,0,0,0,0,1,350384.287,1,367604.9549,DS24,,,,,,,,,,,,,,,,,
5193.25142,0,0,0,0,1,350384.287,1,367604.9549,DS24,,,,,,,,,,,,,,,,,
5194.25142,0,0,0,0,1,350384.287,1,367604.9549,DS24,,,,,,,,,,,,,,,,,
5195.25142,0,0,0,0,1,350384.287,1,367604.9549,DS24,,,,,,,,,,,,,,,,,
5196.25142,0,0,0,0,1,350384.287,1,367604.9549,DS24,,,,,,,,,,,,,,,,,
5197.25142,0,0,0,0,1,350384.287,1,367604.9549,DS24,,,,,,,,,,,,,,,,,
5198.25142,0,0,0,0,1,350384.287,1,367604.9549,DS24,,,,,,,,,,,,,,,,,
5199.25142,0,0,0,0,1,350384.287,1,367604.9549,DS24,,,,,,,,,,,,,,,,,
5200.25142,0,0,0,0,1,350384.287,1,367604.9549,DS24,,,,,,,,,,,,,,,,,
5201.25142,0,0,0,0,1,350384.287,1,367604.9549,DS24,,,,,,,,,,,,,,,,,
5202.25142,0,0,0,0,1,350384.287,1,367604.9549,DS24,,,,,,,,,,,,,,,,,
5203.25142,0,0,0,0,1,350384.287,1,367604.9549,DS24,,,,,,,,,,,,,,,,,
5204.25142,0,0,0,0,1,350384.287,1,367604.9549,DS24,,,,,,,,,,,,,,,,,
5205.25142,0,0,0,0,1,350384.287,1,367604.9549,DS24,,,,,,,,,,,,,,,,,
5206.25142,0,0,0,0,1,350384.287,1,367604.9549,DS24,,,,,,,,,,,,,,,,,
5207.25142,0,0,0,0,1,350384.287,1,367604.9549,DS24,,,,,,,,,,,,,,,,,
5208.25142,0,0,0,0,1,350384.287,1,367604.9549,DS24,,,,,,,,,,,,,,,,,
5209.25142,0,0,0,0,1,350384.287,1,367604.9549,DS24,,,,,,,,,,,,,,,,,
5210.25142,0,0,0,0,1,350384.287,1,367604.9549,DS24,,,,,,,,,,,,,,,,,
5211.25142,0,0,0,0,1,350384.287,1,367604.9549,DS24,,,,,,,,,,,,,,,,,
5212.25142,0,0,0,0,1,350384.287,1,367604.9549,DS24,,,,,,,,,,,,,,,,,
5213.25142,0,0,0,0,1,350384.287,1,367604.9549,DS24,,,,,,,,,,,,,,,,,
5214.25142,0,0,0,0,1,350384.287,1,367604.9549,DS24,,,,,,,,,,,,,,,,,
5215.25142,0,0,0,0,1,350384.287,1,367604.9549,DS24,,,,,,,,,,,,,,,,,
5216.25142,0,0,0,0,1,350384.287,1,367604.9549,DS24,,,,,,,,,,,,,,,,,
5217.25142,0,0,0,0,1,350384.287,1,367604.9549,DS24,,,,,,,,,,,,,,,,,
5218.25142,0,0,0,0,1,350384.287,1,367604.9549,DS24,,,,,,,,,,,,,,,,,
5219.25142,0,0,0,0,1,350384.287,1,367604.9549,DS24,,,,,,,,,,,,,,,,,
5220.25142,0,0,0,0,1,350384.287,1,367604.9549,DS24,,,,,,,,,,,,,,,,,
5221.25142,0,0,0,0,1,350384.287,1,367604.9549,DS24,,,,,,,,,,,,,,,,,
5222.25142,0,0,0,0,1,350384.287,1,367604.9549,DS24,,,,,,,,,,,,,,,,,
5223.25142,0,0,0,0,1,350384.287,1,367604.9549,DS24,,,,,,,,,,,,,,,,,
5224.25142,0,0,0,0,1,350384.287,1,367604.9549,DS24,,,,,,,,,,,,,,,,,
5225.25142,0,0,0,0,1,350384.287,1,367604.9549,DS24,,,,,,,,,,,,,,,,,
5226.25142,0,0,0,0,1,350384.287,1,367604.9549,DS24,,,,,,,,,,,,,,,,,
5227.25142,0,0,0,0,1,350384.287,1,367604.9549,DS24,,,,,,,,,,,,,,,,,
5228.25142,0,0,0,0,1,350384.287,1,367604.9549,DS24,,,,,,,,,,,,,,,,,
5229.25142,0,0,0,0,1,350384.287,1,367604.9549,DS24,,,,,,,,,,,,,,,,,
5230.25142,0,0,0,0,1,350384.287,1,367604.9549,DS24,,,,,,,,,,,,,,,,,
5231.25142,0,0,0,0,1,350384.287,1,367604.9549,DS24,,,,,,,,,,,,,,,,,
5232.25142,0,0,0,0,1,350384.287,1,367604.9549,DS24,,,,,,,,,,,,,,,,,
5233.25142,0,0,0,0,1,350384.287,1,367604.9549,DS24,,,,,,,,,,,,,,,,,
5234.25142,0,0,0,0,1,350384.287,1,367604.9549,DS24,,,,,,,,,,,,,,,,,
5235.25142,0,0,0,0,1,350384.287,1,367604.9549,DS24,,,,,,,,,,,,,,,,,
5236.25142,0,0,0,0,1,350384.287,1,367604.9549,DS24,,,,,,,,,,,,,,,,,
5237.25142,0,0,0,0,1,350384.287,1,367604.9549,DS24,,,,,,,,,,,,,,,,,
5238.25142,0,0,0,0,1,350384.287,1,367604.9549,DS24,,,,,,,,,,,,,,,,,
5239.25142,0,0,0,0,1,350384.287,1,367604.9549,DS24,,,,,,,,,,,,,,,,,
5240.25142,0,0,0,0,1,350384.287,1,367604.9549,DS24,,,,,,,,,,,,,,,,,
5241.25142,0,0,0,0,1,350384.287,1,367604.9549,DS24,,,,,,,,,,,,,,,,,
5242.25142,0,0,0,0,1,350384.287,1,367604.9549,DS24,,,,,,,,,,,,,,,,,
5243.25142,0,0,0,0,1,350384.287,1,367604.9549,DS24,,,,,,,,,,,,,,,,,
5244.25142,0,0,0,0,1,350384.287,1,367604.9549,DS24,,,,,,,,,,,,,,,,,
5245.25142,0,0,0,0,1,350384.287,1,367604.9549,DS24,,,,,,,,,,,,,,,,,
5246.25142,0,0,0,0,1,350384.287,1,367604.9549,DS24,,,,,,,,,,,,,,,,,
5247.25142,0,0,0,0,1,350384.287,1,367604.9549,DS24,,,,,,,,,,,,,,,,,
5248.25142,0,0,0,0,1,350384.287,1,367604.9549,DS24,,,,,,,,,,,,,,,,,
5249.25142,0,0,0,0,1,350384.287,1,367604.9549,DS24,,,,,,,,,,,,,,,,,
5250.25142,0,0,0,0,1,350384.287,1,367604.9549,DS24,,,,,,,,,,,,,,,,,
5251.25142,0,0,0,0,1,350384.287,1,367604.9549,DS24,,,,,,,,,,,,,,,,,
5252.25142,0,0,0,0,1,350384.287,1,367604.9549,DS24,,,,,,,,,,,,,,,,,
5253.25142,0,0,0,0,1,350384.287,1,367604.9549,DS24,,,,,,,,,,,,,,,,,
5254.25142,0,0,0,0,1,350384.287,1,367604.9549,DS24,,,,,,,,,,,,,,,,,
5255.25142,0,0,0,0,1,350384.287,1,367604.9549,DS24,,,,,,,,,,,,,,,,,
5256.25142,0,0,0,0,1,350384.287,1,367604.9549,DS24,,,,,,,,,,,,,,,,,
5257.25142,0,0,0,0,1,350384.287,1,367604.9549,DS24,,,,,,,,,,,,,,,,,
5258.25142,0,0,0,0,1,350384.287,1,367604.9549,DS24,,,,,,,,,,,,,,,,,
5259.25142,0,0,0,0,1,350384.287,1,367604.9549,DS24,,,,,,,,,,,,,,,,,
5260.25142,0,0,0,0,1,350384.287,1,367604.9549,DS24,,,,,,,,,,,,,,,,,
5261.25142,0,0,0,0,1,350384.287,1,367604.9549,DS24,,,,,,,,,,,,,,,,,
5262.25142,0,0,0,0,1,350384.287,1,367604.9549,DS24,,,,,,,,,,,,,,,,,
5263.25142,0,0,0,0,1,350384.287,1,367604.9549,DS24,,,,,,,,,,,,,,,,,
5264.25142,0,0,0,0,1,350384.287,1,367604.9549,DS24,,,,,,,,,,,,,,,,,
5265.25142,0,0,0,0,1,350384.287,1,367604.9549,DS24,,,,,,,,,,,,,,,,,
5266.25142,0,0,0,0,1,350384.287,1,367604.9549,DS24,,,,,,,,,,,,,,,,,
5267.25142,0,0,0,0,1,350384.287,1,367604.9549,DS24,,,,,,,,,,,,,,,,,
5268.25142,0,0,0,0,1,350384.287,1,367604.9549,DS24,,,,,,,,,,,,,,,,,
5269.25142,0,0,0,0,1,350384.287,1,367604.9549,DS24,,,,,,,,,,,,,,,,,
5270.25142,0,0,0,0,1,350384.287,1,367604.9549,DS24,,,,,,,,,,,,,,,,,
5271.25142,0,0,0,0,1,350384.287,1,367604.9549,DS24,,,,,,,,,,,,,,,,,
5272.25142,0,0,0,0,1,350384.287,1,367604.9549,DS24,,,,,,,,,,,,,,,,,
5273.25142,0,0,0,0,1,350384.287,1,367604.9549,DS24,,,,,,,,,,,,,,,,,
5274.25142,0,0,0,0,1,350384.287,1,367604.9549,DS24,,,,,,,,,,,,,,,,,
5275.25142,0,0,0,0,1,350384.287,1,367604.9549,DS24,,,,,,,,,,,,,,,,,
5276.25142,0,0,0,0,1,350384.287,1,367604.9549,DS24,,,,,,,,,,,,,,,,,
5277.25142,0,0,0,0,1,350384.287,1,367604.9549,DS24,,,,,,,,,,,,,,,,,
5278.25142,0,0,0,0,1,350384.287,1,367604.9549,DS24,,,,,,,,,,,,,,,,,
5279.25142,0,0,0,0,1,350384.287,1,367604.9549,DS24,,,,,,,,,,,,,,,,,
5280.25142,0,0,0,0,1,350384.287,1,367604.9549,DS24,,,,,,,,,,,,,,,,,
5281.25142,0,0,0,0,1,350384.287,1,367604.9549,DS24,,,,,,,,,,,,,,,,,
5282.25142,0,0,0,0,1,350384.287,1,367604.9549,DS24,,,,,,,,,,,,,,,,,
5283.25142,0,0,0,0,1,350384.287,1,367604.9549,DS24,,,,,,,,,,,,,,,,,
5284.25142,0,0,0,0,1,350384.287,1,367604.9549,DS24,,,,,,,,,,,,,,,,,
5285.25142,0,0,0,0,1,350384.287,1,367604.9549,DS24,,,,,,,,,,,,,,,,,
5286.25142,0,0,0,0,1,350384.287,1,367604.9549,DS24,,,,,,,,,,,,,,,,,
5287.25142,0,0,0,0,1,350384.287,1,367604.9549,DS24,,,,,,,,,,,,,,,,,
5288.25142,0,0,0,0,1,350384.287,1,367604.9549,DS24,,,,,,,,,,,,,,,,,
5289.25142,0,0,0,0,1,350384.287,1,367604.9549,DS24,,,,,,,,,,,,,,,,,
5290.25142,0,0,0,0,1,350384.287,1,367604.9549,DS24,,,,,,,,,,,,,,,,,
5291.25142,0,0,0,0,1,350384.287,1,367604.9549,DS24,,,,,,,,,,,,,,,,,
5292.25142,0,0,0,0,1,350384.287,1,367604.9549,DS24,,,,,,,,,,,,,,,,,
5293.25142,0,0,0,0,1,350384.287,1,367604.9549,DS24,,,,,,,,,,,,,,,,,
5294.25142,0,0,0,0,1,350384.287,1,367604.9549,DS24,,,,,,,,,,,,,,,,,
5295.25142,0,0,0,0,1,350384.287,1,367604.9549,DS24,,,,,,,,,,,,,,,,,
5296.25142,0,0,0,0,1,350384.287,1,367604.9549,DS24,,,,,,,,,,,,,,,,,
5297.25142,0,0,0,0,1,350384.287,1,367604.9549,DS24,,,,,,,,,,,,,,,,,
5298.25142,0,0,0,0,1,350384.287,1,367604.9549,DS24,,,,,,,,,,,,,,,,,
5299.25142,0,0,0,0,1,350384.287,1,367604.9549,DS24,,,,,,,,,,,,,,,,,
5300.25142,0,0,0,0,1,350384.287,1,367604.9549,DS24,,,,,,,,,,,,,,,,,
5301.25142,0,0,0,0,1,350384.287,1,367604.9549,DS24,,,,,,,,,,,,,,,,,
5302.25142,0,0,0,0,1,350384.287,1,367604.9549,DS24,,,,,,,,,,,,,,,,,
5303.25142,0,0,0,0,1,350384.287,1,367604.9549,DS24,,,,,,,,,,,,,,,,,
5304.25142,0,0,0,0,1,350384.287,1,367604.9549,DS24,,,,,,,,,,,,,,,,,
5305.25142,0,0,0,0,1,350384.287,1,367604.9549,DS24,,,,,,,,,,,,,,,,,
5306.25142,0,0,0,0,1,350384.287,1,367604.9549,DS24,,,,,,,,,,,,,,,,,
5307.25142,0,0,0,0,1,350384.287,1,367604.9549,DS24,,,,,,,,,,,,,,,,,
5308.25142,0,0,0,0,1,350384.287,1,367604.9549,DS24,,,,,,,,,,,,,,,,,
5309.25142,0,0,0,0,1,350384.287,1,367604.9549,DS24,,,,,,,,,,,,,,,,,
5310.25142,0,0,0,0,1,350384.287,1,367604.9549,DS24,,,,,,,,,,,,,,,,,
5311.25142,0,0,0,0,1,350384.287,1,367604.9549,DS24,,,,,,,,,,,,,,,,,
5312.25142,0,0,0,0,1,350384.287,1,367604.9549,DS24,,,,,,,,,,,,,,,,,
5313.25142,0,0,0,0,1,350384.287,1,367604.9549,DS24,,,,,,,,,,,,,,,,,
5314.25142,0,0,0,0,1,350384.287,1,367604.9549,DS24,,,,,,,,,,,,,,,,,
5315.25142,0,0,0,0,1,350384.287,1,367604.9549,DS24,,,,,,,,,,,,,,,,,
5316.25142,0,0,0,0,1,350384.287,1,367604.9549,DS24,,,,,,,,,,,,,,,,,
5317.25142,0,0,0,0,1,350384.287,1,367604.9549,DS24,,,,,,,,,,,,,,,,,
5318.25142,0,0,0,0,1,350384.287,1,367604.9549,DS24,,,,,,,,,,,,,,,,,
5319.25142,0,0,0,0,1,350384.287,1,367604.9549,DS24,,,,,,,,,,,,,,,,,
5320.25142,0,0,0,0,1,350384.287,1,367604.9549,DS24,,,,,,,,,,,,,,,,,
5321.25142,0,0,0,0,1,350384.287,1,367604.9549,DS24,,,,,,,,,,,,,,,,,
5322.25142,0,0,0,0,1,350384.287,1,367604.9549,DS24,,,,,,,,,,,,,,,,,
5323.25142,0,0,0,0,1,350384.287,1,367604.9549,DS24,,,,,,,,,,,,,,,,,
5324.25142,0,0,0,0,1,350384.287,1,367604.9549,DS24,,,,,,,,,,,,,,,,,
5325.25142,0,0,0,0,1,350384.287,1,367604.9549,DS24,,,,,,,,,,,,,,,,,
5326.25142,0,0,0,0,1,350384.287,1,367604.9549,DS24,,,,,,,,,,,,,,,,,
5327.25142,0,0,0,0,1,350384.287,1,367604.9549,DS24,,,,,,,,,,,,,,,,,
5328.25142,0,0,0,0,1,350384.287,1,367604.9549,DS24,,,,,,,,,,,,,,,,,
5329.25142,0,0,0,0,1,350384.287,1,367604.9549,DS24,,,,,,,,,,,,,,,,,
5330.25142,0,0,0,0,1,350384.287,1,367604.9549,DS24,,,,,,,,,,,,,,,,,
5331.25142,0,0,0,0,1,350384.287,1,367604.9549,DS24,,,,,,,,,,,,,,,,,
5332.25142,0,0,0,0,1,350384.287,1,367604.9549,DS24,,,,,,,,,,,,,,,,,
5333.25142,0,0,0,0,1,350384.287,1,367604.9549,DS24,,,,,,,,,,,,,,,,,
5334.25142,0,0,0,0,1,350384.287,1,367604.9549,DS24,,,,,,,,,,,,,,,,,
5335.25142,0,0,0,0,1,350384.287,1,367604.9549,DS24,,,,,,,,,,,,,,,,,
5336.25142,0,0,0,0,1,350384.287,1,367604.9549,DS24,,,,,,,,,,,,,,,,,
5337.25142,0,0,0,0,1,350384.287,1,367604.9549,DS24,,,,,,,,,,,,,,,,,
5338.25142,0,0,0,0,1,350384.287,1,367604.9549,DS24,,,,,,,,,,,,,,,,,
5339.25142,0,0,0,0,1,350384.287,1,367604.9549,DS24,,,,,,,,,,,,,,,,,
5340.25142,0,0,0,0,1,350384.287,1,367604.9549,DS24,,,,,,,,,,,,,,,,,
5341.25142,0,0,0,0,1,350384.287,1,367604.9549,DS24,,,,,,,,,,,,,,,,,
5342.25142,0,0,0,0,0,0,1,367604.9549,DS34,,,,,,,,,,,,,,,,,
5343.25142,0,0,0,0,0,0,1,367604.9549,DS34,,,,,,,,,,,,,,,,,
5344.25142,0,0,0,0,0,0,1,367604.9549,DS34,,,,,,,,,,,,,,,,,
5345.25142,0,0,0,0,0,0,1,367604.9549,DS34,,,,,,,,,,,,,,,,,
5346.25142,0,0,0,0,0,0,1,367604.9549,DS34,,,,,,,,,,,,,,,,,
5347.25142,0,0,0,0,0,0,1,367604.9549,DS34,,,,,,,,,,,,,,,,,
5348.25142,0,0,0,0,0,0,1,367604.9549,DS34,,,,,,,,,,,,,,,,,
5349.25142,0,0,0,0,0,0,1,367604.9549,DS34,,,,,,,,,,,,,,,,,
5350.25142,0,0,0,0,0,0,1,367604.9549,DS34,,,,,,,,,,,,,,,,,
5351.25142,0,0,0,0,0,0,1,367604.9549,DS34,,,,,,,,,,,,,,,,,
5352.25142,0,0,0,0,0,0,1,367604.9549,DS34,,,,,,,,,,,,,,,,,
5353.25142,0,0,0,0,0,0,1,367604.9549,DS34,,,,,,,,,,,,,,,,,
5354.25142,0,0,0,0,0,0,1,367604.9549,DS34,,,,,,,,,,,,,,,,,
5355.25142,0,0,0,0,0,0,1,367604.9549,DS34,,,,,,,,,,,,,,,,,
5356.25142,0,0,0,0,0,0,1,367604.9549,DS34,,,,,,,,,,,,,,,,,
5357.25142,0,0,0,0,0,0,1,367604.9549,DS34,,,,,,,,,,,,,,,,,
5358.25142,0,0,0,0,0,0,1,367604.9549,DS34,,,,,,,,,,,,,,,,,
5359.25142,0,0,0,0,0,0,1,367604.9549,DS34,,,,,,,,,,,,,,,,,
5360.25142,0,0,0,0,0,0,1,367604.9549,DS34,,,,,,,,,,,,,,,,,
5361.25142,0,0,0,0,0,0,1,367604.9549,DS34,,,,,,,,,,,,,,,,,
5362.25142,0,0,0,0,0,0,1,367604.9549,DS34,,,,,,,,,,,,,,,,,
5363.25142,0,0,0,0,0,0,1,367604.9549,DS34,,,,,,,,,,,,,,,,,
5364.25142,0,0,0,0,0,0,1,367604.9549,DS34,,,,,,,,,,,,,,,,,
5365.25142,0,0,0,0,0,0,1,367604.9549,DS34,,,,,,,,,,,,,,,,,
5366.25142,0,0,0,0,0,0,1,367604.9549,DS34,,,,,,,,,,,,,,,,,
5367.25142,0,0,0,0,0,0,1,367604.9549,DS34,,,,,,,,,,,,,,,,,
5368.25142,0,0,0,0,0,0,1,367604.9549,DS34,,,,,,,,,,,,,,,,,
5369.25142,0,0,0,0,0,0,1,367604.9549,DS34,,,,,,,,,,,,,,,,,
5370.25142,0,0,0,0,0,0,1,367604.9549,DS34,,,,,,,,,,,,,,,,,
5371.25142,0,0,0,0,0,0,1,367604.9549,DS34,,,,,,,,,,,,,,,,,
5372.25142,0,0,0,0,0,0,1,367604.9549,DS34,,,,,,,,,,,,,,,,,
5373.25142,0,0,0,0,0,0,1,367604.9549,DS34,,,,,,,,,,,,,,,,,
5374.25142,0,0,0,0,0,0,1,367604.9549,DS34,,,,,,,,,,,,,,,,,
5375.25142,0,0,0,0,0,0,1,367604.9549,DS34,,,,,,,,,,,,,,,,,
5376.25142,0,0,0,0,0,0,1,367604.9549,DS34,,,,,,,,,,,,,,,,,
5377.25142,0,0,0,0,0,0,1,367604.9549,DS34,,,,,,,,,,,,,,,,,
5378.25142,0,0,0,0,0,0,1,367604.9549,DS34,,,,,,,,,,,,,,,,,
5379.25142,0,0,0,0,0,0,1,367604.9549,DS34,,,,,,,,,,,,,,,,,
5380.25142,0,0,0,0,0,0,1,367604.9549,DS34,,,,,,,,,,,,,,,,,
5381.25142,0,0,0,0,0,0,1,367604.9549,DS34,,,,,,,,,,,,,,,,,
5382.25142,0,0,0,0,0,0,1,367604.9549,DS34,,,,,,,,,,,,,,,,,
5383.25142,0,0,0,0,0,0,1,367604.9549,DS34,,,,,,,,,,,,,,,,,
5384.25142,0,0,0,0,0,0,1,367604.9549,DS34,,,,,,,,,,,,,,,,,
5385.25142,0,0,0,0,0,0,1,367604.9549,DS34,,,,,,,,,,,,,,,,,
5386.25142,0,0,0,0,0,0,1,367604.9549,DS34,,,,,,,,,,,,,,,,,
5387.25142,0,0,0,0,0,0,1,367604.9549,DS34,,,,,,,,,,,,,,,,,
5388.25142,0,0,0,0,0,0,1,367604.9549,DS34,,,,,,,,,,,,,,,,,
5389.25142,0,0,0,0,0,0,1,367604.9549,DS34,,,,,,,,,,,,,,,,,
5390.25142,0,0,0,0,0,0,1,367604.9549,DS34,,,,,,,,,,,,,,,,,
5391.25142,0,0,0,0,0,0,1,367604.9549,DS34,,,,,,,,,,,,,,,,,
5392.25142,0,0,0,0,0,0,1,367604.9549,DS34,,,,,,,,,,,,,,,,,
5393.25142,0,0,0,0,0,0,1,367604.9549,DS34,,,,,,,,,,,,,,,,,
5394.25142,0,0,0,0,0,0,1,367604.9549,DS34,,,,,,,,,,,,,,,,,
5395.25142,0,0,0,0,0,0,1,367604.9549,DS34,,,,,,,,,,,,,,,,,
5396.25142,0,0,0,0,0,0,1,367604.9549,DS34,,,,,,,,,,,,,,,,,
5397.25142,0,0,0,0,0,0,1,367604.9549,DS34,,,,,,,,,,,,,,,,,
5398.25142,0,0,0,0,0,0,1,367604.9549,DS34,,,,,,,,,,,,,,,,,
5399.25142,0,0,0,0,0,0,1,367604.9549,DS34,,,,,,,,,,,,,,,,,
5400.25142,0,0,0,0,0,0,1,367604.9549,DS34,,,,,,,,,,,,,,,,,
5401.25142,0,0,0,0,0,0,1,367604.9549,DS34,,,,,,,,,,,,,,,,,
5402.25142,0,0,0,0,0,0,1,367604.9549,DS34,,,,,,,,,,,,,,,,,
5403.25142,0,0,0,0,0,0,1,367604.9549,DS34,,,,,,,,,,,,,,,,,
5404.25142,0,0,0,0,0,0,1,367604.9549,DS34,,,,,,,,,,,,,,,,,
5405.25142,0,0,0,0,0,0,1,367604.9549,DS34,,,,,,,,,,,,,,,,,
5406.25142,0,0,0,0,0,0,1,367604.9549,DS34,,,,,,,,,,,,,,,,,
5407.25142,0,0,0,0,0,0,1,367604.9549,DS34,,,,,,,,,,,,,,,,,
5408.25142,0,0,0,0,0,0,1,367604.9549,DS34,,,,,,,,,,,,,,,,,
5409.25142,0,0,0,0,0,0,1,367604.9549,DS34,,,,,,,,,,,,,,,,,
5410.25142,0,0,0,0,0,0,1,367604.9549,DS34,,,,,,,,,,,,,,,,,
5411.25142,0,0,0,0,0,0,1,367604.9549,DS34,,,,,,,,,,,,,,,,,
5412.25142,0,0,0,0,0,0,1,367604.9549,DS34,,,,,,,,,,,,,,,,,
5413.25142,0,0,0,0,0,0,1,367604.9549,DS34,,,,,,,,,,,,,,,,,
5414.25142,0,0,0,0,0,0,1,367604.9549,DS34,,,,,,,,,,,,,,,,,
5415.25142,0,0,0,0,0,0,1,367604.9549,DS34,,,,,,,,,,,,,,,,,
5416.25142,0,0,0,0,0,0,1,367604.9549,DS34,,,,,,,,,,,,,,,,,
5417.25142,0,0,0,0,0,0,1,367604.9549,DS34,,,,,,,,,,,,,,,,,
5418.25142,0,0,0,0,0,0,1,367604.9549,DS34,,,,,,,,,,,,,,,,,
5419.25142,0,0,0,0,0,0,1,367604.9549,DS34,,,,,,,,,,,,,,,,,
5420.25142,0,0,0,0,0,0,1,367604.9549,DS34,,,,,,,,,,,,,,,,,
5421.25142,0,0,0,0,0,0,1,367604.9549,DS34,,,,,,,,,,,,,,,,,
5422.25142,0,0,0,0,0,0,1,367604.9549,DS34,,,,,,,,,,,,,,,,,
5423.25142,0,0,0,0,0,0,1,367604.9549,DS34,,,,,,,,,,,,,,,,,
5424.25142,0,0,0,0,0,0,1,367604.9549,DS34,,,,,,,,,,,,,,,,,
5425.25142,0,0,0,0,0,0,1,367604.9549,DS34,,,,,,,,,,,,,,,,,
5426.25142,0,0,0,0,0,0,1,367604.9549,DS34,,,,,,,,,,,,,,,,,
5427.25142,0,0,0,0,0,0,1,367604.9549,DS34,,,,,,,,,,,,,,,,,
5428.25142,0,0,0,0,0,0,1,367604.9549,DS34,,,,,,,,,,,,,,,,,
5429.25142,0,0,0,0,0,0,1,367604.9549,DS34,,,,,,,,,,,,,,,,,
5430.25142,0,0,0,0,0,0,1,367604.9549,DS34,,,,,,,,,,,,,,,,,
5431.25142,0,0,0,0,0,0,1,367604.9549,DS34,,,,,,,,,,,,,,,,,
5432.25142,0,0,0,0,0,0,1,367604.9549,DS34,,,,,,,,,,,,,,,,,
5433.25142,0,0,0,0,0,0,1,367604.9549,DS34,,,,,,,,,,,,,,,,,
5434.25142,0,0,0,0,0,0,1,367604.9549,DS34,,,,,,,,,,,,,,,,,
5435.25142,0,0,0,0,0,0,1,367604.9549,DS34,,,,,,,,,,,,,,,,,
5436.25142,0,0,0,0,0,0,1,367604.9549,DS34,,,,,,,,,,,,,,,,,
5437.25142,0,0,0,0,0,0,1,367604.9549,DS34,,,,,,,,,,,,,,,,,
5438.25142,0,0,0,0,0,0,1,367604.9549,DS34,,,,,,,,,,,,,,,,,
5439.25142,0,0,0,0,0,0,1,367604.9549,DS34,,,,,,,,,,,,,,,,,
5440.25142,0,0,0,0,0,0,1,367604.9549,DS34,,,,,,,,,,,,,,,,,
5441.25142,0,0,0,0,0,0,1,367604.9549,DS34,,,,,,,,,,,,,,,,,
5442.25142,0,0,0,0,0,0,1,367604.9549,DS34,,,,,,,,,,,,,,,,,
5443.25142,0,0,0,0,0,0,1,367604.9549,DS34,,,,,,,,,,,,,,,,,
5444.25142,0,0,0,0,0,0,1,367604.9549,DS34,,,,,,,,,,,,,,,,,
5445.25142,0,0,0,0,0,0,1,367604.9549,DS34,,,,,,,,,,,,,,,,,
5446.25142,0,0,0,0,0,0,1,367604.9549,DS34,,,,,,,,,,,,,,,,,
5447.25142,0,0,0,0,0,0,1,367604.9549,DS34,,,,,,,,,,,,,,,,,
5448.25142,0,0,0,0,0,0,1,367604.9549,DS34,,,,,,,,,,,,,,,,,
5449.25142,0,0,0,0,0,0,1,367604.9549,DS34,,,,,,,,,,,,,,,,,
5450.25142,0,0,0,0,0,0,1,367604.9549,DS34,,,,,,,,,,,,,,,,,
5451.25142,0,0,0,0,0,0,1,367604.9549,DS34,,,,,,,,,,,,,,,,,
5452.25142,0,0,0,0,0,0,1,367604.9549,DS34,,,,,,,,,,,,,,,,,
5453.25142,0,0,0,0,0,0,1,367604.9549,DS34,,,,,,,,,,,,,,,,,
5454.25142,0,0,0,0,0,0,1,367604.9549,DS34,,,,,,,,,,,,,,,,,
5455.25142,0,0,0,0,0,0,1,367604.9549,DS34,,,,,,,,,,,,,,,,,
5456.25142,0,0,0,0,0,0,1,367604.9549,DS34,,,,,,,,,,,,,,,,,
5457.25142,0,0,0,0,0,0,1,367604.9549,DS34,,,,,,,,,,,,,,,,,
5458.25142,0,0,0,0,0,0,1,367604.9549,DS34,,,,,,,,,,,,,,,,,
5459.25142,0,0,0,0,0,0,1,367604.9549,DS34,,,,,,,,,,,,,,,,,
5460.25142,0,0,0,0,0,0,1,367604.9549,DS34,,,,,,,,,,,,,,,,,
5461.25142,0,0,0,0,0,0,1,367604.9549,DS34,,,,,,,,,,,,,,,,,
5462.25142,0,0,0,0,0,0,1,367604.9549,DS34,,,,,,,,,,,,,,,,,
5463.25142,0,0,0,0,0,0,1,367604.9549,DS34,,,,,,,,,,,,,,,,,
5464.25142,0,0,0,0,0,0,1,367604.9549,DS34,,,,,,,,,,,,,,,,,
5465.25142,0,0,0,0,0,0,1,367604.9549,DS34,,,,,,,,,,,,,,,,,
5466.25142,0,0,0,0,0,0,1,367604.9549,DS34,,,,,,,,,,,,,,,,,
5467.25142,0,0,0,0,0,0,1,367604.9549,DS34,,,,,,,,,,,,,,,,,
5468.25142,0,0,0,0,0,0,1,367604.9549,DS34,,,,,,,,,,,,,,,,,
5469.25142,0,0,0,0,0,0,1,367604.9549,DS34,,,,,,,,,,,,,,,,,
5470.25142,0,0,0,0,0,0,1,367604.9549,DS34,,,,,,,,,,,,,,,,,
5471.25142,0,0,0,0,0,0,1,367604.9549,DS34,,,,,,,,,,,,,,,,,
5472.25142,0,0,0,0,0,0,1,367604.9549,DS34,,,,,,,,,,,,,,,,,
5473.25142,0,0,0,0,0,0,1,367604.9549,DS34,,,,,,,,,,,,,,,,,
5474.25142,0,0,0,0,0,0,1,367604.9549,DS34,,,,,,,,,,,,,,,,,
5475.25142,0,0,0,0,0,0,1,367604.9549,DS34,,,,,,,,,,,,,,,,,
5476.25142,0,0,0,0,0,0,1,367604.9549,DS34,,,,,,,,,,,,,,,,,
5477.25142,0,0,0,0,0,0,1,367604.9549,DS34,,,,,,,,,,,,,,,,,
5478.25142,0,0,0,0,0,0,1,367604.9549,DS34,,,,,,,,,,,,,,,,,
5479.25142,0,0,0,0,0,0,1,367604.9549,DS34,,,,,,,,,,,,,,,,,
5480.25142,0,0,0,0,0,0,1,367604.9549,DS34,,,,,,,,,,,,,,,,,
5481.25142,0,0,0,0,0,0,1,367604.9549,DS34,,,,,,,,,,,,,,,,,
5482.25142,0,0,0,0,0,0,1,367604.9549,DS34,,,,,,,,,,,,,,,,,
5483.25142,0,0,0,0,0,0,1,367604.9549,DS34,,,,,,,,,,,,,,,,,
5484.25142,0,0,0,0,0,0,1,367604.9549,DS34,,,,,,,,,,,,,,,,,
5485.25142,0,0,0,0,0,0,1,367604.9549,DS34,,,,,,,,,,,,,,,,,
5486.25142,0,0,0,0,0,0,1,367604.9549,DS34,,,,,,,,,,,,,,,,,
5487.25142,0,0,0,0,0,0,1,367604.9549,DS34,,,,,,,,,,,,,,,,,
5488.25142,0,0,0,0,0,0,1,367604.9549,DS34,,,,,,,,,,,,,,,,,
5489.25142,0,0,0,0,0,0,1,367604.9549,DS34,,,,,,,,,,,,,,,,,
5490.25142,0,0,0,0,0,0,1,367604.9549,DS34,,,,,,,,,,,,,,,,,
5491.25142,0,0,0,0,0,0,1,367604.9549,DS34,,,,,,,,,,,,,,,,,
5492.25142,0,0,0,0,0,0,1,367604.9549,DS34,,,,,,,,,,,,,,,,,
5493.25142,0,0,0,0,0,0,1,367604.9549,DS34,,,,,,,,,,,,,,,,,
5494.25142,0,0,0,0,0,0,1,367604.9549,DS34,,,,,,,,,,,,,,,,,
5495.25142,0,0,0,0,0,0,1,367604.9549,DS34,,,,,,,,,,,,,,,,,
5496.25142,0,0,0,0,0,0,1,367604.9549,DS34,,,,,,,,,,,,,,,,,
5497.25142,0,0,0,0,0,0,1,367604.9549,DS34,,,,,,,,,,,,,,,,,
5498.25142,0,0,0,0,0,0,1,367604.9549,DS34,,,,,,,,,,,,,,,,,
5499.25142,0,0,0,0,0,0,1,367604.9549,DS34,,,,,,,,,,,,,,,,,
5500.25142,0,0,0,0,0,0,1,367604.9549,DS34,,,,,,,,,,,,,,,,,
5501.25142,0,0,0,0,0,0,1,367604.9549,DS34,,,,,,,,,,,,,,,,,
5502.25142,0,0,0,0,0,0,1,367604.9549,DS34,,,,,,,,,,,,,,,,,
5503.25142,0,0,0,0,0,0,1,367604.9549,DS34,,,,,,,,,,,,,,,,,
5504.25142,0,0,0,0,0,0,1,367604.9549,DS34,,,,,,,,,,,,,,,,,
5505.25142,0,0,0,0,0,0,1,367604.9549,DS34,,,,,,,,,,,,,,,,,
5506.25142,0,0,0,0,0,0,1,367604.9549,DS34,,,,,,,,,,,,,,,,,
5507.25142,0,0,0,0,0,0,1,367604.9549,DS34,,,,,,,,,,,,,,,,,
5508.25142,0,0,0,0,0,0,1,367604.9549,DS34,,,,,,,,,,,,,,,,,
5509.25142,0,0,0,0,0,0,1,367604.9549,DS34,,,,,,,,,,,,,,,,,
5510.25142,0,0,0,0,0,0,1,367604.9549,DS34,,,,,,,,,,,,,,,,,
5511.25142,0,0,0,0,0,0,1,367604.9549,DS34,,,,,,,,,,,,,,,,,
5512.25142,0,0,0,0,0,0,1,367604.9549,DS34,,,,,,,,,,,,,,,,,
5513.25142,0,0,0,0,0,0,1,367604.9549,DS34,,,,,,,,,,,,,,,,,
5514.25142,0,0,0,0,0,0,1,367604.9549,DS34,,,,,,,,,,,,,,,,,
5515.25142,0,0,0,0,0,0,1,367604.9549,DS34,,,,,,,,,,,,,,,,,
5516.25142,0,0,0,0,0,0,1,367604.9549,DS34,,,,,,,,,,,,,,,,,
5517.25142,0,0,0,0,0,0,1,367604.9549,DS34,,,,,,,,,,,,,,,,,
5518.25142,0,0,0,0,0,0,1,367604.9549,DS34,,,,,,,,,,,,,,,,,
5519.25142,0,0,0,0,0,0,1,367604.9549,DS34,,,,,,,,,,,,,,,,,
5520.25142,0,0,0,0,0,0,1,367604.9549,DS34,,,,,,,,,,,,,,,,,
5521.25142,0,0,0,0,0,0,1,367604.9549,DS34,,,,,,,,,,,,,,,,,
5522.25142,0,0,0,0,0,0,1,367604.9549,DS34,,,,,,,,,,,,,,,,,
5523.25142,0,0,0,0,0,0,1,367604.9549,DS34,,,,,,,,,,,,,,,,,
5524.25142,0,0,0,0,0,0,1,367604.9549,DS34,,,,,,,,,,,,,,,,,
5525.25142,0,0,0,0,0,0,1,367604.9549,DS34,,,,,,,,,,,,,,,,,
5526.25142,0,0,0,0,0,0,1,367604.9549,DS34,,,,,,,,,,,,,,,,,
5527.25142,0,0,0,0,0,0,1,367604.9549,DS34,,,,,,,,,,,,,,,,,
5528.25142,0,0,0,0,0,0,1,367604.9549,DS34,,,,,,,,,,,,,,,,,
5529.25142,0,0,0,0,0,0,1,367604.9549,DS34,,,,,,,,,,,,,,,,,
5530.25142,0,0,0,0,0,0,1,367604.9549,DS34,,,,,,,,,,,,,,,,,
5531.25142,0,0,0,0,0,0,1,367604.9549,DS34,,,,,,,,,,,,,,,,,
5532.25142,0,0,0,0,0,0,1,367604.9549,DS34,,,,,,,,,,,,,,,,,
5533.25142,0,0,0,0,0,0,1,367604.9549,DS34,,,,,,,,,,,,,,,,,
5534.25142,0,0,0,0,0,0,1,367604.9549,DS34,,,,,,,,,,,,,,,,,
5535.25142,0,0,0,0,0,0,1,367604.9549,DS34,,,,,,,,,,,,,,,,,
5536.25142,0,0,0,0,0,0,1,367604.9549,DS34,,,,,,,,,,,,,,,,,
5537.25142,0,0,0,0,0,0,1,367604.9549,DS34,,,,,,,,,,,,,,,,,
5538.25142,0,0,0,0,0,0,1,367604.9549,DS34,,,,,,,,,,,,,,,,,
5539.25142,0,0,0,0,0,0,1,367604.9549,DS34,,,,,,,,,,,,,,,,,
5540.25142,0,0,0,0,0,0,1,367604.9549,DS34,,,,,,,,,,,,,,,,,
5541.25142,0,0,0,0,0,0,1,367604.9549,DS34,,,,,,,,,,,,,,,,,
5542.25142,0,0,0,0,0,0,1,367604.9549,DS34,,,,,,,,,,,,,,,,,
5543.25142,0,0,0,0,0,0,1,367604.9549,DS34,,,,,,,,,,,,,,,,,
5544.25142,0,0,0,0,0,0,1,367604.9549,DS34,,,,,,,,,,,,,,,,,
5545.25142,0,0,0,0,0,0,1,367604.9549,DS34,,,,,,,,,,,,,,,,,
5546.25142,0,0,0,0,0,0,1,367604.9549,DS34,,,,,,,,,,,,,,,,,
5547.25142,0,0,0,0,0,0,1,367604.9549,DS34,,,,,,,,,,,,,,,,,
5548.25142,0,0,0,0,0,0,1,367604.9549,DS34,,,,,,,,,,,,,,,,,
5549.25142,0,0,0,0,0,0,1,367604.9549,DS34,,,,,,,,,,,,,,,,,
5550.25142,0,0,0,0,0,0,1,367604.9549,DS34,,,,,,,,,,,,,,,,,
5551.25142,0,0,0,0,0,0,1,367604.9549,DS34,,,,,,,,,,,,,,,,,
5552.25142,0,0,0,0,0,0,1,367604.9549,DS34,,,,,,,,,,,,,,,,,
5553.25142,0,0,0,0,0,0,1,367604.9549,DS34,,,,,,,,,,,,,,,,,
5554.25142,0,0,0,0,0,0,1,367604.9549,DS34,,,,,,,,,,,,,,,,,
5555.25142,0,0,0,0,0,0,1,367604.9549,DS34,,,,,,,,,,,,,,,,,
5556.25142,0,0,0,0,0,0,1,367604.9549,DS34,,,,,,,,,,,,,,,,,
5557.25142,0,0,0,0,0,0,1,367604.9549,DS34,,,,,,,,,,,,,,,,,
5558.25142,0,0,0,0,0,0,1,367604.9549,DS34,,,,,,,,,,,,,,,,,
5559.25142,0,0,0,0,0,0,1,367604.9549,DS34,,,,,,,,,,,,,,,,,
5560.25142,0,0,0,0,0,0,1,367604.9549,DS34,,,,,,,,,,,,,,,,,
5561.25142,0,0,0,0,0,0,1,367604.9549,DS34,,,,,,,,,,,,,,,,,
5562.25142,0,0,0,0,0,0,1,367604.9549,DS34,,,,,,,,,,,,,,,,,
5563.25142,0,0,0,0,0,0,1,367604.9549,DS34,,,,,,,,,,,,,,,,,
5564.25142,0,0,0,0,0,0,1,367604.9549,DS34,,,,,,,,,,,,,,,,,
5565.25142,0,0,0,0,0,0,1,367604.9549,DS34,,,,,,,,,,,,,,,,,
5566.25142,0,0,0,0,0,0,1,367604.9549,DS34,,,,,,,,,,,,,,,,,
5567.25142,0,0,0,0,0,0,1,367604.9549,DS34,,,,,,,,,,,,,,,,,
5568.25142,0,0,0,0,0,0,1,367604.9549,DS34,,,,,,,,,,,,,,,,,
5569.25142,0,0,0,0,0,0,1,367604.9549,DS34,,,,,,,,,,,,,,,,,
5570.25142,0,0,0,0,0,0,1,367604.9549,DS34,,,,,,,,,,,,,,,,,
5571.25142,0,0,0,0,0,0,1,367604.9549,DS34,,,,,,,,,,,,,,,,,
5572.25142,0,0,0,0,0,0,1,367604.9549,DS34,,,,,,,,,,,,,,,,,
5573.25142,0,0,0,0,0,0,1,367604.9549,DS34,,,,,,,,,,,,,,,,,
5574.25142,0,0,0,0,0,0,1,367604.9549,DS34,,,,,,,,,,,,,,,,,
5575.25142,0,0,0,0,0,0,1,367604.9549,DS34,,,,,,,,,,,,,,,,,
5576.25142,0,0,0,0,0,0,1,367604.9549,DS34,,,,,,,,,,,,,,,,,
5577.25142,0,0,0,0,0,0,1,367604.9549,DS34,,,,,,,,,,,,,,,,,
5578.25142,0,0,0,0,0,0,1,367604.9549,DS34,,,,,,,,,,,,,,,,,
5579.25142,0,0,0,0,0,0,1,367604.9549,DS34,,,,,,,,,,,,,,,,,
5580.25142,0,0,0,0,0,0,1,367604.9549,DS34,,,,,,,,,,,,,,,,,
5581.25142,0,0,0,0,0,0,1,367604.9549,DS34,,,,,,,,,,,,,,,,,
5582.25142,0,0,0,0,0,0,1,367604.9549,DS34,,,,,,,,,,,,,,,,,
5583.25142,0,0,0,0,0,0,1,367604.9549,DS34,,,,,,,,,,,,,,,,,
5584.25142,0,0,0,0,0,0,1,367604.9549,DS34,,,,,,,,,,,,,,,,,
5585.25142,0,0,0,0,0,0,1,367604.9549,DS34,,,,,,,,,,,,,,,,,
5586.25142,0,0,0,0,0,0,1,367604.9549,DS34,,,,,,,,,,,,,,,,,
5587.25142,0,0,0,0,0,0,1,367604.9549,DS34,,,,,,,,,,,,,,,,,
5588.25142,0,0,0,0,0,0,1,367604.9549,DS34,,,,,,,,,,,,,,,,,
5589.25142,0,0,0,0,0,0,1,367604.9549,DS34,,,,,,,,,,,,,,,,,
5590.25142,0,0,0,0,0,0,1,367604.9549,DS34,,,,,,,,,,,,,,,,,
5591.25142,0,0,0,0,0,0,1,367604.9549,DS34,,,,,,,,,,,,,,,,,
5592.25142,0,0,0,0,0,0,1,367604.9549,DS34,,,,,,,,,,,,,,,,,
5593.25142,0,0,0,0,0,0,1,367604.9549,DS34,,,,,,,,,,,,,,,,,
5594.25142,0,0,0,0,0,0,1,367604.9549,DS34,,,,,,,,,,,,,,,,,
5595.25142,0,0,0,0,0,0,1,367604.9549,DS34,,,,,,,,,,,,,,,,,
5596.25142,0,0,0,0,0,0,1,367604.9549,DS34,,,,,,,,,,,,,,,,,
5597.25142,0,0,0,0,0,0,1,367604.9549,DS34,,,,,,,,,,,,,,,,,
5598.25142,0,0,0,0,0,0,1,367604.9549,DS34,,,,,,,,,,,,,,,,,
5599.25142,0,0,0,0,0,0,1,367604.9549,DS34,,,,,,,,,,,,,,,,,
5600.25142,0,0,0,0,0,0,1,367604.9549,DS34,,,,,,,,,,,,,,,,,
5601.25142,0,0,0,0,0,0,1,367604.9549,DS34,,,,,,,,,,,,,,,,,
5602.25142,0,0,0,0,0,0,1,367604.9549,DS34,,,,,,,,,,,,,,,,,
5603.25142,0,0,0,0,0,0,1,367604.9549,DS34,,,,,,,,,,,,,,,,,
5604.25142,0,0,0,0,0,0,1,367604.9549,DS34,,,,,,,,,,,,,,,,,
5605.25142,0,0,0,0,0,0,1,367604.9549,DS34,,,,,,,,,,,,,,,,,
5606.25142,0,0,0,0,0,0,1,367604.9549,DS34,,,,,,,,,,,,,,,,,
5607.25142,0,0,0,0,0,0,1,367604.9549,DS34,,,,,,,,,,,,,,,,,
5608.25142,0,0,0,0,0,0,1,367604.9549,DS34,,,,,,,,,,,,,,,,,
5609.25142,0,0,0,0,0,0,1,367604.9549,DS34,,,,,,,,,,,,,,,,,
5610.25142,0,0,0,0,0,0,1,367604.9549,DS34,,,,,,,,,,,,,,,,,
5611.25142,0,0,0,0,0,0,1,367604.9549,DS34,,,,,,,,,,,,,,,,,
5612.25142,0,0,0,0,0,0,1,367604.9549,DS34,,,,,,,,,,,,,,,,,
5613.25142,0,0,0,0,0,0,1,367604.9549,DS34,,,,,,,,,,,,,,,,,
5614.25142,0,0,0,0,0,0,1,367604.9549,DS34,,,,,,,,,,,,,,,,,
5615.25142,0,0,0,0,0,0,1,367604.9549,DS34,,,,,,,,,,,,,,,,,
5616.25142,0,0,0,0,0,0,1,367604.9549,DS34,,,,,,,,,,,,,,,,,
5617.25142,0,0,0,0,0,0,1,367604.9549,DS34,,,,,,,,,,,,,,,,,
5618.25142,0,0,0,0,0,0,1,367604.9549,DS34,,,,,,,,,,,,,,,,,
5619.25142,0,0,0,0,0,0,1,367604.9549,DS34,,,,,,,,,,,,,,,,,
5620.25142,0,0,0,0,0,0,1,367604.9549,DS34,,,,,,,,,,,,,,,,,
5621.25142,0,0,0,0,0,0,1,367604.9549,DS34,,,,,,,,,,,,,,,,,
5622.25142,0,0,0,0,0,0,1,367604.9549,DS34,,,,,,,,,,,,,,,,,
5623.25142,0,0,0,0,0,0,1,367604.9549,DS34,,,,,,,,,,,,,,,,,
5624.25142,0,0,0,0,0,0,1,367604.9549,DS34,,,,,,,,,,,,,,,,,
5625.25142,0,0,0,0,0,0,1,367604.9549,DS34,,,,,,,,,,,,,,,,,
5626.25142,0,0,0,0,0,0,1,367604.9549,DS34,,,,,,,,,,,,,,,,,
5627.25142,0,0,0,0,0,0,1,367604.9549,DS34,,,,,,,,,,,,,,,,,
5628.25142,0,0,0,0,0,0,1,367604.9549,DS34,,,,,,,,,,,,,,,,,
5629.25142,0,0,0,0,0,0,1,367604.9549,DS34,,,,,,,,,,,,,,,,,
5630.25142,0,0,0,0,0,0,1,367604.9549,DS34,,,,,,,,,,,,,,,,,
5631.25142,0,0,0,0,0,0,1,367604.9549,DS34,,,,,,,,,,,,,,,,,
5632.25142,0,0,0,0,0,0,1,367604.9549,DS34,,,,,,,,,,,,,,,,,
5633.25142,0,0,0,0,0,0,1,367604.9549,DS34,,,,,,,,,,,,,,,,,
5634.25142,0,0,0,0,0,0,1,367604.9549,DS34,,,,,,,,,,,,,,,,,
5635.25142,0,0,0,0,0,0,1,367604.9549,DS34,,,,,,,,,,,,,,,,,
5636.25142,0,0,0,0,0,0,1,367604.9549,DS34,,,,,,,,,,,,,,,,,
5637.25142,0,0,0,0,0,0,1,367604.9549,DS34,,,,,,,,,,,,,,,,,
5638.25142,0,0,0,0,0,0,1,367604.9549,DS34,,,,,,,,,,,,,,,,,
5639.25142,0,0,0,0,0,0,1,367604.9549,DS34,,,,,,,,,,,,,,,,,
5640.25142,0,0,0,0,0,0,1,367604.9549,DS34,,,,,,,,,,,,,,,,,
5641.25142,0,0,0,0,0,0,1,367604.9549,DS34,,,,,,,,,,,,,,,,,
5642.25142,0,0,0,0,0,0,1,367604.9549,DS34,,,,,,,,,,,,,,,,,
5643.25142,0,0,0,0,0,0,1,367604.9549,DS34,,,,,,,,,,,,,,,,,
5644.25142,0,0,0,0,0,0,1,367604.9549,DS34,,,,,,,,,,,,,,,,,
5645.25142,0,0,0,0,0,0,1,367604.9549,DS34,,,,,,,,,,,,,,,,,
5646.25142,0,0,0,0,0,0,1,367604.9549,DS34,,,,,,,,,,,,,,,,,
5647.25142,0,0,0,0,0,0,1,367604.9549,DS34,,,,,,,,,,,,,,,,,
5648.25142,0,0,0,0,0,0,1,367604.9549,DS34,,,,,,,,,,,,,,,,,
5649.25142,0,0,0,0,0,0,1,367604.9549,DS34,,,,,,,,,,,,,,,,,
5650.25142,0,0,0,0,0,0,1,367604.9549,DS34,,,,,,,,,,,,,,,,,
5651.25142,0,0,0,0,0,0,1,367604.9549,DS34,,,,,,,,,,,,,,,,,
5652.25142,0,0,0,0,0,0,1,367604.9549,DS34,,,,,,,,,,,,,,,,,
5653.25142,0,0,0,0,0,0,1,367604.9549,DS34,,,,,,,,,,,,,,,,,
5654.25142,0,0,0,0,0,0,1,367604.9549,DS34,,,,,,,,,,,,,,,,,
5655.25142,0,0,0,0,0,0,1,367604.9549,DS34,,,,,,,,,,,,,,,,,
5656.25142,0,0,0,0,0,0,1,367604.9549,DS34,,,,,,,,,,,,,,,,,
5657.25142,0,0,0,0,0,0,1,367604.9549,DS34,,,,,,,,,,,,,,,,,
5658.25142,0,0,0,0,0,0,1,367604.9549,DS34,,,,,,,,,,,,,,,,,
5659.25142,0,0,0,0,0,0,1,367604.9549,DS34,,,,,,,,,,,,,,,,,
5660.25142,0,0,0,0,0,0,1,367604.9549,DS34,,,,,,,,,,,,,,,,,
5661.25142,0,0,0,0,0,0,1,367604.9549,DS34,,,,,,,,,,,,,,,,,
5662.25142,0,0,0,0,0,0,1,367604.9549,DS34,,,,,,,,,,,,,,,,,
5663.25142,0,0,0,0,0,0,1,367604.9549,DS34,,,,,,,,,,,,,,,,,
5664.25142,0,0,0,0,0,0,1,367604.9549,DS34,,,,,,,,,,,,,,,,,
5665.25142,0,0,0,0,0,0,1,367604.9549,DS34,,,,,,,,,,,,,,,,,
5666.25142,0,0,0,0,0,0,1,367604.9549,DS34,,,,,,,,,,,,,,,,,
5667.25142,0,0,0,0,0,0,1,367604.9549,DS34,,,,,,,,,,,,,,,,,
5668.25142,0,0,0,0,0,0,1,367604.9549,DS34,,,,,,,,,,,,,,,,,
5669.25142,0,0,0,0,0,0,1,367604.9549,DS34,,,,,,,,,,,,,,,,,
5670.25142,0,0,0,0,0,0,1,367604.9549,DS34,,,,,,,,,,,,,,,,,
5671.25142,0,0,0,0,0,0,1,367604.9549,DS34,,,,,,,,,,,,,,,,,
5672.25142,0,0,0,0,0,0,1,367604.9549,DS34,,,,,,,,,,,,,,,,,
5673.25142,0,0,0,0,0,0,1,367604.9549,DS34,,,,,,,,,,,,,,,,,
5674.25142,0,0,0,0,0,0,1,367604.9549,DS34,,,,,,,,,,,,,,,,,
5675.25142,0,0,0,0,0,0,1,367604.9549,DS34,,,,,,,,,,,,,,,,,
5676.25142,0,0,0,0,0,0,1,367604.9549,DS34,,,,,,,,,,,,,,,,,
5677.25142,0,0,0,0,0,0,1,367604.9549,DS34,,,,,,,,,,,,,,,,,
5678.25142,0,0,0,0,0,0,1,367604.9549,DS34,,,,,,,,,,,,,,,,,
5679.25142,0,0,0,0,0,0,1,367604.9549,DS34,,,,,,,,,,,,,,,,,
5680.25142,0,0,0,0,0,0,1,367604.9549,DS34,,,,,,,,,,,,,,,,,
5681.25142,0,0,0,0,0,0,1,367604.9549,DS34,,,,,,,,,,,,,,,,,
5682.25142,0,0,0,0,0,0,1,367604.9549,DS34,,,,,,,,,,,,,,,,,
5683.25142,0,0,0,0,0,0,1,367604.9549,DS34,,,,,,,,,,,,,,,,,
5684.25142,0,0,0,0,0,0,1,367604.9549,DS34,,,,,,,,,,,,,,,,,
5685.25142,0,0,0,0,0,0,1,367604.9549,DS34,,,,,,,,,,,,,,,,,
5686.25142,0,0,0,0,0,0,1,367604.9549,DS34,,,,,,,,,,,,,,,,,
5687.25142,0,0,0,0,0,0,1,367604.9549,DS34,,,,,,,,,,,,,,,,,
5688.25142,0,0,0,0,0,0,1,367604.9549,DS34,,,,,,,,,,,,,,,,,
5689.25142,0,0,0,0,0,0,1,367604.9549,DS34,,,,,,,,,,,,,,,,,
5690.25142,0,0,0,0,0,0,1,367604.9549,DS34,,,,,,,,,,,,,,,,,
5691.25142,0,0,0,0,0,0,1,367604.9549,DS34,,,,,,,,,,,,,,,,,
5692.25142,0,0,0,0,0,0,1,367604.9549,DS34,,,,,,,,,,,,,,,,,
5693.25142,0,0,0,0,0,0,1,367604.9549,DS34,,,,,,,,,,,,,,,,,
5694.25142,0,0,0,0,0,0,1,367604.9549,DS34,,,,,,,,,,,,,,,,,
5695.25142,0,0,0,0,0,0,1,367604.9549,DS34,,,,,,,,,,,,,,,,,
5696.25142,0,0,0,0,0,0,1,367604.9549,DS34,,,,,,,,,,,,,,,,,
5697.25142,0,0,0,0,0,0,1,367604.9549,DS34,,,,,,,,,,,,,,,,,
5698.25142,0,0,0,0,0,0,1,367604.9549,DS34,,,,,,,,,,,,,,,,,
5699.25142,0,0,0,0,0,0,1,367604.9549,DS34,,,,,,,,,,,,,,,,,
5700.25142,0,0,0,0,0,0,1,367604.9549,DS34,,,,,,,,,,,,,,,,,
5701.25142,0,0,0,0,0,0,1,367604.9549,DS34,,,,,,,,,,,,,,,,,
5702.25142,0,0,0,0,0,0,1,367604.9549,DS34,,,,,,,,,,,,,,,,,
5703.25142,0,0,0,0,0,0,1,367604.9549,DS34,,,,,,,,,,,,,,,,,
5704.25142,0,0,0,0,0,0,1,367604.9549,DS34,,,,,,,,,,,,,,,,,
5705.25142,0,0,0,0,0,0,1,367604.9549,DS34,,,,,,,,,,,,,,,,,
5706.25142,0,0,0,0,0,0,1,367604.9549,DS34,,,,,,,,,,,,,,,,,
5707.25142,0,0,0,0,0,0,1,367604.9549,DS34,,,,,,,,,,,,,,,,,
5708.25142,0,0,0,0,0,0,1,367604.9549,DS34,,,,,,,,,,,,,,,,,
5709.25142,0,0,0,0,0,0,1,367604.9549,DS34,,,,,,,,,,,,,,,,,
5710.25142,0,0,0,0,0,0,1,367604.9549,DS34,,,,,,,,,,,,,,,,,
5711.25142,0,0,0,0,0,0,1,367604.9549,DS34,,,,,,,,,,,,,,,,,
5712.25142,0,0,0,0,0,0,1,367604.9549,DS34,,,,,,,,,,,,,,,,,
5713.25142,0,0,0,0,0,0,1,367604.9549,DS34,,,,,,,,,,,,,,,,,
5714.25142,0,0,0,0,0,0,1,367604.9549,DS34,,,,,,,,,,,,,,,,,
5715.25142,0,0,0,0,0,0,1,367604.9549,DS34,,,,,,,,,,,,,,,,,
5716.25142,0,0,0,0,0,0,1,367604.9549,DS34,,,,,,,,,,,,,,,,,
5717.25142,0,0,0,0,0,0,1,367604.9549,DS34,,,,,,,,,,,,,,,,,
5718.25142,0,0,0,0,0,0,1,367604.9549,DS34,,,,,,,,,,,,,,,,,
5719.25142,0,0,0,0,0,0,1,367604.9549,DS34,,,,,,,,,,,,,,,,,
5720.25142,0,0,0,0,0,0,1,367604.9549,DS34,,,,,,,,,,,,,,,,,
5721.25142,0,0,0,0,0,0,1,367604.9549,DS34,,,,,,,,,,,,,,,,,
5722.25142,0,0,0,0,0,0,1,367604.9549,DS34,,,,,,,,,,,,,,,,,
5723.25142,0,0,0,0,0,0,1,367604.9549,DS34,,,,,,,,,,,,,,,,,
5724.25142,0,0,0,0,0,0,1,367604.9549,DS34,,,,,,,,,,,,,,,,,
5725.25142,0,0,0,0,0,0,1,367604.9549,DS34,,,,,,,,,,,,,,,,,
5726.25142,0,0,0,0,0,0,1,367604.9549,DS34,,,,,,,,,,,,,,,,,
5727.25142,0,0,0,0,0,0,1,367604.9549,DS34,,,,,,,,,,,,,,,,,
5728.25142,0,0,0,0,0,0,1,367604.9549,DS34,,,,,,,,,,,,,,,,,
5729.25142,0,0,0,0,0,0,1,367604.9549,DS34,,,,,,,,,,,,,,,,,
5730.25142,0,0,0,0,0,0,1,367604.9549,DS34,,,,,,,,,,,,,,,,,
5731.25142,0,0,0,0,0,0,1,367604.9549,DS34,,,,,,,,,,,,,,,,,
5732.25142,0,0,0,0,0,0,1,367604.9549,DS34,,,,,,,,,,,,,,,,,
5733.25142,0,0,0,0,0,0,1,367604.9549,DS34,,,,,,,,,,,,,,,,,
5734.25142,0,0,0,0,0,0,1,367604.9549,DS34,,,,,,,,,,,,,,,,,
5735.25142,0,0,0,0,0,0,1,367604.9549,DS34,,,,,,,,,,,,,,,,,
5736.25142,0,0,0,0,0,0,1,367604.9549,DS34,,,,,,,,,,,,,,,,,
5737.25142,0,0,0,0,0,0,1,367604.9549,DS34,,,,,,,,,,,,,,,,,
5738.25142,0,0,0,0,0,0,1,367604.9549,DS34,,,,,,,,,,,,,,,,,
5739.25142,0,0,0,0,0,0,1,367604.9549,DS34,,,,,,,,,,,,,,,,,
5740.25142,0,0,0,0,0,0,1,367604.9549,DS34,,,,,,,,,,,,,,,,,
5741.25142,0,0,0,0,0,0,1,367604.9549,DS34,,,,,,,,,,,,,,,,,
5742.25142,0,0,0,0,0,0,1,367604.9549,DS34,,,,,,,,,,,,,,,,,
5743.25142,0,0,0,0,0,0,1,367604.9549,DS34,,,,,,,,,,,,,,,,,
5744.25142,0,0,0,0,0,0,1,367604.9549,DS34,,,,,,,,,,,,,,,,,
5745.25142,0,0,0,0,0,0,1,367604.9549,DS34,,,,,,,,,,,,,,,,,
5746.25142,0,0,1,387434.3309,0,0,1,367604.9549,DS34,,,,,,,,,,,,,,,,,
5747.25142,0,0,1,387434.3309,0,0,1,367604.9549,DS34,,,,,,,,,,,,,,,,,
5748.25142,0,0,1,387434.3309,0,0,1,367604.9549,DS34,,,,,,,,,,,,,,,,,
5749.25142,0,0,1,387434.3309,0,0,1,367604.9549,DS34,,,,,,,,,,,,,,,,,
5750.25142,0,0,1,387434.3309,0,0,1,367604.9549,DS34,,,,,,,,,,,,,,,,,
5751.25142,0,0,1,387434.3309,0,0,1,367604.9549,DS34,,,,,,,,,,,,,,,,,
5752.25142,0,0,1,387434.3309,0,0,1,367604.9549,DS34,,,,,,,,,,,,,,,,,
5753.25142,0,0,1,387434.3309,0,0,1,367604.9549,DS34,,,,,,,,,,,,,,,,,
5754.25142,0,0,1,387434.3309,0,0,1,367604.9549,DS34,,,,,,,,,,,,,,,,,
5755.25142,0,0,1,387434.3309,0,0,1,367604.9549,DS34,,,,,,,,,,,,,,,,,
5756.25142,0,0,1,387434.3309,0,0,1,367604.9549,DS34,,,,,,,,,,,,,,,,,
5757.25142,0,0,1,387434.3309,0,0,1,367604.9549,DS34,,,,,,,,,,,,,,,,,
5758.25142,0,0,1,387434.3309,0,0,1,367604.9549,DS34,,,,,,,,,,,,,,,,,
5759.25142,0,0,1,387434.3309,0,0,1,367604.9549,DS34,,,,,,,,,,,,,,,,,
5760.25142,0,0,1,387434.3309,0,0,1,367604.9549,DS34,,,,,,,,,,,,,,,,,
5761.25142,0,0,1,387434.3309,0,0,1,367604.9549,DS34,,,,,,,,,,,,,,,,,
5762.25142,0,0,1,387434.3309,0,0,1,367604.9549,DS34,,,,,,,,,,,,,,,,,
5763.25142,0,0,1,387434.3309,0,0,1,367604.9549,DS34,,,,,,,,,,,,,,,,,
5764.25142,0,0,1,387434.3309,0,0,1,367604.9549,DS34,,,,,,,,,,,,,,,,,
5765.25142,0,0,1,387434.3309,0,0,0,0,DS54,,,,,,,,,,,,,,,,,
5766.25142,0,0,1,387434.3309,0,0,0,0,DS54,,,,,,,,,,,,,,,,,
5767.25142,0,0,1,387434.3309,0,0,0,0,DS54,,,,,,,,,,,,,,,,,
5768.25142,0,0,1,387434.3309,0,0,0,0,DS54,,,,,,,,,,,,,,,,,
5769.25142,0,0,1,387434.3309,0,0,0,0,DS54,,,,,,,,,,,,,,,,,
5770.25142,0,0,1,387434.3309,0,0,0,0,DS54,,,,,,,,,,,,,,,,,
5771.25142,0,0,1,387434.3309,0,0,0,0,DS54,,,,,,,,,,,,,,,,,
5772.25142,0,0,1,387434.3309,0,0,0,0,DS54,,,,,,,,,,,,,,,,,
5773.25142,0,0,1,387434.3309,0,0,0,0,DS54,,,,,,,,,,,,,,,,,
5774.25142,0,0,1,387434.3309,0,0,0,0,DS54,,,,,,,,,,,,,,,,,
5775.25142,0,0,1,387434.3309,0,0,0,0,DS54,,,,,,,,,,,,,,,,,
5776.25142,0,0,1,387434.3309,0,0,0,0,DS54,,,,,,,,,,,,,,,,,
5777.25142,0,0,1,387434.3309,0,0,0,0,DS54,,,,,,,,,,,,,,,,,
5778.25142,0,0,1,387434.3309,0,0,0,0,DS54,,,,,,,,,,,,,,,,,
5779.25142,0,0,1,387434.3309,0,0,0,0,DS54,,,,,,,,,,,,,,,,,
5780.25142,0,0,1,387434.3309,0,0,0,0,DS54,,,,,,,,,,,,,,,,,
5781.25142,0,0,1,387434.3309,0,0,0,0,DS54,,,,,,,,,,,,,,,,,
5782.25142,0,0,1,387434.3309,0,0,0,0,DS54,,,,,,,,,,,,,,,,,
5783.25142,0,0,1,387434.3309,0,0,0,0,DS54,,,,,,,,,,,,,,,,,
5784.25142,0,0,1,387434.3309,0,0,0,0,DS54,,,,,,,,,,,,,,,,,
5785.25142,0,0,1,387434.3309,0,0,0,0,DS54,,,,,,,,,,,,,,,,,
5786.25142,0,0,1,387434.3309,0,0,0,0,DS54,,,,,,,,,,,,,,,,,
5787.25142,0,0,1,387434.3309,0,0,0,0,DS54,,,,,,,,,,,,,,,,,
5788.25142,0,0,1,387434.3309,0,0,0,0,DS54,,,,,,,,,,,,,,,,,
5789.25142,0,0,1,387434.3309,0,0,0,0,DS54,,,,,,,,,,,,,,,,,
5790.25142,0,0,1,387434.3309,0,0,0,0,DS54,,,,,,,,,,,,,,,,,
5791.25142,0,0,1,387434.3309,0,0,0,0,DS54,,,,,,,,,,,,,,,,,
5792.25142,0,0,1,387434.3309,0,0,0,0,DS54,,,,,,,,,,,,,,,,,
5793.25142,0,0,1,387434.3309,0,0,0,0,DS54,,,,,,,,,,,,,,,,,
5794.25142,0,0,1,387434.3309,0,0,0,0,DS54,,,,,,,,,,,,,,,,,
5795.25142,0,0,1,387434.3309,0,0,0,0,DS54,,,,,,,,,,,,,,,,,
5796.25142,0,0,1,387434.3309,0,0,0,0,DS54,,,,,,,,,,,,,,,,,
5797.25142,0,0,1,387434.3309,0,0,0,0,DS54,,,,,,,,,,,,,,,,,
5798.25142,0,0,1,387434.3309,0,0,0,0,DS54,,,,,,,,,,,,,,,,,
5799.25142,0,0,1,387434.3309,0,0,0,0,DS54,,,,,,,,,,,,,,,,,
5800.25142,0,0,1,387434.3309,0,0,0,0,DS54,,,,,,,,,,,,,,,,,
5801.25142,0,0,1,387434.3309,0,0,0,0,DS54,,,,,,,,,,,,,,,,,
5802.25142,0,0,1,387434.3309,0,0,0,0,DS54,,,,,,,,,,,,,,,,,
5803.25142,0,0,1,387434.3309,0,0,0,0,DS54,,,,,,,,,,,,,,,,,
5804.25142,0,0,1,387434.3309,0,0,0,0,DS54,,,,,,,,,,,,,,,,,
5805.25142,0,0,1,387434.3309,0,0,0,0,DS54,,,,,,,,,,,,,,,,,
5806.25142,0,0,1,387434.3309,0,0,0,0,DS54,,,,,,,,,,,,,,,,,
5807.25142,0,0,1,387434.3309,0,0,0,0,DS54,,,,,,,,,,,,,,,,,
5808.25142,0,0,1,387434.3309,0,0,0,0,DS54,,,,,,,,,,,,,,,,,
5809.25142,0,0,1,387434.3309,0,0,0,0,DS54,,,,,,,,,,,,,,,,,
5810.25142,0,0,1,387434.3309,0,0,0,0,DS54,,,,,,,,,,,,,,,,,
5811.25142,0,0,1,387434.3309,0,0,0,0,DS54,,,,,,,,,,,,,,,,,
5812.25142,0,0,1,387434.3309,0,0,0,0,DS54,,,,,,,,,,,,,,,,,
5813.25142,0,0,1,387434.3309,0,0,0,0,DS54,,,,,,,,,,,,,,,,,
5814.25142,0,0,1,387434.3309,0,0,0,0,DS54,,,,,,,,,,,,,,,,,
5815.25142,0,0,1,387434.3309,0,0,0,0,DS54,,,,,,,,,,,,,,,,,
5816.25142,0,0,1,387434.3309,0,0,0,0,DS54,,,,,,,,,,,,,,,,,
5817.25142,0,0,1,387434.3309,0,0,0,0,DS54,,,,,,,,,,,,,,,,,
5818.25142,0,0,1,387434.3309,0,0,0,0,DS54,,,,,,,,,,,,,,,,,
5819.25142,0,0,1,387434.3309,0,0,0,0,DS54,,,,,,,,,,,,,,,,,
5820.25142,0,0,1,387434.3309,0,0,0,0,DS54,,,,,,,,,,,,,,,,,
5821.25142,0,0,1,387434.3309,0,0,0,0,DS54,,,,,,,,,,,,,,,,,
5822.25142,0,0,1,387434.3309,0,0,0,0,DS54,,,,,,,,,,,,,,,,,
5823.25142,0,0,1,387434.3309,0,0,0,0,DS54,,,,,,,,,,,,,,,,,
5824.25142,0,0,1,387434.3309,0,0,0,0,DS54,,,,,,,,,,,,,,,,,
5825.25142,0,0,1,387434.3309,0,0,0,0,DS54,,,,,,,,,,,,,,,,,
5826.25142,0,0,1,387434.3309,0,0,0,0,DS54,,,,,,,,,,,,,,,,,
5827.25142,0,0,1,387434.3309,0,0,0,0,DS54,,,,,,,,,,,,,,,,,
5828.25142,0,0,1,387434.3309,0,0,0,0,DS54,,,,,,,,,,,,,,,,,
5829.25142,0,0,1,387434.3309,0,0,0,0,DS54,,,,,,,,,,,,,,,,,
5830.25142,0,0,1,387434.3309,0,0,0,0,DS54,,,,,,,,,,,,,,,,,
5831.25142,0,0,1,387434.3309,0,0,0,0,DS54,,,,,,,,,,,,,,,,,
5832.25142,0,0,1,387434.3309,0,0,0,0,DS54,,,,,,,,,,,,,,,,,
5833.25142,0,0,1,387434.3309,0,0,0,0,DS54,,,,,,,,,,,,,,,,,
5834.25142,0,0,1,387434.3309,0,0,0,0,DS54,,,,,,,,,,,,,,,,,
5835.25142,0,0,1,387434.3309,0,0,0,0,DS54,,,,,,,,,,,,,,,,,
5836.25142,0,0,1,387434.3309,0,0,0,0,DS54,,,,,,,,,,,,,,,,,
5837.25142,0,0,1,387434.3309,0,0,0,0,DS54,,,,,,,,,,,,,,,,,
5838.25142,0,0,1,387434.3309,0,0,0,0,DS54,,,,,,,,,,,,,,,,,
5839.25142,0,0,1,387434.3309,0,0,0,0,DS54,,,,,,,,,,,,,,,,,
5840.25142,0,0,1,387434.3309,0,0,0,0,DS54,,,,,,,,,,,,,,,,,
5841.25142,0,0,1,387434.3309,0,0,0,0,DS54,,,,,,,,,,,,,,,,,
5842.25142,0,0,1,387434.3309,0,0,0,0,DS54,,,,,,,,,,,,,,,,,
5843.25142,0,0,1,387434.3309,0,0,0,0,DS54,,,,,,,,,,,,,,,,,
5844.25142,0,0,1,387434.3309,0,0,0,0,DS54,,,,,,,,,,,,,,,,,
5845.25142,0,0,1,387434.3309,0,0,0,0,DS54,,,,,,,,,,,,,,,,,
5846.25142,0,0,1,387434.3309,0,0,0,0,DS54,,,,,,,,,,,,,,,,,
5847.25142,0,0,1,387434.3309,0,0,0,0,DS54,,,,,,,,,,,,,,,,,
5848.25142,0,0,1,387434.3309,0,0,0,0,DS54,,,,,,,,,,,,,,,,,
5849.25142,0,0,1,387434.3309,0,0,0,0,DS54,,,,,,,,,,,,,,,,,
5850.25142,0,0,1,387434.3309,0,0,0,0,DS54,,,,,,,,,,,,,,,,,
5851.25142,0,0,1,387434.3309,0,0,0,0,DS54,,,,,,,,,,,,,,,,,
5852.25142,0,0,1,387434.3309,0,0,0,0,DS54,,,,,,,,,,,,,,,,,
5853.25142,0,0,1,387434.3309,0,0,0,0,DS54,,,,,,,,,,,,,,,,,
5854.25142,0,0,1,387434.3309,0,0,0,0,DS54,,,,,,,,,,,,,,,,,
5855.25142,0,0,1,387434.3309,0,0,0,0,DS54,,,,,,,,,,,,,,,,,
5856.25142,0,0,1,387434.3309,0,0,0,0,DS54,,,,,,,,,,,,,,,,,
5857.25142,0,0,1,387434.3309,0,0,0,0,DS54,,,,,,,,,,,,,,,,,
5858.25142,0,0,1,387434.3309,0,0,0,0,DS54,,,,,,,,,,,,,,,,,
5859.25142,0,0,1,387434.3309,0,0,0,0,DS54,,,,,,,,,,,,,,,,,
5860.25142,0,0,1,387434.3309,0,0,0,0,DS54,,,,,,,,,,,,,,,,,
5861.25142,0,0,1,387434.3309,0,0,0,0,DS54,,,,,,,,,,,,,,,,,
5862.25142,0,0,1,387434.3309,0,0,0,0,DS54,,,,,,,,,,,,,,,,,
5863.25142,0,0,1,387434.3309,0,0,0,0,DS54,,,,,,,,,,,,,,,,,
5864.25142,0,0,1,387434.3309,0,0,0,0,DS54,,,,,,,,,,,,,,,,,
5865.25142,0,0,1,387434.3309,0,0,0,0,DS54,,,,,,,,,,,,,,,,,
5866.25142,0,0,1,387434.3309,0,0,0,0,DS54,,,,,,,,,,,,,,,,,
5867.25142,0,0,1,387434.3309,0,0,0,0,DS54,,,,,,,,,,,,,,,,,
5868.25142,0,0,1,387434.3309,0,0,0,0,DS54,,,,,,,,,,,,,,,,,
5869.25142,0,0,1,387434.3309,0,0,0,0,DS54,,,,,,,,,,,,,,,,,
5870.25142,0,0,1,387434.3309,0,0,0,0,DS54,,,,,,,,,,,,,,,,,
5871.25142,0,0,1,387434.3309,0,0,0,0,DS54,,,,,,,,,,,,,,,,,
5872.25142,0,0,1,387434.3309,0,0,0,0,DS54,,,,,,,,,,,,,,,,,
5873.25142,0,0,1,387434.3309,0,0,0,0,DS54,,,,,,,,,,,,,,,,,
5874.25142,0,0,1,387434.3309,0,0,0,0,DS54,,,,,,,,,,,,,,,,,
5875.25142,0,0,1,387434.3309,0,0,0,0,DS54,,,,,,,,,,,,,,,,,
5876.25142,0,0,1,387434.3309,0,0,0,0,DS54,,,,,,,,,,,,,,,,,
5877.25142,0,0,1,387434.3309,0,0,0,0,DS54,,,,,,,,,,,,,,,,,
5878.25142,0,0,1,387434.3309,0,0,0,0,DS54,,,,,,,,,,,,,,,,,
5879.25142,0,0,1,387434.3309,0,0,0,0,DS54,,,,,,,,,,,,,,,,,
5880.25142,0,0,1,387434.3309,0,0,0,0,DS54,,,,,,,,,,,,,,,,,
5881.25142,0,0,1,387434.3309,0,0,0,0,DS54,,,,,,,,,,,,,,,,,
5882.25142,0,0,1,387434.3309,0,0,0,0,DS54,,,,,,,,,,,,,,,,,
5883.25142,0,0,1,387434.3309,0,0,0,0,DS54,,,,,,,,,,,,,,,,,
5884.25142,0,0,1,387434.3309,0,0,0,0,DS54,,,,,,,,,,,,,,,,,
5885.25142,0,0,1,387434.3309,0,0,0,0,DS54,,,,,,,,,,,,,,,,,
5886.25142,0,0,1,387434.3309,0,0,0,0,DS54,,,,,,,,,,,,,,,,,
5887.25142,0,0,1,387434.3309,0,0,0,0,DS54,,,,,,,,,,,,,,,,,
5888.25142,0,0,1,387434.3309,0,0,0,0,DS54,,,,,,,,,,,,,,,,,
5889.25142,0,0,1,387434.3309,0,0,0,0,DS54,,,,,,,,,,,,,,,,,
5890.25142,0,0,1,387434.3309,0,0,0,0,DS54,,,,,,,,,,,,,,,,,
5891.25142,0,0,1,387434.3309,0,0,0,0,DS54,,,,,,,,,,,,,,,,,
5892.25142,0,0,1,387434.3309,0,0,0,0,DS54,,,,,,,,,,,,,,,,,
5893.25142,0,0,1,387434.3309,0,0,0,0,DS54,,,,,,,,,,,,,,,,,
5894.25142,0,0,1,387434.3309,0,0,0,0,DS54,,,,,,,,,,,,,,,,,
5895.25142,0,0,1,387434.3309,0,0,0,0,DS54,,,,,,,,,,,,,,,,,
5896.25142,0,0,1,387434.3309,0,0,0,0,DS54,,,,,,,,,,,,,,,,,
5897.25142,0,0,1,387434.3309,0,0,0,0,DS54,,,,,,,,,,,,,,,,,
5898.25142,0,0,1,387434.3309,0,0,0,0,DS54,,,,,,,,,,,,,,,,,
5899.25142,0,0,1,387434.3309,0,0,0,0,DS54,,,,,,,,,,,,,,,,,
5900.25142,0,0,1,387434.3309,0,0,0,0,DS54,,,,,,,,,,,,,,,,,
5901.25142,0,0,1,387434.3309,0,0,0,0,DS54,,,,,,,,,,,,,,,,,
5902.25142,0,0,1,387434.3309,0,0,0,0,DS54,,,,,,,,,,,,,,,,,
5903.25142,0,0,1,387434.3309,0,0,0,0,DS54,,,,,,,,,,,,,,,,,
5904.25142,0,0,1,387434.3309,0,0,0,0,DS54,,,,,,,,,,,,,,,,,
5905.25142,0,0,1,387434.3309,0,0,0,0,DS54,,,,,,,,,,,,,,,,,
5906.25142,0,0,1,387434.3309,0,0,0,0,DS54,,,,,,,,,,,,,,,,,
5907.25142,0,0,1,387434.3309,0,0,0,0,DS54,,,,,,,,,,,,,,,,,
5908.25142,0,0,1,387434.3309,0,0,0,0,DS54,,,,,,,,,,,,,,,,,
5909.25142,0,0,1,387434.3309,0,0,0,0,DS54,,,,,,,,,,,,,,,,,
5910.25142,0,0,1,387434.3309,0,0,0,0,DS54,,,,,,,,,,,,,,,,,
5911.25142,0,0,1,387434.3309,0,0,0,0,DS54,,,,,,,,,,,,,,,,,
5912.25142,0,0,1,387434.3309,0,0,0,0,DS54,,,,,,,,,,,,,,,,,
5913.25142,0,0,1,387434.3309,0,0,0,0,DS54,,,,,,,,,,,,,,,,,
5914.25142,0,0,1,387434.3309,0,0,0,0,DS54,,,,,,,,,,,,,,,,,
5915.25142,0,0,1,387434.3309,0,0,0,0,DS54,,,,,,,,,,,,,,,,,
5916.25142,0,0,1,387434.3309,0,0,0,0,DS54,,,,,,,,,,,,,,,,,
5917.25142,0,0,1,387434.3309,0,0,0,0,DS54,,,,,,,,,,,,,,,,,
5918.25142,0,0,1,387434.3309,0,0,0,0,DS54,,,,,,,,,,,,,,,,,
5919.25142,0,0,1,387434.3309,0,0,0,0,DS54,,,,,,,,,,,,,,,,,
5920.25142,0,0,1,387434.3309,0,0,0,0,DS54,,,,,,,,,,,,,,,,,
5921.25142,0,0,1,387434.3309,0,0,0,0,DS54,,,,,,,,,,,,,,,,,
5922.25142,0,0,1,387434.3309,0,0,0,0,DS54,,,,,,,,,,,,,,,,,
5923.25142,0,0,1,387434.3309,0,0,0,0,DS54,,,,,,,,,,,,,,,,,
5924.25142,0,0,1,387434.3309,0,0,0,0,DS54,,,,,,,,,,,,,,,,,
5925.25142,0,0,1,387434.3309,0,0,0,0,DS54,,,,,,,,,,,,,,,,,
5926.25142,0,0,1,387434.3309,0,0,0,0,DS54,,,,,,,,,,,,,,,,,
5927.25142,0,0,1,387434.3309,0,0,0,0,DS54,,,,,,,,,,,,,,,,,
5928.25142,0,0,1,387434.3309,0,0,0,0,DS54,,,,,,,,,,,,,,,,,
5929.25142,0,0,1,387434.3309,0,0,0,0,DS54,,,,,,,,,,,,,,,,,
5930.25142,0,0,1,387434.3309,0,0,0,0,DS54,,,,,,,,,,,,,,,,,
5931.25142,0,0,1,387434.3309,0,0,0,0,DS54,,,,,,,,,,,,,,,,,
5932.25142,0,0,1,387434.3309,0,0,0,0,DS54,,,,,,,,,,,,,,,,,
5933.25142,0,0,1,387434.3309,0,0,0,0,DS54,,,,,,,,,,,,,,,,,
5934.25142,0,0,1,387434.3309,0,0,0,0,DS54,,,,,,,,,,,,,,,,,
5935.25142,0,0,1,387434.3309,0,0,0,0,DS54,,,,,,,,,,,,,,,,,
5936.25142,0,0,1,387434.3309,0,0,0,0,DS54,,,,,,,,,,,,,,,,,
5937.25142,0,0,1,387434.3309,0,0,0,0,DS54,,,,,,,,,,,,,,,,,
5938.25142,0,0,1,387434.3309,0,0,0,0,DS54,,,,,,,,,,,,,,,,,
5939.25142,0,0,1,387434.3309,0,0,0,0,DS54,,,,,,,,,,,,,,,,,
5940.25142,0,0,1,387434.3309,0,0,0,0,DS54,,,,,,,,,,,,,,,,,
5941.25142,0,0,1,387434.3309,0,0,0,0,DS54,,,,,,,,,,,,,,,,,
5942.25142,0,0,1,387434.3309,0,0,0,0,DS54,,,,,,,,,,,,,,,,,
5943.25142,0,0,1,387434.3309,0,0,0,0,DS54,,,,,,,,,,,,,,,,,
5944.25142,0,0,1,387434.3309,0,0,0,0,DS54,,,,,,,,,,,,,,,,,
5945.25142,0,0,1,387434.3309,0,0,0,0,DS54,,,,,,,,,,,,,,,,,
5946.25142,0,0,1,387434.3309,0,0,0,0,DS54,,,,,,,,,,,,,,,,,
5947.25142,0,0,1,387434.3309,0,0,0,0,DS54,,,,,,,,,,,,,,,,,
5948.25142,0,0,1,387434.3309,0,0,0,0,DS54,,,,,,,,,,,,,,,,,
5949.25142,0,0,1,387434.3309,0,0,0,0,DS54,,,,,,,,,,,,,,,,,
5950.25142,0,0,1,387434.3309,0,0,0,0,DS54,,,,,,,,,,,,,,,,,
5951.25142,0,0,1,387434.3309,0,0,0,0,DS54,,,,,,,,,,,,,,,,,
5952.25142,0,0,1,387434.3309,0,0,0,0,DS54,,,,,,,,,,,,,,,,,
5953.25142,0,0,1,387434.3309,0,0,0,0,DS54,,,,,,,,,,,,,,,,,
5954.25142,0,0,1,387434.3309,0,0,0,0,DS54,,,,,,,,,,,,,,,,,
5955.25142,0,0,1,387434.3309,0,0,0,0,DS54,,,,,,,,,,,,,,,,,
5956.25142,0,0,1,387434.3309,0,0,0,0,DS54,,,,,,,,,,,,,,,,,
5957.25142,0,0,1,387434.3309,0,0,0,0,DS54,,,,,,,,,,,,,,,,,
5958.25142,0,0,1,387434.3309,0,0,0,0,DS54,,,,,,,,,,,,,,,,,
5959.25142,0,0,1,387434.3309,0,0,0,0,DS54,,,,,,,,,,,,,,,,,
5960.25142,0,0,1,387434.3309,0,0,0,0,DS54,,,,,,,,,,,,,,,,,
5961.25142,0,0,1,387434.3309,0,0,0,0,DS54,,,,,,,,,,,,,,,,,
5962.25142,0,0,1,387434.3309,0,0,0,0,DS54,,,,,,,,,,,,,,,,,
5963.25142,0,0,1,387434.3309,0,0,0,0,DS54,,,,,,,,,,,,,,,,,
5964.25142,0,0,1,387434.3309,0,0,0,0,DS54,,,,,,,,,,,,,,,,,
5965.25142,0,0,1,387434.3309,0,0,0,0,DS54,,,,,,,,,,,,,,,,,
5966.25142,0,0,1,387434.3309,0,0,0,0,DS54,,,,,,,,,,,,,,,,,
5967.25142,0,0,1,387434.3309,0,0,0,0,DS54,,,,,,,,,,,,,,,,,
5968.25142,0,0,1,387434.3309,0,0,0,0,DS54,,,,,,,,,,,,,,,,,
5969.25142,0,0,1,387434.3309,0,0,0,0,DS54,,,,,,,,,,,,,,,,,
5970.25142,0,0,1,387434.3309,0,0,0,0,DS54,,,,,,,,,,,,,,,,,
5971.25142,0,0,1,387434.3309,0,0,0,0,DS54,,,,,,,,,,,,,,,,,
5972.25142,0,0,1,387434.3309,0,0,0,0,DS54,,,,,,,,,,,,,,,,,
5973.25142,0,0,1,387434.3309,0,0,0,0,DS54,,,,,,,,,,,,,,,,,
5974.25142,0,0,1,387434.3309,0,0,0,0,DS54,,,,,,,,,,,,,,,,,
5975.25142,0,0,1,387434.3309,0,0,0,0,DS54,,,,,,,,,,,,,,,,,
5976.25142,0,0,1,387434.3309,0,0,0,0,DS54,,,,,,,,,,,,,,,,,
5977.25142,0,0,1,387434.3309,0,0,0,0,DS54,,,,,,,,,,,,,,,,,
5978.25142,0,0,1,387434.3309,0,0,0,0,DS54,,,,,,,,,,,,,,,,,
5979.25142,0,0,1,387434.3309,0,0,0,0,DS54,,,,,,,,,,,,,,,,,
5980.25142,0,0,1,387434.3309,0,0,0,0,DS54,,,,,,,,,,,,,,,,,
5981.25142,0,0,1,387434.3309,0,0,0,0,DS54,,,,,,,,,,,,,,,,,
5982.25142,0,0,1,387434.3309,0,0,0,0,DS54,,,,,,,,,,,,,,,,,
5983.25142,0,0,1,387434.3309,0,0,0,0,DS54,,,,,,,,,,,,,,,,,
5984.25142,0,0,1,387434.3309,0,0,0,0,DS54,,,,,,,,,,,,,,,,,
5985.25142,0,0,1,387434.3309,0,0,0,0,DS54,,,,,,,,,,,,,,,,,
5986.25142,0,0,1,387434.3309,0,0,0,0,DS54,,,,,,,,,,,,,,,,,
5987.25142,0,0,1,387434.3309,0,0,0,0,DS54,,,,,,,,,,,,,,,,,
5988.25142,0,0,1,387434.3309,0,0,0,0,DS54,,,,,,,,,,,,,,,,,
5989.25142,0,0,1,387434.3309,0,0,0,0,DS54,,,,,,,,,,,,,,,,,
5990.25142,0,0,1,387434.3309,0,0,0,0,DS54,,,,,,,,,,,,,,,,,
5991.25142,0,0,1,387434.3309,0,0,0,0,DS54,,,,,,,,,,,,,,,,,
5992.25142,0,0,1,387434.3309,0,0,0,0,DS54,,,,,,,,,,,,,,,,,
5993.25142,0,0,1,387434.3309,0,0,0,0,DS54,,,,,,,,,,,,,,,,,
5994.25142,0,0,1,387434.3309,0,0,0,0,DS54,,,,,,,,,,,,,,,,,
5995.25142,0,0,1,387434.3309,0,0,0,0,DS54,,,,,,,,,,,,,,,,,
5996.25142,0,0,1,387434.3309,0,0,0,0,DS54,,,,,,,,,,,,,,,,,
5997.25142,0,0,1,387434.3309,0,0,0,0,DS54,,,,,,,,,,,,,,,,,
5998.25142,0,0,1,387434.3309,0,0,0,0,DS54,,,,,,,,,,,,,,,,,
5999.25142,0,0,1,387434.3309,0,0,0,0,DS54,,,,,,,,,,,,,,,,,
6000.25142,0,0,1,387434.3309,0,0,0,0,DS54,,,,,,,,,,,,,,,,,
6001.25142,0,0,1,387434.3309,0,0,0,0,DS54,,,,,,,,,,,,,,,,,
6002.25142,1,397486.5289,1,387434.3309,0,0,0,0,DS54,,,,,,,,,,,,,,,,,
6003.25142,1,397486.5289,1,387434.3309,0,0,0,0,DS54,,,,,,,,,,,,,,,,,
6004.25142,1,397486.5289,1,387434.3309,0,0,0,0,DS54,,,,,,,,,,,,,,,,,
6005.25142,1,397486.5289,1,387434.3309,0,0,0,0,DS54,,,,,,,,,,,,,,,,,
6006.25142,1,397486.5289,1,387434.3309,0,0,0,0,DS54,,,,,,,,,,,,,,,,,
6007.25142,1,397486.5289,1,387434.3309,0,0,0,0,DS54,,,,,,,,,,,,,,,,,
6008.25142,1,397486.5289,1,387434.3309,0,0,0,0,DS54,,,,,,,,,,,,,,,,,
6009.25142,1,397486.5289,1,387434.3309,0,0,0,0,DS54,,,,,,,,,,,,,,,,,
6010.25142,1,397486.5289,1,387434.3309,0,0,0,0,DS54,,,,,,,,,,,,,,,,,
6011.25142,1,397486.5289,1,387434.3309,0,0,0,0,DS54,,,,,,,,,,,,,,,,,
6012.25142,1,397486.5289,1,387434.3309,0,0,0,0,DS54,,,,,,,,,,,,,,,,,
6013.25142,1,397486.5289,1,387434.3309,0,0,0,0,DS54,,,,,,,,,,,,,,,,,
6014.25142,1,397486.5289,1,387434.3309,0,0,0,0,DS54,,,,,,,,,,,,,,,,,
6015.25142,1,397486.5289,1,387434.3309,0,0,0,0,DS54,,,,,,,,,,,,,,,,,
6016.25142,1,397486.5289,1,387434.3309,0,0,0,0,DS54,,,,,,,,,,,,,,,,,
6017.25142,1,397486.5289,1,387434.3309,0,0,0,0,DS54,,,,,,,,,,,,,,,,,
6018.25142,1,397486.5289,1,387434.3309,0,0,0,0,DS54,,,,,,,,,,,,,,,,,
6019.25142,1,397486.5289,1,387434.3309,0,0,0,0,DS54,,,,,,,,,,,,,,,,,
6020.25142,1,397486.5289,1,387434.3309,0,0,0,0,DS54,,,,,,,,,,,,,,,,,
6021.25142,1,397486.5289,1,387434.3309,0,0,0,0,DS54,,,,,,,,,,,,,,,,,
6022.25142,1,397486.5289,1,387434.3309,0,0,0,0,DS54,,,,,,,,,,,,,,,,,
6023.25142,1,397486.5289,1,387434.3309,0,0,0,0,DS54,,,,,,,,,,,,,,,,,
6024.25142,1,397486.5289,1,387434.3309,0,0,0,0,DS54,,,,,,,,,,,,,,,,,
6025.25142,1,397486.5289,1,387434.3309,0,0,0,0,DS54,,,,,,,,,,,,,,,,,
6026.25142,1,397486.5289,1,387434.3309,0,0,0,0,DS54,,,,,,,,,,,,,,,,,
6027.25142,1,397486.5289,1,387434.3309,0,0,0,0,DS54,,,,,,,,,,,,,,,,,
6028.25142,1,397486.5289,1,387434.3309,0,0,0,0,DS54,,,,,,,,,,,,,,,,,
6029.25142,1,397486.5289,1,387434.3309,0,0,0,0,DS54,,,,,,,,,,,,,,,,,
6030.25142,1,397486.5289,1,387434.3309,0,0,0,0,DS54,,,,,,,,,,,,,,,,,
6031.25142,1,397486.5289,1,387434.3309,0,0,0,0,DS54,,,,,,,,,,,,,,,,,
6032.25142,1,397486.5289,1,387434.3309,0,0,0,0,DS54,,,,,,,,,,,,,,,,,
6033.25142,1,397486.5289,1,387434.3309,0,0,0,0,DS54,,,,,,,,,,,,,,,,,
6034.25142,1,397486.5289,1,387434.3309,0,0,0,0,DS54,,,,,,,,,,,,,,,,,
6035.25142,1,397486.5289,1,387434.3309,0,0,0,0,DS54,,,,,,,,,,,,,,,,,
6036.25142,1,397486.5289,1,387434.3309,0,0,0,0,DS54,,,,,,,,,,,,,,,,,
6037.25142,1,397486.5289,1,387434.3309,0,0,0,0,DS54,,,,,,,,,,,,,,,,,
6038.25142,1,397486.5289,1,387434.3309,0,0,0,0,DS54,,,,,,,,,,,,,,,,,
6039.25142,1,397486.5289,1,387434.3309,0,0,0,0,DS54,,,,,,,,,,,,,,,,,
6040.25142,1,397486.5289,1,387434.3309,0,0,0,0,DS54,,,,,,,,,,,,,,,,,
6041.25142,1,397486.5289,1,387434.3309,0,0,0,0,DS54,,,,,,,,,,,,,,,,,
6042.25142,1,397486.5289,1,387434.3309,0,0,0,0,DS54,,,,,,,,,,,,,,,,,
6043.25142,1,397486.5289,1,387434.3309,0,0,0,0,DS54,,,,,,,,,,,,,,,,,
6044.25142,1,397486.5289,1,387434.3309,0,0,0,0,DS54,,,,,,,,,,,,,,,,,
6045.25142,1,397486.5289,1,387434.3309,0,0,0,0,DS54,,,,,,,,,,,,,,,,,
6046.25142,1,397486.5289,1,387434.3309,0,0,0,0,DS54,,,,,,,,,,,,,,,,,
6047.25142,1,397486.5289,1,387434.3309,0,0,0,0,DS54,,,,,,,,,,,,,,,,,
6048.25142,1,397486.5289,1,387434.3309,0,0,0,0,DS54,,,,,,,,,,,,,,,,,
6049.25142,1,397486.5289,1,387434.3309,0,0,0,0,DS54,,,,,,,,,,,,,,,,,
6050.25142,1,397486.5289,1,387434.3309,0,0,0,0,DS54,,,,,,,,,,,,,,,,,
6051.25142,1,397486.5289,1,387434.3309,0,0,0,0,DS54,,,,,,,,,,,,,,,,,
6052.25142,1,397486.5289,1,387434.3309,0,0,0,0,DS54,,,,,,,,,,,,,,,,,
6053.25142,1,397486.5289,1,387434.3309,0,0,0,0,DS54,,,,,,,,,,,,,,,,,
6054.25142,1,397486.5289,1,387434.3309,0,0,0,0,DS54,,,,,,,,,,,,,,,,,
6055.25142,1,397486.5289,1,387434.3309,0,0,0,0,DS54,,,,,,,,,,,,,,,,,
6056.25142,1,397486.5289,1,387434.3309,0,0,0,0,DS54,,,,,,,,,,,,,,,,,
6057.25142,1,397486.5289,1,387434.3309,0,0,0,0,DS54,,,,,,,,,,,,,,,,,
6058.25142,1,397486.5289,1,387434.3309,0,0,0,0,DS54,,,,,,,,,,,,,,,,,
6059.25142,1,397486.5289,1,387434.3309,0,0,0,0,DS54,,,,,,,,,,,,,,,,,
6060.25142,1,397486.5289,1,387434.3309,0,0,0,0,DS54,,,,,,,,,,,,,,,,,
6061.25142,1,397486.5289,1,387434.3309,0,0,0,0,DS54,,,,,,,,,,,,,,,,,
6062.25142,1,397486.5289,1,387434.3309,0,0,0,0,DS54,,,,,,,,,,,,,,,,,
6063.25142,1,397486.5289,1,387434.3309,0,0,0,0,DS54,,,,,,,,,,,,,,,,,
6064.25142,1,397486.5289,1,387434.3309,0,0,0,0,DS54,,,,,,,,,,,,,,,,,
6065.25142,1,397486.5289,1,387434.3309,0,0,0,0,DS54,,,,,,,,,,,,,,,,,
6066.25142,1,397486.5289,1,387434.3309,0,0,0,0,DS54,,,,,,,,,,,,,,,,,
6067.25142,1,397486.5289,1,387434.3309,0,0,0,0,DS54,,,,,,,,,,,,,,,,,
6068.25142,1,397486.5289,1,387434.3309,0,0,0,0,DS54,,,,,,,,,,,,,,,,,
6069.25142,1,397486.5289,1,387434.3309,0,0,0,0,DS54,,,,,,,,,,,,,,,,,
6070.25142,1,397486.5289,1,387434.3309,0,0,0,0,DS54,,,,,,,,,,,,,,,,,
6071.25142,1,397486.5289,1,387434.3309,0,0,0,0,DS54,,,,,,,,,,,,,,,,,
6072.25142,1,397486.5289,1,387434.3309,0,0,0,0,DS54,,,,,,,,,,,,,,,,,
6073.25142,1,397486.5289,1,387434.3309,0,0,0,0,DS54,,,,,,,,,,,,,,,,,
6074.25142,1,397486.5289,1,387434.3309,0,0,0,0,DS54,,,,,,,,,,,,,,,,,
6075.25142,1,397486.5289,1,387434.3309,0,0,0,0,DS54,,,,,,,,,,,,,,,,,
6076.25142,1,397486.5289,1,387434.3309,0,0,0,0,DS54,,,,,,,,,,,,,,,,,
6077.25142,1,397486.5289,1,387434.3309,0,0,0,0,DS54,,,,,,,,,,,,,,,,,
6078.25142,1,397486.5289,1,387434.3309,0,0,0,0,DS54,,,,,,,,,,,,,,,,,
6079.25142,1,397486.5289,1,387434.3309,0,0,0,0,DS54,,,,,,,,,,,,,,,,,
6080.25142,1,397486.5289,1,387434.3309,0,0,0,0,DS54,,,,,,,,,,,,,,,,,
6081.25142,1,397486.5289,1,387434.3309,0,0,0,0,DS54,,,,,,,,,,,,,,,,,
6082.25142,1,397486.5289,1,387434.3309,0,0,0,0,DS54,,,,,,,,,,,,,,,,,
6083.25142,1,397486.5289,1,387434.3309,0,0,0,0,DS54,,,,,,,,,,,,,,,,,
6084.25142,1,397486.5289,1,387434.3309,0,0,0,0,DS54,,,,,,,,,,,,,,,,,
6085.25142,1,397486.5289,1,387434.3309,0,0,0,0,DS54,,,,,,,,,,,,,,,,,
6086.25142,1,397486.5289,1,387434.3309,0,0,0,0,DS54,,,,,,,,,,,,,,,,,
6087.25142,1,397486.5289,1,387434.3309,0,0,0,0,DS54,,,,,,,,,,,,,,,,,
6088.25142,1,397486.5289,1,387434.3309,0,0,0,0,DS54,,,,,,,,,,,,,,,,,
6089.25142,1,397486.5289,1,387434.3309,0,0,0,0,DS54,,,,,,,,,,,,,,,,,
6090.25142,1,397486.5289,1,387434.3309,0,0,0,0,DS54,,,,,,,,,,,,,,,,,
6091.25142,1,397486.5289,1,387434.3309,0,0,0,0,DS54,,,,,,,,,,,,,,,,,
6092.25142,1,397486.5289,1,387434.3309,0,0,0,0,DS54,,,,,,,,,,,,,,,,,
6093.25142,1,397486.5289,1,387434.3309,0,0,0,0,DS54,,,,,,,,,,,,,,,,,
6094.25142,1,397486.5289,1,387434.3309,0,0,0,0,DS54,,,,,,,,,,,,,,,,,
6095.25142,1,397486.5289,1,387434.3309,0,0,0,0,DS54,,,,,,,,,,,,,,,,,
6096.25142,1,397486.5289,1,387434.3309,0,0,0,0,DS54,,,,,,,,,,,,,,,,,
6097.25142,1,397486.5289,1,387434.3309,0,0,0,0,DS54,,,,,,,,,,,,,,,,,
6098.25142,1,397486.5289,1,387434.3309,0,0,0,0,DS54,,,,,,,,,,,,,,,,,
6099.25142,1,397486.5289,1,387434.3309,0,0,0,0,DS54,,,,,,,,,,,,,,,,,
6100.25142,1,397486.5289,1,387434.3309,0,0,0,0,DS54,,,,,,,,,,,,,,,,,
6101.25142,1,397486.5289,1,387434.3309,0,0,0,0,DS54,,,,,,,,,,,,,,,,,
6102.25142,1,397486.5289,1,387434.3309,0,0,0,0,DS54,,,,,,,,,,,,,,,,,
6103.25142,1,397486.5289,1,387434.3309,0,0,0,0,DS54,,,,,,,,,,,,,,,,,
6104.25142,1,397486.5289,1,387434.3309,0,0,0,0,DS54,,,,,,,,,,,,,,,,,
6105.25142,1,397486.5289,1,387434.3309,0,0,0,0,DS54,,,,,,,,,,,,,,,,,
6106.25142,1,397486.5289,1,387434.3309,0,0,0,0,DS54,,,,,,,,,,,,,,,,,
6107.25142,1,397486.5289,1,387434.3309,0,0,0,0,DS54,,,,,,,,,,,,,,,,,
6108.25142,1,397486.5289,1,387434.3309,0,0,0,0,DS54,,,,,,,,,,,,,,,,,
6109.25142,1,397486.5289,1,387434.3309,0,0,0,0,DS54,,,,,,,,,,,,,,,,,
6110.25142,1,397486.5289,1,387434.3309,0,0,0,0,DS54,,,,,,,,,,,,,,,,,
6111.25142,1,397486.5289,1,387434.3309,0,0,0,0,DS54,,,,,,,,,,,,,,,,,
6112.25142,1,397486.5289,1,387434.3309,0,0,0,0,DS54,,,,,,,,,,,,,,,,,
6113.25142,1,397486.5289,1,387434.3309,0,0,0,0,DS54,,,,,,,,,,,,,,,,,
6114.25142,1,397486.5289,1,387434.3309,0,0,0,0,DS54,,,,,,,,,,,,,,,,,
6115.25142,1,397486.5289,1,387434.3309,0,0,0,0,DS54,,,,,,,,,,,,,,,,,
6116.25142,1,397486.5289,1,387434.3309,0,0,0,0,DS54,,,,,,,,,,,,,,,,,
6117.25142,1,397486.5289,1,387434.3309,0,0,0,0,DS54,,,,,,,,,,,,,,,,,
6118.25142,1,397486.5289,1,387434.3309,0,0,0,0,DS54,,,,,,,,,,,,,,,,,
6119.25142,1,397486.5289,1,387434.3309,0,0,0,0,DS54,,,,,,,,,,,,,,,,,
6120.25142,1,397486.5289,1,387434.3309,0,0,0,0,DS54,,,,,,,,,,,,,,,,,
6121.25142,1,397486.5289,1,387434.3309,0,0,0,0,DS54,,,,,,,,,,,,,,,,,
6122.25142,1,397486.5289,1,387434.3309,0,0,0,0,DS54,,,,,,,,,,,,,,,,,
6123.25142,1,397486.5289,1,387434.3309,0,0,0,0,DS54,,,,,,,,,,,,,,,,,
6124.25142,1,397486.5289,1,387434.3309,0,0,0,0,DS54,,,,,,,,,,,,,,,,,
6125.25142,1,397486.5289,1,387434.3309,0,0,0,0,DS54,,,,,,,,,,,,,,,,,
6126.25142,1,397486.5289,1,387434.3309,0,0,0,0,DS54,,,,,,,,,,,,,,,,,
6127.25142,1,397486.5289,1,387434.3309,0,0,0,0,DS54,,,,,,,,,,,,,,,,,
6128.25142,1,397486.5289,1,387434.3309,0,0,0,0,DS54,,,,,,,,,,,,,,,,,
6129.25142,1,397486.5289,1,387434.3309,0,0,0,0,DS54,,,,,,,,,,,,,,,,,
6130.25142,1,397486.5289,1,387434.3309,0,0,0,0,DS54,,,,,,,,,,,,,,,,,
6131.25142,1,397486.5289,1,387434.3309,0,0,0,0,DS54,,,,,,,,,,,,,,,,,
6132.25142,1,397486.5289,1,387434.3309,0,0,0,0,DS54,,,,,,,,,,,,,,,,,
6133.25142,1,397486.5289,1,387434.3309,0,0,0,0,DS54,,,,,,,,,,,,,,,,,
6134.25142,1,397486.5289,1,387434.3309,0,0,0,0,DS54,,,,,,,,,,,,,,,,,
6135.25142,1,397486.5289,1,387434.3309,0,0,0,0,DS54,,,,,,,,,,,,,,,,,
6136.25142,1,397486.5289,1,387434.3309,0,0,0,0,DS54,,,,,,,,,,,,,,,,,
6137.25142,1,397486.5289,1,387434.3309,0,0,0,0,DS54,,,,,,,,,,,,,,,,,
6138.25142,1,397486.5289,1,387434.3309,0,0,0,0,DS54,,,,,,,,,,,,,,,,,
6139.25142,1,397486.5289,1,387434.3309,0,0,0,0,DS54,,,,,,,,,,,,,,,,,
6140.25142,1,397486.5289,1,387434.3309,0,0,0,0,DS54,,,,,,,,,,,,,,,,,
6141.25142,1,397486.5289,1,387434.3309,0,0,0,0,DS54,,,,,,,,,,,,,,,,,
6142.25142,1,397486.5289,1,387434.3309,0,0,0,0,DS54,,,,,,,,,,,,,,,,,
6143.25142,1,397486.5289,1,387434.3309,0,0,0,0,DS54,,,,,,,,,,,,,,,,,
6144.25142,1,397486.5289,1,387434.3309,0,0,0,0,DS54,,,,,,,,,,,,,,,,,
6145.25142,1,397486.5289,1,387434.3309,0,0,0,0,DS54,,,,,,,,,,,,,,,,,
6146.25142,1,397486.5289,1,387434.3309,0,0,0,0,DS54,,,,,,,,,,,,,,,,,
6147.25142,1,397486.5289,1,387434.3309,0,0,0,0,DS54,,,,,,,,,,,,,,,,,
6148.25142,1,397486.5289,1,387434.3309,0,0,0,0,DS54,,,,,,,,,,,,,,,,,
6149.25142,1,397486.5289,1,387434.3309,0,0,0,0,DS54,,,,,,,,,,,,,,,,,
6150.25142,1,397486.5289,1,387434.3309,0,0,0,0,DS54,,,,,,,,,,,,,,,,,
6151.25142,1,397486.5289,1,387434.3309,0,0,0,0,DS54,,,,,,,,,,,,,,,,,
6152.25142,1,397486.5289,1,387434.3309,0,0,0,0,DS54,,,,,,,,,,,,,,,,,
6153.25142,1,397486.5289,1,387434.3309,0,0,0,0,DS54,,,,,,,,,,,,,,,,,
6154.25142,1,397486.5289,1,387434.3309,0,0,0,0,DS54,,,,,,,,,,,,,,,,,
6155.25142,1,397486.5289,1,387434.3309,0,0,0,0,DS54,,,,,,,,,,,,,,,,,
6156.25142,1,397486.5289,1,387434.3309,0,0,0,0,DS54,,,,,,,,,,,,,,,,,
6157.25142,1,397486.5289,1,387434.3309,0,0,0,0,DS54,,,,,,,,,,,,,,,,,
6158.25142,1,397486.5289,1,387434.3309,0,0,0,0,DS54,,,,,,,,,,,,,,,,,
6159.25142,1,397486.5289,1,387434.3309,0,0,0,0,DS54,,,,,,,,,,,,,,,,,
6160.25142,1,397486.5289,1,387434.3309,0,0,0,0,DS54,,,,,,,,,,,,,,,,,
6161.25142,1,397486.5289,1,387434.3309,0,0,0,0,DS54,,,,,,,,,,,,,,,,,
6162.25142,1,397486.5289,1,387434.3309,0,0,0,0,DS54,,,,,,,,,,,,,,,,,
6163.25142,1,397486.5289,1,387434.3309,0,0,0,0,DS54,,,,,,,,,,,,,,,,,
6164.25142,1,397486.5289,1,387434.3309,0,0,0,0,DS54,,,,,,,,,,,,,,,,,
6165.25142,1,397486.5289,1,387434.3309,0,0,0,0,DS54,,,,,,,,,,,,,,,,,
6166.25142,1,397486.5289,1,387434.3309,0,0,0,0,DS54,,,,,,,,,,,,,,,,,
6167.25142,1,397486.5289,1,387434.3309,0,0,0,0,DS54,,,,,,,,,,,,,,,,,
6168.25142,1,397486.5289,1,387434.3309,0,0,0,0,DS54,,,,,,,,,,,,,,,,,
6169.25142,1,397486.5289,1,387434.3309,0,0,0,0,DS54,,,,,,,,,,,,,,,,,
6170.25142,1,397486.5289,1,387434.3309,0,0,0,0,DS54,,,,,,,,,,,,,,,,,
6171.25142,1,397486.5289,1,387434.3309,0,0,0,0,DS54,,,,,,,,,,,,,,,,,
6172.25142,1,397486.5289,1,387434.3309,0,0,0,0,DS54,,,,,,,,,,,,,,,,,
6173.25142,1,397486.5289,1,387434.3309,0,0,0,0,DS54,,,,,,,,,,,,,,,,,
6174.25142,1,397486.5289,1,387434.3309,0,0,0,0,DS54,,,,,,,,,,,,,,,,,
6175.25142,1,397486.5289,1,387434.3309,0,0,0,0,DS54,,,,,,,,,,,,,,,,,
6176.25142,1,397486.5289,1,387434.3309,0,0,0,0,DS54,,,,,,,,,,,,,,,,,
6177.25142,1,397486.5289,1,387434.3309,0,0,0,0,DS54,,,,,,,,,,,,,,,,,
6178.25142,1,397486.5289,1,387434.3309,0,0,0,0,DS54,,,,,,,,,,,,,,,,,
6179.25142,1,397486.5289,1,387434.3309,0,0,0,0,DS54,,,,,,,,,,,,,,,,,
6180.25142,1,397486.5289,1,387434.3309,0,0,0,0,DS54,,,,,,,,,,,,,,,,,
6181.25142,1,397486.5289,1,387434.3309,0,0,0,0,DS54,,,,,,,,,,,,,,,,,
6182.25142,1,397486.5289,1,387434.3309,0,0,0,0,DS54,,,,,,,,,,,,,,,,,
6183.25142,1,397486.5289,1,387434.3309,0,0,0,0,DS54,,,,,,,,,,,,,,,,,
6184.25142,1,397486.5289,1,387434.3309,0,0,0,0,DS54,,,,,,,,,,,,,,,,,
6185.25142,1,397486.5289,1,387434.3309,0,0,0,0,DS54,,,,,,,,,,,,,,,,,
6186.25142,1,397486.5289,1,387434.3309,0,0,0,0,DS54,,,,,,,,,,,,,,,,,
6187.25142,1,397486.5289,1,387434.3309,0,0,0,0,DS54,,,,,,,,,,,,,,,,,
6188.25142,1,397486.5289,1,387434.3309,0,0,0,0,DS54,,,,,,,,,,,,,,,,,
6189.25142,1,397486.5289,1,387434.3309,0,0,0,0,DS54,,,,,,,,,,,,,,,,,
6190.25142,1,397486.5289,1,387434.3309,1,402361.8948,0,0,DS54,,,,,,,,,,,,,,,,,
6191.25142,1,397486.5289,1,387434.3309,1,402361.8948,0,0,DS54,,,,,,,,,,,,,,,,,
6192.25142,1,397486.5289,1,387434.3309,1,402361.8948,0,0,DS54,,,,,,,,,,,,,,,,,
6193.25142,1,397486.5289,1,387434.3309,1,402361.8948,0,0,DS54,,,,,,,,,,,,,,,,,
6194.25142,1,397486.5289,1,387434.3309,1,402361.8948,0,0,DS54,,,,,,,,,,,,,,,,,
6195.25142,1,397486.5289,1,387434.3309,1,402361.8948,0,0,DS54,,,,,,,,,,,,,,,,,
6196.25142,1,397486.5289,1,387434.3309,1,402361.8948,0,0,DS54,,,,,,,,,,,,,,,,,
6197.25142,1,397486.5289,1,387434.3309,1,402361.8948,0,0,DS54,,,,,,,,,,,,,,,,,
6198.25142,1,397486.5289,1,387434.3309,1,402361.8948,0,0,DS54,,,,,,,,,,,,,,,,,
6199.25142,1,397486.5289,1,387434.3309,1,402361.8948,0,0,DS54,,,,,,,,,,,,,,,,,
6200.25142,1,397486.5289,1,387434.3309,1,402361.8948,0,0,DS54,,,,,,,,,,,,,,,,,
6201.25142,1,397486.5289,1,387434.3309,1,402361.8948,0,0,DS54,,,,,,,,,,,,,,,,,
6202.25142,1,397486.5289,1,387434.3309,1,402361.8948,0,0,DS54,,,,,,,,,,,,,,,,,
6203.25142,1,397486.5289,1,387434.3309,1,402361.8948,0,0,DS54,,,,,,,,,,,,,,,,,
6204.25142,1,397486.5289,1,387434.3309,1,402361.8948,0,0,DS54,,,,,,,,,,,,,,,,,
6205.25142,1,397486.5289,1,387434.3309,1,402361.8948,0,0,DS54,,,,,,,,,,,,,,,,,
6206.25142,1,397486.5289,1,387434.3309,1,402361.8948,0,0,DS54,,,,,,,,,,,,,,,,,
6207.25142,1,397486.5289,1,387434.3309,1,402361.8948,0,0,DS54,,,,,,,,,,,,,,,,,
6208.25142,1,397486.5289,1,387434.3309,1,402361.8948,0,0,DS54,,,,,,,,,,,,,,,,,
6209.25142,1,397486.5289,1,387434.3309,1,402361.8948,0,0,DS54,,,,,,,,,,,,,,,,,
6210.25142,1,397486.5289,1,387434.3309,1,402361.8948,0,0,DS54,,,,,,,,,,,,,,,,,
6211.25142,1,397486.5289,1,387434.3309,1,402361.8948,0,0,DS54,,,,,,,,,,,,,,,,,
6212.25142,1,397486.5289,1,387434.3309,1,402361.8948,0,0,DS54,,,,,,,,,,,,,,,,,
6213.25142,1,397486.5289,1,387434.3309,1,402361.8948,0,0,DS54,,,,,,,,,,,,,,,,,
6214.25142,1,397486.5289,1,387434.3309,1,402361.8948,0,0,DS54,,,,,,,,,,,,,,,,,
6215.25142,1,397486.5289,1,387434.3309,1,402361.8948,0,0,DS54,,,,,,,,,,,,,,,,,
6216.25142,1,397486.5289,1,387434.3309,1,402361.8948,0,0,DS54,,,,,,,,,,,,,,,,,
6217.25142,1,397486.5289,1,387434.3309,1,402361.8948,0,0,DS54,,,,,,,,,,,,,,,,,
6218.25142,1,397486.5289,1,387434.3309,1,402361.8948,0,0,DS54,,,,,,,,,,,,,,,,,
6219.25142,1,397486.5289,1,387434.3309,1,402361.8948,0,0,DS54,,,,,,,,,,,,,,,,,
6220.25142,1,397486.5289,1,387434.3309,1,402361.8948,0,0,DS54,,,,,,,,,,,,,,,,,
6221.25142,1,397486.5289,1,387434.3309,1,402361.8948,0,0,DS54,,,,,,,,,,,,,,,,,
6222.25142,1,397486.5289,1,387434.3309,1,402361.8948,0,0,DS54,,,,,,,,,,,,,,,,,
6223.25142,1,397486.5289,1,387434.3309,1,402361.8948,0,0,DS54,,,,,,,,,,,,,,,,,
6224.25142,1,397486.5289,1,387434.3309,1,402361.8948,0,0,DS54,,,,,,,,,,,,,,,,,
6225.25142,1,397486.5289,1,387434.3309,1,402361.8948,0,0,DS54,,,,,,,,,,,,,,,,,
6226.25142,1,397486.5289,1,387434.3309,1,402361.8948,0,0,DS54,,,,,,,,,,,,,,,,,
6227.25142,1,397486.5289,1,387434.3309,1,402361.8948,0,0,DS54,,,,,,,,,,,,,,,,,
6228.25142,1,397486.5289,1,387434.3309,1,402361.8948,0,0,DS54,,,,,,,,,,,,,,,,,
6229.25142,1,397486.5289,1,387434.3309,1,402361.8948,0,0,DS54,,,,,,,,,,,,,,,,,
6230.25142,1,397486.5289,1,387434.3309,1,402361.8948,0,0,DS54,,,,,,,,,,,,,,,,,
6231.25142,1,397486.5289,1,387434.3309,1,402361.8948,0,0,DS54,,,,,,,,,,,,,,,,,
6232.25142,1,397486.5289,1,387434.3309,1,402361.8948,0,0,DS54,,,,,,,,,,,,,,,,,
6233.25142,1,397486.5289,1,387434.3309,1,402361.8948,0,0,DS54,,,,,,,,,,,,,,,,,
6234.25142,1,397486.5289,1,387434.3309,1,402361.8948,0,0,DS54,,,,,,,,,,,,,,,,,
6235.25142,1,397486.5289,1,387434.3309,1,402361.8948,0,0,DS54,,,,,,,,,,,,,,,,,
6236.25142,1,397486.5289,1,387434.3309,1,402361.8948,0,0,DS54,,,,,,,,,,,,,,,,,
6237.25142,1,397486.5289,1,387434.3309,1,402361.8948,0,0,DS54,,,,,,,,,,,,,,,,,
6238.25142,1,397486.5289,1,387434.3309,1,402361.8948,0,0,DS54,,,,,,,,,,,,,,,,,
6239.25142,1,397486.5289,1,387434.3309,1,402361.8948,0,0,DS54,,,,,,,,,,,,,,,,,
6240.25142,1,397486.5289,1,387434.3309,1,402361.8948,0,0,DS54,,,,,,,,,,,,,,,,,
6241.25142,1,397486.5289,1,387434.3309,1,402361.8948,0,0,DS54,,,,,,,,,,,,,,,,,
6242.25142,1,397486.5289,1,387434.3309,1,402361.8948,0,0,DS54,,,,,,,,,,,,,,,,,
6243.25142,1,397486.5289,1,387434.3309,1,402361.8948,0,0,DS54,,,,,,,,,,,,,,,,,
6244.25142,1,397486.5289,1,387434.3309,1,402361.8948,0,0,DS54,,,,,,,,,,,,,,,,,
6245.25142,1,397486.5289,1,387434.3309,1,402361.8948,0,0,DS54,,,,,,,,,,,,,,,,,
6246.25142,1,397486.5289,1,387434.3309,1,402361.8948,0,0,DS54,,,,,,,,,,,,,,,,,
6247.25142,1,397486.5289,1,387434.3309,1,402361.8948,0,0,DS54,,,,,,,,,,,,,,,,,
6248.25142,1,397486.5289,1,387434.3309,1,402361.8948,0,0,DS54,,,,,,,,,,,,,,,,,
6249.25142,1,397486.5289,1,387434.3309,1,402361.8948,0,0,DS54,,,,,,,,,,,,,,,,,
6250.25142,1,397486.5289,1,387434.3309,1,402361.8948,0,0,DS54,,,,,,,,,,,,,,,,,
6251.25142,1,397486.5289,1,387434.3309,1,402361.8948,0,0,DS54,,,,,,,,,,,,,,,,,
6252.25142,1,397486.5289,1,387434.3309,1,402361.8948,0,0,DS54,,,,,,,,,,,,,,,,,
6253.25142,1,397486.5289,1,387434.3309,1,402361.8948,0,0,DS54,,,,,,,,,,,,,,,,,
6254.25142,1,397486.5289,1,387434.3309,1,402361.8948,0,0,DS54,,,,,,,,,,,,,,,,,
6255.25142,1,397486.5289,1,387434.3309,1,402361.8948,0,0,DS54,,,,,,,,,,,,,,,,,
6256.25142,1,397486.5289,1,387434.3309,1,402361.8948,0,0,DS54,,,,,,,,,,,,,,,,,
6257.25142,1,397486.5289,1,387434.3309,1,402361.8948,0,0,DS54,,,,,,,,,,,,,,,,,
6258.25142,1,397486.5289,1,387434.3309,1,402361.8948,0,0,DS54,,,,,,,,,,,,,,,,,
6259.25142,1,397486.5289,1,387434.3309,1,402361.8948,0,0,DS54,,,,,,,,,,,,,,,,,
6260.25142,1,397486.5289,1,387434.3309,1,402361.8948,0,0,DS54,,,,,,,,,,,,,,,,,
6261.25142,1,397486.5289,1,387434.3309,1,402361.8948,0,0,DS54,,,,,,,,,,,,,,,,,
6262.25142,1,397486.5289,1,387434.3309,1,402361.8948,0,0,DS54,,,,,,,,,,,,,,,,,
6263.25142,1,397486.5289,1,387434.3309,1,402361.8948,0,0,DS54,,,,,,,,,,,,,,,,,
6264.25142,1,397486.5289,1,387434.3309,1,402361.8948,0,0,DS54,,,,,,,,,,,,,,,,,
6265.25142,1,397486.5289,1,387434.3309,1,402361.8948,0,0,DS54,,,,,,,,,,,,,,,,,
6266.25142,1,397486.5289,1,387434.3309,1,402361.8948,0,0,DS54,,,,,,,,,,,,,,,,,
6267.25142,1,397486.5289,1,387434.3309,1,402361.8948,0,0,DS54,,,,,,,,,,,,,,,,,
6268.25142,1,397486.5289,1,387434.3309,1,402361.8948,0,0,DS54,,,,,,,,,,,,,,,,,
6269.25142,1,397486.5289,1,387434.3309,1,402361.8948,0,0,DS54,,,,,,,,,,,,,,,,,
6270.25142,1,397486.5289,1,387434.3309,1,402361.8948,0,0,DS54,,,,,,,,,,,,,,,,,
6271.25142,1,397486.5289,1,387434.3309,1,402361.8948,0,0,DS54,,,,,,,,,,,,,,,,,
6272.25142,1,397486.5289,1,387434.3309,1,402361.8948,0,0,DS54,,,,,,,,,,,,,,,,,
6273.25142,1,397486.5289,1,387434.3309,1,402361.8948,0,0,DS54,,,,,,,,,,,,,,,,,
6274.25142,1,397486.5289,1,387434.3309,1,402361.8948,0,0,DS54,,,,,,,,,,,,,,,,,
6275.25142,1,397486.5289,1,387434.3309,1,402361.8948,0,0,DS54,,,,,,,,,,,,,,,,,
6276.25142,1,397486.5289,1,387434.3309,1,402361.8948,0,0,DS54,,,,,,,,,,,,,,,,,
6277.25142,1,397486.5289,1,387434.3309,1,402361.8948,0,0,DS54,,,,,,,,,,,,,,,,,
6278.25142,1,397486.5289,1,387434.3309,1,402361.8948,0,0,DS54,,,,,,,,,,,,,,,,,
6279.25142,1,397486.5289,1,387434.3309,1,402361.8948,0,0,DS54,,,,,,,,,,,,,,,,,
6280.25142,1,397486.5289,1,387434.3309,1,402361.8948,0,0,DS54,,,,,,,,,,,,,,,,,
6281.25142,1,397486.5289,1,387434.3309,1,402361.8948,0,0,DS54,,,,,,,,,,,,,,,,,
6282.25142,1,397486.5289,1,387434.3309,1,402361.8948,0,0,DS54,,,,,,,,,,,,,,,,,
6283.25142,1,397486.5289,1,387434.3309,1,402361.8948,0,0,DS54,,,,,,,,,,,,,,,,,
6284.25142,1,397486.5289,1,387434.3309,1,402361.8948,0,0,DS54,,,,,,,,,,,,,,,,,
6285.25142,1,397486.5289,1,387434.3309,1,402361.8948,0,0,DS54,,,,,,,,,,,,,,,,,
6286.25142,1,397486.5289,1,387434.3309,1,402361.8948,0,0,DS54,,,,,,,,,,,,,,,,,
6287.25142,1,397486.5289,1,387434.3309,1,402361.8948,0,0,DS54,,,,,,,,,,,,,,,,,
6288.25142,1,397486.5289,1,387434.3309,1,402361.8948,0,0,DS54,,,,,,,,,,,,,,,,,
6289.25142,1,397486.5289,1,387434.3309,1,402361.8948,0,0,DS54,,,,,,,,,,,,,,,,,
6290.25142,1,397486.5289,1,387434.3309,1,402361.8948,0,0,DS54,,,,,,,,,,,,,,,,,
6291.25142,1,397486.5289,1,387434.3309,1,402361.8948,0,0,DS54,,,,,,,,,,,,,,,,,
6292.25142,1,397486.5289,1,387434.3309,1,402361.8948,0,0,DS54,,,,,,,,,,,,,,,,,
6293.25142,1,397486.5289,1,387434.3309,1,402361.8948,0,0,DS54,,,,,,,,,,,,,,,,,
6294.25142,1,397486.5289,1,387434.3309,1,402361.8948,0,0,DS54,,,,,,,,,,,,,,,,,
6295.25142,1,397486.5289,1,387434.3309,1,402361.8948,0,0,DS54,,,,,,,,,,,,,,,,,
6296.25142,1,397486.5289,1,387434.3309,1,402361.8948,0,0,DS54,,,,,,,,,,,,,,,,,
6297.25142,1,397486.5289,1,387434.3309,1,402361.8948,0,0,DS54,,,,,,,,,,,,,,,,,
6298.25142,1,397486.5289,1,387434.3309,1,402361.8948,0,0,DS54,,,,,,,,,,,,,,,,,
6299.25142,1,397486.5289,1,387434.3309,1,402361.8948,0,0,DS54,,,,,,,,,,,,,,,,,
6300.25142,1,397486.5289,1,387434.3309,1,402361.8948,0,0,DS54,,,,,,,,,,,,,,,,,
6301.25142,1,397486.5289,1,387434.3309,1,402361.8948,0,0,DS54,,,,,,,,,,,,,,,,,
6302.25142,1,397486.5289,1,387434.3309,1,402361.8948,0,0,DS54,,,,,,,,,,,,,,,,,
6303.25142,1,397486.5289,1,387434.3309,1,402361.8948,0,0,DS54,,,,,,,,,,,,,,,,,
6304.25142,1,397486.5289,1,387434.3309,1,402361.8948,0,0,DS54,,,,,,,,,,,,,,,,,
6305.25142,1,397486.5289,1,387434.3309,1,402361.8948,0,0,DS54,,,,,,,,,,,,,,,,,
6306.25142,1,397486.5289,1,387434.3309,1,402361.8948,0,0,DS54,,,,,,,,,,,,,,,,,
6307.25142,1,397486.5289,1,387434.3309,1,402361.8948,0,0,DS54,,,,,,,,,,,,,,,,,
6308.25142,1,397486.5289,1,387434.3309,1,402361.8948,0,0,DS54,,,,,,,,,,,,,,,,,
6309.25142,1,397486.5289,1,387434.3309,1,402361.8948,0,0,DS54,,,,,,,,,,,,,,,,,
6310.25142,1,397486.5289,1,387434.3309,1,402361.8948,0,0,DS54,,,,,,,,,,,,,,,,,
6311.25142,1,397486.5289,1,387434.3309,1,402361.8948,0,0,DS54,,,,,,,,,,,,,,,,,
6312.25142,1,397486.5289,1,387434.3309,1,402361.8948,0,0,DS54,,,,,,,,,,,,,,,,,
6313.25142,1,397486.5289,1,387434.3309,1,402361.8948,0,0,DS54,,,,,,,,,,,,,,,,,
6314.25142,1,397486.5289,1,387434.3309,1,402361.8948,0,0,DS54,,,,,,,,,,,,,,,,,
6315.25142,1,397486.5289,1,387434.3309,1,402361.8948,0,0,DS54,,,,,,,,,,,,,,,,,
6316.25142,1,397486.5289,1,387434.3309,1,402361.8948,0,0,DS54,,,,,,,,,,,,,,,,,
6317.25142,1,397486.5289,0,0,1,402361.8948,0,0,DS24,,,,,,,,,,,,,,,,,
6318.25142,1,397486.5289,0,0,1,402361.8948,0,0,DS24,,,,,,,,,,,,,,,,,
6319.25142,1,397486.5289,0,0,1,402361.8948,0,0,DS24,,,,,,,,,,,,,,,,,
6320.25142,1,397486.5289,0,0,1,402361.8948,0,0,DS24,,,,,,,,,,,,,,,,,
6321.25142,1,397486.5289,0,0,1,402361.8948,0,0,DS24,,,,,,,,,,,,,,,,,
6322.25142,1,397486.5289,0,0,1,402361.8948,0,0,DS24,,,,,,,,,,,,,,,,,
6323.25142,1,397486.5289,0,0,1,402361.8948,0,0,DS24,,,,,,,,,,,,,,,,,
6324.25142,1,397486.5289,0,0,1,402361.8948,0,0,DS24,,,,,,,,,,,,,,,,,
6325.25142,1,397486.5289,0,0,1,402361.8948,0,0,DS24,,,,,,,,,,,,,,,,,
6326.25142,1,397486.5289,0,0,1,402361.8948,0,0,DS24,,,,,,,,,,,,,,,,,
6327.25142,1,397486.5289,0,0,1,402361.8948,0,0,DS24,,,,,,,,,,,,,,,,,
6328.25142,1,397486.5289,0,0,1,402361.8948,0,0,DS24,,,,,,,,,,,,,,,,,
6329.25142,1,397486.5289,0,0,1,402361.8948,0,0,DS24,,,,,,,,,,,,,,,,,
6330.25142,1,397486.5289,0,0,1,402361.8948,0,0,DS24,,,,,,,,,,,,,,,,,
6331.25142,1,397486.5289,0,0,1,402361.8948,0,0,DS24,,,,,,,,,,,,,,,,,
6332.25142,1,397486.5289,0,0,1,402361.8948,0,0,DS24,,,,,,,,,,,,,,,,,
6333.25142,1,397486.5289,0,0,1,402361.8948,0,0,DS24,,,,,,,,,,,,,,,,,
6334.25142,1,397486.5289,0,0,1,402361.8948,0,0,DS24,,,,,,,,,,,,,,,,,
6335.25142,1,397486.5289,0,0,1,402361.8948,0,0,DS24,,,,,,,,,,,,,,,,,
6336.25142,1,397486.5289,0,0,1,402361.8948,0,0,DS24,,,,,,,,,,,,,,,,,
6337.25142,1,397486.5289,0,0,1,402361.8948,0,0,DS24,,,,,,,,,,,,,,,,,
6338.25142,1,397486.5289,0,0,1,402361.8948,0,0,DS24,,,,,,,,,,,,,,,,,
6339.25142,1,397486.5289,0,0,1,402361.8948,0,0,DS24,,,,,,,,,,,,,,,,,
6340.25142,1,397486.5289,0,0,1,402361.8948,0,0,DS24,,,,,,,,,,,,,,,,,
6341.25142,1,397486.5289,0,0,1,402361.8948,0,0,DS24,,,,,,,,,,,,,,,,,
6342.25142,1,397486.5289,0,0,1,402361.8948,0,0,DS24,,,,,,,,,,,,,,,,,
6343.25142,1,397486.5289,0,0,1,402361.8948,0,0,DS24,,,,,,,,,,,,,,,,,
6344.25142,1,397486.5289,0,0,1,402361.8948,0,0,DS24,,,,,,,,,,,,,,,,,
6345.25142,1,397486.5289,0,0,1,402361.8948,0,0,DS24,,,,,,,,,,,,,,,,,
6346.25142,1,397486.5289,0,0,1,402361.8948,0,0,DS24,,,,,,,,,,,,,,,,,
6347.25142,1,397486.5289,0,0,1,402361.8948,0,0,DS24,,,,,,,,,,,,,,,,,
6348.25142,1,397486.5289,0,0,1,402361.8948,0,0,DS24,,,,,,,,,,,,,,,,,
6349.25142,1,397486.5289,0,0,1,402361.8948,0,0,DS24,,,,,,,,,,,,,,,,,
6350.25142,1,397486.5289,0,0,1,402361.8948,0,0,DS24,,,,,,,,,,,,,,,,,
6351.25142,1,397486.5289,0,0,1,402361.8948,0,0,DS24,,,,,,,,,,,,,,,,,
6352.25142,1,397486.5289,0,0,1,402361.8948,0,0,DS24,,,,,,,,,,,,,,,,,
6353.25142,1,397486.5289,0,0,1,402361.8948,0,0,DS24,,,,,,,,,,,,,,,,,
6354.25142,1,397486.5289,0,0,1,402361.8948,0,0,DS24,,,,,,,,,,,,,,,,,
6355.25142,1,397486.5289,0,0,1,402361.8948,0,0,DS24,,,,,,,,,,,,,,,,,
6356.25142,1,397486.5289,0,0,1,402361.8948,0,0,DS24,,,,,,,,,,,,,,,,,
6357.25142,1,397486.5289,0,0,1,402361.8948,0,0,DS24,,,,,,,,,,,,,,,,,
6358.25142,1,397486.5289,0,0,1,402361.8948,0,0,DS24,,,,,,,,,,,,,,,,,
6359.25142,1,397486.5289,0,0,1,402361.8948,0,0,DS24,,,,,,,,,,,,,,,,,
6360.25142,1,397486.5289,0,0,1,402361.8948,0,0,DS24,,,,,,,,,,,,,,,,,
6361.25142,1,397486.5289,0,0,1,402361.8948,0,0,DS24,,,,,,,,,,,,,,,,,
6362.25142,1,397486.5289,0,0,1,402361.8948,0,0,DS24,,,,,,,,,,,,,,,,,
6363.25142,1,397486.5289,0,0,1,402361.8948,0,0,DS24,,,,,,,,,,,,,,,,,
6364.25142,1,397486.5289,0,0,1,402361.8948,0,0,DS24,,,,,,,,,,,,,,,,,
6365.25142,1,397486.5289,0,0,1,402361.8948,0,0,DS24,,,,,,,,,,,,,,,,,
6366.25142,1,397486.5289,0,0,1,402361.8948,0,0,DS24,,,,,,,,,,,,,,,,,
6367.25142,1,397486.5289,0,0,1,402361.8948,0,0,DS24,,,,,,,,,,,,,,,,,
6368.25142,1,397486.5289,0,0,1,402361.8948,0,0,DS24,,,,,,,,,,,,,,,,,
6369.25142,1,397486.5289,0,0,1,402361.8948,0,0,DS24,,,,,,,,,,,,,,,,,
6370.25142,1,397486.5289,0,0,1,402361.8948,0,0,DS24,,,,,,,,,,,,,,,,,
6371.25142,1,397486.5289,0,0,1,402361.8948,0,0,DS24,,,,,,,,,,,,,,,,,
6372.25142,1,397486.5289,0,0,1,402361.8948,0,0,DS24,,,,,,,,,,,,,,,,,
6373.25142,1,397486.5289,0,0,1,402361.8948,0,0,DS24,,,,,,,,,,,,,,,,,
6374.25142,1,397486.5289,0,0,1,402361.8948,0,0,DS24,,,,,,,,,,,,,,,,,
6375.25142,1,397486.5289,0,0,1,402361.8948,0,0,DS24,,,,,,,,,,,,,,,,,
6376.25142,1,397486.5289,0,0,1,402361.8948,0,0,DS24,,,,,,,,,,,,,,,,,
6377.25142,1,397486.5289,0,0,1,402361.8948,0,0,DS24,,,,,,,,,,,,,,,,,
6378.25142,1,397486.5289,0,0,1,402361.8948,0,0,DS24,,,,,,,,,,,,,,,,,
6379.25142,1,397486.5289,0,0,1,402361.8948,0,0,DS24,,,,,,,,,,,,,,,,,
6380.25142,1,397486.5289,0,0,1,402361.8948,0,0,DS24,,,,,,,,,,,,,,,,,
6381.25142,1,397486.5289,0,0,1,402361.8948,0,0,DS24,,,,,,,,,,,,,,,,,
6382.25142,1,397486.5289,0,0,1,402361.8948,0,0,DS24,,,,,,,,,,,,,,,,,
6383.25142,1,397486.5289,0,0,1,402361.8948,0,0,DS24,,,,,,,,,,,,,,,,,
6384.25142,1,397486.5289,0,0,1,402361.8948,0,0,DS24,,,,,,,,,,,,,,,,,
6385.25142,1,397486.5289,0,0,1,402361.8948,0,0,DS24,,,,,,,,,,,,,,,,,
6386.25142,1,397486.5289,0,0,1,402361.8948,0,0,DS24,,,,,,,,,,,,,,,,,
6387.25142,1,397486.5289,0,0,1,402361.8948,0,0,DS24,,,,,,,,,,,,,,,,,
6388.25142,1,397486.5289,0,0,1,402361.8948,0,0,DS24,,,,,,,,,,,,,,,,,
6389.25142,1,397486.5289,0,0,1,402361.8948,0,0,DS24,,,,,,,,,,,,,,,,,
6390.25142,1,397486.5289,0,0,1,402361.8948,0,0,DS24,,,,,,,,,,,,,,,,,
6391.25142,1,397486.5289,0,0,1,402361.8948,0,0,DS24,,,,,,,,,,,,,,,,,
6392.25142,1,397486.5289,0,0,1,402361.8948,0,0,DS24,,,,,,,,,,,,,,,,,
6393.25142,1,397486.5289,0,0,1,402361.8948,0,0,DS24,,,,,,,,,,,,,,,,,
6394.25142,1,397486.5289,0,0,1,402361.8948,0,0,DS24,,,,,,,,,,,,,,,,,
6395.25142,1,397486.5289,0,0,1,402361.8948,0,0,DS24,,,,,,,,,,,,,,,,,
6396.25142,1,397486.5289,0,0,1,402361.8948,0,0,DS24,,,,,,,,,,,,,,,,,
6397.25142,1,397486.5289,0,0,1,402361.8948,0,0,DS24,,,,,,,,,,,,,,,,,
6398.25142,1,397486.5289,0,0,1,402361.8948,0,0,DS24,,,,,,,,,,,,,,,,,
6399.25142,1,397486.5289,0,0,1,402361.8948,0,0,DS24,,,,,,,,,,,,,,,,,
6400.25142,1,397486.5289,0,0,1,402361.8948,0,0,DS24,,,,,,,,,,,,,,,,,
6401.25142,1,397486.5289,0,0,1,402361.8948,0,0,DS24,,,,,,,,,,,,,,,,,
6402.25142,1,397486.5289,0,0,1,402361.8948,0,0,DS24,,,,,,,,,,,,,,,,,
6403.25142,1,397486.5289,0,0,1,402361.8948,0,0,DS24,,,,,,,,,,,,,,,,,
6404.25142,1,397486.5289,0,0,1,402361.8948,0,0,DS24,,,,,,,,,,,,,,,,,
6405.25142,1,397486.5289,0,0,1,402361.8948,0,0,DS24,,,,,,,,,,,,,,,,,
6406.25142,1,397486.5289,0,0,1,402361.8948,0,0,DS24,,,,,,,,,,,,,,,,,
6407.25142,1,397486.5289,0,0,1,402361.8948,0,0,DS24,,,,,,,,,,,,,,,,,
6408.25142,1,397486.5289,0,0,1,402361.8948,0,0,DS24,,,,,,,,,,,,,,,,,
6409.25142,1,397486.5289,0,0,1,402361.8948,0,0,DS24,,,,,,,,,,,,,,,,,
6410.25142,1,397486.5289,0,0,1,402361.8948,0,0,DS24,,,,,,,,,,,,,,,,,
6411.25142,1,397486.5289,0,0,1,402361.8948,0,0,DS24,,,,,,,,,,,,,,,,,
6412.25142,1,397486.5289,0,0,1,402361.8948,0,0,DS24,,,,,,,,,,,,,,,,,
6413.25142,1,397486.5289,0,0,1,402361.8948,0,0,DS24,,,,,,,,,,,,,,,,,
6414.25142,1,397486.5289,0,0,1,402361.8948,0,0,DS24,,,,,,,,,,,,,,,,,
6415.25142,1,397486.5289,0,0,1,402361.8948,0,0,DS24,,,,,,,,,,,,,,,,,
6416.25142,1,397486.5289,0,0,1,402361.8948,0,0,DS24,,,,,,,,,,,,,,,,,
6417.25142,1,397486.5289,0,0,1,402361.8948,0,0,DS24,,,,,,,,,,,,,,,,,
6418.25142,1,397486.5289,0,0,1,402361.8948,0,0,DS24,,,,,,,,,,,,,,,,,
6419.25142,1,397486.5289,0,0,1,402361.8948,0,0,DS24,,,,,,,,,,,,,,,,,
6420.25142,1,397486.5289,0,0,1,402361.8948,0,0,DS24,,,,,,,,,,,,,,,,,
6421.25142,1,397486.5289,0,0,1,402361.8948,0,0,DS24,,,,,,,,,,,,,,,,,
6422.25142,1,397486.5289,0,0,1,402361.8948,0,0,DS24,,,,,,,,,,,,,,,,,
6423.25142,1,397486.5289,0,0,1,402361.8948,0,0,DS24,,,,,,,,,,,,,,,,,
6424.25142,1,397486.5289,0,0,1,402361.8948,0,0,DS24,,,,,,,,,,,,,,,,,
6425.25142,1,397486.5289,0,0,1,402361.8948,0,0,DS24,,,,,,,,,,,,,,,,,
6426.25142,1,397486.5289,0,0,1,402361.8948,0,0,DS24,,,,,,,,,,,,,,,,,
6427.25142,1,397486.5289,0,0,1,402361.8948,0,0,DS24,,,,,,,,,,,,,,,,,
6428.25142,1,397486.5289,0,0,1,402361.8948,0,0,DS24,,,,,,,,,,,,,,,,,
6429.25142,1,397486.5289,0,0,1,402361.8948,0,0,DS24,,,,,,,,,,,,,,,,,
6430.25142,1,397486.5289,0,0,1,402361.8948,0,0,DS24,,,,,,,,,,,,,,,,,
6431.25142,1,397486.5289,0,0,1,402361.8948,0,0,DS24,,,,,,,,,,,,,,,,,
6432.25142,1,397486.5289,0,0,1,402361.8948,0,0,DS24,,,,,,,,,,,,,,,,,
6433.25142,1,397486.5289,0,0,1,402361.8948,0,0,DS24,,,,,,,,,,,,,,,,,
6434.25142,1,397486.5289,0,0,1,402361.8948,0,0,DS24,,,,,,,,,,,,,,,,,
6435.25142,1,397486.5289,0,0,1,402361.8948,0,0,DS24,,,,,,,,,,,,,,,,,
6436.25142,1,397486.5289,0,0,1,402361.8948,0,0,DS24,,,,,,,,,,,,,,,,,
6437.25142,1,397486.5289,0,0,1,402361.8948,0,0,DS24,,,,,,,,,,,,,,,,,
6438.25142,1,397486.5289,0,0,1,402361.8948,0,0,DS24,,,,,,,,,,,,,,,,,
6439.25142,1,397486.5289,0,0,1,402361.8948,0,0,DS24,,,,,,,,,,,,,,,,,
6440.25142,1,397486.5289,0,0,1,402361.8948,0,0,DS24,,,,,,,,,,,,,,,,,
6441.25142,1,397486.5289,0,0,1,402361.8948,0,0,DS24,,,,,,,,,,,,,,,,,
6442.25142,1,397486.5289,0,0,1,402361.8948,0,0,DS24,,,,,,,,,,,,,,,,,
6443.25142,1,397486.5289,0,0,1,402361.8948,0,0,DS24,,,,,,,,,,,,,,,,,
6444.25142,1,397486.5289,0,0,1,402361.8948,0,0,DS24,,,,,,,,,,,,,,,,,
6445.25142,1,397486.5289,0,0,1,402361.8948,0,0,DS24,,,,,,,,,,,,,,,,,
6446.25142,1,397486.5289,0,0,1,402361.8948,0,0,DS24,,,,,,,,,,,,,,,,,
6447.25142,1,397486.5289,0,0,1,402361.8948,0,0,DS24,,,,,,,,,,,,,,,,,
6448.25142,1,397486.5289,0,0,1,402361.8948,0,0,DS24,,,,,,,,,,,,,,,,,
6449.25142,1,397486.5289,0,0,1,402361.8948,0,0,DS24,,,,,,,,,,,,,,,,,
6450.25142,1,397486.5289,0,0,1,402361.8948,0,0,DS24,,,,,,,,,,,,,,,,,
6451.25142,1,397486.5289,0,0,1,402361.8948,0,0,DS24,,,,,,,,,,,,,,,,,
6452.25142,1,397486.5289,0,0,1,402361.8948,0,0,DS24,,,,,,,,,,,,,,,,,
6453.25142,1,397486.5289,0,0,1,402361.8948,0,0,DS24,,,,,,,,,,,,,,,,,
6454.25142,1,397486.5289,0,0,1,402361.8948,0,0,DS24,,,,,,,,,,,,,,,,,
6455.25142,1,397486.5289,0,0,1,402361.8948,0,0,DS24,,,,,,,,,,,,,,,,,
6456.25142,1,397486.5289,0,0,1,402361.8948,0,0,DS24,,,,,,,,,,,,,,,,,
6457.25142,1,397486.5289,0,0,1,402361.8948,0,0,DS24,,,,,,,,,,,,,,,,,
6458.25142,1,397486.5289,0,0,1,402361.8948,0,0,DS24,,,,,,,,,,,,,,,,,
6459.25142,1,397486.5289,0,0,1,402361.8948,0,0,DS24,,,,,,,,,,,,,,,,,
6460.25142,1,397486.5289,0,0,1,402361.8948,0,0,DS24,,,,,,,,,,,,,,,,,
6461.25142,1,397486.5289,0,0,1,402361.8948,0,0,DS24,,,,,,,,,,,,,,,,,
6462.25142,1,397486.5289,0,0,1,402361.8948,0,0,DS24,,,,,,,,,,,,,,,,,
6463.25142,1,397486.5289,0,0,1,402361.8948,0,0,DS24,,,,,,,,,,,,,,,,,
6464.25142,1,397486.5289,0,0,1,402361.8948,0,0,DS24,,,,,,,,,,,,,,,,,
6465.25142,1,397486.5289,0,0,1,402361.8948,0,0,DS24,,,,,,,,,,,,,,,,,
6466.25142,1,397486.5289,0,0,1,402361.8948,0,0,DS24,,,,,,,,,,,,,,,,,
6467.25142,1,397486.5289,0,0,1,402361.8948,0,0,DS24,,,,,,,,,,,,,,,,,
6468.25142,1,397486.5289,0,0,1,402361.8948,0,0,DS24,,,,,,,,,,,,,,,,,
6469.25142,1,397486.5289,0,0,1,402361.8948,0,0,DS24,,,,,,,,,,,,,,,,,
6470.25142,1,397486.5289,0,0,1,402361.8948,0,0,DS24,,,,,,,,,,,,,,,,,
6471.25142,1,397486.5289,0,0,1,402361.8948,0,0,DS24,,,,,,,,,,,,,,,,,
6472.25142,1,397486.5289,0,0,1,402361.8948,0,0,DS24,,,,,,,,,,,,,,,,,
6473.25142,1,397486.5289,0,0,1,402361.8948,0,0,DS24,,,,,,,,,,,,,,,,,
6474.25142,1,397486.5289,0,0,1,402361.8948,0,0,DS24,,,,,,,,,,,,,,,,,
6475.25142,1,397486.5289,0,0,1,402361.8948,0,0,DS24,,,,,,,,,,,,,,,,,
6476.25142,1,397486.5289,0,0,1,402361.8948,0,0,DS24,,,,,,,,,,,,,,,,,
6477.25142,1,397486.5289,0,0,1,402361.8948,0,0,DS24,,,,,,,,,,,,,,,,,
6478.25142,1,397486.5289,0,0,1,402361.8948,0,0,DS24,,,,,,,,,,,,,,,,,
6479.25142,1,397486.5289,0,0,1,402361.8948,0,0,DS24,,,,,,,,,,,,,,,,,
6480.25142,1,397486.5289,0,0,1,402361.8948,0,0,DS24,,,,,,,,,,,,,,,,,
6481.25142,1,397486.5289,0,0,1,402361.8948,0,0,DS24,,,,,,,,,,,,,,,,,
6482.25142,1,397486.5289,0,0,1,402361.8948,0,0,DS24,,,,,,,,,,,,,,,,,
6483.25142,1,397486.5289,0,0,1,402361.8948,0,0,DS24,,,,,,,,,,,,,,,,,
6484.25142,1,397486.5289,0,0,1,402361.8948,0,0,DS24,,,,,,,,,,,,,,,,,
6485.25142,1,397486.5289,0,0,1,402361.8948,0,0,DS24,,,,,,,,,,,,,,,,,
6486.25142,1,397486.5289,0,0,1,402361.8948,0,0,DS24,,,,,,,,,,,,,,,,,
6487.25142,1,397486.5289,0,0,1,402361.8948,0,0,DS24,,,,,,,,,,,,,,,,,
6488.25142,1,397486.5289,0,0,1,402361.8948,0,0,DS24,,,,,,,,,,,,,,,,,
6489.25142,1,397486.5289,0,0,1,402361.8948,0,0,DS24,,,,,,,,,,,,,,,,,
6490.25142,1,397486.5289,0,0,1,402361.8948,0,0,DS24,,,,,,,,,,,,,,,,,
6491.25142,1,397486.5289,0,0,1,402361.8948,0,0,DS24,,,,,,,,,,,,,,,,,
6492.25142,1,397486.5289,0,0,1,402361.8948,0,0,DS24,,,,,,,,,,,,,,,,,
6493.25142,1,397486.5289,0,0,1,402361.8948,0,0,DS24,,,,,,,,,,,,,,,,,
6494.25142,1,397486.5289,0,0,1,402361.8948,0,0,DS24,,,,,,,,,,,,,,,,,
6495.25142,1,397486.5289,0,0,1,402361.8948,0,0,DS24,,,,,,,,,,,,,,,,,
6496.25142,1,397486.5289,0,0,1,402361.8948,0,0,DS24,,,,,,,,,,,,,,,,,
6497.25142,1,397486.5289,0,0,1,402361.8948,0,0,DS24,,,,,,,,,,,,,,,,,
6498.25142,1,397486.5289,0,0,1,402361.8948,0,0,DS24,,,,,,,,,,,,,,,,,
6499.25142,1,397486.5289,0,0,1,402361.8948,0,0,DS24,,,,,,,,,,,,,,,,,
6500.25142,1,397486.5289,0,0,1,402361.8948,0,0,DS24,,,,,,,,,,,,,,,,,
6501.25142,1,397486.5289,0,0,1,402361.8948,0,0,DS24,,,,,,,,,,,,,,,,,
6502.25142,1,397486.5289,0,0,1,402361.8948,0,0,DS24,,,,,,,,,,,,,,,,,
6503.25142,1,397486.5289,0,0,1,402361.8948,0,0,DS24,,,,,,,,,,,,,,,,,
6504.25142,1,397486.5289,0,0,1,402361.8948,0,0,DS24,,,,,,,,,,,,,,,,,
6505.25142,1,397486.5289,0,0,1,402361.8948,0,0,DS24,,,,,,,,,,,,,,,,,
6506.25142,1,397486.5289,0,0,1,402361.8948,0,0,DS24,,,,,,,,,,,,,,,,,
6507.25142,1,397486.5289,0,0,1,402361.8948,0,0,DS24,,,,,,,,,,,,,,,,,
6508.25142,1,397486.5289,0,0,1,402361.8948,0,0,DS24,,,,,,,,,,,,,,,,,
6509.25142,1,397486.5289,0,0,1,402361.8948,0,0,DS24,,,,,,,,,,,,,,,,,
6510.25142,1,397486.5289,0,0,1,402361.8948,0,0,DS24,,,,,,,,,,,,,,,,,
6511.25142,1,397486.5289,0,0,1,402361.8948,0,0,DS24,,,,,,,,,,,,,,,,,
6512.25142,1,397486.5289,0,0,1,402361.8948,0,0,DS24,,,,,,,,,,,,,,,,,
6513.25142,1,397486.5289,0,0,1,402361.8948,0,0,DS24,,,,,,,,,,,,,,,,,
6514.25142,1,397486.5289,0,0,1,402361.8948,0,0,DS24,,,,,,,,,,,,,,,,,
6515.25142,1,397486.5289,0,0,1,402361.8948,0,0,DS24,,,,,,,,,,,,,,,,,
6516.25142,1,397486.5289,0,0,1,402361.8948,0,0,DS24,,,,,,,,,,,,,,,,,
6517.25142,1,397486.5289,0,0,1,402361.8948,1,406149.4237,DS24,,,,,,,,,,,,,,,,,
6518.25142,1,397486.5289,0,0,1,402361.8948,1,406149.4237,DS24,,,,,,,,,,,,,,,,,
6519.25142,1,397486.5289,0,0,1,402361.8948,1,406149.4237,DS24,,,,,,,,,,,,,,,,,
6520.25142,1,397486.5289,0,0,1,402361.8948,1,406149.4237,DS24,,,,,,,,,,,,,,,,,
6521.25142,1,397486.5289,0,0,1,402361.8948,1,406149.4237,DS24,,,,,,,,,,,,,,,,,
6522.25142,1,397486.5289,0,0,1,402361.8948,1,406149.4237,DS24,,,,,,,,,,,,,,,,,
6523.25142,1,397486.5289,0,0,1,402361.8948,1,406149.4237,DS24,,,,,,,,,,,,,,,,,
6524.25142,1,397486.5289,0,0,1,402361.8948,1,406149.4237,DS24,,,,,,,,,,,,,,,,,
6525.25142,1,397486.5289,0,0,1,402361.8948,1,406149.4237,DS24,,,,,,,,,,,,,,,,,
6526.25142,1,397486.5289,0,0,1,402361.8948,1,406149.4237,DS24,,,,,,,,,,,,,,,,,
6527.25142,1,397486.5289,0,0,1,402361.8948,1,406149.4237,DS24,,,,,,,,,,,,,,,,,
6528.25142,1,397486.5289,0,0,1,402361.8948,1,406149.4237,DS24,,,,,,,,,,,,,,,,,
6529.25142,1,397486.5289,0,0,1,402361.8948,1,406149.4237,DS24,,,,,,,,,,,,,,,,,
6530.25142,1,397486.5289,0,0,1,402361.8948,1,406149.4237,DS24,,,,,,,,,,,,,,,,,
6531.25142,1,397486.5289,0,0,1,402361.8948,1,406149.4237,DS24,,,,,,,,,,,,,,,,,
6532.25142,1,397486.5289,0,0,1,402361.8948,1,406149.4237,DS24,,,,,,,,,,,,,,,,,
6533.25142,1,397486.5289,0,0,1,402361.8948,1,406149.4237,DS24,,,,,,,,,,,,,,,,,
6534.25142,1,397486.5289,0,0,1,402361.8948,1,406149.4237,DS24,,,,,,,,,,,,,,,,,
6535.25142,1,397486.5289,0,0,1,402361.8948,1,406149.4237,DS24,,,,,,,,,,,,,,,,,
6536.25142,1,397486.5289,0,0,1,402361.8948,1,406149.4237,DS24,,,,,,,,,,,,,,,,,
6537.25142,1,397486.5289,0,0,1,402361.8948,1,406149.4237,DS24,,,,,,,,,,,,,,,,,
6538.25142,1,397486.5289,0,0,1,402361.8948,1,406149.4237,DS24,,,,,,,,,,,,,,,,,
6539.25142,1,397486.5289,0,0,1,402361.8948,1,406149.4237,DS24,,,,,,,,,,,,,,,,,
6540.25142,1,397486.5289,0,0,1,402361.8948,1,406149.4237,DS24,,,,,,,,,,,,,,,,,
6541.25142,1,397486.5289,0,0,1,402361.8948,1,406149.4237,DS24,,,,,,,,,,,,,,,,,
6542.25142,1,397486.5289,0,0,1,402361.8948,1,406149.4237,DS24,,,,,,,,,,,,,,,,,
6543.25142,1,397486.5289,0,0,1,402361.8948,1,406149.4237,DS24,,,,,,,,,,,,,,,,,
6544.25142,1,397486.5289,0,0,1,402361.8948,1,406149.4237,DS24,,,,,,,,,,,,,,,,,
6545.25142,1,397486.5289,0,0,1,402361.8948,1,406149.4237,DS24,,,,,,,,,,,,,,,,,
6546.25142,1,397486.5289,0,0,1,402361.8948,1,406149.4237,DS24,,,,,,,,,,,,,,,,,
6547.25142,1,397486.5289,0,0,1,402361.8948,1,406149.4237,DS24,,,,,,,,,,,,,,,,,
6548.25142,1,397486.5289,0,0,1,402361.8948,1,406149.4237,DS24,,,,,,,,,,,,,,,,,
6549.25142,1,397486.5289,0,0,1,402361.8948,1,406149.4237,DS24,,,,,,,,,,,,,,,,,
6550.25142,1,397486.5289,0,0,1,402361.8948,1,406149.4237,DS24,,,,,,,,,,,,,,,,,
6551.25142,1,397486.5289,0,0,1,402361.8948,1,406149.4237,DS24,,,,,,,,,,,,,,,,,
6552.25142,1,397486.5289,0,0,1,402361.8948,1,406149.4237,DS24,,,,,,,,,,,,,,,,,
6553.25142,1,397486.5289,0,0,1,402361.8948,1,406149.4237,DS24,,,,,,,,,,,,,,,,,
6554.25142,1,397486.5289,0,0,1,402361.8948,1,406149.4237,DS24,,,,,,,,,,,,,,,,,
6555.25142,1,397486.5289,0,0,1,402361.8948,1,406149.4237,DS24,,,,,,,,,,,,,,,,,
6556.25142,1,397486.5289,0,0,1,402361.8948,1,406149.4237,DS24,,,,,,,,,,,,,,,,,
6557.25142,1,397486.5289,0,0,1,402361.8948,1,406149.4237,DS24,,,,,,,,,,,,,,,,,
6558.25142,1,397486.5289,0,0,1,402361.8948,1,406149.4237,DS24,,,,,,,,,,,,,,,,,
6559.25142,1,397486.5289,0,0,1,402361.8948,1,406149.4237,DS24,,,,,,,,,,,,,,,,,
6560.25142,1,397486.5289,0,0,1,402361.8948,1,406149.4237,DS24,,,,,,,,,,,,,,,,,
6561.25142,1,397486.5289,0,0,1,402361.8948,1,406149.4237,DS24,,,,,,,,,,,,,,,,,
6562.25142,1,397486.5289,0,0,1,402361.8948,1,406149.4237,DS24,,,,,,,,,,,,,,,,,
6563.25142,1,397486.5289,0,0,1,402361.8948,1,406149.4237,DS24,,,,,,,,,,,,,,,,,
6564.25142,1,397486.5289,0,0,1,402361.8948,1,406149.4237,DS24,,,,,,,,,,,,,,,,,
6565.25142,1,397486.5289,0,0,1,402361.8948,1,406149.4237,DS24,,,,,,,,,,,,,,,,,
6566.25142,1,397486.5289,0,0,1,402361.8948,1,406149.4237,DS24,,,,,,,,,,,,,,,,,
6567.25142,1,397486.5289,0,0,1,402361.8948,1,406149.4237,DS24,,,,,,,,,,,,,,,,,
6568.25142,1,397486.5289,0,0,1,402361.8948,1,406149.4237,DS24,,,,,,,,,,,,,,,,,
6569.25142,1,397486.5289,0,0,1,402361.8948,1,406149.4237,DS24,,,,,,,,,,,,,,,,,
6570.25142,1,397486.5289,0,0,1,402361.8948,1,406149.4237,DS24,,,,,,,,,,,,,,,,,
6571.25142,1,397486.5289,0,0,1,402361.8948,1,406149.4237,DS24,,,,,,,,,,,,,,,,,
6572.25142,1,397486.5289,0,0,1,402361.8948,1,406149.4237,DS24,,,,,,,,,,,,,,,,,
6573.25142,1,397486.5289,0,0,1,402361.8948,1,406149.4237,DS24,,,,,,,,,,,,,,,,,
6574.25142,1,397486.5289,0,0,1,402361.8948,1,406149.4237,DS24,,,,,,,,,,,,,,,,,
6575.25142,1,397486.5289,0,0,1,402361.8948,1,406149.4237,DS24,,,,,,,,,,,,,,,,,
6576.25142,1,397486.5289,0,0,1,402361.8948,1,406149.4237,DS24,,,,,,,,,,,,,,,,,
6577.25142,1,397486.5289,0,0,1,402361.8948,1,406149.4237,DS24,,,,,,,,,,,,,,,,,
6578.25142,1,397486.5289,0,0,1,402361.8948,1,406149.4237,DS24,,,,,,,,,,,,,,,,,
6579.25142,1,397486.5289,0,0,1,402361.8948,1,406149.4237,DS24,,,,,,,,,,,,,,,,,
6580.25142,1,397486.5289,0,0,1,402361.8948,1,406149.4237,DS24,,,,,,,,,,,,,,,,,
6581.25142,1,397486.5289,0,0,1,402361.8948,1,406149.4237,DS24,,,,,,,,,,,,,,,,,
6582.25142,1,397486.5289,0,0,1,402361.8948,1,406149.4237,DS24,,,,,,,,,,,,,,,,,
6583.25142,1,397486.5289,0,0,1,402361.8948,1,406149.4237,DS24,,,,,,,,,,,,,,,,,
6584.25142,1,397486.5289,0,0,1,402361.8948,1,406149.4237,DS24,,,,,,,,,,,,,,,,,
6585.25142,1,397486.5289,0,0,1,402361.8948,1,406149.4237,DS24,,,,,,,,,,,,,,,,,
6586.25142,1,397486.5289,0,0,1,402361.8948,1,406149.4237,DS24,,,,,,,,,,,,,,,,,
6587.25142,1,397486.5289,0,0,1,402361.8948,1,406149.4237,DS24,,,,,,,,,,,,,,,,,
6588.25142,1,397486.5289,0,0,1,402361.8948,1,406149.4237,DS24,,,,,,,,,,,,,,,,,
6589.25142,1,397486.5289,0,0,1,402361.8948,1,406149.4237,DS24,,,,,,,,,,,,,,,,,
6590.25142,1,397486.5289,0,0,1,402361.8948,1,406149.4237,DS24,,,,,,,,,,,,,,,,,
6591.25142,1,397486.5289,0,0,1,402361.8948,1,406149.4237,DS24,,,,,,,,,,,,,,,,,
6592.25142,1,397486.5289,0,0,1,402361.8948,1,406149.4237,DS24,,,,,,,,,,,,,,,,,
6593.25142,1,397486.5289,0,0,1,402361.8948,1,406149.4237,DS24,,,,,,,,,,,,,,,,,
6594.25142,1,397486.5289,0,0,1,402361.8948,1,406149.4237,DS24,,,,,,,,,,,,,,,,,
6595.25142,1,397486.5289,0,0,1,402361.8948,1,406149.4237,DS24,,,,,,,,,,,,,,,,,
6596.25142,1,397486.5289,0,0,1,402361.8948,1,406149.4237,DS24,,,,,,,,,,,,,,,,,
6597.25142,1,397486.5289,0,0,1,402361.8948,1,406149.4237,DS24,,,,,,,,,,,,,,,,,
6598.25142,1,397486.5289,0,0,1,402361.8948,1,406149.4237,DS24,,,,,,,,,,,,,,,,,
6599.25142,1,397486.5289,0,0,1,402361.8948,1,406149.4237,DS24,,,,,,,,,,,,,,,,,
6600.25142,1,397486.5289,0,0,1,402361.8948,1,406149.4237,DS24,,,,,,,,,,,,,,,,,
6601.25142,1,397486.5289,0,0,1,402361.8948,1,406149.4237,DS24,,,,,,,,,,,,,,,,,
6602.25142,1,397486.5289,0,0,1,402361.8948,1,406149.4237,DS24,,,,,,,,,,,,,,,,,
6603.25142,1,397486.5289,0,0,1,402361.8948,1,406149.4237,DS24,,,,,,,,,,,,,,,,,
6604.25142,1,397486.5289,0,0,1,402361.8948,1,406149.4237,DS24,,,,,,,,,,,,,,,,,
6605.25142,1,397486.5289,0,0,1,402361.8948,1,406149.4237,DS24,,,,,,,,,,,,,,,,,
6606.25142,1,397486.5289,0,0,1,402361.8948,1,406149.4237,DS24,,,,,,,,,,,,,,,,,
6607.25142,1,397486.5289,0,0,1,402361.8948,1,406149.4237,DS24,,,,,,,,,,,,,,,,,
6608.25142,1,397486.5289,0,0,1,402361.8948,1,406149.4237,DS24,,,,,,,,,,,,,,,,,
6609.25142,1,397486.5289,0,0,1,402361.8948,1,406149.4237,DS24,,,,,,,,,,,,,,,,,
6610.25142,1,397486.5289,0,0,1,402361.8948,1,406149.4237,DS24,,,,,,,,,,,,,,,,,
6611.25142,1,397486.5289,0,0,1,402361.8948,1,406149.4237,DS24,,,,,,,,,,,,,,,,,
6612.25142,1,397486.5289,0,0,1,402361.8948,1,406149.4237,DS24,,,,,,,,,,,,,,,,,
6613.25142,1,397486.5289,0,0,1,402361.8948,1,406149.4237,DS24,,,,,,,,,,,,,,,,,
6614.25142,1,397486.5289,0,0,1,402361.8948,1,406149.4237,DS24,,,,,,,,,,,,,,,,,
6615.25142,1,397486.5289,0,0,1,402361.8948,1,406149.4237,DS24,,,,,,,,,,,,,,,,,
6616.25142,1,397486.5289,0,0,1,402361.8948,1,406149.4237,DS24,,,,,,,,,,,,,,,,,
6617.25142,0,0,0,0,1,402361.8948,1,406149.4237,DS24,,,,,,,,,,,,,,,,,
6618.25142,0,0,0,0,1,402361.8948,1,406149.4237,DS24,,,,,,,,,,,,,,,,,
6619.25142,0,0,0,0,1,402361.8948,1,406149.4237,DS24,,,,,,,,,,,,,,,,,
6620.25142,0,0,0,0,1,402361.8948,1,406149.4237,DS24,,,,,,,,,,,,,,,,,
6621.25142,0,0,0,0,1,402361.8948,1,406149.4237,DS24,,,,,,,,,,,,,,,,,
6622.25142,0,0,0,0,1,402361.8948,1,406149.4237,DS24,,,,,,,,,,,,,,,,,
6623.25142,0,0,0,0,1,402361.8948,1,406149.4237,DS24,,,,,,,,,,,,,,,,,
6624.25142,0,0,0,0,1,402361.8948,1,406149.4237,DS24,,,,,,,,,,,,,,,,,
6625.25142,0,0,0,0,1,402361.8948,1,406149.4237,DS24,,,,,,,,,,,,,,,,,
6626.25142,0,0,0,0,1,402361.8948,1,406149.4237,DS24,,,,,,,,,,,,,,,,,
6627.25142,0,0,0,0,1,402361.8948,1,406149.4237,DS24,,,,,,,,,,,,,,,,,
6628.25142,0,0,0,0,1,402361.8948,1,406149.4237,DS24,,,,,,,,,,,,,,,,,
6629.25142,0,0,0,0,1,402361.8948,1,406149.4237,DS24,,,,,,,,,,,,,,,,,
6630.25142,0,0,0,0,1,402361.8948,1,406149.4237,DS24,,,,,,,,,,,,,,,,,
6631.25142,0,0,0,0,1,402361.8948,1,406149.4237,DS24,,,,,,,,,,,,,,,,,
6632.25142,0,0,0,0,1,402361.8948,1,406149.4237,DS24,,,,,,,,,,,,,,,,,
6633.25142,0,0,0,0,1,402361.8948,1,406149.4237,DS24,,,,,,,,,,,,,,,,,
6634.25142,0,0,0,0,1,402361.8948,1,406149.4237,DS24,,,,,,,,,,,,,,,,,
6635.25142,0,0,0,0,1,402361.8948,1,406149.4237,DS24,,,,,,,,,,,,,,,,,
6636.25142,0,0,0,0,1,402361.8948,1,406149.4237,DS24,,,,,,,,,,,,,,,,,
6637.25142,0,0,0,0,1,402361.8948,1,406149.4237,DS24,,,,,,,,,,,,,,,,,
6638.25142,0,0,0,0,1,402361.8948,1,406149.4237,DS24,,,,,,,,,,,,,,,,,
6639.25142,0,0,0,0,1,402361.8948,1,406149.4237,DS24,,,,,,,,,,,,,,,,,
6640.25142,0,0,0,0,1,402361.8948,1,406149.4237,DS24,,,,,,,,,,,,,,,,,
6641.25142,0,0,0,0,1,402361.8948,1,406149.4237,DS24,,,,,,,,,,,,,,,,,
6642.25142,0,0,0,0,1,402361.8948,1,406149.4237,DS24,,,,,,,,,,,,,,,,,
6643.25142,0,0,0,0,1,402361.8948,1,406149.4237,DS24,,,,,,,,,,,,,,,,,
6644.25142,0,0,0,0,1,402361.8948,1,406149.4237,DS24,,,,,,,,,,,,,,,,,
6645.25142,0,0,0,0,1,402361.8948,1,406149.4237,DS24,,,,,,,,,,,,,,,,,
6646.25142,0,0,0,0,1,402361.8948,1,406149.4237,DS24,,,,,,,,,,,,,,,,,
6647.25142,0,0,0,0,1,402361.8948,1,406149.4237,DS24,,,,,,,,,,,,,,,,,
6648.25142,0,0,0,0,1,402361.8948,1,406149.4237,DS24,,,,,,,,,,,,,,,,,
6649.25142,0,0,0,0,1,402361.8948,1,406149.4237,DS24,,,,,,,,,,,,,,,,,
6650.25142,0,0,0,0,1,402361.8948,1,406149.4237,DS24,,,,,,,,,,,,,,,,,
6651.25142,0,0,0,0,1,402361.8948,1,406149.4237,DS24,,,,,,,,,,,,,,,,,
6652.25142,0,0,0,0,1,402361.8948,1,406149.4237,DS24,,,,,,,,,,,,,,,,,
6653.25142,0,0,0,0,1,402361.8948,1,406149.4237,DS24,,,,,,,,,,,,,,,,,
6654.25142,0,0,0,0,1,402361.8948,1,406149.4237,DS24,,,,,,,,,,,,,,,,,
6655.25142,0,0,0,0,1,402361.8948,1,406149.4237,DS24,,,,,,,,,,,,,,,,,
6656.25142,0,0,0,0,1,402361.8948,1,406149.4237,DS24,,,,,,,,,,,,,,,,,
6657.25142,0,0,0,0,1,402361.8948,1,406149.4237,DS24,,,,,,,,,,,,,,,,,
6658.25142,0,0,0,0,1,402361.8948,1,406149.4237,DS24,,,,,,,,,,,,,,,,,
6659.25142,0,0,0,0,1,402361.8948,1,406149.4237,DS24,,,,,,,,,,,,,,,,,
6660.25142,0,0,0,0,1,402361.8948,1,406149.4237,DS24,,,,,,,,,,,,,,,,,
6661.25142,0,0,0,0,1,402361.8948,1,406149.4237,DS24,,,,,,,,,,,,,,,,,
6662.25142,0,0,0,0,1,402361.8948,1,406149.4237,DS24,,,,,,,,,,,,,,,,,
6663.25142,0,0,0,0,1,402361.8948,1,406149.4237,DS24,,,,,,,,,,,,,,,,,
6664.25142,0,0,0,0,1,402361.8948,1,406149.4237,DS24,,,,,,,,,,,,,,,,,
6665.25142,0,0,0,0,1,402361.8948,1,406149.4237,DS24,,,,,,,,,,,,,,,,,
6666.25142,0,0,0,0,1,402361.8948,1,406149.4237,DS24,,,,,,,,,,,,,,,,,
6667.25142,0,0,0,0,1,402361.8948,1,406149.4237,DS24,,,,,,,,,,,,,,,,,
6668.25142,0,0,0,0,1,402361.8948,1,406149.4237,DS24,,,,,,,,,,,,,,,,,
6669.25142,0,0,0,0,1,402361.8948,1,406149.4237,DS24,,,,,,,,,,,,,,,,,
6670.25142,0,0,0,0,1,402361.8948,1,406149.4237,DS24,,,,,,,,,,,,,,,,,
6671.25142,0,0,0,0,1,402361.8948,1,406149.4237,DS24,,,,,,,,,,,,,,,,,
6672.25142,0,0,0,0,1,402361.8948,1,406149.4237,DS24,,,,,,,,,,,,,,,,,
6673.25142,0,0,0,0,1,402361.8948,1,406149.4237,DS24,,,,,,,,,,,,,,,,,
6674.25142,0,0,0,0,1,402361.8948,1,406149.4237,DS24,,,,,,,,,,,,,,,,,
6675.25142,0,0,0,0,1,402361.8948,1,406149.4237,DS24,,,,,,,,,,,,,,,,,
6676.25142,0,0,0,0,1,402361.8948,1,406149.4237,DS24,,,,,,,,,,,,,,,,,
6677.25142,0,0,0,0,1,402361.8948,1,406149.4237,DS24,,,,,,,,,,,,,,,,,
6678.25142,0,0,0,0,1,402361.8948,1,406149.4237,DS24,,,,,,,,,,,,,,,,,
6679.25142,0,0,0,0,1,402361.8948,1,406149.4237,DS24,,,,,,,,,,,,,,,,,
6680.25142,0,0,0,0,1,402361.8948,1,406149.4237,DS24,,,,,,,,,,,,,,,,,
6681.25142,0,0,0,0,1,402361.8948,1,406149.4237,DS24,,,,,,,,,,,,,,,,,
6682.25142,0,0,0,0,1,402361.8948,1,406149.4237,DS24,,,,,,,,,,,,,,,,,
6683.25142,0,0,0,0,1,402361.8948,1,406149.4237,DS24,,,,,,,,,,,,,,,,,
6684.25142,0,0,0,0,1,402361.8948,1,406149.4237,DS24,,,,,,,,,,,,,,,,,
6685.25142,0,0,0,0,1,402361.8948,1,406149.4237,DS24,,,,,,,,,,,,,,,,,
6686.25142,0,0,0,0,1,402361.8948,1,406149.4237,DS24,,,,,,,,,,,,,,,,,
6687.25142,0,0,0,0,1,402361.8948,1,406149.4237,DS24,,,,,,,,,,,,,,,,,
6688.25142,0,0,0,0,1,402361.8948,1,406149.4237,DS24,,,,,,,,,,,,,,,,,
6689.25142,0,0,0,0,1,402361.8948,1,406149.4237,DS24,,,,,,,,,,,,,,,,,
6690.25142,0,0,0,0,1,402361.8948,1,406149.4237,DS24,,,,,,,,,,,,,,,,,
6691.25142,0,0,0,0,1,402361.8948,1,406149.4237,DS24,,,,,,,,,,,,,,,,,
6692.25142,0,0,0,0,1,402361.8948,1,406149.4237,DS24,,,,,,,,,,,,,,,,,
6693.25142,0,0,0,0,1,402361.8948,1,406149.4237,DS24,,,,,,,,,,,,,,,,,
6694.25142,0,0,0,0,1,402361.8948,1,406149.4237,DS24,,,,,,,,,,,,,,,,,
6695.25142,0,0,0,0,1,402361.8948,1,406149.4237,DS24,,,,,,,,,,,,,,,,,
6696.25142,0,0,0,0,1,402361.8948,1,406149.4237,DS24,,,,,,,,,,,,,,,,,
6697.25142,0,0,0,0,1,402361.8948,1,406149.4237,DS24,,,,,,,,,,,,,,,,,
6698.25142,0,0,0,0,1,402361.8948,1,406149.4237,DS24,,,,,,,,,,,,,,,,,
6699.25142,0,0,0,0,1,402361.8948,1,406149.4237,DS24,,,,,,,,,,,,,,,,,
6700.25142,0,0,0,0,1,402361.8948,1,406149.4237,DS24,,,,,,,,,,,,,,,,,
6701.25142,0,0,0,0,1,402361.8948,1,406149.4237,DS24,,,,,,,,,,,,,,,,,
6702.25142,0,0,0,0,1,402361.8948,1,406149.4237,DS24,,,,,,,,,,,,,,,,,
6703.25142,0,0,0,0,1,402361.8948,1,406149.4237,DS24,,,,,,,,,,,,,,,,,
6704.25142,0,0,0,0,1,402361.8948,1,406149.4237,DS24,,,,,,,,,,,,,,,,,
6705.25142,0,0,0,0,1,402361.8948,1,406149.4237,DS24,,,,,,,,,,,,,,,,,
6706.25142,0,0,0,0,1,402361.8948,1,406149.4237,DS24,,,,,,,,,,,,,,,,,
6707.25142,0,0,0,0,1,402361.8948,1,406149.4237,DS24,,,,,,,,,,,,,,,,,
6708.25142,0,0,0,0,1,402361.8948,1,406149.4237,DS24,,,,,,,,,,,,,,,,,
6709.25142,0,0,0,0,1,402361.8948,1,406149.4237,DS24,,,,,,,,,,,,,,,,,
6710.25142,0,0,0,0,1,402361.8948,1,406149.4237,DS24,,,,,,,,,,,,,,,,,
6711.25142,0,0,0,0,1,402361.8948,1,406149.4237,DS24,,,,,,,,,,,,,,,,,
6712.25142,0,0,0,0,1,402361.8948,1,406149.4237,DS24,,,,,,,,,,,,,,,,,
6713.25142,0,0,0,0,1,402361.8948,1,406149.4237,DS24,,,,,,,,,,,,,,,,,
6714.25142,0,0,0,0,1,402361.8948,1,406149.4237,DS24,,,,,,,,,,,,,,,,,
6715.25142,0,0,0,0,1,402361.8948,1,406149.4237,DS24,,,,,,,,,,,,,,,,,
6716.25142,0,0,0,0,1,402361.8948,1,406149.4237,DS24,,,,,,,,,,,,,,,,,
6717.25142,0,0,0,0,1,402361.8948,1,406149.4237,DS24,,,,,,,,,,,,,,,,,
6718.25142,0,0,0,0,1,402361.8948,1,406149.4237,DS24,,,,,,,,,,,,,,,,,
6719.25142,0,0,0,0,1,402361.8948,1,406149.4237,DS24,,,,,,,,,,,,,,,,,
6720.25142,0,0,0,0,1,402361.8948,1,406149.4237,DS24,,,,,,,,,,,,,,,,,
6721.25142,0,0,0,0,1,402361.8948,1,406149.4237,DS24,,,,,,,,,,,,,,,,,
6722.25142,0,0,0,0,1,402361.8948,1,406149.4237,DS24,,,,,,,,,,,,,,,,,
6723.25142,0,0,0,0,1,402361.8948,1,406149.4237,DS24,,,,,,,,,,,,,,,,,
6724.25142,0,0,0,0,1,402361.8948,1,406149.4237,DS24,,,,,,,,,,,,,,,,,
6725.25142,0,0,0,0,1,402361.8948,1,406149.4237,DS24,,,,,,,,,,,,,,,,,
6726.25142,0,0,0,0,1,402361.8948,1,406149.4237,DS24,,,,,,,,,,,,,,,,,
6727.25142,0,0,0,0,1,402361.8948,1,406149.4237,DS24,,,,,,,,,,,,,,,,,
6728.25142,0,0,0,0,1,402361.8948,1,406149.4237,DS24,,,,,,,,,,,,,,,,,
6729.25142,0,0,0,0,1,402361.8948,1,406149.4237,DS24,,,,,,,,,,,,,,,,,
6730.25142,0,0,0,0,1,402361.8948,1,406149.4237,DS24,,,,,,,,,,,,,,,,,
6731.25142,0,0,0,0,1,402361.8948,1,406149.4237,DS24,,,,,,,,,,,,,,,,,
6732.25142,0,0,0,0,1,402361.8948,1,406149.4237,DS24,,,,,,,,,,,,,,,,,
6733.25142,0,0,0,0,1,402361.8948,1,406149.4237,DS24,,,,,,,,,,,,,,,,,
6734.25142,0,0,0,0,1,402361.8948,1,406149.4237,DS24,,,,,,,,,,,,,,,,,
6735.25142,0,0,0,0,1,402361.8948,1,406149.4237,DS24,,,,,,,,,,,,,,,,,
6736.25142,0,0,0,0,1,402361.8948,1,406149.4237,DS24,,,,,,,,,,,,,,,,,
6737.25142,0,0,0,0,1,402361.8948,1,406149.4237,DS24,,,,,,,,,,,,,,,,,
6738.25142,0,0,0,0,1,402361.8948,1,406149.4237,DS24,,,,,,,,,,,,,,,,,
6739.25142,0,0,0,0,1,402361.8948,1,406149.4237,DS24,,,,,,,,,,,,,,,,,
6740.25142,0,0,0,0,1,402361.8948,1,406149.4237,DS24,,,,,,,,,,,,,,,,,
6741.25142,0,0,0,0,1,402361.8948,1,406149.4237,DS24,,,,,,,,,,,,,,,,,
6742.25142,0,0,0,0,1,402361.8948,1,406149.4237,DS24,,,,,,,,,,,,,,,,,
6743.25142,0,0,0,0,1,402361.8948,1,406149.4237,DS24,,,,,,,,,,,,,,,,,
6744.25142,0,0,0,0,1,402361.8948,1,406149.4237,DS24,,,,,,,,,,,,,,,,,
6745.25142,0,0,0,0,1,402361.8948,1,406149.4237,DS24,,,,,,,,,,,,,,,,,
6746.25142,0,0,0,0,1,402361.8948,1,406149.4237,DS24,,,,,,,,,,,,,,,,,
6747.25142,0,0,0,0,1,402361.8948,1,406149.4237,DS24,,,,,,,,,,,,,,,,,
6748.25142,0,0,0,0,1,402361.8948,1,406149.4237,DS24,,,,,,,,,,,,,,,,,
6749.25142,0,0,0,0,1,402361.8948,1,406149.4237,DS24,,,,,,,,,,,,,,,,,
6750.25142,0,0,0,0,1,402361.8948,1,406149.4237,DS24,,,,,,,,,,,,,,,,,
6751.25142,0,0,0,0,1,402361.8948,1,406149.4237,DS24,,,,,,,,,,,,,,,,,
6752.25142,0,0,0,0,1,402361.8948,1,406149.4237,DS24,,,,,,,,,,,,,,,,,
6753.25142,0,0,0,0,1,402361.8948,1,406149.4237,DS24,,,,,,,,,,,,,,,,,
6754.25142,0,0,0,0,1,402361.8948,1,406149.4237,DS24,,,,,,,,,,,,,,,,,
6755.25142,0,0,0,0,1,402361.8948,1,406149.4237,DS24,,,,,,,,,,,,,,,,,
6756.25142,0,0,0,0,1,402361.8948,1,406149.4237,DS24,,,,,,,,,,,,,,,,,
6757.25142,0,0,0,0,1,402361.8948,1,406149.4237,DS24,,,,,,,,,,,,,,,,,
6758.25142,0,0,0,0,1,402361.8948,1,406149.4237,DS24,,,,,,,,,,,,,,,,,
6759.25142,0,0,0,0,1,402361.8948,1,406149.4237,DS24,,,,,,,,,,,,,,,,,
6760.25142,0,0,0,0,1,402361.8948,1,406149.4237,DS24,,,,,,,,,,,,,,,,,
6761.25142,0,0,0,0,1,402361.8948,1,406149.4237,DS24,,,,,,,,,,,,,,,,,
6762.25142,0,0,0,0,1,402361.8948,1,406149.4237,DS24,,,,,,,,,,,,,,,,,
6763.25142,0,0,0,0,1,402361.8948,1,406149.4237,DS24,,,,,,,,,,,,,,,,,
6764.25142,0,0,0,0,1,402361.8948,1,406149.4237,DS24,,,,,,,,,,,,,,,,,
6765.25142,0,0,0,0,1,402361.8948,1,406149.4237,DS24,,,,,,,,,,,,,,,,,
6766.25142,0,0,0,0,1,402361.8948,1,406149.4237,DS24,,,,,,,,,,,,,,,,,
6767.25142,0,0,0,0,1,402361.8948,1,406149.4237,DS24,,,,,,,,,,,,,,,,,
6768.25142,0,0,0,0,1,402361.8948,1,406149.4237,DS24,,,,,,,,,,,,,,,,,
6769.25142,0,0,0,0,1,402361.8948,1,406149.4237,DS24,,,,,,,,,,,,,,,,,
6770.25142,0,0,0,0,1,402361.8948,1,406149.4237,DS24,,,,,,,,,,,,,,,,,
6771.25142,0,0,0,0,1,402361.8948,1,406149.4237,DS24,,,,,,,,,,,,,,,,,
6772.25142,0,0,0,0,1,402361.8948,1,406149.4237,DS24,,,,,,,,,,,,,,,,,
6773.25142,0,0,0,0,1,402361.8948,1,406149.4237,DS24,,,,,,,,,,,,,,,,,
6774.25142,0,0,0,0,1,402361.8948,1,406149.4237,DS24,,,,,,,,,,,,,,,,,
6775.25142,0,0,0,0,1,402361.8948,1,406149.4237,DS24,,,,,,,,,,,,,,,,,
6776.25142,0,0,0,0,1,402361.8948,1,406149.4237,DS24,,,,,,,,,,,,,,,,,
6777.25142,0,0,0,0,1,402361.8948,1,406149.4237,DS24,,,,,,,,,,,,,,,,,
6778.25142,0,0,0,0,1,402361.8948,1,406149.4237,DS24,,,,,,,,,,,,,,,,,
6779.25142,0,0,0,0,0,0,1,406149.4237,DS34,,,,,,,,,,,,,,,,,
6780.25142,0,0,0,0,0,0,1,406149.4237,DS34,,,,,,,,,,,,,,,,,
6781.25142,0,0,0,0,0,0,1,406149.4237,DS34,,,,,,,,,,,,,,,,,
6782.25142,0,0,0,0,0,0,1,406149.4237,DS34,,,,,,,,,,,,,,,,,
6783.25142,0,0,0,0,0,0,1,406149.4237,DS34,,,,,,,,,,,,,,,,,
6784.25142,0,0,0,0,0,0,1,406149.4237,DS34,,,,,,,,,,,,,,,,,
6785.25142,0,0,0,0,0,0,1,406149.4237,DS34,,,,,,,,,,,,,,,,,
6786.25142,0,0,0,0,0,0,1,406149.4237,DS34,,,,,,,,,,,,,,,,,
6787.25142,0,0,0,0,0,0,1,406149.4237,DS34,,,,,,,,,,,,,,,,,
6788.25142,0,0,0,0,0,0,1,406149.4237,DS34,,,,,,,,,,,,,,,,,
6789.25142,0,0,0,0,0,0,1,406149.4237,DS34,,,,,,,,,,,,,,,,,
6790.25142,0,0,0,0,0,0,1,406149.4237,DS34,,,,,,,,,,,,,,,,,
6791.25142,0,0,0,0,0,0,1,406149.4237,DS34,,,,,,,,,,,,,,,,,
6792.25142,0,0,0,0,0,0,1,406149.4237,DS34,,,,,,,,,,,,,,,,,
6793.25142,0,0,0,0,0,0,1,406149.4237,DS34,,,,,,,,,,,,,,,,,
6794.25142,0,0,0,0,0,0,1,406149.4237,DS34,,,,,,,,,,,,,,,,,
6795.25142,0,0,0,0,0,0,1,406149.4237,DS34,,,,,,,,,,,,,,,,,
6796.25142,0,0,0,0,0,0,1,406149.4237,DS34,,,,,,,,,,,,,,,,,
6797.25142,0,0,0,0,0,0,1,406149.4237,DS34,,,,,,,,,,,,,,,,,
6798.25142,0,0,0,0,0,0,1,406149.4237,DS34,,,,,,,,,,,,,,,,,
6799.25142,0,0,0,0,0,0,1,406149.4237,DS34,,,,,,,,,,,,,,,,,
6800.25142,0,0,0,0,0,0,1,406149.4237,DS34,,,,,,,,,,,,,,,,,
6801.25142,0,0,0,0,0,0,1,406149.4237,DS34,,,,,,,,,,,,,,,,,
6802.25142,0,0,0,0,0,0,1,406149.4237,DS34,,,,,,,,,,,,,,,,,
6803.25142,0,0,0,0,0,0,1,406149.4237,DS34,,,,,,,,,,,,,,,,,
6804.25142,0,0,0,0,0,0,1,406149.4237,DS34,,,,,,,,,,,,,,,,,
6805.25142,0,0,0,0,0,0,1,406149.4237,DS34,,,,,,,,,,,,,,,,,
6806.25142,0,0,0,0,0,0,1,406149.4237,DS34,,,,,,,,,,,,,,,,,
6807.25142,0,0,0,0,0,0,1,406149.4237,DS34,,,,,,,,,,,,,,,,,
6808.25142,0,0,0,0,0,0,1,406149.4237,DS34,,,,,,,,,,,,,,,,,
6809.25142,0,0,0,0,0,0,1,406149.4237,DS34,,,,,,,,,,,,,,,,,
6810.25142,0,0,0,0,0,0,1,406149.4237,DS34,,,,,,,,,,,,,,,,,
6811.25142,0,0,0,0,0,0,1,406149.4237,DS34,,,,,,,,,,,,,,,,,
6812.25142,0,0,0,0,0,0,1,406149.4237,DS34,,,,,,,,,,,,,,,,,
6813.25142,0,0,0,0,0,0,1,406149.4237,DS34,,,,,,,,,,,,,,,,,
6814.25142,0,0,0,0,0,0,1,406149.4237,DS34,,,,,,,,,,,,,,,,,
6815.25142,0,0,0,0,0,0,1,406149.4237,DS34,,,,,,,,,,,,,,,,,
6816.25142,0,0,0,0,0,0,1,406149.4237,DS34,,,,,,,,,,,,,,,,,
6817.25142,0,0,0,0,0,0,1,406149.4237,DS34,,,,,,,,,,,,,,,,,
6818.25142,0,0,0,0,0,0,1,406149.4237,DS34,,,,,,,,,,,,,,,,,
6819.25142,0,0,0,0,0,0,1,406149.4237,DS34,,,,,,,,,,,,,,,,,
6820.25142,0,0,0,0,0,0,1,406149.4237,DS34,,,,,,,,,,,,,,,,,
6821.25142,0,0,0,0,0,0,1,406149.4237,DS34,,,,,,,,,,,,,,,,,
6822.25142,0,0,0,0,0,0,1,406149.4237,DS34,,,,,,,,,,,,,,,,,
6823.25142,0,0,0,0,0,0,1,406149.4237,DS34,,,,,,,,,,,,,,,,,
6824.25142,0,0,0,0,0,0,1,406149.4237,DS34,,,,,,,,,,,,,,,,,
6825.25142,0,0,0,0,0,0,1,406149.4237,DS34,,,,,,,,,,,,,,,,,
6826.25142,0,0,0,0,0,0,1,406149.4237,DS34,,,,,,,,,,,,,,,,,
6827.25142,0,0,0,0,0,0,1,406149.4237,DS34,,,,,,,,,,,,,,,,,
6828.25142,0,0,0,0,0,0,1,406149.4237,DS34,,,,,,,,,,,,,,,,,
6829.25142,0,0,0,0,0,0,1,406149.4237,DS34,,,,,,,,,,,,,,,,,
6830.25142,0,0,0,0,0,0,1,406149.4237,DS34,,,,,,,,,,,,,,,,,
6831.25142,0,0,0,0,0,0,1,406149.4237,DS34,,,,,,,,,,,,,,,,,
6832.25142,0,0,0,0,0,0,1,406149.4237,DS34,,,,,,,,,,,,,,,,,
6833.25142,0,0,0,0,0,0,1,406149.4237,DS34,,,,,,,,,,,,,,,,,
6834.25142,0,0,0,0,0,0,1,406149.4237,DS34,,,,,,,,,,,,,,,,,
6835.25142,0,0,0,0,0,0,1,406149.4237,DS34,,,,,,,,,,,,,,,,,
6836.25142,0,0,0,0,0,0,1,406149.4237,DS34,,,,,,,,,,,,,,,,,
6837.25142,0,0,0,0,0,0,1,406149.4237,DS34,,,,,,,,,,,,,,,,,
6838.25142,0,0,0,0,0,0,1,406149.4237,DS34,,,,,,,,,,,,,,,,,
6839.25142,0,0,0,0,0,0,1,406149.4237,DS34,,,,,,,,,,,,,,,,,
6840.25142,0,0,0,0,0,0,1,406149.4237,DS34,,,,,,,,,,,,,,,,,
6841.25142,0,0,0,0,0,0,1,406149.4237,DS34,,,,,,,,,,,,,,,,,
6842.25142,0,0,0,0,0,0,1,406149.4237,DS34,,,,,,,,,,,,,,,,,
6843.25142,0,0,0,0,0,0,1,406149.4237,DS34,,,,,,,,,,,,,,,,,
6844.25142,0,0,0,0,0,0,1,406149.4237,DS34,,,,,,,,,,,,,,,,,
6845.25142,0,0,0,0,0,0,1,406149.4237,DS34,,,,,,,,,,,,,,,,,
6846.25142,0,0,0,0,0,0,1,406149.4237,DS34,,,,,,,,,,,,,,,,,
6847.25142,0,0,0,0,0,0,1,406149.4237,DS34,,,,,,,,,,,,,,,,,
6848.25142,0,0,0,0,0,0,1,406149.4237,DS34,,,,,,,,,,,,,,,,,
6849.25142,0,0,0,0,0,0,1,406149.4237,DS34,,,,,,,,,,,,,,,,,
6850.25142,0,0,0,0,0,0,1,406149.4237,DS34,,,,,,,,,,,,,,,,,
6851.25142,0,0,0,0,0,0,1,406149.4237,DS34,,,,,,,,,,,,,,,,,
6852.25142,0,0,0,0,0,0,1,406149.4237,DS34,,,,,,,,,,,,,,,,,
6853.25142,0,0,0,0,0,0,1,406149.4237,DS34,,,,,,,,,,,,,,,,,
6854.25142,0,0,0,0,0,0,1,406149.4237,DS34,,,,,,,,,,,,,,,,,
6855.25142,0,0,0,0,0,0,1,406149.4237,DS34,,,,,,,,,,,,,,,,,
6856.25142,0,0,0,0,0,0,1,406149.4237,DS34,,,,,,,,,,,,,,,,,
6857.25142,0,0,0,0,0,0,1,406149.4237,DS34,,,,,,,,,,,,,,,,,
6858.25142,0,0,0,0,0,0,1,406149.4237,DS34,,,,,,,,,,,,,,,,,
6859.25142,0,0,0,0,0,0,1,406149.4237,DS34,,,,,,,,,,,,,,,,,
6860.25142,0,0,0,0,0,0,1,406149.4237,DS34,,,,,,,,,,,,,,,,,
6861.25142,0,0,0,0,0,0,1,406149.4237,DS34,,,,,,,,,,,,,,,,,
6862.25142,0,0,0,0,0,0,1,406149.4237,DS34,,,,,,,,,,,,,,,,,
6863.25142,0,0,0,0,0,0,1,406149.4237,DS34,,,,,,,,,,,,,,,,,
6864.25142,0,0,0,0,0,0,1,406149.4237,DS34,,,,,,,,,,,,,,,,,
6865.25142,0,0,0,0,0,0,1,406149.4237,DS34,,,,,,,,,,,,,,,,,
6866.25142,0,0,0,0,0,0,1,406149.4237,DS34,,,,,,,,,,,,,,,,,
6867.25142,0,0,0,0,0,0,1,406149.4237,DS34,,,,,,,,,,,,,,,,,
6868.25142,0,0,0,0,0,0,1,406149.4237,DS34,,,,,,,,,,,,,,,,,
6869.25142,0,0,0,0,0,0,1,406149.4237,DS34,,,,,,,,,,,,,,,,,
6870.25142,0,0,0,0,0,0,1,406149.4237,DS34,,,,,,,,,,,,,,,,,
6871.25142,0,0,0,0,0,0,1,406149.4237,DS34,,,,,,,,,,,,,,,,,
6872.25142,0,0,0,0,0,0,1,406149.4237,DS34,,,,,,,,,,,,,,,,,
6873.25142,0,0,0,0,0,0,1,406149.4237,DS34,,,,,,,,,,,,,,,,,
6874.25142,0,0,0,0,0,0,1,406149.4237,DS34,,,,,,,,,,,,,,,,,
6875.25142,0,0,0,0,0,0,1,406149.4237,DS34,,,,,,,,,,,,,,,,,
6876.25142,0,0,0,0,0,0,1,406149.4237,DS34,,,,,,,,,,,,,,,,,
6877.25142,0,0,0,0,0,0,1,406149.4237,DS34,,,,,,,,,,,,,,,,,
6878.25142,0,0,0,0,0,0,1,406149.4237,DS34,,,,,,,,,,,,,,,,,
6879.25142,0,0,0,0,0,0,1,406149.4237,DS34,,,,,,,,,,,,,,,,,
6880.25142,0,0,0,0,0,0,1,406149.4237,DS34,,,,,,,,,,,,,,,,,
6881.25142,0,0,0,0,0,0,1,406149.4237,DS34,,,,,,,,,,,,,,,,,
6882.25142,0,0,0,0,0,0,1,406149.4237,DS34,,,,,,,,,,,,,,,,,
6883.25142,0,0,0,0,0,0,1,406149.4237,DS34,,,,,,,,,,,,,,,,,
6884.25142,0,0,0,0,0,0,1,406149.4237,DS34,,,,,,,,,,,,,,,,,
6885.25142,0,0,0,0,0,0,1,406149.4237,DS34,,,,,,,,,,,,,,,,,
6886.25142,0,0,0,0,0,0,1,406149.4237,DS34,,,,,,,,,,,,,,,,,
6887.25142,0,0,0,0,0,0,1,406149.4237,DS34,,,,,,,,,,,,,,,,,
6888.25142,0,0,0,0,0,0,1,406149.4237,DS34,,,,,,,,,,,,,,,,,
6889.25142,0,0,0,0,0,0,1,406149.4237,DS34,,,,,,,,,,,,,,,,,
6890.25142,0,0,0,0,0,0,1,406149.4237,DS34,,,,,,,,,,,,,,,,,
6891.25142,0,0,0,0,0,0,1,406149.4237,DS34,,,,,,,,,,,,,,,,,
6892.25142,0,0,0,0,0,0,1,406149.4237,DS34,,,,,,,,,,,,,,,,,
6893.25142,0,0,0,0,0,0,1,406149.4237,DS34,,,,,,,,,,,,,,,,,
6894.25142,0,0,0,0,0,0,1,406149.4237,DS34,,,,,,,,,,,,,,,,,
6895.25142,0,0,0,0,0,0,1,406149.4237,DS34,,,,,,,,,,,,,,,,,
6896.25142,0,0,0,0,0,0,1,406149.4237,DS34,,,,,,,,,,,,,,,,,
6897.25142,0,0,0,0,0,0,1,406149.4237,DS34,,,,,,,,,,,,,,,,,
6898.25142,0,0,0,0,0,0,1,406149.4237,DS34,,,,,,,,,,,,,,,,,
6899.25142,0,0,0,0,0,0,1,406149.4237,DS34,,,,,,,,,,,,,,,,,
6900.25142,0,0,0,0,0,0,1,406149.4237,DS34,,,,,,,,,,,,,,,,,
6901.25142,0,0,0,0,0,0,1,406149.4237,DS34,,,,,,,,,,,,,,,,,
6902.25142,0,0,0,0,0,0,1,406149.4237,DS34,,,,,,,,,,,,,,,,,
6903.25142,0,0,0,0,0,0,1,406149.4237,DS34,,,,,,,,,,,,,,,,,
6904.25142,0,0,0,0,0,0,1,406149.4237,DS34,,,,,,,,,,,,,,,,,
6905.25142,0,0,0,0,0,0,1,406149.4237,DS34,,,,,,,,,,,,,,,,,
6906.25142,0,0,0,0,0,0,1,406149.4237,DS34,,,,,,,,,,,,,,,,,
6907.25142,0,0,0,0,0,0,1,406149.4237,DS34,,,,,,,,,,,,,,,,,
6908.25142,0,0,0,0,0,0,1,406149.4237,DS34,,,,,,,,,,,,,,,,,
6909.25142,0,0,0,0,0,0,1,406149.4237,DS34,,,,,,,,,,,,,,,,,
6910.25142,0,0,0,0,0,0,1,406149.4237,DS34,,,,,,,,,,,,,,,,,
6911.25142,0,0,0,0,0,0,1,406149.4237,DS34,,,,,,,,,,,,,,,,,
6912.25142,0,0,0,0,0,0,1,406149.4237,DS34,,,,,,,,,,,,,,,,,
6913.25142,0,0,0,0,0,0,1,406149.4237,DS34,,,,,,,,,,,,,,,,,
6914.25142,0,0,0,0,0,0,1,406149.4237,DS34,,,,,,,,,,,,,,,,,
6915.25142,0,0,0,0,0,0,1,406149.4237,DS34,,,,,,,,,,,,,,,,,
6916.25142,0,0,0,0,0,0,1,406149.4237,DS34,,,,,,,,,,,,,,,,,
6917.25142,0,0,0,0,0,0,1,406149.4237,DS34,,,,,,,,,,,,,,,,,
6918.25142,0,0,0,0,0,0,1,406149.4237,DS34,,,,,,,,,,,,,,,,,
6919.25142,0,0,0,0,0,0,1,406149.4237,DS34,,,,,,,,,,,,,,,,,
6920.25142,0,0,0,0,0,0,1,406149.4237,DS34,,,,,,,,,,,,,,,,,
6921.25142,0,0,0,0,0,0,1,406149.4237,DS34,,,,,,,,,,,,,,,,,
6922.25142,0,0,0,0,0,0,1,406149.4237,DS34,,,,,,,,,,,,,,,,,
6923.25142,0,0,0,0,0,0,1,406149.4237,DS34,,,,,,,,,,,,,,,,,
6924.25142,0,0,0,0,0,0,1,406149.4237,DS34,,,,,,,,,,,,,,,,,
6925.25142,0,0,0,0,0,0,1,406149.4237,DS34,,,,,,,,,,,,,,,,,
6926.25142,0,0,0,0,0,0,1,406149.4237,DS34,,,,,,,,,,,,,,,,,
6927.25142,0,0,0,0,0,0,1,406149.4237,DS34,,,,,,,,,,,,,,,,,
6928.25142,0,0,0,0,0,0,1,406149.4237,DS34,,,,,,,,,,,,,,,,,
6929.25142,0,0,0,0,0,0,1,406149.4237,DS34,,,,,,,,,,,,,,,,,
6930.25142,0,0,0,0,0,0,1,406149.4237,DS34,,,,,,,,,,,,,,,,,
6931.25142,0,0,0,0,0,0,1,406149.4237,DS34,,,,,,,,,,,,,,,,,
6932.25142,0,0,0,0,0,0,1,406149.4237,DS34,,,,,,,,,,,,,,,,,
6933.25142,0,0,0,0,0,0,1,406149.4237,DS34,,,,,,,,,,,,,,,,,
6934.25142,0,0,0,0,0,0,1,406149.4237,DS34,,,,,,,,,,,,,,,,,
6935.25142,0,0,0,0,0,0,1,406149.4237,DS34,,,,,,,,,,,,,,,,,
6936.25142,0,0,0,0,0,0,1,406149.4237,DS34,,,,,,,,,,,,,,,,,
6937.25142,0,0,0,0,0,0,1,406149.4237,DS34,,,,,,,,,,,,,,,,,
6938.25142,0,0,0,0,0,0,1,406149.4237,DS34,,,,,,,,,,,,,,,,,
6939.25142,0,0,0,0,0,0,1,406149.4237,DS34,,,,,,,,,,,,,,,,,
6940.25142,0,0,0,0,0,0,1,406149.4237,DS34,,,,,,,,,,,,,,,,,
6941.25142,0,0,0,0,0,0,1,406149.4237,DS34,,,,,,,,,,,,,,,,,
6942.25142,0,0,0,0,0,0,1,406149.4237,DS34,,,,,,,,,,,,,,,,,
6943.25142,0,0,0,0,0,0,1,406149.4237,DS34,,,,,,,,,,,,,,,,,
6944.25142,0,0,0,0,0,0,1,406149.4237,DS34,,,,,,,,,,,,,,,,,
6945.25142,0,0,0,0,0,0,1,406149.4237,DS34,,,,,,,,,,,,,,,,,
6946.25142,0,0,0,0,0,0,1,406149.4237,DS34,,,,,,,,,,,,,,,,,
6947.25142,0,0,0,0,0,0,1,406149.4237,DS34,,,,,,,,,,,,,,,,,
6948.25142,0,0,0,0,0,0,1,406149.4237,DS34,,,,,,,,,,,,,,,,,
6949.25142,0,0,0,0,0,0,1,406149.4237,DS34,,,,,,,,,,,,,,,,,
6950.25142,0,0,0,0,0,0,1,406149.4237,DS34,,,,,,,,,,,,,,,,,
6951.25142,0,0,0,0,0,0,1,406149.4237,DS34,,,,,,,,,,,,,,,,,
6952.25142,0,0,0,0,0,0,1,406149.4237,DS34,,,,,,,,,,,,,,,,,
6953.25142,0,0,0,0,0,0,1,406149.4237,DS34,,,,,,,,,,,,,,,,,
6954.25142,0,0,0,0,0,0,1,406149.4237,DS34,,,,,,,,,,,,,,,,,
6955.25142,0,0,0,0,0,0,1,406149.4237,DS34,,,,,,,,,,,,,,,,,
6956.25142,0,0,0,0,0,0,1,406149.4237,DS34,,,,,,,,,,,,,,,,,
6957.25142,0,0,0,0,0,0,1,406149.4237,DS34,,,,,,,,,,,,,,,,,
6958.25142,0,0,0,0,0,0,1,406149.4237,DS34,,,,,,,,,,,,,,,,,
6959.25142,0,0,0,0,0,0,1,406149.4237,DS34,,,,,,,,,,,,,,,,,
6960.25142,0,0,0,0,0,0,1,406149.4237,DS34,,,,,,,,,,,,,,,,,
6961.25142,0,0,0,0,0,0,1,406149.4237,DS34,,,,,,,,,,,,,,,,,
6962.25142,0,0,0,0,0,0,1,406149.4237,DS34,,,,,,,,,,,,,,,,,
6963.25142,0,0,0,0,0,0,1,406149.4237,DS34,,,,,,,,,,,,,,,,,
6964.25142,0,0,0,0,0,0,1,406149.4237,DS34,,,,,,,,,,,,,,,,,
6965.25142,0,0,0,0,0,0,1,406149.4237,DS34,,,,,,,,,,,,,,,,,
6966.25142,0,0,0,0,0,0,1,406149.4237,DS34,,,,,,,,,,,,,,,,,
6967.25142,0,0,0,0,0,0,1,406149.4237,DS34,,,,,,,,,,,,,,,,,
6968.25142,0,0,0,0,0,0,1,406149.4237,DS34,,,,,,,,,,,,,,,,,
6969.25142,0,0,0,0,0,0,1,406149.4237,DS34,,,,,,,,,,,,,,,,,
6970.25142,0,0,0,0,0,0,1,406149.4237,DS34,,,,,,,,,,,,,,,,,
6971.25142,0,0,0,0,0,0,1,406149.4237,DS34,,,,,,,,,,,,,,,,,
6972.25142,0,0,0,0,0,0,1,406149.4237,DS34,,,,,,,,,,,,,,,,,
6973.25142,0,0,0,0,0,0,1,406149.4237,DS34,,,,,,,,,,,,,,,,,
6974.25142,0,0,0,0,0,0,1,406149.4237,DS34,,,,,,,,,,,,,,,,,
6975.25142,0,0,0,0,0,0,1,406149.4237,DS34,,,,,,,,,,,,,,,,,
6976.25142,0,0,0,0,0,0,1,406149.4237,DS34,,,,,,,,,,,,,,,,,
6977.25142,0,0,0,0,0,0,1,406149.4237,DS34,,,,,,,,,,,,,,,,,
6978.25142,0,0,0,0,0,0,1,406149.4237,DS34,,,,,,,,,,,,,,,,,
6979.25142,0,0,0,0,0,0,1,406149.4237,DS34,,,,,,,,,,,,,,,,,
6980.25142,0,0,0,0,0,0,1,406149.4237,DS34,,,,,,,,,,,,,,,,,
6981.25142,0,0,0,0,0,0,1,406149.4237,DS34,,,,,,,,,,,,,,,,,
6982.25142,0,0,0,0,0,0,1,406149.4237,DS34,,,,,,,,,,,,,,,,,
6983.25142,0,0,0,0,0,0,1,406149.4237,DS34,,,,,,,,,,,,,,,,,
6984.25142,0,0,0,0,0,0,1,406149.4237,DS34,,,,,,,,,,,,,,,,,
6985.25142,0,0,0,0,0,0,1,406149.4237,DS34,,,,,,,,,,,,,,,,,
6986.25142,0,0,0,0,0,0,1,406149.4237,DS34,,,,,,,,,,,,,,,,,
6987.25142,0,0,0,0,0,0,1,406149.4237,DS34,,,,,,,,,,,,,,,,,
6988.25142,0,0,0,0,0,0,1,406149.4237,DS34,,,,,,,,,,,,,,,,,
6989.25142,0,0,0,0,0,0,1,406149.4237,DS34,,,,,,,,,,,,,,,,,
6990.25142,0,0,0,0,0,0,1,406149.4237,DS34,,,,,,,,,,,,,,,,,
6991.25142,0,0,0,0,0,0,1,406149.4237,DS34,,,,,,,,,,,,,,,,,
6992.25142,0,0,0,0,0,0,1,406149.4237,DS34,,,,,,,,,,,,,,,,,
6993.25142,0,0,0,0,0,0,1,406149.4237,DS34,,,,,,,,,,,,,,,,,
6994.25142,0,0,0,0,0,0,1,406149.4237,DS34,,,,,,,,,,,,,,,,,
6995.25142,0,0,0,0,0,0,1,406149.4237,DS34,,,,,,,,,,,,,,,,,
6996.25142,0,0,0,0,0,0,1,406149.4237,DS34,,,,,,,,,,,,,,,,,
6997.25142,0,0,0,0,0,0,1,406149.4237,DS34,,,,,,,,,,,,,,,,,
6998.25142,0,0,0,0,0,0,1,406149.4237,DS34,,,,,,,,,,,,,,,,,
6999.25142,0,0,0,0,0,0,1,406149.4237,DS34,,,,,,,,,,,,,,,,,
7000.25142,0,0,0,0,0,0,1,406149.4237,DS34,,,,,,,,,,,,,,,,,
7001.25142,0,0,0,0,0,0,1,406149.4237,DS34,,,,,,,,,,,,,,,,,
7002.25142,0,0,0,0,0,0,1,406149.4237,DS34,,,,,,,,,,,,,,,,,
7003.25142,0,0,0,0,0,0,1,406149.4237,DS34,,,,,,,,,,,,,,,,,
7004.25142,0,0,0,0,0,0,1,406149.4237,DS34,,,,,,,,,,,,,,,,,
7005.25142,0,0,0,0,0,0,1,406149.4237,DS34,,,,,,,,,,,,,,,,,
7006.25142,0,0,0,0,0,0,1,406149.4237,DS34,,,,,,,,,,,,,,,,,
7007.25142,0,0,0,0,0,0,1,406149.4237,DS34,,,,,,,,,,,,,,,,,
7008.25142,0,0,0,0,0,0,1,406149.4237,DS34,,,,,,,,,,,,,,,,,
7009.25142,0,0,0,0,0,0,1,406149.4237,DS34,,,,,,,,,,,,,,,,,
7010.25142,0,0,0,0,0,0,1,406149.4237,DS34,,,,,,,,,,,,,,,,,
7011.25142,0,0,0,0,0,0,1,406149.4237,DS34,,,,,,,,,,,,,,,,,
7012.25142,0,0,0,0,0,0,1,406149.4237,DS34,,,,,,,,,,,,,,,,,
7013.25142,0,0,0,0,0,0,1,406149.4237,DS34,,,,,,,,,,,,,,,,,
7014.25142,0,0,0,0,0,0,1,406149.4237,DS34,,,,,,,,,,,,,,,,,
7015.25142,0,0,0,0,0,0,1,406149.4237,DS34,,,,,,,,,,,,,,,,,
7016.25142,0,0,0,0,0,0,1,406149.4237,DS34,,,,,,,,,,,,,,,,,
7017.25142,0,0,0,0,0,0,1,406149.4237,DS34,,,,,,,,,,,,,,,,,
7018.25142,0,0,0,0,0,0,1,406149.4237,DS34,,,,,,,,,,,,,,,,,
7019.25142,0,0,0,0,0,0,1,406149.4237,DS34,,,,,,,,,,,,,,,,,
7020.25142,0,0,0,0,0,0,1,406149.4237,DS34,,,,,,,,,,,,,,,,,
7021.25142,0,0,0,0,0,0,1,406149.4237,DS34,,,,,,,,,,,,,,,,,
7022.25142,0,0,0,0,0,0,1,406149.4237,DS34,,,,,,,,,,,,,,,,,
7023.25142,0,0,0,0,0,0,1,406149.4237,DS34,,,,,,,,,,,,,,,,,
7024.25142,0,0,0,0,0,0,1,406149.4237,DS34,,,,,,,,,,,,,,,,,
7025.25142,0,0,0,0,0,0,1,406149.4237,DS34,,,,,,,,,,,,,,,,,
7026.25142,0,0,0,0,0,0,1,406149.4237,DS34,,,,,,,,,,,,,,,,,
7027.25142,0,0,0,0,0,0,1,406149.4237,DS34,,,,,,,,,,,,,,,,,
7028.25142,0,0,0,0,0,0,1,406149.4237,DS34,,,,,,,,,,,,,,,,,
7029.25142,0,0,0,0,0,0,1,406149.4237,DS34,,,,,,,,,,,,,,,,,
7030.25142,0,0,0,0,0,0,1,406149.4237,DS34,,,,,,,,,,,,,,,,,
7031.25142,0,0,0,0,0,0,1,406149.4237,DS34,,,,,,,,,,,,,,,,,
7032.25142,0,0,0,0,0,0,1,406149.4237,DS34,,,,,,,,,,,,,,,,,
7033.25142,0,0,0,0,0,0,1,406149.4237,DS34,,,,,,,,,,,,,,,,,
7034.25142,0,0,0,0,0,0,1,406149.4237,DS34,,,,,,,,,,,,,,,,,
7035.25142,0,0,0,0,0,0,1,406149.4237,DS34,,,,,,,,,,,,,,,,,
7036.25142,0,0,0,0,0,0,1,406149.4237,DS34,,,,,,,,,,,,,,,,,
7037.25142,0,0,0,0,0,0,1,406149.4237,DS34,,,,,,,,,,,,,,,,,
7038.25142,0,0,0,0,0,0,1,406149.4237,DS34,,,,,,,,,,,,,,,,,
7039.25142,0,0,0,0,0,0,1,406149.4237,DS34,,,,,,,,,,,,,,,,,
7040.25142,0,0,0,0,0,0,1,406149.4237,DS34,,,,,,,,,,,,,,,,,
7041.25142,0,0,0,0,0,0,1,406149.4237,DS34,,,,,,,,,,,,,,,,,
7042.25142,0,0,0,0,0,0,1,406149.4237,DS34,,,,,,,,,,,,,,,,,
7043.25142,0,0,0,0,0,0,1,406149.4237,DS34,,,,,,,,,,,,,,,,,
7044.25142,0,0,0,0,0,0,1,406149.4237,DS34,,,,,,,,,,,,,,,,,
7045.25142,0,0,0,0,0,0,1,406149.4237,DS34,,,,,,,,,,,,,,,,,
7046.25142,0,0,0,0,0,0,1,406149.4237,DS34,,,,,,,,,,,,,,,,,
7047.25142,0,0,0,0,0,0,1,406149.4237,DS34,,,,,,,,,,,,,,,,,
7048.25142,0,0,0,0,0,0,1,406149.4237,DS34,,,,,,,,,,,,,,,,,
7049.25142,0,0,0,0,0,0,1,406149.4237,DS34,,,,,,,,,,,,,,,,,
7050.25142,0,0,0,0,0,0,1,406149.4237,DS34,,,,,,,,,,,,,,,,,
7051.25142,0,0,0,0,0,0,1,406149.4237,DS34,,,,,,,,,,,,,,,,,
7052.25142,0,0,0,0,0,0,1,406149.4237,DS34,,,,,,,,,,,,,,,,,
7053.25142,0,0,0,0,0,0,1,406149.4237,DS34,,,,,,,,,,,,,,,,,
7054.25142,0,0,0,0,0,0,1,406149.4237,DS34,,,,,,,,,,,,,,,,,
7055.25142,0,0,0,0,0,0,1,406149.4237,DS34,,,,,,,,,,,,,,,,,
7056.25142,0,0,0,0,0,0,1,406149.4237,DS34,,,,,,,,,,,,,,,,,
7057.25142,0,0,0,0,0,0,1,406149.4237,DS34,,,,,,,,,,,,,,,,,
7058.25142,0,0,0,0,0,0,1,406149.4237,DS34,,,,,,,,,,,,,,,,,
7059.25142,0,0,0,0,0,0,0,0,NONE,,,,,,,,,,,,,,,,,
7060.25142,0,0,0,0,0,0,0,0,NONE,,,,,,,,,,,,,,,,,
7061.25142,0,0,0,0,0,0,0,0,NONE,,,,,,,,,,,,,,,,,
7062.25142,0,0,0,0,0,0,0,0,NONE,,,,,,,,,,,,,,,,,
7063.25142,0,0,0,0,0,0,0,0,NONE,,,,,,,,,,,,,,,,,
7064.25142,0,0,0,0,0,0,0,0,NONE,,,,,,,,,,,,,,,,,
7065.25142,0,0,0,0,0,0,0,0,NONE,,,,,,,,,,,,,,,,,
7066.25142,0,0,0,0,0,0,0,0,NONE,,,,,,,,,,,,,,,,,
7067.25142,0,0,0,0,0,0,0,0,NONE,,,,,,,,,,,,,,,,,
7068.25142,0,0,0,0,0,0,0,0,NONE,,,,,,,,,,,,,,,,,
7069.25142,0,0,0,0,0,0,0,0,NONE,,,,,,,,,,,,,,,,,
7070.25142,0,0,0,0,0,0,0,0,NONE,,,,,,,,,,,,,,,,,
7071.25142,0,0,0,0,0,0,0,0,NONE,,,,,,,,,,,,,,,,,
7072.25142,0,0,0,0,0,0,0,0,NONE,,,,,,,,,,,,,,,,,
7073.25142,0,0,0,0,0,0,0,0,NONE,,,,,,,,,,,,,,,,,
7074.25142,0,0,0,0,0,0,0,0,NONE,,,,,,,,,,,,,,,,,
7075.25142,0,0,0,0,0,0,0,0,NONE,,,,,,,,,,,,,,,,,
7076.25142,0,0,0,0,0,0,0,0,NONE,,,,,,,,,,,,,,,,,
7077.25142,0,0,0,0,0,0,0,0,NONE,,,,,,,,,,,,,,,,,
7078.25142,0,0,0,0,0,0,0,0,NONE,,,,,,,,,,,,,,,,,
7079.25142,0,0,0,0,0,0,0,0,NONE,,,,,,,,,,,,,,,,,
7080.25142,0,0,0,0,0,0,0,0,NONE,,,,,,,,,,,,,,,,,
7081.25142,0,0,0,0,0,0,0,0,NONE,,,,,,,,,,,,,,,,,
7082.25142,0,0,0,0,0,0,0,0,NONE,,,,,,,,,,,,,,,,,
7083.25142,0,0,0,0,0,0,0,0,NONE,,,,,,,,,,,,,,,,,
7084.25142,0,0,0,0,0,0,0,0,NONE,,,,,,,,,,,,,,,,,
7085.25142,0,0,0,0,0,0,0,0,NONE,,,,,,,,,,,,,,,,,
7086.25142,0,0,0,0,0,0,0,0,NONE,,,,,,,,,,,,,,,,,
7087.25142,0,0,0,0,0,0,0,0,NONE,,,,,,,,,,,,,,,,,
7088.25142,0,0,0,0,0,0,0,0,NONE,,,,,,,,,,,,,,,,,
7089.25142,0,0,0,0,0,0,0,0,NONE,,,,,,,,,,,,,,,,,
7090.25142,0,0,0,0,0,0,0,0,NONE,,,,,,,,,,,,,,,,,
7091.25142,0,0,0,0,0,0,0,0,NONE,,,,,,,,,,,,,,,,,
7092.25142,0,0,0,0,0,0,0,0,NONE,,,,,,,,,,,,,,,,,
7093.25142,0,0,0,0,0,0,0,0,NONE,,,,,,,,,,,,,,,,,
7094.25142,0,0,0,0,0,0,0,0,NONE,,,,,,,,,,,,,,,,,
7095.25142,0,0,0,0,0,0,0,0,NONE,,,,,,,,,,,,,,,,,
7096.25142,0,0,0,0,0,0,0,0,NONE,,,,,,,,,,,,,,,,,
7097.25142,0,0,0,0,0,0,1,408029.476,DS34,,,,,,,,,,,,,,,,,
7098.25142,0,0,0,0,0,0,1,408029.476,DS34,,,,,,,,,,,,,,,,,
7099.25142,0,0,0,0,0,0,1,408029.476,DS34,,,,,,,,,,,,,,,,,
7100.25142,0,0,0,0,0,0,1,408029.476,DS34,,,,,,,,,,,,,,,,,
7101.25142,0,0,0,0,0,0,1,408029.476,DS34,,,,,,,,,,,,,,,,,
7102.25142,0,0,0,0,0,0,1,408029.476,DS34,,,,,,,,,,,,,,,,,
7103.25142,0,0,0,0,0,0,1,408029.476,DS34,,,,,,,,,,,,,,,,,
7104.25142,0,0,0,0,0,0,1,408029.476,DS34,,,,,,,,,,,,,,,,,
7105.25142,0,0,0,0,0,0,1,408029.476,DS34,,,,,,,,,,,,,,,,,
7106.25142,0,0,0,0,0,0,1,408029.476,DS34,,,,,,,,,,,,,,,,,
7107.25142,0,0,0,0,0,0,1,408029.476,DS34,,,,,,,,,,,,,,,,,
7108.25142,0,0,0,0,0,0,1,408029.476,DS34,,,,,,,,,,,,,,,,,
7109.25142,0,0,0,0,0,0,1,408029.476,DS34,,,,,,,,,,,,,,,,,
7110.25142,0,0,0,0,0,0,1,408029.476,DS34,,,,,,,,,,,,,,,,,
7111.25142,0,0,0,0,0,0,1,408029.476,DS34,,,,,,,,,,,,,,,,,
7112.25142,0,0,0,0,0,0,1,408029.476,DS34,,,,,,,,,,,,,,,,,
7113.25142,0,0,0,0,0,0,1,408029.476,DS34,,,,,,,,,,,,,,,,,
7114.25142,0,0,0,0,0,0,1,408029.476,DS34,,,,,,,,,,,,,,,,,
7115.25142,0,0,0,0,0,0,1,408029.476,DS34,,,,,,,,,,,,,,,,,
7116.25142,0,0,0,0,0,0,1,408029.476,DS34,,,,,,,,,,,,,,,,,
7117.25142,0,0,0,0,0,0,1,408029.476,DS34,,,,,,,,,,,,,,,,,
7118.25142,0,0,0,0,0,0,1,408029.476,DS34,,,,,,,,,,,,,,,,,
7119.25142,0,0,0,0,0,0,1,408029.476,DS34,,,,,,,,,,,,,,,,,
7120.25142,0,0,0,0,0,0,1,408029.476,DS34,,,,,,,,,,,,,,,,,
7121.25142,0,0,0,0,0,0,1,408029.476,DS34,,,,,,,,,,,,,,,,,
7122.25142,0,0,0,0,0,0,1,408029.476,DS34,,,,,,,,,,,,,,,,,
7123.25142,0,0,0,0,0,0,1,408029.476,DS34,,,,,,,,,,,,,,,,,
7124.25142,0,0,0,0,0,0,1,408029.476,DS34,,,,,,,,,,,,,,,,,
7125.25142,0,0,0,0,0,0,1,408029.476,DS34,,,,,,,,,,,,,,,,,
7126.25142,0,0,0,0,0,0,1,408029.476,DS34,,,,,,,,,,,,,,,,,
7127.25142,0,0,0,0,0,0,1,408029.476,DS34,,,,,,,,,,,,,,,,,
7128.25142,0,0,0,0,0,0,1,408029.476,DS34,,,,,,,,,,,,,,,,,
7129.25142,0,0,0,0,0,0,1,408029.476,DS34,,,,,,,,,,,,,,,,,
7130.25142,0,0,0,0,0,0,1,408029.476,DS34,,,,,,,,,,,,,,,,,
7131.25142,0,0,0,0,0,0,1,408029.476,DS34,,,,,,,,,,,,,,,,,
7132.25142,0,0,0,0,0,0,1,408029.476,DS34,,,,,,,,,,,,,,,,,
7133.25142,0,0,0,0,0,0,1,408029.476,DS34,,,,,,,,,,,,,,,,,
7134.25142,0,0,0,0,0,0,1,408029.476,DS34,,,,,,,,,,,,,,,,,
7135.25142,0,0,0,0,0,0,1,408029.476,DS34,,,,,,,,,,,,,,,,,
7136.25142,0,0,0,0,0,0,1,408029.476,DS34,,,,,,,,,,,,,,,,,
7137.25142,0,0,0,0,0,0,1,408029.476,DS34,,,,,,,,,,,,,,,,,
7138.25142,0,0,0,0,0,0,1,408029.476,DS34,,,,,,,,,,,,,,,,,
7139.25142,0,0,0,0,0,0,1,408029.476,DS34,,,,,,,,,,,,,,,,,
7140.25142,0,0,0,0,0,0,1,408029.476,DS34,,,,,,,,,,,,,,,,,
7141.25142,0,0,0,0,0,0,1,408029.476,DS34,,,,,,,,,,,,,,,,,
7142.25142,0,0,0,0,0,0,1,408029.476,DS34,,,,,,,,,,,,,,,,,
7143.25142,0,0,0,0,0,0,1,408029.476,DS34,,,,,,,,,,,,,,,,,
7144.25142,0,0,0,0,0,0,1,408029.476,DS34,,,,,,,,,,,,,,,,,
7145.25142,0,0,0,0,0,0,1,408029.476,DS34,,,,,,,,,,,,,,,,,
7146.25142,0,0,0,0,0,0,1,408029.476,DS34,,,,,,,,,,,,,,,,,
7147.25142,0,0,0,0,0,0,1,408029.476,DS34,,,,,,,,,,,,,,,,,
7148.25142,0,0,0,0,0,0,1,408029.476,DS34,,,,,,,,,,,,,,,,,
7149.25142,0,0,0,0,0,0,1,408029.476,DS34,,,,,,,,,,,,,,,,,
7150.25142,0,0,0,0,0,0,1,408029.476,DS34,,,,,,,,,,,,,,,,,
7151.25142,0,0,0,0,0,0,1,408029.476,DS34,,,,,,,,,,,,,,,,,
7152.25142,0,0,0,0,0,0,1,408029.476,DS34,,,,,,,,,,,,,,,,,
7153.25142,0,0,0,0,0,0,1,408029.476,DS34,,,,,,,,,,,,,,,,,
7154.25142,0,0,0,0,0,0,1,408029.476,DS34,,,,,,,,,,,,,,,,,
7155.25142,0,0,0,0,0,0,1,408029.476,DS34,,,,,,,,,,,,,,,,,
7156.25142,0,0,0,0,0,0,1,408029.476,DS34,,,,,,,,,,,,,,,,,
7157.25142,0,0,0,0,0,0,1,408029.476,DS34,,,,,,,,,,,,,,,,,
7158.25142,0,0,0,0,0,0,1,408029.476,DS34,,,,,,,,,,,,,,,,,
7159.25142,0,0,0,0,0,0,1,408029.476,DS34,,,,,,,,,,,,,,,,,
7160.25142,0,0,0,0,0,0,1,408029.476,DS34,,,,,,,,,,,,,,,,,
7161.25142,0,0,0,0,0,0,1,408029.476,DS34,,,,,,,,,,,,,,,,,
7162.25142,0,0,0,0,0,0,1,408029.476,DS34,,,,,,,,,,,,,,,,,
7163.25142,0,0,0,0,0,0,1,408029.476,DS34,,,,,,,,,,,,,,,,,
7164.25142,0,0,0,0,0,0,1,408029.476,DS34,,,,,,,,,,,,,,,,,
7165.25142,0,0,0,0,0,0,1,408029.476,DS34,,,,,,,,,,,,,,,,,
7166.25142,0,0,0,0,0,0,1,408029.476,DS34,,,,,,,,,,,,,,,,,
7167.25142,0,0,0,0,0,0,1,408029.476,DS34,,,,,,,,,,,,,,,,,
7168.25142,0,0,0,0,0,0,1,408029.476,DS34,,,,,,,,,,,,,,,,,
7169.25142,0,0,0,0,0,0,1,408029.476,DS34,,,,,,,,,,,,,,,,,
7170.25142,0,0,0,0,0,0,1,408029.476,DS34,,,,,,,,,,,,,,,,,
7171.25142,0,0,0,0,0,0,1,408029.476,DS34,,,,,,,,,,,,,,,,,
7172.25142,0,0,0,0,0,0,1,408029.476,DS34,,,,,,,,,,,,,,,,,
7173.25142,0,0,0,0,0,0,1,408029.476,DS34,,,,,,,,,,,,,,,,,
7174.25142,0,0,0,0,0,0,1,408029.476,DS34,,,,,,,,,,,,,,,,,
7175.25142,0,0,0,0,0,0,1,408029.476,DS34,,,,,,,,,,,,,,,,,
7176.25142,0,0,0,0,0,0,1,408029.476,DS34,,,,,,,,,,,,,,,,,
7177.25142,0,0,0,0,0,0,1,408029.476,DS34,,,,,,,,,,,,,,,,,
7178.25142,0,0,0,0,0,0,1,408029.476,DS34,,,,,,,,,,,,,,,,,
7179.25142,0,0,0,0,0,0,1,408029.476,DS34,,,,,,,,,,,,,,,,,
7180.25142,0,0,0,0,0,0,1,408029.476,DS34,,,,,,,,,,,,,,,,,
7181.25142,0,0,0,0,0,0,1,408029.476,DS34,,,,,,,,,,,,,,,,,
7182.25142,0,0,0,0,0,0,1,408029.476,DS34,,,,,,,,,,,,,,,,,
7183.25142,0,0,1,408360.1035,0,0,1,408029.476,DS34,,,,,,,,,,,,,,,,,
7184.25142,0,0,1,408360.1035,0,0,1,408029.476,DS34,,,,,,,,,,,,,,,,,
7185.25142,0,0,1,408360.1035,0,0,1,408029.476,DS34,,,,,,,,,,,,,,,,,
7186.25142,0,0,1,408360.1035,0,0,1,408029.476,DS34,,,,,,,,,,,,,,,,,
7187.25142,0,0,1,408360.1035,0,0,1,408029.476,DS34,,,,,,,,,,,,,,,,,
7188.25142,0,0,1,408360.1035,0,0,1,408029.476,DS34,,,,,,,,,,,,,,,,,
7189.25142,0,0,1,408360.1035,0,0,1,408029.476,DS34,,,,,,,,,,,,,,,,,
7190.25142,0,0,1,408360.1035,0,0,1,408029.476,DS34,,,,,,,,,,,,,,,,,
7191.25142,0,0,1,408360.1035,0,0,1,408029.476,DS34,,,,,,,,,,,,,,,,,
7192.25142,0,0,1,408360.1035,0,0,1,408029.476,DS34,,,,,,,,,,,,,,,,,
7193.25142,0,0,1,408360.1035,0,0,1,408029.476,DS34,,,,,,,,,,,,,,,,,
7194.25142,0,0,1,408360.1035,0,0,1,408029.476,DS34,,,,,,,,,,,,,,,,,
7195.25142,0,0,1,408360.1035,0,0,1,408029.476,DS34,,,,,,,,,,,,,,,,,
7196.25142,0,0,1,408360.1035,0,0,1,408029.476,DS34,,,,,,,,,,,,,,,,,
7197.25142,0,0,1,408360.1035,0,0,1,408029.476,DS34,,,,,,,,,,,,,,,,,
7198.25142,0,0,1,408360.1035,0,0,1,408029.476,DS34,,,,,,,,,,,,,,,,,
7199.25142,0,0,1,408360.1035,0,0,1,408029.476,DS34,,,,,,,,,,,,,,,,,
7200.25142,0,0,1,408360.1035,0,0,1,408029.476,DS34,,,,,,,,,,,,,,,,,
7201.25142,0,0,1,408360.1035,0,0,1,408029.476,DS34,,,,,,,,,,,,,,,,,
7202.25142,0,0,1,408360.1035,0,0,1,408029.476,DS34,,,,,,,,,,,,,,,,,
7203.25142,0,0,1,408360.1035,0,0,0,0,DS54,,,,,,,,,,,,,,,,,
7204.25142,0,0,1,408360.1035,0,0,0,0,DS54,,,,,,,,,,,,,,,,,
7205.25142,0,0,1,408360.1035,0,0,0,0,DS54,,,,,,,,,,,,,,,,,
7206.25142,0,0,1,408360.1035,0,0,0,0,DS54,,,,,,,,,,,,,,,,,
7207.25142,0,0,1,408360.1035,0,0,0,0,DS54,,,,,,,,,,,,,,,,,
7208.25142,0,0,1,408360.1035,0,0,0,0,DS54,,,,,,,,,,,,,,,,,
7209.25142,0,0,1,408360.1035,0,0,0,0,DS54,,,,,,,,,,,,,,,,,
7210.25142,0,0,1,408360.1035,0,0,0,0,DS54,,,,,,,,,,,,,,,,,
7211.25142,0,0,1,408360.1035,0,0,0,0,DS54,,,,,,,,,,,,,,,,,
7212.25142,0,0,1,408360.1035,0,0,0,0,DS54,,,,,,,,,,,,,,,,,
7213.25142,0,0,1,408360.1035,0,0,0,0,DS54,,,,,,,,,,,,,,,,,
7214.25142,0,0,1,408360.1035,0,0,0,0,DS54,,,,,,,,,,,,,,,,,
7215.25142,0,0,1,408360.1035,0,0,0,0,DS54,,,,,,,,,,,,,,,,,
7216.25142,0,0,1,408360.1035,0,0,0,0,DS54,,,,,,,,,,,,,,,,,
7217.25142,0,0,1,408360.1035,0,0,0,0,DS54,,,,,,,,,,,,,,,,,
7218.25142,0,0,1,408360.1035,0,0,0,0,DS54,,,,,,,,,,,,,,,,,
7219.25142,0,0,1,408360.1035,0,0,0,0,DS54,,,,,,,,,,,,,,,,,
7220.25142,0,0,1,408360.1035,0,0,0,0,DS54,,,,,,,,,,,,,,,,,
7221.25142,0,0,1,408360.1035,0,0,0,0,DS54,,,,,,,,,,,,,,,,,
7222.25142,0,0,1,408360.1035,0,0,0,0,DS54,,,,,,,,,,,,,,,,,
7223.25142,0,0,1,408360.1035,0,0,0,0,DS54,,,,,,,,,,,,,,,,,
7224.25142,0,0,1,408360.1035,0,0,0,0,DS54,,,,,,,,,,,,,,,,,
7225.25142,0,0,1,408360.1035,0,0,0,0,DS54,,,,,,,,,,,,,,,,,
7226.25142,0,0,1,408360.1035,0,0,0,0,DS54,,,,,,,,,,,,,,,,,
7227.25142,0,0,1,408360.1035,0,0,0,0,DS54,,,,,,,,,,,,,,,,,
7228.25142,0,0,1,408360.1035,0,0,0,0,DS54,,,,,,,,,,,,,,,,,
7229.25142,0,0,1,408360.1035,0,0,0,0,DS54,,,,,,,,,,,,,,,,,
7230.25142,0,0,1,408360.1035,0,0,0,0,DS54,,,,,,,,,,,,,,,,,
7231.25142,0,0,1,408360.1035,0,0,0,0,DS54,,,,,,,,,,,,,,,,,
7232.25142,0,0,1,408360.1035,0,0,0,0,DS54,,,,,,,,,,,,,,,,,
7233.25142,0,0,1,408360.1035,0,0,0,0,DS54,,,,,,,,,,,,,,,,,
7234.25142,0,0,1,408360.1035,0,0,0,0,DS54,,,,,,,,,,,,,,,,,
7235.25142,0,0,1,408360.1035,0,0,0,0,DS54,,,,,,,,,,,,,,,,,
7236.25142,0,0,1,408360.1035,0,0,0,0,DS54,,,,,,,,,,,,,,,,,
7237.25142,0,0,1,408360.1035,0,0,0,0,DS54,,,,,,,,,,,,,,,,,
7238.25142,0,0,1,408360.1035,0,0,0,0,DS54,,,,,,,,,,,,,,,,,
7239.25142,0,0,1,408360.1035,0,0,0,0,DS54,,,,,,,,,,,,,,,,,
7240.25142,0,0,1,408360.1035,0,0,0,0,DS54,,,,,,,,,,,,,,,,,
7241.25142,0,0,1,408360.1035,0,0,0,0,DS54,,,,,,,,,,,,,,,,,
7242.25142,0,0,1,408360.1035,0,0,0,0,DS54,,,,,,,,,,,,,,,,,
7243.25142,0,0,1,408360.1035,0,0,0,0,DS54,,,,,,,,,,,,,,,,,
7244.25142,0,0,1,408360.1035,0,0,0,0,DS54,,,,,,,,,,,,,,,,,
7245.25142,0,0,1,408360.1035,0,0,0,0,DS54,,,,,,,,,,,,,,,,,
7246.25142,0,0,1,408360.1035,0,0,0,0,DS54,,,,,,,,,,,,,,,,,
7247.25142,0,0,1,408360.1035,0,0,0,0,DS54,,,,,,,,,,,,,,,,,
7248.25142,0,0,1,408360.1035,0,0,0,0,DS54,,,,,,,,,,,,,,,,,
7249.25142,0,0,1,408360.1035,0,0,0,0,DS54,,,,,,,,,,,,,,,,,
7250.25142,0,0,1,408360.1035,0,0,0,0,DS54,,,,,,,,,,,,,,,,,
7251.25142,0,0,1,408360.1035,0,0,0,0,DS54,,,,,,,,,,,,,,,,,
7252.25142,0,0,1,408360.1035,0,0,0,0,DS54,,,,,,,,,,,,,,,,,
7253.25142,0,0,1,408360.1035,0,0,0,0,DS54,,,,,,,,,,,,,,,,,
7254.25142,0,0,1,408360.1035,0,0,0,0,DS54,,,,,,,,,,,,,,,,,
7255.25142,0,0,1,408360.1035,0,0,0,0,DS54,,,,,,,,,,,,,,,,,
7256.25142,0,0,1,408360.1035,0,0,0,0,DS54,,,,,,,,,,,,,,,,,
7257.25142,0,0,1,408360.1035,0,0,0,0,DS54,,,,,,,,,,,,,,,,,
7258.25142,0,0,1,408360.1035,0,0,0,0,DS54,,,,,,,,,,,,,,,,,
7259.25142,0,0,1,408360.1035,0,0,0,0,DS54,,,,,,,,,,,,,,,,,
7260.25142,0,0,1,408360.1035,0,0,0,0,DS54,,,,,,,,,,,,,,,,,
7261.25142,0,0,1,408360.1035,0,0,0,0,DS54,,,,,,,,,,,,,,,,,
7262.25142,0,0,1,408360.1035,0,0,0,0,DS54,,,,,,,,,,,,,,,,,
7263.25142,0,0,1,408360.1035,0,0,0,0,DS54,,,,,,,,,,,,,,,,,
7264.25142,0,0,1,408360.1035,0,0,0,0,DS54,,,,,,,,,,,,,,,,,
7265.25142,0,0,1,408360.1035,0,0,0,0,DS54,,,,,,,,,,,,,,,,,
7266.25142,0,0,1,408360.1035,0,0,0,0,DS54,,,,,,,,,,,,,,,,,
7267.25142,0,0,1,408360.1035,0,0,0,0,DS54,,,,,,,,,,,,,,,,,
7268.25142,0,0,1,408360.1035,0,0,0,0,DS54,,,,,,,,,,,,,,,,,
7269.25142,0,0,1,408360.1035,0,0,0,0,DS54,,,,,,,,,,,,,,,,,
7270.25142,0,0,1,408360.1035,0,0,0,0,DS54,,,,,,,,,,,,,,,,,
7271.25142,0,0,1,408360.1035,0,0,0,0,DS54,,,,,,,,,,,,,,,,,
7272.25142,0,0,1,408360.1035,0,0,0,0,DS54,,,,,,,,,,,,,,,,,
7273.25142,0,0,1,408360.1035,0,0,0,0,DS54,,,,,,,,,,,,,,,,,
7274.25142,0,0,1,408360.1035,0,0,0,0,DS54,,,,,,,,,,,,,,,,,
7275.25142,0,0,1,408360.1035,0,0,0,0,DS54,,,,,,,,,,,,,,,,,
7276.25142,0,0,1,408360.1035,0,0,0,0,DS54,,,,,,,,,,,,,,,,,
7277.25142,0,0,1,408360.1035,0,0,0,0,DS54,,,,,,,,,,,,,,,,,
7278.25142,0,0,1,408360.1035,0,0,0,0,DS54,,,,,,,,,,,,,,,,,
7279.25142,0,0,1,408360.1035,0,0,0,0,DS54,,,,,,,,,,,,,,,,,
7280.25142,0,0,1,408360.1035,0,0,0,0,DS54,,,,,,,,,,,,,,,,,
7281.25142,0,0,1,408360.1035,0,0,0,0,DS54,,,,,,,,,,,,,,,,,
7282.25142,0,0,1,408360.1035,0,0,0,0,DS54,,,,,,,,,,,,,,,,,
7283.25142,0,0,1,408360.1035,0,0,0,0,DS54,,,,,,,,,,,,,,,,,
7284.25142,0,0,1,408360.1035,0,0,0,0,DS54,,,,,,,,,,,,,,,,,
7285.25142,0,0,1,408360.1035,0,0,0,0,DS54,,,,,,,,,,,,,,,,,
7286.25142,0,0,1,408360.1035,0,0,0,0,DS54,,,,,,,,,,,,,,,,,
7287.25142,0,0,1,408360.1035,0,0,0,0,DS54,,,,,,,,,,,,,,,,,
7288.25142,0,0,1,408360.1035,0,0,0,0,DS54,,,,,,,,,,,,,,,,,
7289.25142,0,0,1,408360.1035,0,0,0,0,DS54,,,,,,,,,,,,,,,,,
7290.25142,0,0,1,408360.1035,0,0,0,0,DS54,,,,,,,,,,,,,,,,,
7291.25142,0,0,1,408360.1035,0,0,0,0,DS54,,,,,,,,,,,,,,,,,
7292.25142,0,0,1,408360.1035,0,0,0,0,DS54,,,,,,,,,,,,,,,,,
7293.25142,0,0,1,408360.1035,0,0,0,0,DS54,,,,,,,,,,,,,,,,,
7294.25142,0,0,1,408360.1035,0,0,0,0,DS54,,,,,,,,,,,,,,,,,
7295.25142,0,0,1,408360.1035,0,0,0,0,DS54,,,,,,,,,,,,,,,,,
7296.25142,0,0,1,408360.1035,0,0,0,0,DS54,,,,,,,,,,,,,,,,,
7297.25142,0,0,1,408360.1035,0,0,0,0,DS54,,,,,,,,,,,,,,,,,
7298.25142,0,0,1,408360.1035,0,0,0,0,DS54,,,,,,,,,,,,,,,,,
7299.25142,0,0,1,408360.1035,0,0,0,0,DS54,,,,,,,,,,,,,,,,,
7300.25142,0,0,1,408360.1035,0,0,0,0,DS54,,,,,,,,,,,,,,,,,
7301.25142,0,0,1,408360.1035,0,0,0,0,DS54,,,,,,,,,,,,,,,,,
7302.25142,0,0,1,408360.1035,0,0,0,0,DS54,,,,,,,,,,,,,,,,,
7303.25142,0,0,1,408360.1035,0,0,0,0,DS54,,,,,,,,,,,,,,,,,
7304.25142,0,0,1,408360.1035,0,0,0,0,DS54,,,,,,,,,,,,,,,,,
7305.25142,0,0,1,408360.1035,0,0,0,0,DS54,,,,,,,,,,,,,,,,,
7306.25142,0,0,1,408360.1035,0,0,0,0,DS54,,,,,,,,,,,,,,,,,
7307.25142,0,0,1,408360.1035,0,0,0,0,DS54,,,,,,,,,,,,,,,,,
7308.25142,0,0,1,408360.1035,0,0,0,0,DS54,,,,,,,,,,,,,,,,,
7309.25142,0,0,1,408360.1035,0,0,0,0,DS54,,,,,,,,,,,,,,,,,
7310.25142,0,0,1,408360.1035,0,0,0,0,DS54,,,,,,,,,,,,,,,,,
7311.25142,0,0,1,408360.1035,0,0,0,0,DS54,,,,,,,,,,,,,,,,,
7312.25142,0,0,1,408360.1035,0,0,0,0,DS54,,,,,,,,,,,,,,,,,
7313.25142,0,0,1,408360.1035,0,0,0,0,DS54,,,,,,,,,,,,,,,,,
7314.25142,0,0,1,408360.1035,0,0,0,0,DS54,,,,,,,,,,,,,,,,,
7315.25142,0,0,1,408360.1035,0,0,0,0,DS54,,,,,,,,,,,,,,,,,
7316.25142,0,0,1,408360.1035,0,0,0,0,DS54,,,,,,,,,,,,,,,,,
7317.25142,0,0,1,408360.1035,0,0,0,0,DS54,,,,,,,,,,,,,,,,,
7318.25142,0,0,1,408360.1035,0,0,0,0,DS54,,,,,,,,,,,,,,,,,
7319.25142,0,0,1,408360.1035,0,0,0,0,DS54,,,,,,,,,,,,,,,,,
7320.25142,0,0,1,408360.1035,0,0,0,0,DS54,,,,,,,,,,,,,,,,,
7321.25142,0,0,1,408360.1035,0,0,0,0,DS54,,,,,,,,,,,,,,,,,
7322.25142,0,0,1,408360.1035,0,0,0,0,DS54,,,,,,,,,,,,,,,,,
7323.25142,0,0,1,408360.1035,0,0,0,0,DS54,,,,,,,,,,,,,,,,,
7324.25142,0,0,1,408360.1035,0,0,0,0,DS54,,,,,,,,,,,,,,,,,
7325.25142,0,0,1,408360.1035,0,0,0,0,DS54,,,,,,,,,,,,,,,,,
7326.25142,0,0,1,408360.1035,0,0,0,0,DS54,,,,,,,,,,,,,,,,,
7327.25142,0,0,1,408360.1035,0,0,0,0,DS54,,,,,,,,,,,,,,,,,
7328.25142,0,0,1,408360.1035,0,0,0,0,DS54,,,,,,,,,,,,,,,,,
7329.25142,0,0,1,408360.1035,0,0,0,0,DS54,,,,,,,,,,,,,,,,,
7330.25142,0,0,1,408360.1035,0,0,0,0,DS54,,,,,,,,,,,,,,,,,
7331.25142,0,0,1,408360.1035,0,0,0,0,DS54,,,,,,,,,,,,,,,,,
7332.25142,0,0,1,408360.1035,0,0,0,0,DS54,,,,,,,,,,,,,,,,,
7333.25142,0,0,1,408360.1035,0,0,0,0,DS54,,,,,,,,,,,,,,,,,
7334.25142,0,0,1,408360.1035,0,0,0,0,DS54,,,,,,,,,,,,,,,,,
7335.25142,0,0,1,408360.1035,0,0,0,0,DS54,,,,,,,,,,,,,,,,,
7336.25142,0,0,1,408360.1035,0,0,0,0,DS54,,,,,,,,,,,,,,,,,
7337.25142,0,0,1,408360.1035,0,0,0,0,DS54,,,,,,,,,,,,,,,,,
7338.25142,0,0,1,408360.1035,0,0,0,0,DS54,,,,,,,,,,,,,,,,,
7339.25142,0,0,1,408360.1035,0,0,0,0,DS54,,,,,,,,,,,,,,,,,
7340.25142,0,0,1,408360.1035,0,0,0,0,DS54,,,,,,,,,,,,,,,,,
7341.25142,0,0,1,408360.1035,0,0,0,0,DS54,,,,,,,,,,,,,,,,,
7342.25142,0,0,1,408360.1035,0,0,0,0,DS54,,,,,,,,,,,,,,,,,
7343.25142,0,0,1,408360.1035,0,0,0,0,DS54,,,,,,,,,,,,,,,,,
7344.25142,0,0,1,408360.1035,0,0,0,0,DS54,,,,,,,,,,,,,,,,,
7345.25142,0,0,1,408360.1035,0,0,0,0,DS54,,,,,,,,,,,,,,,,,
7346.25142,0,0,1,408360.1035,0,0,0,0,DS54,,,,,,,,,,,,,,,,,
7347.25142,0,0,1,408360.1035,0,0,0,0,DS54,,,,,,,,,,,,,,,,,
7348.25142,0,0,1,408360.1035,0,0,0,0,DS54,,,,,,,,,,,,,,,,,
7349.25142,0,0,1,408360.1035,0,0,0,0,DS54,,,,,,,,,,,,,,,,,
7350.25142,0,0,1,408360.1035,0,0,0,0,DS54,,,,,,,,,,,,,,,,,
7351.25142,0,0,1,408360.1035,0,0,0,0,DS54,,,,,,,,,,,,,,,,,
7352.25142,0,0,1,408360.1035,0,0,0,0,DS54,,,,,,,,,,,,,,,,,
7353.25142,0,0,1,408360.1035,0,0,0,0,DS54,,,,,,,,,,,,,,,,,
7354.25142,0,0,1,408360.1035,0,0,0,0,DS54,,,,,,,,,,,,,,,,,
7355.25142,0,0,1,408360.1035,0,0,0,0,DS54,,,,,,,,,,,,,,,,,
7356.25142,0,0,1,408360.1035,0,0,0,0,DS54,,,,,,,,,,,,,,,,,
7357.25142,0,0,1,408360.1035,0,0,0,0,DS54,,,,,,,,,,,,,,,,,
7358.25142,0,0,1,408360.1035,0,0,0,0,DS54,,,,,,,,,,,,,,,,,
7359.25142,0,0,1,408360.1035,0,0,0,0,DS54,,,,,,,,,,,,,,,,,
7360.25142,0,0,1,408360.1035,0,0,0,0,DS54,,,,,,,,,,,,,,,,,
7361.25142,0,0,1,408360.1035,0,0,0,0,DS54,,,,,,,,,,,,,,,,,
7362.25142,0,0,1,408360.1035,0,0,0,0,DS54,,,,,,,,,,,,,,,,,
7363.25142,0,0,1,408360.1035,0,0,0,0,DS54,,,,,,,,,,,,,,,,,
7364.25142,0,0,1,408360.1035,0,0,0,0,DS54,,,,,,,,,,,,,,,,,
7365.25142,0,0,1,408360.1035,0,0,0,0,DS54,,,,,,,,,,,,,,,,,
7366.25142,0,0,1,408360.1035,0,0,0,0,DS54,,,,,,,,,,,,,,,,,
7367.25142,0,0,1,408360.1035,0,0,0,0,DS54,,,,,,,,,,,,,,,,,
7368.25142,0,0,1,408360.1035,0,0,0,0,DS54,,,,,,,,,,,,,,,,,
7369.25142,0,0,1,408360.1035,0,0,0,0,DS54,,,,,,,,,,,,,,,,,
7370.25142,0,0,1,408360.1035,0,0,0,0,DS54,,,,,,,,,,,,,,,,,
7371.25142,0,0,1,408360.1035,0,0,0,0,DS54,,,,,,,,,,,,,,,,,
7372.25142,0,0,1,408360.1035,0,0,0,0,DS54,,,,,,,,,,,,,,,,,
7373.25142,0,0,1,408360.1035,0,0,0,0,DS54,,,,,,,,,,,,,,,,,
7374.25142,0,0,1,408360.1035,0,0,0,0,DS54,,,,,,,,,,,,,,,,,
7375.25142,0,0,1,408360.1035,0,0,0,0,DS54,,,,,,,,,,,,,,,,,
7376.25142,0,0,1,408360.1035,0,0,0,0,DS54,,,,,,,,,,,,,,,,,
7377.25142,0,0,1,408360.1035,0,0,0,0,DS54,,,,,,,,,,,,,,,,,
7378.25142,0,0,1,408360.1035,0,0,0,0,DS54,,,,,,,,,,,,,,,,,
7379.25142,0,0,1,408360.1035,0,0,0,0,DS54,,,,,,,,,,,,,,,,,
7380.25142,0,0,1,408360.1035,0,0,0,0,DS54,,,,,,,,,,,,,,,,,
7381.25142,0,0,1,408360.1035,0,0,0,0,DS54,,,,,,,,,,,,,,,,,
7382.25142,0,0,1,408360.1035,0,0,0,0,DS54,,,,,,,,,,,,,,,,,
7383.25142,0,0,1,408360.1035,0,0,0,0,DS54,,,,,,,,,,,,,,,,,
7384.25142,0,0,1,408360.1035,0,0,0,0,DS54,,,,,,,,,,,,,,,,,
7385.25142,0,0,1,408360.1035,0,0,0,0,DS54,,,,,,,,,,,,,,,,,
7386.25142,0,0,1,408360.1035,0,0,0,0,DS54,,,,,,,,,,,,,,,,,
7387.25142,0,0,1,408360.1035,0,0,0,0,DS54,,,,,,,,,,,,,,,,,
7388.25142,0,0,1,408360.1035,0,0,0,0,DS54,,,,,,,,,,,,,,,,,
7389.25142,0,0,1,408360.1035,0,0,0,0,DS54,,,,,,,,,,,,,,,,,
7390.25142,0,0,1,408360.1035,0,0,0,0,DS54,,,,,,,,,,,,,,,,,
7391.25142,0,0,1,408360.1035,0,0,0,0,DS54,,,,,,,,,,,,,,,,,
7392.25142,0,0,1,408360.1035,0,0,0,0,DS54,,,,,,,,,,,,,,,,,
7393.25142,0,0,1,408360.1035,0,0,0,0,DS54,,,,,,,,,,,,,,,,,
7394.25142,0,0,1,408360.1035,0,0,0,0,DS54,,,,,,,,,,,,,,,,,
7395.25142,0,0,1,408360.1035,0,0,0,0,DS54,,,,,,,,,,,,,,,,,
7396.25142,0,0,1,408360.1035,0,0,0,0,DS54,,,,,,,,,,,,,,,,,
7397.25142,0,0,1,408360.1035,0,0,0,0,DS54,,,,,,,,,,,,,,,,,
7398.25142,0,0,1,408360.1035,0,0,0,0,DS54,,,,,,,,,,,,,,,,,
7399.25142,0,0,1,408360.1035,0,0,0,0,DS54,,,,,,,,,,,,,,,,,
7400.25142,0,0,1,408360.1035,0,0,0,0,DS54,,,,,,,,,,,,,,,,,
7401.25142,0,0,1,408360.1035,0,0,0,0,DS54,,,,,,,,,,,,,,,,,
7402.25142,0,0,1,408360.1035,0,0,0,0,DS54,,,,,,,,,,,,,,,,,
7403.25142,0,0,1,408360.1035,0,0,0,0,DS54,,,,,,,,,,,,,,,,,
7404.25142,0,0,1,408360.1035,0,0,0,0,DS54,,,,,,,,,,,,,,,,,
7405.25142,0,0,1,408360.1035,0,0,0,0,DS54,,,,,,,,,,,,,,,,,
7406.25142,0,0,1,408360.1035,0,0,0,0,DS54,,,,,,,,,,,,,,,,,
7407.25142,0,0,1,408360.1035,0,0,0,0,DS54,,,,,,,,,,,,,,,,,
7408.25142,0,0,1,408360.1035,0,0,0,0,DS54,,,,,,,,,,,,,,,,,
7409.25142,0,0,1,408360.1035,0,0,0,0,DS54,,,,,,,,,,,,,,,,,
7410.25142,0,0,1,408360.1035,0,0,0,0,DS54,,,,,,,,,,,,,,,,,
7411.25142,0,0,1,408360.1035,0,0,0,0,DS54,,,,,,,,,,,,,,,,,
7412.25142,0,0,1,408360.1035,0,0,0,0,DS54,,,,,,,,,,,,,,,,,
7413.25142,0,0,1,408360.1035,0,0,0,0,DS54,,,,,,,,,,,,,,,,,
7414.25142,0,0,1,408360.1035,0,0,0,0,DS54,,,,,,,,,,,,,,,,,
7415.25142,0,0,1,408360.1035,0,0,0,0,DS54,,,,,,,,,,,,,,,,,
7416.25142,0,0,1,408360.1035,0,0,0,0,DS54,,,,,,,,,,,,,,,,,
7417.25142,0,0,1,408360.1035,0,0,0,0,DS54,,,,,,,,,,,,,,,,,
7418.25142,0,0,1,408360.1035,0,0,0,0,DS54,,,,,,,,,,,,,,,,,
7419.25142,0,0,1,408360.1035,0,0,0,0,DS54,,,,,,,,,,,,,,,,,
7420.25142,0,0,1,408360.1035,0,0,0,0,DS54,,,,,,,,,,,,,,,,,
7421.25142,0,0,1,408360.1035,0,0,0,0,DS54,,,,,,,,,,,,,,,,,
7422.25142,0,0,1,408360.1035,0,0,0,0,DS54,,,,,,,,,,,,,,,,,
7423.25142,0,0,1,408360.1035,0,0,0,0,DS54,,,,,,,,,,,,,,,,,
7424.25142,0,0,1,408360.1035,0,0,0,0,DS54,,,,,,,,,,,,,,,,,
7425.25142,0,0,1,408360.1035,0,0,0,0,DS54,,,,,,,,,,,,,,,,,
7426.25142,0,0,1,408360.1035,0,0,0,0,DS54,,,,,,,,,,,,,,,,,
7427.25142,0,0,1,408360.1035,0,0,0,0,DS54,,,,,,,,,,,,,,,,,
7428.25142,0,0,1,408360.1035,0,0,0,0,DS54,,,,,,,,,,,,,,,,,
7429.25142,0,0,1,408360.1035,0,0,0,0,DS54,,,,,,,,,,,,,,,,,
7430.25142,0,0,1,408360.1035,0,0,0,0,DS54,,,,,,,,,,,,,,,,,
7431.25142,0,0,1,408360.1035,0,0,0,0,DS54,,,,,,,,,,,,,,,,,
7432.25142,0,0,1,408360.1035,0,0,0,0,DS54,,,,,,,,,,,,,,,,,
7433.25142,0,0,1,408360.1035,0,0,0,0,DS54,,,,,,,,,,,,,,,,,
7434.25142,0,0,1,408360.1035,0,0,0,0,DS54,,,,,,,,,,,,,,,,,
7435.25142,0,0,1,408360.1035,0,0,0,0,DS54,,,,,,,,,,,,,,,,,
7436.25142,1,403262.4805,1,408360.1035,0,0,0,0,DS54,,,,,,,,,,,,,,,,,
7437.25142,1,403262.4805,1,408360.1035,0,0,0,0,DS54,,,,,,,,,,,,,,,,,
7438.25142,1,403262.4805,1,408360.1035,0,0,0,0,DS54,,,,,,,,,,,,,,,,,
7439.25142,1,403262.4805,1,408360.1035,0,0,0,0,DS54,,,,,,,,,,,,,,,,,
7440.25142,1,403262.4805,1,408360.1035,0,0,0,0,DS54,,,,,,,,,,,,,,,,,
7441.25142,1,403262.4805,1,408360.1035,0,0,0,0,DS54,,,,,,,,,,,,,,,,,
7442.25142,1,403262.4805,1,408360.1035,0,0,0,0,DS54,,,,,,,,,,,,,,,,,
7443.25142,1,403262.4805,1,408360.1035,0,0,0,0,DS54,,,,,,,,,,,,,,,,,
7444.25142,1,403262.4805,1,408360.1035,0,0,0,0,DS54,,,,,,,,,,,,,,,,,
7445.25142,1,403262.4805,1,408360.1035,0,0,0,0,DS54,,,,,,,,,,,,,,,,,
7446.25142,1,403262.4805,1,408360.1035,0,0,0,0,DS54,,,,,,,,,,,,,,,,,
7447.25142,1,403262.4805,1,408360.1035,0,0,0,0,DS54,,,,,,,,,,,,,,,,,
7448.25142,1,403262.4805,1,408360.1035,0,0,0,0,DS54,,,,,,,,,,,,,,,,,
7449.25142,1,403262.4805,1,408360.1035,0,0,0,0,DS54,,,,,,,,,,,,,,,,,
7450.25142,1,403262.4805,1,408360.1035,0,0,0,0,DS54,,,,,,,,,,,,,,,,,
7451.25142,1,403262.4805,1,408360.1035,0,0,0,0,DS54,,,,,,,,,,,,,,,,,
7452.25142,1,403262.4805,1,408360.1035,0,0,0,0,DS54,,,,,,,,,,,,,,,,,
7453.25142,1,403262.4805,1,408360.1035,0,0,0,0,DS54,,,,,,,,,,,,,,,,,
7454.25142,1,403262.4805,1,408360.1035,0,0,0,0,DS54,,,,,,,,,,,,,,,,,
7455.25142,1,403262.4805,1,408360.1035,0,0,0,0,DS54,,,,,,,,,,,,,,,,,
7456.25142,1,403262.4805,1,408360.1035,0,0,0,0,DS54,,,,,,,,,,,,,,,,,
7457.25142,1,403262.4805,1,408360.1035,0,0,0,0,DS54,,,,,,,,,,,,,,,,,
7458.25142,1,403262.4805,1,408360.1035,0,0,0,0,DS54,,,,,,,,,,,,,,,,,
7459.25142,1,403262.4805,1,408360.1035,0,0,0,0,DS54,,,,,,,,,,,,,,,,,
7460.25142,1,403262.4805,1,408360.1035,0,0,0,0,DS54,,,,,,,,,,,,,,,,,
7461.25142,1,403262.4805,1,408360.1035,0,0,0,0,DS54,,,,,,,,,,,,,,,,,
7462.25142,1,403262.4805,1,408360.1035,0,0,0,0,DS54,,,,,,,,,,,,,,,,,
7463.25142,1,403262.4805,1,408360.1035,0,0,0,0,DS54,,,,,,,,,,,,,,,,,
7464.25142,1,403262.4805,1,408360.1035,0,0,0,0,DS54,,,,,,,,,,,,,,,,,
7465.25142,1,403262.4805,1,408360.1035,0,0,0,0,DS54,,,,,,,,,,,,,,,,,
7466.25142,1,403262.4805,1,408360.1035,0,0,0,0,DS54,,,,,,,,,,,,,,,,,
7467.25142,1,403262.4805,1,408360.1035,0,0,0,0,DS54,,,,,,,,,,,,,,,,,
7468.25142,1,403262.4805,1,408360.1035,0,0,0,0,DS54,,,,,,,,,,,,,,,,,
7469.25142,1,403262.4805,1,408360.1035,0,0,0,0,DS54,,,,,,,,,,,,,,,,,
7470.25142,1,403262.4805,1,408360.1035,0,0,0,0,DS54,,,,,,,,,,,,,,,,,
7471.25142,1,403262.4805,1,408360.1035,0,0,0,0,DS54,,,,,,,,,,,,,,,,,
7472.25142,1,403262.4805,1,408360.1035,0,0,0,0,DS54,,,,,,,,,,,,,,,,,
7473.25142,1,403262.4805,1,408360.1035,0,0,0,0,DS54,,,,,,,,,,,,,,,,,
7474.25142,1,403262.4805,1,408360.1035,0,0,0,0,DS54,,,,,,,,,,,,,,,,,
7475.25142,1,403262.4805,1,408360.1035,0,0,0,0,DS54,,,,,,,,,,,,,,,,,
7476.25142,1,403262.4805,1,408360.1035,0,0,0,0,DS54,,,,,,,,,,,,,,,,,
7477.25142,1,403262.4805,1,408360.1035,0,0,0,0,DS54,,,,,,,,,,,,,,,,,
7478.25142,1,403262.4805,1,408360.1035,0,0,0,0,DS54,,,,,,,,,,,,,,,,,
7479.25142,1,403262.4805,1,408360.1035,0,0,0,0,DS54,,,,,,,,,,,,,,,,,
7480.25142,1,403262.4805,1,408360.1035,0,0,0,0,DS54,,,,,,,,,,,,,,,,,
7481.25142,1,403262.4805,1,408360.1035,0,0,0,0,DS54,,,,,,,,,,,,,,,,,
7482.25142,1,403262.4805,1,408360.1035,0,0,0,0,DS54,,,,,,,,,,,,,,,,,
7483.25142,1,403262.4805,1,408360.1035,0,0,0,0,DS54,,,,,,,,,,,,,,,,,
7484.25142,1,403262.4805,1,408360.1035,0,0,0,0,DS54,,,,,,,,,,,,,,,,,
7485.25142,1,403262.4805,1,408360.1035,0,0,0,0,DS54,,,,,,,,,,,,,,,,,
7486.25142,1,403262.4805,1,408360.1035,0,0,0,0,DS54,,,,,,,,,,,,,,,,,
7487.25142,1,403262.4805,1,408360.1035,0,0,0,0,DS54,,,,,,,,,,,,,,,,,
7488.25142,1,403262.4805,1,408360.1035,0,0,0,0,DS54,,,,,,,,,,,,,,,,,
7489.25142,1,403262.4805,1,408360.1035,0,0,0,0,DS54,,,,,,,,,,,,,,,,,
7490.25142,1,403262.4805,1,408360.1035,0,0,0,0,DS54,,,,,,,,,,,,,,,,,
7491.25142,1,403262.4805,1,408360.1035,0,0,0,0,DS54,,,,,,,,,,,,,,,,,
7492.25142,1,403262.4805,1,408360.1035,0,0,0,0,DS54,,,,,,,,,,,,,,,,,
7493.25142,1,403262.4805,1,408360.1035,0,0,0,0,DS54,,,,,,,,,,,,,,,,,
7494.25142,1,403262.4805,1,408360.1035,0,0,0,0,DS54,,,,,,,,,,,,,,,,,
7495.25142,1,403262.4805,1,408360.1035,0,0,0,0,DS54,,,,,,,,,,,,,,,,,
7496.25142,1,403262.4805,1,408360.1035,0,0,0,0,DS54,,,,,,,,,,,,,,,,,
7497.25142,1,403262.4805,1,408360.1035,0,0,0,0,DS54,,,,,,,,,,,,,,,,,
7498.25142,1,403262.4805,1,408360.1035,0,0,0,0,DS54,,,,,,,,,,,,,,,,,
7499.25142,1,403262.4805,1,408360.1035,0,0,0,0,DS54,,,,,,,,,,,,,,,,,
7500.25142,1,403262.4805,1,408360.1035,0,0,0,0,DS54,,,,,,,,,,,,,,,,,
7501.25142,1,403262.4805,1,408360.1035,0,0,0,0,DS54,,,,,,,,,,,,,,,,,
7502.25142,1,403262.4805,1,408360.1035,0,0,0,0,DS54,,,,,,,,,,,,,,,,,
7503.25142,1,403262.4805,1,408360.1035,0,0,0,0,DS54,,,,,,,,,,,,,,,,,
7504.25142,1,403262.4805,1,408360.1035,0,0,0,0,DS54,,,,,,,,,,,,,,,,,
7505.25142,1,403262.4805,1,408360.1035,0,0,0,0,DS54,,,,,,,,,,,,,,,,,
7506.25142,1,403262.4805,1,408360.1035,0,0,0,0,DS54,,,,,,,,,,,,,,,,,
7507.25142,1,403262.4805,1,408360.1035,0,0,0,0,DS54,,,,,,,,,,,,,,,,,
7508.25142,1,403262.4805,1,408360.1035,0,0,0,0,DS54,,,,,,,,,,,,,,,,,
7509.25142,1,403262.4805,1,408360.1035,0,0,0,0,DS54,,,,,,,,,,,,,,,,,
7510.25142,1,403262.4805,1,408360.1035,0,0,0,0,DS54,,,,,,,,,,,,,,,,,
7511.25142,1,403262.4805,1,408360.1035,0,0,0,0,DS54,,,,,,,,,,,,,,,,,
7512.25142,1,403262.4805,1,408360.1035,0,0,0,0,DS54,,,,,,,,,,,,,,,,,
7513.25142,1,403262.4805,1,408360.1035,0,0,0,0,DS54,,,,,,,,,,,,,,,,,
7514.25142,1,403262.4805,1,408360.1035,0,0,0,0,DS54,,,,,,,,,,,,,,,,,
7515.25142,1,403262.4805,1,408360.1035,0,0,0,0,DS54,,,,,,,,,,,,,,,,,
7516.25142,1,403262.4805,1,408360.1035,0,0,0,0,DS54,,,,,,,,,,,,,,,,,
7517.25142,1,403262.4805,1,408360.1035,0,0,0,0,DS54,,,,,,,,,,,,,,,,,
7518.25142,1,403262.4805,1,408360.1035,0,0,0,0,DS54,,,,,,,,,,,,,,,,,
7519.25142,1,403262.4805,1,408360.1035,0,0,0,0,DS54,,,,,,,,,,,,,,,,,
7520.25142,1,403262.4805,1,408360.1035,0,0,0,0,DS54,,,,,,,,,,,,,,,,,
7521.25142,1,403262.4805,1,408360.1035,0,0,0,0,DS54,,,,,,,,,,,,,,,,,
7522.25142,1,403262.4805,1,408360.1035,0,0,0,0,DS54,,,,,,,,,,,,,,,,,
7523.25142,1,403262.4805,1,408360.1035,0,0,0,0,DS54,,,,,,,,,,,,,,,,,
7524.25142,1,403262.4805,1,408360.1035,0,0,0,0,DS54,,,,,,,,,,,,,,,,,
7525.25142,1,403262.4805,1,408360.1035,0,0,0,0,DS54,,,,,,,,,,,,,,,,,
7526.25142,1,403262.4805,1,408360.1035,0,0,0,0,DS54,,,,,,,,,,,,,,,,,
7527.25142,1,403262.4805,1,408360.1035,0,0,0,0,DS54,,,,,,,,,,,,,,,,,
7528.25142,1,403262.4805,1,408360.1035,0,0,0,0,DS54,,,,,,,,,,,,,,,,,
7529.25142,1,403262.4805,1,408360.1035,0,0,0,0,DS54,,,,,,,,,,,,,,,,,
7530.25142,1,403262.4805,1,408360.1035,0,0,0,0,DS54,,,,,,,,,,,,,,,,,
7531.25142,1,403262.4805,1,408360.1035,0,0,0,0,DS54,,,,,,,,,,,,,,,,,
7532.25142,1,403262.4805,1,408360.1035,0,0,0,0,DS54,,,,,,,,,,,,,,,,,
7533.25142,1,403262.4805,1,408360.1035,0,0,0,0,DS54,,,,,,,,,,,,,,,,,
7534.25142,1,403262.4805,1,408360.1035,0,0,0,0,DS54,,,,,,,,,,,,,,,,,
7535.25142,1,403262.4805,1,408360.1035,0,0,0,0,DS54,,,,,,,,,,,,,,,,,
7536.25142,1,403262.4805,1,408360.1035,0,0,0,0,DS54,,,,,,,,,,,,,,,,,
7537.25142,1,403262.4805,1,408360.1035,0,0,0,0,DS54,,,,,,,,,,,,,,,,,
7538.25142,1,403262.4805,1,408360.1035,0,0,0,0,DS54,,,,,,,,,,,,,,,,,
7539.25142,1,403262.4805,1,408360.1035,0,0,0,0,DS54,,,,,,,,,,,,,,,,,
7540.25142,1,403262.4805,1,408360.1035,0,0,0,0,DS54,,,,,,,,,,,,,,,,,
7541.25142,1,403262.4805,1,408360.1035,0,0,0,0,DS54,,,,,,,,,,,,,,,,,
7542.25142,1,403262.4805,1,408360.1035,0,0,0,0,DS54,,,,,,,,,,,,,,,,,
7543.25142,1,403262.4805,1,408360.1035,0,0,0,0,DS54,,,,,,,,,,,,,,,,,
7544.25142,1,403262.4805,1,408360.1035,0,0,0,0,DS54,,,,,,,,,,,,,,,,,
7545.25142,1,403262.4805,1,408360.1035,0,0,0,0,DS54,,,,,,,,,,,,,,,,,
7546.25142,1,403262.4805,1,408360.1035,0,0,0,0,DS54,,,,,,,,,,,,,,,,,
7547.25142,1,403262.4805,1,408360.1035,0,0,0,0,DS54,,,,,,,,,,,,,,,,,
7548.25142,1,403262.4805,1,408360.1035,0,0,0,0,DS54,,,,,,,,,,,,,,,,,
7549.25142,1,403262.4805,1,408360.1035,0,0,0,0,DS54,,,,,,,,,,,,,,,,,
7550.25142,1,403262.4805,1,408360.1035,0,0,0,0,DS54,,,,,,,,,,,,,,,,,
7551.25142,1,403262.4805,1,408360.1035,0,0,0,0,DS54,,,,,,,,,,,,,,,,,
7552.25142,1,403262.4805,1,408360.1035,0,0,0,0,DS54,,,,,,,,,,,,,,,,,
7553.25142,1,403262.4805,1,408360.1035,0,0,0,0,DS54,,,,,,,,,,,,,,,,,
7554.25142,1,403262.4805,1,408360.1035,0,0,0,0,DS54,,,,,,,,,,,,,,,,,
7555.25142,1,403262.4805,1,408360.1035,0,0,0,0,DS54,,,,,,,,,,,,,,,,,
7556.25142,1,403262.4805,1,408360.1035,0,0,0,0,DS54,,,,,,,,,,,,,,,,,
7557.25142,1,403262.4805,1,408360.1035,0,0,0,0,DS54,,,,,,,,,,,,,,,,,
7558.25142,1,403262.4805,1,408360.1035,0,0,0,0,DS54,,,,,,,,,,,,,,,,,
7559.25142,1,403262.4805,1,408360.1035,0,0,0,0,DS54,,,,,,,,,,,,,,,,,
7560.25142,1,403262.4805,1,408360.1035,0,0,0,0,DS54,,,,,,,,,,,,,,,,,
7561.25142,1,403262.4805,1,408360.1035,0,0,0,0,DS54,,,,,,,,,,,,,,,,,
7562.25142,1,403262.4805,1,408360.1035,0,0,0,0,DS54,,,,,,,,,,,,,,,,,
7563.25142,1,403262.4805,1,408360.1035,0,0,0,0,DS54,,,,,,,,,,,,,,,,,
7564.25142,1,403262.4805,1,408360.1035,0,0,0,0,DS54,,,,,,,,,,,,,,,,,
7565.25142,1,403262.4805,1,408360.1035,0,0,0,0,DS54,,,,,,,,,,,,,,,,,
7566.25142,1,403262.4805,1,408360.1035,0,0,0,0,DS54,,,,,,,,,,,,,,,,,
7567.25142,1,403262.4805,1,408360.1035,0,0,0,0,DS54,,,,,,,,,,,,,,,,,
7568.25142,1,403262.4805,1,408360.1035,0,0,0,0,DS54,,,,,,,,,,,,,,,,,
7569.25142,1,403262.4805,1,408360.1035,0,0,0,0,DS54,,,,,,,,,,,,,,,,,
7570.25142,1,403262.4805,1,408360.1035,0,0,0,0,DS54,,,,,,,,,,,,,,,,,
7571.25142,1,403262.4805,1,408360.1035,0,0,0,0,DS54,,,,,,,,,,,,,,,,,
7572.25142,1,403262.4805,1,408360.1035,0,0,0,0,DS54,,,,,,,,,,,,,,,,,
7573.25142,1,403262.4805,1,408360.1035,0,0,0,0,DS54,,,,,,,,,,,,,,,,,
7574.25142,1,403262.4805,1,408360.1035,0,0,0,0,DS54,,,,,,,,,,,,,,,,,
7575.25142,1,403262.4805,1,408360.1035,0,0,0,0,DS54,,,,,,,,,,,,,,,,,
7576.25142,1,403262.4805,1,408360.1035,0,0,0,0,DS54,,,,,,,,,,,,,,,,,
7577.25142,1,403262.4805,1,408360.1035,0,0,0,0,DS54,,,,,,,,,,,,,,,,,
7578.25142,1,403262.4805,1,408360.1035,0,0,0,0,DS54,,,,,,,,,,,,,,,,,
7579.25142,1,403262.4805,1,408360.1035,0,0,0,0,DS54,,,,,,,,,,,,,,,,,
7580.25142,1,403262.4805,1,408360.1035,0,0,0,0,DS54,,,,,,,,,,,,,,,,,
7581.25142,1,403262.4805,1,408360.1035,0,0,0,0,DS54,,,,,,,,,,,,,,,,,
7582.25142,1,403262.4805,1,408360.1035,0,0,0,0,DS54,,,,,,,,,,,,,,,,,
7583.25142,1,403262.4805,1,408360.1035,0,0,0,0,DS54,,,,,,,,,,,,,,,,,
7584.25142,1,403262.4805,1,408360.1035,0,0,0,0,DS54,,,,,,,,,,,,,,,,,
7585.25142,1,403262.4805,1,408360.1035,0,0,0,0,DS54,,,,,,,,,,,,,,,,,
7586.25142,1,403262.4805,1,408360.1035,0,0,0,0,DS54,,,,,,,,,,,,,,,,,
7587.25142,1,403262.4805,1,408360.1035,0,0,0,0,DS54,,,,,,,,,,,,,,,,,
7588.25142,1,403262.4805,1,408360.1035,0,0,0,0,DS54,,,,,,,,,,,,,,,,,
7589.25142,1,403262.4805,1,408360.1035,0,0,0,0,DS54,,,,,,,,,,,,,,,,,
7590.25142,1,403262.4805,1,408360.1035,0,0,0,0,DS54,,,,,,,,,,,,,,,,,
7591.25142,1,403262.4805,1,408360.1035,0,0,0,0,DS54,,,,,,,,,,,,,,,,,
7592.25142,1,403262.4805,1,408360.1035,0,0,0,0,DS54,,,,,,,,,,,,,,,,,
7593.25142,1,403262.4805,1,408360.1035,0,0,0,0,DS54,,,,,,,,,,,,,,,,,
7594.25142,1,403262.4805,1,408360.1035,0,0,0,0,DS54,,,,,,,,,,,,,,,,,
7595.25142,1,403262.4805,1,408360.1035,0,0,0,0,DS54,,,,,,,,,,,,,,,,,
7596.25142,1,403262.4805,1,408360.1035,0,0,0,0,DS54,,,,,,,,,,,,,,,,,
7597.25142,1,403262.4805,1,408360.1035,0,0,0,0,DS54,,,,,,,,,,,,,,,,,
7598.25142,1,403262.4805,1,408360.1035,0,0,0,0,DS54,,,,,,,,,,,,,,,,,
7599.25142,1,403262.4805,1,408360.1035,0,0,0,0,DS54,,,,,,,,,,,,,,,,,
7600.25142,1,403262.4805,1,408360.1035,0,0,0,0,DS54,,,,,,,,,,,,,,,,,
7601.25142,1,403262.4805,1,408360.1035,0,0,0,0,DS54,,,,,,,,,,,,,,,,,
7602.25142,1,403262.4805,1,408360.1035,0,0,0,0,DS54,,,,,,,,,,,,,,,,,
7603.25142,1,403262.4805,1,408360.1035,0,0,0,0,DS54,,,,,,,,,,,,,,,,,
7604.25142,1,403262.4805,1,408360.1035,0,0,0,0,DS54,,,,,,,,,,,,,,,,,
7605.25142,1,403262.4805,1,408360.1035,0,0,0,0,DS54,,,,,,,,,,,,,,,,,
7606.25142,1,403262.4805,1,408360.1035,0,0,0,0,DS54,,,,,,,,,,,,,,,,,
7607.25142,1,403262.4805,1,408360.1035,0,0,0,0,DS54,,,,,,,,,,,,,,,,,
7608.25142,1,403262.4805,1,408360.1035,0,0,0,0,DS54,,,,,,,,,,,,,,,,,
7609.25142,1,403262.4805,1,408360.1035,0,0,0,0,DS54,,,,,,,,,,,,,,,,,
7610.25142,1,403262.4805,1,408360.1035,0,0,0,0,DS54,,,,,,,,,,,,,,,,,
7611.25142,1,403262.4805,1,408360.1035,0,0,0,0,DS54,,,,,,,,,,,,,,,,,
7612.25142,1,403262.4805,1,408360.1035,0,0,0,0,DS54,,,,,,,,,,,,,,,,,
7613.25142,1,403262.4805,1,408360.1035,0,0,0,0,DS54,,,,,,,,,,,,,,,,,
7614.25142,1,403262.4805,1,408360.1035,0,0,0,0,DS54,,,,,,,,,,,,,,,,,
7615.25142,1,403262.4805,1,408360.1035,0,0,0,0,DS54,,,,,,,,,,,,,,,,,
7616.25142,1,403262.4805,1,408360.1035,0,0,0,0,DS54,,,,,,,,,,,,,,,,,
7617.25142,1,403262.4805,1,408360.1035,0,0,0,0,DS54,,,,,,,,,,,,,,,,,
7618.25142,1,403262.4805,1,408360.1035,0,0,0,0,DS54,,,,,,,,,,,,,,,,,
7619.25142,1,403262.4805,1,408360.1035,0,0,0,0,DS54,,,,,,,,,,,,,,,,,
7620.25142,1,403262.4805,1,408360.1035,0,0,0,0,DS54,,,,,,,,,,,,,,,,,
7621.25142,1,403262.4805,1,408360.1035,0,0,0,0,DS54,,,,,,,,,,,,,,,,,
7622.25142,1,403262.4805,1,408360.1035,0,0,0,0,DS54,,,,,,,,,,,,,,,,,
7623.25142,1,403262.4805,1,408360.1035,1,397862.1883,0,0,DS54,,,,,,,,,,,,,,,,,
7624.25142,1,403262.4805,1,408360.1035,1,397862.1883,0,0,DS54,,,,,,,,,,,,,,,,,
7625.25142,1,403262.4805,1,408360.1035,1,397862.1883,0,0,DS54,,,,,,,,,,,,,,,,,
7626.25142,1,403262.4805,1,408360.1035,1,397862.1883,0,0,DS54,,,,,,,,,,,,,,,,,
7627.25142,1,403262.4805,1,408360.1035,1,397862.1883,0,0,DS54,,,,,,,,,,,,,,,,,
7628.25142,1,403262.4805,1,408360.1035,1,397862.1883,0,0,DS54,,,,,,,,,,,,,,,,,
7629.25142,1,403262.4805,1,408360.1035,1,397862.1883,0,0,DS54,,,,,,,,,,,,,,,,,
7630.25142,1,403262.4805,1,408360.1035,1,397862.1883,0,0,DS54,,,,,,,,,,,,,,,,,
7631.25142,1,403262.4805,1,408360.1035,1,397862.1883,0,0,DS54,,,,,,,,,,,,,,,,,
7632.25142,1,403262.4805,1,408360.1035,1,397862.1883,0,0,DS54,,,,,,,,,,,,,,,,,
7633.25142,1,403262.4805,1,408360.1035,1,397862.1883,0,0,DS54,,,,,,,,,,,,,,,,,
7634.25142,1,403262.4805,1,408360.1035,1,397862.1883,0,0,DS54,,,,,,,,,,,,,,,,,
7635.25142,1,403262.4805,1,408360.1035,1,397862.1883,0,0,DS54,,,,,,,,,,,,,,,,,
7636.25142,1,403262.4805,1,408360.1035,1,397862.1883,0,0,DS54,,,,,,,,,,,,,,,,,
7637.25142,1,403262.4805,1,408360.1035,1,397862.1883,0,0,DS54,,,,,,,,,,,,,,,,,
7638.25142,1,403262.4805,1,408360.1035,1,397862.1883,0,0,DS54,,,,,,,,,,,,,,,,,
7639.25142,1,403262.4805,1,408360.1035,1,397862.1883,0,0,DS54,,,,,,,,,,,,,,,,,
7640.25142,1,403262.4805,1,408360.1035,1,397862.1883,0,0,DS54,,,,,,,,,,,,,,,,,
7641.25142,1,403262.4805,1,408360.1035,1,397862.1883,0,0,DS54,,,,,,,,,,,,,,,,,
7642.25142,1,403262.4805,1,408360.1035,1,397862.1883,0,0,DS54,,,,,,,,,,,,,,,,,
7643.25142,1,403262.4805,1,408360.1035,1,397862.1883,0,0,DS54,,,,,,,,,,,,,,,,,
7644.25142,1,403262.4805,1,408360.1035,1,397862.1883,0,0,DS54,,,,,,,,,,,,,,,,,
7645.25142,1,403262.4805,1,408360.1035,1,397862.1883,0,0,DS54,,,,,,,,,,,,,,,,,
7646.25142,1,403262.4805,1,408360.1035,1,397862.1883,0,0,DS54,,,,,,,,,,,,,,,,,
7647.25142,1,403262.4805,1,408360.1035,1,397862.1883,0,0,DS54,,,,,,,,,,,,,,,,,
7648.25142,1,403262.4805,1,408360.1035,1,397862.1883,0,0,DS54,,,,,,,,,,,,,,,,,
7649.25142,1,403262.4805,1,408360.1035,1,397862.1883,0,0,DS54,,,,,,,,,,,,,,,,,
7650.25142,1,403262.4805,1,408360.1035,1,397862.1883,0,0,DS54,,,,,,,,,,,,,,,,,
7651.25142,1,403262.4805,1,408360.1035,1,397862.1883,0,0,DS54,,,,,,,,,,,,,,,,,
7652.25142,1,403262.4805,1,408360.1035,1,397862.1883,0,0,DS54,,,,,,,,,,,,,,,,,
7653.25142,1,403262.4805,1,408360.1035,1,397862.1883,0,0,DS54,,,,,,,,,,,,,,,,,
7654.25142,1,403262.4805,1,408360.1035,1,397862.1883,0,0,DS54,,,,,,,,,,,,,,,,,
7655.25142,1,403262.4805,1,408360.1035,1,397862.1883,0,0,DS54,,,,,,,,,,,,,,,,,
7656.25142,1,403262.4805,1,408360.1035,1,397862.1883,0,0,DS54,,,,,,,,,,,,,,,,,
7657.25142,1,403262.4805,1,408360.1035,1,397862.1883,0,0,DS54,,,,,,,,,,,,,,,,,
7658.25142,1,403262.4805,1,408360.1035,1,397862.1883,0,0,DS54,,,,,,,,,,,,,,,,,
7659.25142,1,403262.4805,1,408360.1035,1,397862.1883,0,0,DS54,,,,,,,,,,,,,,,,,
7660.25142,1,403262.4805,1,408360.1035,1,397862.1883,0,0,DS54,,,,,,,,,,,,,,,,,
7661.25142,1,403262.4805,1,408360.1035,1,397862.1883,0,0,DS54,,,,,,,,,,,,,,,,,
7662.25142,1,403262.4805,1,408360.1035,1,397862.1883,0,0,DS54,,,,,,,,,,,,,,,,,
7663.25142,1,403262.4805,1,408360.1035,1,397862.1883,0,0,DS54,,,,,,,,,,,,,,,,,
7664.25142,1,403262.4805,1,408360.1035,1,397862.1883,0,0,DS54,,,,,,,,,,,,,,,,,
7665.25142,1,403262.4805,1,408360.1035,1,397862.1883,0,0,DS54,,,,,,,,,,,,,,,,,
7666.25142,1,403262.4805,1,408360.1035,1,397862.1883,0,0,DS54,,,,,,,,,,,,,,,,,
7667.25142,1,403262.4805,1,408360.1035,1,397862.1883,0,0,DS54,,,,,,,,,,,,,,,,,
7668.25142,1,403262.4805,1,408360.1035,1,397862.1883,0,0,DS54,,,,,,,,,,,,,,,,,
7669.25142,1,403262.4805,1,408360.1035,1,397862.1883,0,0,DS54,,,,,,,,,,,,,,,,,
7670.25142,1,403262.4805,1,408360.1035,1,397862.1883,0,0,DS54,,,,,,,,,,,,,,,,,
7671.25142,1,403262.4805,1,408360.1035,1,397862.1883,0,0,DS54,,,,,,,,,,,,,,,,,
7672.25142,1,403262.4805,1,408360.1035,1,397862.1883,0,0,DS54,,,,,,,,,,,,,,,,,
7673.25142,1,403262.4805,1,408360.1035,1,397862.1883,0,0,DS54,,,,,,,,,,,,,,,,,
7674.25142,1,403262.4805,1,408360.1035,1,397862.1883,0,0,DS54,,,,,,,,,,,,,,,,,
7675.25142,1,403262.4805,1,408360.1035,1,397862.1883,0,0,DS54,,,,,,,,,,,,,,,,,
7676.25142,1,403262.4805,1,408360.1035,1,397862.1883,0,0,DS54,,,,,,,,,,,,,,,,,
7677.25142,1,403262.4805,1,408360.1035,1,397862.1883,0,0,DS54,,,,,,,,,,,,,,,,,
7678.25142,1,403262.4805,1,408360.1035,1,397862.1883,0,0,DS54,,,,,,,,,,,,,,,,,
7679.25142,1,403262.4805,1,408360.1035,1,397862.1883,0,0,DS54,,,,,,,,,,,,,,,,,
7680.25142,1,403262.4805,1,408360.1035,1,397862.1883,0,0,DS54,,,,,,,,,,,,,,,,,
7681.25142,1,403262.4805,1,408360.1035,1,397862.1883,0,0,DS54,,,,,,,,,,,,,,,,,
7682.25142,1,403262.4805,1,408360.1035,1,397862.1883,0,0,DS54,,,,,,,,,,,,,,,,,
7683.25142,1,403262.4805,1,408360.1035,1,397862.1883,0,0,DS54,,,,,,,,,,,,,,,,,
7684.25142,1,403262.4805,1,408360.1035,1,397862.1883,0,0,DS54,,,,,,,,,,,,,,,,,
7685.25142,1,403262.4805,1,408360.1035,1,397862.1883,0,0,DS54,,,,,,,,,,,,,,,,,
7686.25142,1,403262.4805,1,408360.1035,1,397862.1883,0,0,DS54,,,,,,,,,,,,,,,,,
7687.25142,1,403262.4805,1,408360.1035,1,397862.1883,0,0,DS54,,,,,,,,,,,,,,,,,
7688.25142,1,403262.4805,1,408360.1035,1,397862.1883,0,0,DS54,,,,,,,,,,,,,,,,,
7689.25142,1,403262.4805,1,408360.1035,1,397862.1883,0,0,DS54,,,,,,,,,,,,,,,,,
7690.25142,1,403262.4805,1,408360.1035,1,397862.1883,0,0,DS54,,,,,,,,,,,,,,,,,
7691.25142,1,403262.4805,1,408360.1035,1,397862.1883,0,0,DS54,,,,,,,,,,,,,,,,,
7692.25142,1,403262.4805,1,408360.1035,1,397862.1883,0,0,DS54,,,,,,,,,,,,,,,,,
7693.25142,1,403262.4805,1,408360.1035,1,397862.1883,0,0,DS54,,,,,,,,,,,,,,,,,
7694.25142,1,403262.4805,1,408360.1035,1,397862.1883,0,0,DS54,,,,,,,,,,,,,,,,,
7695.25142,1,403262.4805,1,408360.1035,1,397862.1883,0,0,DS54,,,,,,,,,,,,,,,,,
7696.25142,1,403262.4805,1,408360.1035,1,397862.1883,0,0,DS54,,,,,,,,,,,,,,,,,
7697.25142,1,403262.4805,1,408360.1035,1,397862.1883,0,0,DS54,,,,,,,,,,,,,,,,,
7698.25142,1,403262.4805,1,408360.1035,1,397862.1883,0,0,DS54,,,,,,,,,,,,,,,,,
7699.25142,1,403262.4805,1,408360.1035,1,397862.1883,0,0,DS54,,,,,,,,,,,,,,,,,
7700.25142,1,403262.4805,1,408360.1035,1,397862.1883,0,0,DS54,,,,,,,,,,,,,,,,,
7701.25142,1,403262.4805,1,408360.1035,1,397862.1883,0,0,DS54,,,,,,,,,,,,,,,,,
7702.25142,1,403262.4805,1,408360.1035,1,397862.1883,0,0,DS54,,,,,,,,,,,,,,,,,
7703.25142,1,403262.4805,1,408360.1035,1,397862.1883,0,0,DS54,,,,,,,,,,,,,,,,,
7704.25142,1,403262.4805,1,408360.1035,1,397862.1883,0,0,DS54,,,,,,,,,,,,,,,,,
7705.25142,1,403262.4805,1,408360.1035,1,397862.1883,0,0,DS54,,,,,,,,,,,,,,,,,
7706.25142,1,403262.4805,1,408360.1035,1,397862.1883,0,0,DS54,,,,,,,,,,,,,,,,,
7707.25142,1,403262.4805,1,408360.1035,1,397862.1883,0,0,DS54,,,,,,,,,,,,,,,,,
7708.25142,1,403262.4805,1,408360.1035,1,397862.1883,0,0,DS54,,,,,,,,,,,,,,,,,
7709.25142,1,403262.4805,1,408360.1035,1,397862.1883,0,0,DS54,,,,,,,,,,,,,,,,,
7710.25142,1,403262.4805,1,408360.1035,1,397862.1883,0,0,DS54,,,,,,,,,,,,,,,,,
7711.25142,1,403262.4805,1,408360.1035,1,397862.1883,0,0,DS54,,,,,,,,,,,,,,,,,
7712.25142,1,403262.4805,1,408360.1035,1,397862.1883,0,0,DS54,,,,,,,,,,,,,,,,,
7713.25142,1,403262.4805,1,408360.1035,1,397862.1883,0,0,DS54,,,,,,,,,,,,,,,,,
7714.25142,1,403262.4805,1,408360.1035,1,397862.1883,0,0,DS54,,,,,,,,,,,,,,,,,
7715.25142,1,403262.4805,1,408360.1035,1,397862.1883,0,0,DS54,,,,,,,,,,,,,,,,,
7716.25142,1,403262.4805,1,408360.1035,1,397862.1883,0,0,DS54,,,,,,,,,,,,,,,,,
7717.25142,1,403262.4805,1,408360.1035,1,397862.1883,0,0,DS54,,,,,,,,,,,,,,,,,
7718.25142,1,403262.4805,1,408360.1035,1,397862.1883,0,0,DS54,,,,,,,,,,,,,,,,,
7719.25142,1,403262.4805,1,408360.1035,1,397862.1883,0,0,DS54,,,,,,,,,,,,,,,,,
7720.25142,1,403262.4805,1,408360.1035,1,397862.1883,0,0,DS54,,,,,,,,,,,,,,,,,
7721.25142,1,403262.4805,1,408360.1035,1,397862.1883,0,0,DS54,,,,,,,,,,,,,,,,,
7722.25142,1,403262.4805,1,408360.1035,1,397862.1883,0,0,DS54,,,,,,,,,,,,,,,,,
7723.25142,1,403262.4805,1,408360.1035,1,397862.1883,0,0,DS54,,,,,,,,,,,,,,,,,
7724.25142,1,403262.4805,1,408360.1035,1,397862.1883,0,0,DS54,,,,,,,,,,,,,,,,,
7725.25142,1,403262.4805,1,408360.1035,1,397862.1883,0,0,DS54,,,,,,,,,,,,,,,,,
7726.25142,1,403262.4805,1,408360.1035,1,397862.1883,0,0,DS54,,,,,,,,,,,,,,,,,
7727.25142,1,403262.4805,1,408360.1035,1,397862.1883,0,0,DS54,,,,,,,,,,,,,,,,,
7728.25142,1,403262.4805,1,408360.1035,1,397862.1883,0,0,DS54,,,,,,,,,,,,,,,,,
7729.25142,1,403262.4805,1,408360.1035,1,397862.1883,0,0,DS54,,,,,,,,,,,,,,,,,
7730.25142,1,403262.4805,1,408360.1035,1,397862.1883,0,0,DS54,,,,,,,,,,,,,,,,,
7731.25142,1,403262.4805,1,408360.1035,1,397862.1883,0,0,DS54,,,,,,,,,,,,,,,,,
7732.25142,1,403262.4805,1,408360.1035,1,397862.1883,0,0,DS54,,,,,,,,,,,,,,,,,
7733.25142,1,403262.4805,1,408360.1035,1,397862.1883,0,0,DS54,,,,,,,,,,,,,,,,,
7734.25142,1,403262.4805,1,408360.1035,1,397862.1883,0,0,DS54,,,,,,,,,,,,,,,,,
7735.25142,1,403262.4805,1,408360.1035,1,397862.1883,0,0,DS54,,,,,,,,,,,,,,,,,
7736.25142,1,403262.4805,1,408360.1035,1,397862.1883,0,0,DS54,,,,,,,,,,,,,,,,,
7737.25142,1,403262.4805,1,408360.1035,1,397862.1883,0,0,DS54,,,,,,,,,,,,,,,,,
7738.25142,1,403262.4805,1,408360.1035,1,397862.1883,0,0,DS54,,,,,,,,,,,,,,,,,
7739.25142,1,403262.4805,1,408360.1035,1,397862.1883,0,0,DS54,,,,,,,,,,,,,,,,,
7740.25142,1,403262.4805,1,408360.1035,1,397862.1883,0,0,DS54,,,,,,,,,,,,,,,,,
7741.25142,1,403262.4805,1,408360.1035,1,397862.1883,0,0,DS54,,,,,,,,,,,,,,,,,
7742.25142,1,403262.4805,1,408360.1035,1,397862.1883,0,0,DS54,,,,,,,,,,,,,,,,,
7743.25142,1,403262.4805,1,408360.1035,1,397862.1883,0,0,DS54,,,,,,,,,,,,,,,,,
7744.25142,1,403262.4805,1,408360.1035,1,397862.1883,0,0,DS54,,,,,,,,,,,,,,,,,
7745.25142,1,403262.4805,1,408360.1035,1,397862.1883,0,0,DS54,,,,,,,,,,,,,,,,,
7746.25142,1,403262.4805,0,0,1,397862.1883,0,0,DS24,,,,,,,,,,,,,,,,,
7747.25142,1,403262.4805,0,0,1,397862.1883,0,0,DS24,,,,,,,,,,,,,,,,,
7748.25142,1,403262.4805,0,0,1,397862.1883,0,0,DS24,,,,,,,,,,,,,,,,,
7749.25142,1,403262.4805,0,0,1,397862.1883,0,0,DS24,,,,,,,,,,,,,,,,,
7750.25142,1,403262.4805,0,0,1,397862.1883,0,0,DS24,,,,,,,,,,,,,,,,,
7751.25142,1,403262.4805,0,0,1,397862.1883,0,0,DS24,,,,,,,,,,,,,,,,,
7752.25142,1,403262.4805,0,0,1,397862.1883,0,0,DS24,,,,,,,,,,,,,,,,,
7753.25142,1,403262.4805,0,0,1,397862.1883,0,0,DS24,,,,,,,,,,,,,,,,,
7754.25142,1,403262.4805,0,0,1,397862.1883,0,0,DS24,,,,,,,,,,,,,,,,,
7755.25142,1,403262.4805,0,0,1,397862.1883,0,0,DS24,,,,,,,,,,,,,,,,,
7756.25142,1,403262.4805,0,0,1,397862.1883,0,0,DS24,,,,,,,,,,,,,,,,,
7757.25142,1,403262.4805,0,0,1,397862.1883,0,0,DS24,,,,,,,,,,,,,,,,,
7758.25142,1,403262.4805,0,0,1,397862.1883,0,0,DS24,,,,,,,,,,,,,,,,,
7759.25142,1,403262.4805,0,0,1,397862.1883,0,0,DS24,,,,,,,,,,,,,,,,,
7760.25142,1,403262.4805,0,0,1,397862.1883,0,0,DS24,,,,,,,,,,,,,,,,,
7761.25142,1,403262.4805,0,0,1,397862.1883,0,0,DS24,,,,,,,,,,,,,,,,,
7762.25142,1,403262.4805,0,0,1,397862.1883,0,0,DS24,,,,,,,,,,,,,,,,,
7763.25142,1,403262.4805,0,0,1,397862.1883,0,0,DS24,,,,,,,,,,,,,,,,,
7764.25142,1,403262.4805,0,0,1,397862.1883,0,0,DS24,,,,,,,,,,,,,,,,,
7765.25142,1,403262.4805,0,0,1,397862.1883,0,0,DS24,,,,,,,,,,,,,,,,,
7766.25142,1,403262.4805,0,0,1,397862.1883,0,0,DS24,,,,,,,,,,,,,,,,,
7767.25142,1,403262.4805,0,0,1,397862.1883,0,0,DS24,,,,,,,,,,,,,,,,,
7768.25142,1,403262.4805,0,0,1,397862.1883,0,0,DS24,,,,,,,,,,,,,,,,,
7769.25142,1,403262.4805,0,0,1,397862.1883,0,0,DS24,,,,,,,,,,,,,,,,,
7770.25142,1,403262.4805,0,0,1,397862.1883,0,0,DS24,,,,,,,,,,,,,,,,,
7771.25142,1,403262.4805,0,0,1,397862.1883,0,0,DS24,,,,,,,,,,,,,,,,,
7772.25142,1,403262.4805,0,0,1,397862.1883,0,0,DS24,,,,,,,,,,,,,,,,,
7773.25142,1,403262.4805,0,0,1,397862.1883,0,0,DS24,,,,,,,,,,,,,,,,,
7774.25142,1,403262.4805,0,0,1,397862.1883,0,0,DS24,,,,,,,,,,,,,,,,,
7775.25142,1,403262.4805,0,0,1,397862.1883,0,0,DS24,,,,,,,,,,,,,,,,,
7776.25142,1,403262.4805,0,0,1,397862.1883,0,0,DS24,,,,,,,,,,,,,,,,,
7777.25142,1,403262.4805,0,0,1,397862.1883,0,0,DS24,,,,,,,,,,,,,,,,,
7778.25142,1,403262.4805,0,0,1,397862.1883,0,0,DS24,,,,,,,,,,,,,,,,,
7779.25142,1,403262.4805,0,0,1,397862.1883,0,0,DS24,,,,,,,,,,,,,,,,,
7780.25142,1,403262.4805,0,0,1,397862.1883,0,0,DS24,,,,,,,,,,,,,,,,,
7781.25142,1,403262.4805,0,0,1,397862.1883,0,0,DS24,,,,,,,,,,,,,,,,,
7782.25142,1,403262.4805,0,0,1,397862.1883,0,0,DS24,,,,,,,,,,,,,,,,,
7783.25142,1,403262.4805,0,0,1,397862.1883,0,0,DS24,,,,,,,,,,,,,,,,,
7784.25142,1,403262.4805,0,0,1,397862.1883,0,0,DS24,,,,,,,,,,,,,,,,,
7785.25142,1,403262.4805,0,0,1,397862.1883,0,0,DS24,,,,,,,,,,,,,,,,,
7786.25142,1,403262.4805,0,0,1,397862.1883,0,0,DS24,,,,,,,,,,,,,,,,,
7787.25142,1,403262.4805,0,0,1,397862.1883,0,0,DS24,,,,,,,,,,,,,,,,,
7788.25142,1,403262.4805,0,0,1,397862.1883,0,0,DS24,,,,,,,,,,,,,,,,,
7789.25142,1,403262.4805,0,0,1,397862.1883,0,0,DS24,,,,,,,,,,,,,,,,,
7790.25142,1,403262.4805,0,0,1,397862.1883,0,0,DS24,,,,,,,,,,,,,,,,,
7791.25142,1,403262.4805,0,0,1,397862.1883,0,0,DS24,,,,,,,,,,,,,,,,,
7792.25142,1,403262.4805,0,0,1,397862.1883,0,0,DS24,,,,,,,,,,,,,,,,,
7793.25142,1,403262.4805,0,0,1,397862.1883,0,0,DS24,,,,,,,,,,,,,,,,,
7794.25142,1,403262.4805,0,0,1,397862.1883,0,0,DS24,,,,,,,,,,,,,,,,,
7795.25142,1,403262.4805,0,0,1,397862.1883,0,0,DS24,,,,,,,,,,,,,,,,,
7796.25142,1,403262.4805,0,0,1,397862.1883,0,0,DS24,,,,,,,,,,,,,,,,,
7797.25142,1,403262.4805,0,0,1,397862.1883,0,0,DS24,,,,,,,,,,,,,,,,,
7798.25142,1,403262.4805,0,0,1,397862.1883,0,0,DS24,,,,,,,,,,,,,,,,,
7799.25142,1,403262.4805,0,0,1,397862.1883,0,0,DS24,,,,,,,,,,,,,,,,,
7800.25142,1,403262.4805,0,0,1,397862.1883,0,0,DS24,,,,,,,,,,,,,,,,,
7801.25142,1,403262.4805,0,0,1,397862.1883,0,0,DS24,,,,,,,,,,,,,,,,,
7802.25142,1,403262.4805,0,0,1,397862.1883,0,0,DS24,,,,,,,,,,,,,,,,,
7803.25142,1,403262.4805,0,0,1,397862.1883,0,0,DS24,,,,,,,,,,,,,,,,,
7804.25142,1,403262.4805,0,0,1,397862.1883,0,0,DS24,,,,,,,,,,,,,,,,,
7805.25142,1,403262.4805,0,0,1,397862.1883,0,0,DS24,,,,,,,,,,,,,,,,,
7806.25142,1,403262.4805,0,0,1,397862.1883,0,0,DS24,,,,,,,,,,,,,,,,,
7807.25142,1,403262.4805,0,0,1,397862.1883,0,0,DS24,,,,,,,,,,,,,,,,,
7808.25142,1,403262.4805,0,0,1,397862.1883,0,0,DS24,,,,,,,,,,,,,,,,,
7809.25142,1,403262.4805,0,0,1,397862.1883,0,0,DS24,,,,,,,,,,,,,,,,,
7810.25142,1,403262.4805,0,0,1,397862.1883,0,0,DS24,,,,,,,,,,,,,,,,,
7811.25142,1,403262.4805,0,0,1,397862.1883,0,0,DS24,,,,,,,,,,,,,,,,,
7812.25142,1,403262.4805,0,0,1,397862.1883,0,0,DS24,,,,,,,,,,,,,,,,,
7813.25142,1,403262.4805,0,0,1,397862.1883,0,0,DS24,,,,,,,,,,,,,,,,,
7814.25142,1,403262.4805,0,0,1,397862.1883,0,0,DS24,,,,,,,,,,,,,,,,,
7815.25142,1,403262.4805,0,0,1,397862.1883,0,0,DS24,,,,,,,,,,,,,,,,,
7816.25142,1,403262.4805,0,0,1,397862.1883,0,0,DS24,,,,,,,,,,,,,,,,,
7817.25142,1,403262.4805,0,0,1,397862.1883,0,0,DS24,,,,,,,,,,,,,,,,,
7818.25142,1,403262.4805,0,0,1,397862.1883,0,0,DS24,,,,,,,,,,,,,,,,,
7819.25142,1,403262.4805,0,0,1,397862.1883,0,0,DS24,,,,,,,,,,,,,,,,,
7820.25142,1,403262.4805,0,0,1,397862.1883,0,0,DS24,,,,,,,,,,,,,,,,,
7821.25142,1,403262.4805,0,0,1,397862.1883,0,0,DS24,,,,,,,,,,,,,,,,,
7822.25142,1,403262.4805,0,0,1,397862.1883,0,0,DS24,,,,,,,,,,,,,,,,,
7823.25142,1,403262.4805,0,0,1,397862.1883,0,0,DS24,,,,,,,,,,,,,,,,,
7824.25142,1,403262.4805,0,0,1,397862.1883,0,0,DS24,,,,,,,,,,,,,,,,,
7825.25142,1,403262.4805,0,0,1,397862.1883,0,0,DS24,,,,,,,,,,,,,,,,,
7826.25142,1,403262.4805,0,0,1,397862.1883,0,0,DS24,,,,,,,,,,,,,,,,,
7827.25142,1,403262.4805,0,0,1,397862.1883,0,0,DS24,,,,,,,,,,,,,,,,,
7828.25142,1,403262.4805,0,0,1,397862.1883,0,0,DS24,,,,,,,,,,,,,,,,,
7829.25142,1,403262.4805,0,0,1,397862.1883,0,0,DS24,,,,,,,,,,,,,,,,,
7830.25142,1,403262.4805,0,0,1,397862.1883,0,0,DS24,,,,,,,,,,,,,,,,,
7831.25142,1,403262.4805,0,0,1,397862.1883,0,0,DS24,,,,,,,,,,,,,,,,,
7832.25142,1,403262.4805,0,0,1,397862.1883,0,0,DS24,,,,,,,,,,,,,,,,,
7833.25142,1,403262.4805,0,0,1,397862.1883,0,0,DS24,,,,,,,,,,,,,,,,,
7834.25142,1,403262.4805,0,0,1,397862.1883,0,0,DS24,,,,,,,,,,,,,,,,,
7835.25142,1,403262.4805,0,0,1,397862.1883,0,0,DS24,,,,,,,,,,,,,,,,,
7836.25142,1,403262.4805,0,0,1,397862.1883,0,0,DS24,,,,,,,,,,,,,,,,,
7837.25142,1,403262.4805,0,0,1,397862.1883,0,0,DS24,,,,,,,,,,,,,,,,,
7838.25142,1,403262.4805,0,0,1,397862.1883,0,0,DS24,,,,,,,,,,,,,,,,,
7839.25142,1,403262.4805,0,0,1,397862.1883,0,0,DS24,,,,,,,,,,,,,,,,,
7840.25142,1,403262.4805,0,0,1,397862.1883,0,0,DS24,,,,,,,,,,,,,,,,,
7841.25142,1,403262.4805,0,0,1,397862.1883,0,0,DS24,,,,,,,,,,,,,,,,,
7842.25142,1,403262.4805,0,0,1,397862.1883,0,0,DS24,,,,,,,,,,,,,,,,,
7843.25142,1,403262.4805,0,0,1,397862.1883,0,0,DS24,,,,,,,,,,,,,,,,,
7844.25142,1,403262.4805,0,0,1,397862.1883,0,0,DS24,,,,,,,,,,,,,,,,,
7845.25142,1,403262.4805,0,0,1,397862.1883,0,0,DS24,,,,,,,,,,,,,,,,,
7846.25142,1,403262.4805,0,0,1,397862.1883,0,0,DS24,,,,,,,,,,,,,,,,,
7847.25142,1,403262.4805,0,0,1,397862.1883,0,0,DS24,,,,,,,,,,,,,,,,,
7848.25142,1,403262.4805,0,0,1,397862.1883,0,0,DS24,,,,,,,,,,,,,,,,,
7849.25142,1,403262.4805,0,0,1,397862.1883,0,0,DS24,,,,,,,,,,,,,,,,,
7850.25142,1,403262.4805,0,0,1,397862.1883,0,0,DS24,,,,,,,,,,,,,,,,,
7851.25142,1,403262.4805,0,0,1,397862.1883,0,0,DS24,,,,,,,,,,,,,,,,,
7852.25142,1,403262.4805,0,0,1,397862.1883,0,0,DS24,,,,,,,,,,,,,,,,,
7853.25142,1,403262.4805,0,0,1,397862.1883,0,0,DS24,,,,,,,,,,,,,,,,,
7854.25142,1,403262.4805,0,0,1,397862.1883,0,0,DS24,,,,,,,,,,,,,,,,,
7855.25142,1,403262.4805,0,0,1,397862.1883,0,0,DS24,,,,,,,,,,,,,,,,,
7856.25142,1,403262.4805,0,0,1,397862.1883,0,0,DS24,,,,,,,,,,,,,,,,,
7857.25142,1,403262.4805,0,0,1,397862.1883,0,0,DS24,,,,,,,,,,,,,,,,,
7858.25142,1,403262.4805,0,0,1,397862.1883,0,0,DS24,,,,,,,,,,,,,,,,,
7859.25142,1,403262.4805,0,0,1,397862.1883,0,0,DS24,,,,,,,,,,,,,,,,,
7860.25142,1,403262.4805,0,0,1,397862.1883,0,0,DS24,,,,,,,,,,,,,,,,,
7861.25142,1,403262.4805,0,0,1,397862.1883,0,0,DS24,,,,,,,,,,,,,,,,,
7862.25142,1,403262.4805,0,0,1,397862.1883,0,0,DS24,,,,,,,,,,,,,,,,,
7863.25142,1,403262.4805,0,0,1,397862.1883,0,0,DS24,,,,,,,,,,,,,,,,,
7864.25142,1,403262.4805,0,0,1,397862.1883,0,0,DS24,,,,,,,,,,,,,,,,,
7865.25142,1,403262.4805,0,0,1,397862.1883,0,0,DS24,,,,,,,,,,,,,,,,,
7866.25142,1,403262.4805,0,0,1,397862.1883,0,0,DS24,,,,,,,,,,,,,,,,,
7867.25142,1,403262.4805,0,0,1,397862.1883,0,0,DS24,,,,,,,,,,,,,,,,,
7868.25142,1,403262.4805,0,0,1,397862.1883,0,0,DS24,,,,,,,,,,,,,,,,,
7869.25142,1,403262.4805,0,0,1,397862.1883,0,0,DS24,,,,,,,,,,,,,,,,,
7870.25142,1,403262.4805,0,0,1,397862.1883,0,0,DS24,,,,,,,,,,,,,,,,,
7871.25142,1,403262.4805,0,0,1,397862.1883,0,0,DS24,,,,,,,,,,,,,,,,,
7872.25142,1,403262.4805,0,0,1,397862.1883,0,0,DS24,,,,,,,,,,,,,,,,,
7873.25142,1,403262.4805,0,0,1,397862.1883,0,0,DS24,,,,,,,,,,,,,,,,,
7874.25142,1,403262.4805,0,0,1,397862.1883,0,0,DS24,,,,,,,,,,,,,,,,,
7875.25142,1,403262.4805,0,0,1,397862.1883,0,0,DS24,,,,,,,,,,,,,,,,,
7876.25142,1,403262.4805,0,0,1,397862.1883,0,0,DS24,,,,,,,,,,,,,,,,,
7877.25142,1,403262.4805,0,0,1,397862.1883,0,0,DS24,,,,,,,,,,,,,,,,,
7878.25142,1,403262.4805,0,0,1,397862.1883,0,0,DS24,,,,,,,,,,,,,,,,,
7879.25142,1,403262.4805,0,0,1,397862.1883,0,0,DS24,,,,,,,,,,,,,,,,,
7880.25142,1,403262.4805,0,0,1,397862.1883,0,0,DS24,,,,,,,,,,,,,,,,,
7881.25142,1,403262.4805,0,0,1,397862.1883,0,0,DS24,,,,,,,,,,,,,,,,,
7882.25142,1,403262.4805,0,0,1,397862.1883,0,0,DS24,,,,,,,,,,,,,,,,,
7883.25142,1,403262.4805,0,0,1,397862.1883,0,0,DS24,,,,,,,,,,,,,,,,,
7884.25142,1,403262.4805,0,0,1,397862.1883,0,0,DS24,,,,,,,,,,,,,,,,,
7885.25142,1,403262.4805,0,0,1,397862.1883,0,0,DS24,,,,,,,,,,,,,,,,,
7886.25142,1,403262.4805,0,0,1,397862.1883,0,0,DS24,,,,,,,,,,,,,,,,,
7887.25142,1,403262.4805,0,0,1,397862.1883,0,0,DS24,,,,,,,,,,,,,,,,,
7888.25142,1,403262.4805,0,0,1,397862.1883,0,0,DS24,,,,,,,,,,,,,,,,,
7889.25142,1,403262.4805,0,0,1,397862.1883,0,0,DS24,,,,,,,,,,,,,,,,,
7890.25142,1,403262.4805,0,0,1,397862.1883,0,0,DS24,,,,,,,,,,,,,,,,,
7891.25142,1,403262.4805,0,0,1,397862.1883,0,0,DS24,,,,,,,,,,,,,,,,,
7892.25142,1,403262.4805,0,0,1,397862.1883,0,0,DS24,,,,,,,,,,,,,,,,,
7893.25142,1,403262.4805,0,0,1,397862.1883,0,0,DS24,,,,,,,,,,,,,,,,,
7894.25142,1,403262.4805,0,0,1,397862.1883,0,0,DS24,,,,,,,,,,,,,,,,,
7895.25142,1,403262.4805,0,0,1,397862.1883,0,0,DS24,,,,,,,,,,,,,,,,,
7896.25142,1,403262.4805,0,0,1,397862.1883,0,0,DS24,,,,,,,,,,,,,,,,,
7897.25142,1,403262.4805,0,0,1,397862.1883,0,0,DS24,,,,,,,,,,,,,,,,,
7898.25142,1,403262.4805,0,0,1,397862.1883,0,0,DS24,,,,,,,,,,,,,,,,,
7899.25142,1,403262.4805,0,0,1,397862.1883,0,0,DS24,,,,,,,,,,,,,,,,,
7900.25142,1,403262.4805,0,0,1,397862.1883,0,0,DS24,,,,,,,,,,,,,,,,,
7901.25142,1,403262.4805,0,0,1,397862.1883,0,0,DS24,,,,,,,,,,,,,,,,,
7902.25142,1,403262.4805,0,0,1,397862.1883,0,0,DS24,,,,,,,,,,,,,,,,,
7903.25142,1,403262.4805,0,0,1,397862.1883,0,0,DS24,,,,,,,,,,,,,,,,,
7904.25142,1,403262.4805,0,0,1,397862.1883,0,0,DS24,,,,,,,,,,,,,,,,,
7905.25142,1,403262.4805,0,0,1,397862.1883,0,0,DS24,,,,,,,,,,,,,,,,,
7906.25142,1,403262.4805,0,0,1,397862.1883,0,0,DS24,,,,,,,,,,,,,,,,,
7907.25142,1,403262.4805,0,0,1,397862.1883,0,0,DS24,,,,,,,,,,,,,,,,,
7908.25142,1,403262.4805,0,0,1,397862.1883,0,0,DS24,,,,,,,,,,,,,,,,,
7909.25142,1,403262.4805,0,0,1,397862.1883,0,0,DS24,,,,,,,,,,,,,,,,,
7910.25142,1,403262.4805,0,0,1,397862.1883,0,0,DS24,,,,,,,,,,,,,,,,,
7911.25142,1,403262.4805,0,0,1,397862.1883,0,0,DS24,,,,,,,,,,,,,,,,,
7912.25142,1,403262.4805,0,0,1,397862.1883,0,0,DS24,,,,,,,,,,,,,,,,,
7913.25142,1,403262.4805,0,0,1,397862.1883,0,0,DS24,,,,,,,,,,,,,,,,,
7914.25142,1,403262.4805,0,0,1,397862.1883,0,0,DS24,,,,,,,,,,,,,,,,,
7915.25142,1,403262.4805,0,0,1,397862.1883,0,0,DS24,,,,,,,,,,,,,,,,,
7916.25142,1,403262.4805,0,0,1,397862.1883,0,0,DS24,,,,,,,,,,,,,,,,,
7917.25142,1,403262.4805,0,0,1,397862.1883,0,0,DS24,,,,,,,,,,,,,,,,,
7918.25142,1,403262.4805,0,0,1,397862.1883,0,0,DS24,,,,,,,,,,,,,,,,,
7919.25142,1,403262.4805,0,0,1,397862.1883,0,0,DS24,,,,,,,,,,,,,,,,,
7920.25142,1,403262.4805,0,0,1,397862.1883,0,0,DS24,,,,,,,,,,,,,,,,,
7921.25142,1,403262.4805,0,0,1,397862.1883,0,0,DS24,,,,,,,,,,,,,,,,,
7922.25142,1,403262.4805,0,0,1,397862.1883,0,0,DS24,,,,,,,,,,,,,,,,,
7923.25142,1,403262.4805,0,0,1,397862.1883,0,0,DS24,,,,,,,,,,,,,,,,,
7924.25142,1,403262.4805,0,0,1,397862.1883,0,0,DS24,,,,,,,,,,,,,,,,,
7925.25142,1,403262.4805,0,0,1,397862.1883,0,0,DS24,,,,,,,,,,,,,,,,,
7926.25142,1,403262.4805,0,0,1,397862.1883,0,0,DS24,,,,,,,,,,,,,,,,,
7927.25142,1,403262.4805,0,0,1,397862.1883,0,0,DS24,,,,,,,,,,,,,,,,,
7928.25142,1,403262.4805,0,0,1,397862.1883,0,0,DS24,,,,,,,,,,,,,,,,,
7929.25142,1,403262.4805,0,0,1,397862.1883,0,0,DS24,,,,,,,,,,,,,,,,,
7930.25142,1,403262.4805,0,0,1,397862.1883,0,0,DS24,,,,,,,,,,,,,,,,,
7931.25142,1,403262.4805,0,0,1,397862.1883,0,0,DS24,,,,,,,,,,,,,,,,,
7932.25142,1,403262.4805,0,0,1,397862.1883,0,0,DS24,,,,,,,,,,,,,,,,,
7933.25142,1,403262.4805,0,0,1,397862.1883,0,0,DS24,,,,,,,,,,,,,,,,,
7934.25142,1,403262.4805,0,0,1,397862.1883,0,0,DS24,,,,,,,,,,,,,,,,,
7935.25142,1,403262.4805,0,0,1,397862.1883,0,0,DS24,,,,,,,,,,,,,,,,,
7936.25142,1,403262.4805,0,0,1,397862.1883,0,0,DS24,,,,,,,,,,,,,,,,,
7937.25142,1,403262.4805,0,0,1,397862.1883,0,0,DS24,,,,,,,,,,,,,,,,,
7938.25142,1,403262.4805,0,0,1,397862.1883,0,0,DS24,,,,,,,,,,,,,,,,,
7939.25142,1,403262.4805,0,0,1,397862.1883,0,0,DS24,,,,,,,,,,,,,,,,,
7940.25142,1,403262.4805,0,0,1,397862.1883,0,0,DS24,,,,,,,,,,,,,,,,,
7941.25142,1,403262.4805,0,0,1,397862.1883,0,0,DS24,,,,,,,,,,,,,,,,,
7942.25142,1,403262.4805,0,0,1,397862.1883,0,0,DS24,,,,,,,,,,,,,,,,,
7943.25142,1,403262.4805,0,0,1,397862.1883,0,0,DS24,,,,,,,,,,,,,,,,,
7944.25142,1,403262.4805,0,0,1,397862.1883,0,0,DS24,,,,,,,,,,,,,,,,,
7945.25142,1,403262.4805,0,0,1,397862.1883,0,0,DS24,,,,,,,,,,,,,,,,,
7946.25142,1,403262.4805,0,0,1,397862.1883,1,388691.9464,DS24,,,,,,,,,,,,,,,,,
7947.25142,1,403262.4805,0,0,1,397862.1883,1,388691.9464,DS24,,,,,,,,,,,,,,,,,
7948.25142,1,403262.4805,0,0,1,397862.1883,1,388691.9464,DS24,,,,,,,,,,,,,,,,,
7949.25142,1,403262.4805,0,0,1,397862.1883,1,388691.9464,DS24,,,,,,,,,,,,,,,,,
7950.25142,1,403262.4805,0,0,1,397862.1883,1,388691.9464,DS24,,,,,,,,,,,,,,,,,
7951.25142,1,403262.4805,0,0,1,397862.1883,1,388691.9464,DS24,,,,,,,,,,,,,,,,,
7952.25142,1,403262.4805,0,0,1,397862.1883,1,388691.9464,DS24,,,,,,,,,,,,,,,,,
7953.25142,1,403262.4805,0,0,1,397862.1883,1,388691.9464,DS24,,,,,,,,,,,,,,,,,
7954.25142,1,403262.4805,0,0,1,397862.1883,1,388691.9464,DS24,,,,,,,,,,,,,,,,,
7955.25142,1,403262.4805,0,0,1,397862.1883,1,388691.9464,DS24,,,,,,,,,,,,,,,,,
7956.25142,1,403262.4805,0,0,1,397862.1883,1,388691.9464,DS24,,,,,,,,,,,,,,,,,
7957.25142,1,403262.4805,0,0,1,397862.1883,1,388691.9464,DS24,,,,,,,,,,,,,,,,,
7958.25142,1,403262.4805,0,0,1,397862.1883,1,388691.9464,DS24,,,,,,,,,,,,,,,,,
7959.25142,1,403262.4805,0,0,1,397862.1883,1,388691.9464,DS24,,,,,,,,,,,,,,,,,
7960.25142,1,403262.4805,0,0,1,397862.1883,1,388691.9464,DS24,,,,,,,,,,,,,,,,,
7961.25142,1,403262.4805,0,0,1,397862.1883,1,388691.9464,DS24,,,,,,,,,,,,,,,,,
7962.25142,1,403262.4805,0,0,1,397862.1883,1,388691.9464,DS24,,,,,,,,,,,,,,,,,
7963.25142,1,403262.4805,0,0,1,397862.1883,1,388691.9464,DS24,,,,,,,,,,,,,,,,,
7964.25142,1,403262.4805,0,0,1,397862.1883,1,388691.9464,DS24,,,,,,,,,,,,,,,,,
7965.25142,1,403262.4805,0,0,1,397862.1883,1,388691.9464,DS24,,,,,,,,,,,,,,,,,
7966.25142,1,403262.4805,0,0,1,397862.1883,1,388691.9464,DS24,,,,,,,,,,,,,,,,,
7967.25142,1,403262.4805,0,0,1,397862.1883,1,388691.9464,DS24,,,,,,,,,,,,,,,,,
7968.25142,1,403262.4805,0,0,1,397862.1883,1,388691.9464,DS24,,,,,,,,,,,,,,,,,
7969.25142,1,403262.4805,0,0,1,397862.1883,1,388691.9464,DS24,,,,,,,,,,,,,,,,,
7970.25142,1,403262.4805,0,0,1,397862.1883,1,388691.9464,DS24,,,,,,,,,,,,,,,,,
7971.25142,1,403262.4805,0,0,1,397862.1883,1,388691.9464,DS24,,,,,,,,,,,,,,,,,
7972.25142,1,403262.4805,0,0,1,397862.1883,1,388691.9464,DS24,,,,,,,,,,,,,,,,,
7973.25142,1,403262.4805,0,0,1,397862.1883,1,388691.9464,DS24,,,,,,,,,,,,,,,,,
7974.25142,1,403262.4805,0,0,1,397862.1883,1,388691.9464,DS24,,,,,,,,,,,,,,,,,
7975.25142,1,403262.4805,0,0,1,397862.1883,1,388691.9464,DS24,,,,,,,,,,,,,,,,,
7976.25142,1,403262.4805,0,0,1,397862.1883,1,388691.9464,DS24,,,,,,,,,,,,,,,,,
7977.25142,1,403262.4805,0,0,1,397862.1883,1,388691.9464,DS24,,,,,,,,,,,,,,,,,
7978.25142,1,403262.4805,0,0,1,397862.1883,1,388691.9464,DS24,,,,,,,,,,,,,,,,,
7979.25142,1,403262.4805,0,0,1,397862.1883,1,388691.9464,DS24,,,,,,,,,,,,,,,,,
7980.25142,1,403262.4805,0,0,1,397862.1883,1,388691.9464,DS24,,,,,,,,,,,,,,,,,
7981.25142,1,403262.4805,0,0,1,397862.1883,1,388691.9464,DS24,,,,,,,,,,,,,,,,,
7982.25142,1,403262.4805,0,0,1,397862.1883,1,388691.9464,DS24,,,,,,,,,,,,,,,,,
7983.25142,1,403262.4805,0,0,1,397862.1883,1,388691.9464,DS24,,,,,,,,,,,,,,,,,
7984.25142,1,403262.4805,0,0,1,397862.1883,1,388691.9464,DS24,,,,,,,,,,,,,,,,,
7985.25142,1,403262.4805,0,0,1,397862.1883,1,388691.9464,DS24,,,,,,,,,,,,,,,,,
7986.25142,1,403262.4805,0,0,1,397862.1883,1,388691.9464,DS24,,,,,,,,,,,,,,,,,
7987.25142,1,403262.4805,0,0,1,397862.1883,1,388691.9464,DS24,,,,,,,,,,,,,,,,,
7988.25142,1,403262.4805,0,0,1,397862.1883,1,388691.9464,DS24,,,,,,,,,,,,,,,,,
7989.25142,1,403262.4805,0,0,1,397862.1883,1,388691.9464,DS24,,,,,,,,,,,,,,,,,
7990.25142,1,403262.4805,0,0,1,397862.1883,1,388691.9464,DS24,,,,,,,,,,,,,,,,,
7991.25142,1,403262.4805,0,0,1,397862.1883,1,388691.9464,DS24,,,,,,,,,,,,,,,,,
7992.25142,1,403262.4805,0,0,1,397862.1883,1,388691.9464,DS24,,,,,,,,,,,,,,,,,
7993.25142,1,403262.4805,0,0,1,397862.1883,1,388691.9464,DS24,,,,,,,,,,,,,,,,,
7994.25142,1,403262.4805,0,0,1,397862.1883,1,388691.9464,DS24,,,,,,,,,,,,,,,,,
7995.25142,1,403262.4805,0,0,1,397862.1883,1,388691.9464,DS24,,,,,,,,,,,,,,,,,
7996.25142,1,403262.4805,0,0,1,397862.1883,1,388691.9464,DS24,,,,,,,,,,,,,,,,,
7997.25142,1,403262.4805,0,0,1,397862.1883,1,388691.9464,DS24,,,,,,,,,,,,,,,,,
7998.25142,1,403262.4805,0,0,1,397862.1883,1,388691.9464,DS24,,,,,,,,,,,,,,,,,
7999.25142,1,403262.4805,0,0,1,397862.1883,1,388691.9464,DS24,,,,,,,,,,,,,,,,,
8000.25142,1,403262.4805,0,0,1,397862.1883,1,388691.9464,DS24,,,,,,,,,,,,,,,,,
8001.25142,1,403262.4805,0,0,1,397862.1883,1,388691.9464,DS24,,,,,,,,,,,,,,,,,
8002.25142,1,403262.4805,0,0,1,397862.1883,1,388691.9464,DS24,,,,,,,,,,,,,,,,,
8003.25142,1,403262.4805,0,0,1,397862.1883,1,388691.9464,DS24,,,,,,,,,,,,,,,,,
8004.25142,1,403262.4805,0,0,1,397862.1883,1,388691.9464,DS24,,,,,,,,,,,,,,,,,
8005.25142,1,403262.4805,0,0,1,397862.1883,1,388691.9464,DS24,,,,,,,,,,,,,,,,,
8006.25142,1,403262.4805,0,0,1,397862.1883,1,388691.9464,DS24,,,,,,,,,,,,,,,,,
8007.25142,1,403262.4805,0,0,1,397862.1883,1,388691.9464,DS24,,,,,,,,,,,,,,,,,
8008.25142,1,403262.4805,0,0,1,397862.1883,1,388691.9464,DS24,,,,,,,,,,,,,,,,,
8009.25142,1,403262.4805,0,0,1,397862.1883,1,388691.9464,DS24,,,,,,,,,,,,,,,,,
8010.25142,1,403262.4805,0,0,1,397862.1883,1,388691.9464,DS24,,,,,,,,,,,,,,,,,
8011.25142,1,403262.4805,0,0,1,397862.1883,1,388691.9464,DS24,,,,,,,,,,,,,,,,,
8012.25142,1,403262.4805,0,0,1,397862.1883,1,388691.9464,DS24,,,,,,,,,,,,,,,,,
8013.25142,1,403262.4805,0,0,1,397862.1883,1,388691.9464,DS24,,,,,,,,,,,,,,,,,
8014.25142,1,403262.4805,0,0,1,397862.1883,1,388691.9464,DS24,,,,,,,,,,,,,,,,,
8015.25142,1,403262.4805,0,0,1,397862.1883,1,388691.9464,DS24,,,,,,,,,,,,,,,,,
8016.25142,1,403262.4805,0,0,1,397862.1883,1,388691.9464,DS24,,,,,,,,,,,,,,,,,
8017.25142,1,403262.4805,0,0,1,397862.1883,1,388691.9464,DS24,,,,,,,,,,,,,,,,,
8018.25142,1,403262.4805,0,0,1,397862.1883,1,388691.9464,DS24,,,,,,,,,,,,,,,,,
8019.25142,1,403262.4805,0,0,1,397862.1883,1,388691.9464,DS24,,,,,,,,,,,,,,,,,
8020.25142,1,403262.4805,0,0,1,397862.1883,1,388691.9464,DS24,,,,,,,,,,,,,,,,,
8021.25142,1,403262.4805,0,0,1,397862.1883,1,388691.9464,DS24,,,,,,,,,,,,,,,,,
8022.25142,1,403262.4805,0,0,1,397862.1883,1,388691.9464,DS24,,,,,,,,,,,,,,,,,
8023.25142,1,403262.4805,0,0,1,397862.1883,1,388691.9464,DS24,,,,,,,,,,,,,,,,,
8024.25142,1,403262.4805,0,0,1,397862.1883,1,388691.9464,DS24,,,,,,,,,,,,,,,,,
8025.25142,1,403262.4805,0,0,1,397862.1883,1,388691.9464,DS24,,,,,,,,,,,,,,,,,
8026.25142,1,403262.4805,0,0,1,397862.1883,1,388691.9464,DS24,,,,,,,,,,,,,,,,,
8027.25142,1,403262.4805,0,0,1,397862.1883,1,388691.9464,DS24,,,,,,,,,,,,,,,,,
8028.25142,1,403262.4805,0,0,1,397862.1883,1,388691.9464,DS24,,,,,,,,,,,,,,,,,
8029.25142,1,403262.4805,0,0,1,397862.1883,1,388691.9464,DS24,,,,,,,,,,,,,,,,,
8030.25142,1,403262.4805,0,0,1,397862.1883,1,388691.9464,DS24,,,,,,,,,,,,,,,,,
8031.25142,1,403262.4805,0,0,1,397862.1883,1,388691.9464,DS24,,,,,,,,,,,,,,,,,
8032.25142,1,403262.4805,0,0,1,397862.1883,1,388691.9464,DS24,,,,,,,,,,,,,,,,,
8033.25142,1,403262.4805,0,0,1,397862.1883,1,388691.9464,DS24,,,,,,,,,,,,,,,,,
8034.25142,1,403262.4805,0,0,1,397862.1883,1,388691.9464,DS24,,,,,,,,,,,,,,,,,
8035.25142,1,403262.4805,0,0,1,397862.1883,1,388691.9464,DS24,,,,,,,,,,,,,,,,,
8036.25142,1,403262.4805,0,0,1,397862.1883,1,388691.9464,DS24,,,,,,,,,,,,,,,,,
8037.25142,1,403262.4805,0,0,1,397862.1883,1,388691.9464,DS24,,,,,,,,,,,,,,,,,
8038.25142,1,403262.4805,0,0,1,397862.1883,1,388691.9464,DS24,,,,,,,,,,,,,,,,,
8039.25142,1,403262.4805,0,0,1,397862.1883,1,388691.9464,DS24,,,,,,,,,,,,,,,,,
8040.25142,1,403262.4805,0,0,1,397862.1883,1,388691.9464,DS24,,,,,,,,,,,,,,,,,
8041.25142,1,403262.4805,0,0,1,397862.1883,1,388691.9464,DS24,,,,,,,,,,,,,,,,,
8042.25142,1,403262.4805,0,0,1,397862.1883,1,388691.9464,DS24,,,,,,,,,,,,,,,,,
8043.25142,1,403262.4805,0,0,1,397862.1883,1,388691.9464,DS24,,,,,,,,,,,,,,,,,
8044.25142,1,403262.4805,0,0,1,397862.1883,1,388691.9464,DS24,,,,,,,,,,,,,,,,,
8045.25142,0,0,0,0,1,397862.1883,1,388691.9464,DS24,,,,,,,,,,,,,,,,,
8046.25142,0,0,0,0,1,397862.1883,1,388691.9464,DS24,,,,,,,,,,,,,,,,,
8047.25142,0,0,0,0,1,397862.1883,1,388691.9464,DS24,,,,,,,,,,,,,,,,,
8048.25142,0,0,0,0,1,397862.1883,1,388691.9464,DS24,,,,,,,,,,,,,,,,,
8049.25142,0,0,0,0,1,397862.1883,1,388691.9464,DS24,,,,,,,,,,,,,,,,,
8050.25142,0,0,0,0,1,397862.1883,1,388691.9464,DS24,,,,,,,,,,,,,,,,,
8051.25142,0,0,0,0,1,397862.1883,1,388691.9464,DS24,,,,,,,,,,,,,,,,,
8052.25142,0,0,0,0,1,397862.1883,1,388691.9464,DS24,,,,,,,,,,,,,,,,,
8053.25142,0,0,0,0,1,397862.1883,1,388691.9464,DS24,,,,,,,,,,,,,,,,,
8054.25142,0,0,0,0,1,397862.1883,1,388691.9464,DS24,,,,,,,,,,,,,,,,,
8055.25142,0,0,0,0,1,397862.1883,1,388691.9464,DS24,,,,,,,,,,,,,,,,,
8056.25142,0,0,0,0,1,397862.1883,1,388691.9464,DS24,,,,,,,,,,,,,,,,,
8057.25142,0,0,0,0,1,397862.1883,1,388691.9464,DS24,,,,,,,,,,,,,,,,,
8058.25142,0,0,0,0,1,397862.1883,1,388691.9464,DS24,,,,,,,,,,,,,,,,,
8059.25142,0,0,0,0,1,397862.1883,1,388691.9464,DS24,,,,,,,,,,,,,,,,,
8060.25142,0,0,0,0,1,397862.1883,1,388691.9464,DS24,,,,,,,,,,,,,,,,,
8061.25142,0,0,0,0,1,397862.1883,1,388691.9464,DS24,,,,,,,,,,,,,,,,,
8062.25142,0,0,0,0,1,397862.1883,1,388691.9464,DS24,,,,,,,,,,,,,,,,,
8063.25142,0,0,0,0,1,397862.1883,1,388691.9464,DS24,,,,,,,,,,,,,,,,,
8064.25142,0,0,0,0,1,397862.1883,1,388691.9464,DS24,,,,,,,,,,,,,,,,,
8065.25142,0,0,0,0,1,397862.1883,1,388691.9464,DS24,,,,,,,,,,,,,,,,,
8066.25142,0,0,0,0,1,397862.1883,1,388691.9464,DS24,,,,,,,,,,,,,,,,,
8067.25142,0,0,0,0,1,397862.1883,1,388691.9464,DS24,,,,,,,,,,,,,,,,,
8068.25142,0,0,0,0,1,397862.1883,1,388691.9464,DS24,,,,,,,,,,,,,,,,,
8069.25142,0,0,0,0,1,397862.1883,1,388691.9464,DS24,,,,,,,,,,,,,,,,,
8070.25142,0,0,0,0,1,397862.1883,1,388691.9464,DS24,,,,,,,,,,,,,,,,,
8071.25142,0,0,0,0,1,397862.1883,1,388691.9464,DS24,,,,,,,,,,,,,,,,,
8072.25142,0,0,0,0,1,397862.1883,1,388691.9464,DS24,,,,,,,,,,,,,,,,,
8073.25142,0,0,0,0,1,397862.1883,1,388691.9464,DS24,,,,,,,,,,,,,,,,,
8074.25142,0,0,0,0,1,397862.1883,1,388691.9464,DS24,,,,,,,,,,,,,,,,,
8075.25142,0,0,0,0,1,397862.1883,1,388691.9464,DS24,,,,,,,,,,,,,,,,,
8076.25142,0,0,0,0,1,397862.1883,1,388691.9464,DS24,,,,,,,,,,,,,,,,,
8077.25142,0,0,0,0,1,397862.1883,1,388691.9464,DS24,,,,,,,,,,,,,,,,,
8078.25142,0,0,0,0,1,397862.1883,1,388691.9464,DS24,,,,,,,,,,,,,,,,,
8079.25142,0,0,0,0,1,397862.1883,1,388691.9464,DS24,,,,,,,,,,,,,,,,,
8080.25142,0,0,0,0,1,397862.1883,1,388691.9464,DS24,,,,,,,,,,,,,,,,,
8081.25142,0,0,0,0,1,397862.1883,1,388691.9464,DS24,,,,,,,,,,,,,,,,,
8082.25142,0,0,0,0,1,397862.1883,1,388691.9464,DS24,,,,,,,,,,,,,,,,,
8083.25142,0,0,0,0,1,397862.1883,1,388691.9464,DS24,,,,,,,,,,,,,,,,,
8084.25142,0,0,0,0,1,397862.1883,1,388691.9464,DS24,,,,,,,,,,,,,,,,,
8085.25142,0,0,0,0,1,397862.1883,1,388691.9464,DS24,,,,,,,,,,,,,,,,,
8086.25142,0,0,0,0,1,397862.1883,1,388691.9464,DS24,,,,,,,,,,,,,,,,,
8087.25142,0,0,0,0,1,397862.1883,1,388691.9464,DS24,,,,,,,,,,,,,,,,,
8088.25142,0,0,0,0,1,397862.1883,1,388691.9464,DS24,,,,,,,,,,,,,,,,,
8089.25142,0,0,0,0,1,397862.1883,1,388691.9464,DS24,,,,,,,,,,,,,,,,,
8090.25142,0,0,0,0,1,397862.1883,1,388691.9464,DS24,,,,,,,,,,,,,,,,,
8091.25142,0,0,0,0,1,397862.1883,1,388691.9464,DS24,,,,,,,,,,,,,,,,,
8092.25142,0,0,0,0,1,397862.1883,1,388691.9464,DS24,,,,,,,,,,,,,,,,,
8093.25142,0,0,0,0,1,397862.1883,1,388691.9464,DS24,,,,,,,,,,,,,,,,,
8094.25142,0,0,0,0,1,397862.1883,1,388691.9464,DS24,,,,,,,,,,,,,,,,,
8095.25142,0,0,0,0,1,397862.1883,1,388691.9464,DS24,,,,,,,,,,,,,,,,,
8096.25142,0,0,0,0,1,397862.1883,1,388691.9464,DS24,,,,,,,,,,,,,,,,,
8097.25142,0,0,0,0,1,397862.1883,1,388691.9464,DS24,,,,,,,,,,,,,,,,,
8098.25142,0,0,0,0,1,397862.1883,1,388691.9464,DS24,,,,,,,,,,,,,,,,,
8099.25142,0,0,0,0,1,397862.1883,1,388691.9464,DS24,,,,,,,,,,,,,,,,,
8100.25142,0,0,0,0,1,397862.1883,1,388691.9464,DS24,,,,,,,,,,,,,,,,,
8101.25142,0,0,0,0,1,397862.1883,1,388691.9464,DS24,,,,,,,,,,,,,,,,,
8102.25142,0,0,0,0,1,397862.1883,1,388691.9464,DS24,,,,,,,,,,,,,,,,,
8103.25142,0,0,0,0,1,397862.1883,1,388691.9464,DS24,,,,,,,,,,,,,,,,,
8104.25142,0,0,0,0,1,397862.1883,1,388691.9464,DS24,,,,,,,,,,,,,,,,,
8105.25142,0,0,0,0,1,397862.1883,1,388691.9464,DS24,,,,,,,,,,,,,,,,,
8106.25142,0,0,0,0,1,397862.1883,1,388691.9464,DS24,,,,,,,,,,,,,,,,,
8107.25142,0,0,0,0,1,397862.1883,1,388691.9464,DS24,,,,,,,,,,,,,,,,,
8108.25142,0,0,0,0,1,397862.1883,1,388691.9464,DS24,,,,,,,,,,,,,,,,,
8109.25142,0,0,0,0,1,397862.1883,1,388691.9464,DS24,,,,,,,,,,,,,,,,,
8110.25142,0,0,0,0,1,397862.1883,1,388691.9464,DS24,,,,,,,,,,,,,,,,,
8111.25142,0,0,0,0,1,397862.1883,1,388691.9464,DS24,,,,,,,,,,,,,,,,,
8112.25142,0,0,0,0,1,397862.1883,1,388691.9464,DS24,,,,,,,,,,,,,,,,,
8113.25142,0,0,0,0,1,397862.1883,1,388691.9464,DS24,,,,,,,,,,,,,,,,,
8114.25142,0,0,0,0,1,397862.1883,1,388691.9464,DS24,,,,,,,,,,,,,,,,,
8115.25142,0,0,0,0,1,397862.1883,1,388691.9464,DS24,,,,,,,,,,,,,,,,,
8116.25142,0,0,0,0,1,397862.1883,1,388691.9464,DS24,,,,,,,,,,,,,,,,,
8117.25142,0,0,0,0,1,397862.1883,1,388691.9464,DS24,,,,,,,,,,,,,,,,,
8118.25142,0,0,0,0,1,397862.1883,1,388691.9464,DS24,,,,,,,,,,,,,,,,,
8119.25142,0,0,0,0,1,397862.1883,1,388691.9464,DS24,,,,,,,,,,,,,,,,,
8120.25142,0,0,0,0,1,397862.1883,1,388691.9464,DS24,,,,,,,,,,,,,,,,,
8121.25142,0,0,0,0,1,397862.1883,1,388691.9464,DS24,,,,,,,,,,,,,,,,,
8122.25142,0,0,0,0,1,397862.1883,1,388691.9464,DS24,,,,,,,,,,,,,,,,,
8123.25142,0,0,0,0,1,397862.1883,1,388691.9464,DS24,,,,,,,,,,,,,,,,,
8124.25142,0,0,0,0,1,397862.1883,1,388691.9464,DS24,,,,,,,,,,,,,,,,,
8125.25142,0,0,0,0,1,397862.1883,1,388691.9464,DS24,,,,,,,,,,,,,,,,,
8126.25142,0,0,0,0,1,397862.1883,1,388691.9464,DS24,,,,,,,,,,,,,,,,,
8127.25142,0,0,0,0,1,397862.1883,1,388691.9464,DS24,,,,,,,,,,,,,,,,,
8128.25142,0,0,0,0,1,397862.1883,1,388691.9464,DS24,,,,,,,,,,,,,,,,,
8129.25142,0,0,0,0,1,397862.1883,1,388691.9464,DS24,,,,,,,,,,,,,,,,,
8130.25142,0,0,0,0,1,397862.1883,1,388691.9464,DS24,,,,,,,,,,,,,,,,,
8131.25142,0,0,0,0,1,397862.1883,1,388691.9464,DS24,,,,,,,,,,,,,,,,,
8132.25142,0,0,0,0,1,397862.1883,1,388691.9464,DS24,,,,,,,,,,,,,,,,,
8133.25142,0,0,0,0,1,397862.1883,1,388691.9464,DS24,,,,,,,,,,,,,,,,,
8134.25142,0,0,0,0,1,397862.1883,1,388691.9464,DS24,,,,,,,,,,,,,,,,,
8135.25142,0,0,0,0,1,397862.1883,1,388691.9464,DS24,,,,,,,,,,,,,,,,,
8136.25142,0,0,0,0,1,397862.1883,1,388691.9464,DS24,,,,,,,,,,,,,,,,,
8137.25142,0,0,0,0,1,397862.1883,1,388691.9464,DS24,,,,,,,,,,,,,,,,,
8138.25142,0,0,0,0,1,397862.1883,1,388691.9464,DS24,,,,,,,,,,,,,,,,,
8139.25142,0,0,0,0,1,397862.1883,1,388691.9464,DS24,,,,,,,,,,,,,,,,,
8140.25142,0,0,0,0,1,397862.1883,1,388691.9464,DS24,,,,,,,,,,,,,,,,,
8141.25142,0,0,0,0,1,397862.1883,1,388691.9464,DS24,,,,,,,,,,,,,,,,,
8142.25142,0,0,0,0,1,397862.1883,1,388691.9464,DS24,,,,,,,,,,,,,,,,,
8143.25142,0,0,0,0,1,397862.1883,1,388691.9464,DS24,,,,,,,,,,,,,,,,,
8144.25142,0,0,0,0,1,397862.1883,1,388691.9464,DS24,,,,,,,,,,,,,,,,,
8145.25142,0,0,0,0,1,397862.1883,1,388691.9464,DS24,,,,,,,,,,,,,,,,,
8146.25142,0,0,0,0,1,397862.1883,1,388691.9464,DS24,,,,,,,,,,,,,,,,,
8147.25142,0,0,0,0,1,397862.1883,1,388691.9464,DS24,,,,,,,,,,,,,,,,,
8148.25142,0,0,0,0,1,397862.1883,1,388691.9464,DS24,,,,,,,,,,,,,,,,,
8149.25142,0,0,0,0,1,397862.1883,1,388691.9464,DS24,,,,,,,,,,,,,,,,,
8150.25142,0,0,0,0,1,397862.1883,1,388691.9464,DS24,,,,,,,,,,,,,,,,,
8151.25142,0,0,0,0,1,397862.1883,1,388691.9464,DS24,,,,,,,,,,,,,,,,,
8152.25142,0,0,0,0,1,397862.1883,1,388691.9464,DS24,,,,,,,,,,,,,,,,,
8153.25142,0,0,0,0,1,397862.1883,1,388691.9464,DS24,,,,,,,,,,,,,,,,,
8154.25142,0,0,0,0,1,397862.1883,1,388691.9464,DS24,,,,,,,,,,,,,,,,,
8155.25142,0,0,0,0,1,397862.1883,1,388691.9464,DS24,,,,,,,,,,,,,,,,,
8156.25142,0,0,0,0,1,397862.1883,1,388691.9464,DS24,,,,,,,,,,,,,,,,,
8157.25142,0,0,0,0,1,397862.1883,1,388691.9464,DS24,,,,,,,,,,,,,,,,,
8158.25142,0,0,0,0,1,397862.1883,1,388691.9464,DS24,,,,,,,,,,,,,,,,,
8159.25142,0,0,0,0,1,397862.1883,1,388691.9464,DS24,,,,,,,,,,,,,,,,,
8160.25142,0,0,0,0,1,397862.1883,1,388691.9464,DS24,,,,,,,,,,,,,,,,,
8161.25142,0,0,0,0,1,397862.1883,1,388691.9464,DS24,,,,,,,,,,,,,,,,,
8162.25142,0,0,0,0,1,397862.1883,1,388691.9464,DS24,,,,,,,,,,,,,,,,,
8163.25142,0,0,0,0,1,397862.1883,1,388691.9464,DS24,,,,,,,,,,,,,,,,,
8164.25142,0,0,0,0,1,397862.1883,1,388691.9464,DS24,,,,,,,,,,,,,,,,,
8165.25142,0,0,0,0,1,397862.1883,1,388691.9464,DS24,,,,,,,,,,,,,,,,,
8166.25142,0,0,0,0,1,397862.1883,1,388691.9464,DS24,,,,,,,,,,,,,,,,,
8167.25142,0,0,0,0,1,397862.1883,1,388691.9464,DS24,,,,,,,,,,,,,,,,,
8168.25142,0,0,0,0,1,397862.1883,1,388691.9464,DS24,,,,,,,,,,,,,,,,,
8169.25142,0,0,0,0,1,397862.1883,1,388691.9464,DS24,,,,,,,,,,,,,,,,,
8170.25142,0,0,0,0,1,397862.1883,1,388691.9464,DS24,,,,,,,,,,,,,,,,,
8171.25142,0,0,0,0,1,397862.1883,1,388691.9464,DS24,,,,,,,,,,,,,,,,,
8172.25142,0,0,0,0,1,397862.1883,1,388691.9464,DS24,,,,,,,,,,,,,,,,,
8173.25142,0,0,0,0,1,397862.1883,1,388691.9464,DS24,,,,,,,,,,,,,,,,,
8174.25142,0,0,0,0,1,397862.1883,1,388691.9464,DS24,,,,,,,,,,,,,,,,,
8175.25142,0,0,0,0,1,397862.1883,1,388691.9464,DS24,,,,,,,,,,,,,,,,,
8176.25142,0,0,0,0,1,397862.1883,1,388691.9464,DS24,,,,,,,,,,,,,,,,,
8177.25142,0,0,0,0,1,397862.1883,1,388691.9464,DS24,,,,,,,,,,,,,,,,,
8178.25142,0,0,0,0,1,397862.1883,1,388691.9464,DS24,,,,,,,,,,,,,,,,,
8179.25142,0,0,0,0,1,397862.1883,1,388691.9464,DS24,,,,,,,,,,,,,,,,,
8180.25142,0,0,0,0,1,397862.1883,1,388691.9464,DS24,,,,,,,,,,,,,,,,,
8181.25142,0,0,0,0,1,397862.1883,1,388691.9464,DS24,,,,,,,,,,,,,,,,,
8182.25142,0,0,0,0,1,397862.1883,1,388691.9464,DS24,,,,,,,,,,,,,,,,,
8183.25142,0,0,0,0,1,397862.1883,1,388691.9464,DS24,,,,,,,,,,,,,,,,,
8184.25142,0,0,0,0,1,397862.1883,1,388691.9464,DS24,,,,,,,,,,,,,,,,,
8185.25142,0,0,0,0,1,397862.1883,1,388691.9464,DS24,,,,,,,,,,,,,,,,,
8186.25142,0,0,0,0,1,397862.1883,1,388691.9464,DS24,,,,,,,,,,,,,,,,,
8187.25142,0,0,0,0,1,397862.1883,1,388691.9464,DS24,,,,,,,,,,,,,,,,,
8188.25142,0,0,0,0,1,397862.1883,1,388691.9464,DS24,,,,,,,,,,,,,,,,,
8189.25142,0,0,0,0,1,397862.1883,1,388691.9464,DS24,,,,,,,,,,,,,,,,,
8190.25142,0,0,0,0,1,397862.1883,1,388691.9464,DS24,,,,,,,,,,,,,,,,,
8191.25142,0,0,0,0,1,397862.1883,1,388691.9464,DS24,,,,,,,,,,,,,,,,,
8192.25142,0,0,0,0,1,397862.1883,1,388691.9464,DS24,,,,,,,,,,,,,,,,,
8193.25142,0,0,0,0,1,397862.1883,1,388691.9464,DS24,,,,,,,,,,,,,,,,,
8194.25142,0,0,0,0,1,397862.1883,1,388691.9464,DS24,,,,,,,,,,,,,,,,,
8195.25142,0,0,0,0,1,397862.1883,1,388691.9464,DS24,,,,,,,,,,,,,,,,,
8196.25142,0,0,0,0,1,397862.1883,1,388691.9464,DS24,,,,,,,,,,,,,,,,,
8197.25142,0,0,0,0,1,397862.1883,1,388691.9464,DS24,,,,,,,,,,,,,,,,,
8198.25142,0,0,0,0,1,397862.1883,1,388691.9464,DS24,,,,,,,,,,,,,,,,,
8199.25142,0,0,0,0,1,397862.1883,1,388691.9464,DS24,,,,,,,,,,,,,,,,,
8200.25142,0,0,0,0,1,397862.1883,1,388691.9464,DS24,,,,,,,,,,,,,,,,,
8201.25142,0,0,0,0,1,397862.1883,1,388691.9464,DS24,,,,,,,,,,,,,,,,,
8202.25142,0,0,0,0,1,397862.1883,1,388691.9464,DS24,,,,,,,,,,,,,,,,,
8203.25142,0,0,0,0,1,397862.1883,1,388691.9464,DS24,,,,,,,,,,,,,,,,,
8204.25142,0,0,0,0,1,397862.1883,1,388691.9464,DS24,,,,,,,,,,,,,,,,,
8205.25142,0,0,0,0,1,397862.1883,1,388691.9464,DS24,,,,,,,,,,,,,,,,,
8206.25142,0,0,0,0,0,0,1,388691.9464,DS34,,,,,,,,,,,,,,,,,
8207.25142,0,0,0,0,0,0,1,388691.9464,DS34,,,,,,,,,,,,,,,,,
8208.25142,0,0,0,0,0,0,1,388691.9464,DS34,,,,,,,,,,,,,,,,,
8209.25142,0,0,0,0,0,0,1,388691.9464,DS34,,,,,,,,,,,,,,,,,
8210.25142,0,0,0,0,0,0,1,388691.9464,DS34,,,,,,,,,,,,,,,,,
8211.25142,0,0,0,0,0,0,1,388691.9464,DS34,,,,,,,,,,,,,,,,,
8212.25142,0,0,0,0,0,0,1,388691.9464,DS34,,,,,,,,,,,,,,,,,
8213.25142,0,0,0,0,0,0,1,388691.9464,DS34,,,,,,,,,,,,,,,,,
8214.25142,0,0,0,0,0,0,1,388691.9464,DS34,,,,,,,,,,,,,,,,,
8215.25142,0,0,0,0,0,0,1,388691.9464,DS34,,,,,,,,,,,,,,,,,
8216.25142,0,0,0,0,0,0,1,388691.9464,DS34,,,,,,,,,,,,,,,,,
8217.25142,0,0,0,0,0,0,1,388691.9464,DS34,,,,,,,,,,,,,,,,,
8218.25142,0,0,0,0,0,0,1,388691.9464,DS34,,,,,,,,,,,,,,,,,
8219.25142,0,0,0,0,0,0,1,388691.9464,DS34,,,,,,,,,,,,,,,,,
8220.25142,0,0,0,0,0,0,1,388691.9464,DS34,,,,,,,,,,,,,,,,,
8221.25142,0,0,0,0,0,0,1,388691.9464,DS34,,,,,,,,,,,,,,,,,
8222.25142,0,0,0,0,0,0,1,388691.9464,DS34,,,,,,,,,,,,,,,,,
8223.25142,0,0,0,0,0,0,1,388691.9464,DS34,,,,,,,,,,,,,,,,,
8224.25142,0,0,0,0,0,0,1,388691.9464,DS34,,,,,,,,,,,,,,,,,
8225.25142,0,0,0,0,0,0,1,388691.9464,DS34,,,,,,,,,,,,,,,,,
8226.25142,0,0,0,0,0,0,1,388691.9464,DS34,,,,,,,,,,,,,,,,,
8227.25142,0,0,0,0,0,0,1,388691.9464,DS34,,,,,,,,,,,,,,,,,
8228.25142,0,0,0,0,0,0,1,388691.9464,DS34,,,,,,,,,,,,,,,,,
8229.25142,0,0,0,0,0,0,1,388691.9464,DS34,,,,,,,,,,,,,,,,,
8230.25142,0,0,0,0,0,0,1,388691.9464,DS34,,,,,,,,,,,,,,,,,
8231.25142,0,0,0,0,0,0,1,388691.9464,DS34,,,,,,,,,,,,,,,,,
8232.25142,0,0,0,0,0,0,1,388691.9464,DS34,,,,,,,,,,,,,,,,,
8233.25142,0,0,0,0,0,0,1,388691.9464,DS34,,,,,,,,,,,,,,,,,
8234.25142,0,0,0,0,0,0,1,388691.9464,DS34,,,,,,,,,,,,,,,,,
8235.25142,0,0,0,0,0,0,1,388691.9464,DS34,,,,,,,,,,,,,,,,,
8236.25142,0,0,0,0,0,0,1,388691.9464,DS34,,,,,,,,,,,,,,,,,
8237.25142,0,0,0,0,0,0,1,388691.9464,DS34,,,,,,,,,,,,,,,,,
8238.25142,0,0,0,0,0,0,1,388691.9464,DS34,,,,,,,,,,,,,,,,,
8239.25142,0,0,0,0,0,0,1,388691.9464,DS34,,,,,,,,,,,,,,,,,
8240.25142,0,0,0,0,0,0,1,388691.9464,DS34,,,,,,,,,,,,,,,,,
8241.25142,0,0,0,0,0,0,1,388691.9464,DS34,,,,,,,,,,,,,,,,,
8242.25142,0,0,0,0,0,0,1,388691.9464,DS34,,,,,,,,,,,,,,,,,
8243.25142,0,0,0,0,0,0,1,388691.9464,DS34,,,,,,,,,,,,,,,,,
8244.25142,0,0,0,0,0,0,1,388691.9464,DS34,,,,,,,,,,,,,,,,,
8245.25142,0,0,0,0,0,0,1,388691.9464,DS34,,,,,,,,,,,,,,,,,
8246.25142,0,0,0,0,0,0,1,388691.9464,DS34,,,,,,,,,,,,,,,,,
8247.25142,0,0,0,0,0,0,1,388691.9464,DS34,,,,,,,,,,,,,,,,,
8248.25142,0,0,0,0,0,0,1,388691.9464,DS34,,,,,,,,,,,,,,,,,
8249.25142,0,0,0,0,0,0,1,388691.9464,DS34,,,,,,,,,,,,,,,,,
8250.25142,0,0,0,0,0,0,1,388691.9464,DS34,,,,,,,,,,,,,,,,,
8251.25142,0,0,0,0,0,0,1,388691.9464,DS34,,,,,,,,,,,,,,,,,
8252.25142,0,0,0,0,0,0,1,388691.9464,DS34,,,,,,,,,,,,,,,,,
8253.25142,0,0,0,0,0,0,1,388691.9464,DS34,,,,,,,,,,,,,,,,,
8254.25142,0,0,0,0,0,0,1,388691.9464,DS34,,,,,,,,,,,,,,,,,
8255.25142,0,0,0,0,0,0,1,388691.9464,DS34,,,,,,,,,,,,,,,,,
8256.25142,0,0,0,0,0,0,1,388691.9464,DS34,,,,,,,,,,,,,,,,,
8257.25142,0,0,0,0,0,0,1,388691.9464,DS34,,,,,,,,,,,,,,,,,
8258.25142,0,0,0,0,0,0,1,388691.9464,DS34,,,,,,,,,,,,,,,,,
8259.25142,0,0,0,0,0,0,1,388691.9464,DS34,,,,,,,,,,,,,,,,,
8260.25142,0,0,0,0,0,0,1,388691.9464,DS34,,,,,,,,,,,,,,,,,
8261.25142,0,0,0,0,0,0,1,388691.9464,DS34,,,,,,,,,,,,,,,,,
8262.25142,0,0,0,0,0,0,1,388691.9464,DS34,,,,,,,,,,,,,,,,,
8263.25142,0,0,0,0,0,0,1,388691.9464,DS34,,,,,,,,,,,,,,,,,
8264.25142,0,0,0,0,0,0,1,388691.9464,DS34,,,,,,,,,,,,,,,,,
8265.25142,0,0,0,0,0,0,1,388691.9464,DS34,,,,,,,,,,,,,,,,,
8266.25142,0,0,0,0,0,0,1,388691.9464,DS34,,,,,,,,,,,,,,,,,
8267.25142,0,0,0,0,0,0,1,388691.9464,DS34,,,,,,,,,,,,,,,,,
8268.25142,0,0,0,0,0,0,1,388691.9464,DS34,,,,,,,,,,,,,,,,,
8269.25142,0,0,0,0,0,0,1,388691.9464,DS34,,,,,,,,,,,,,,,,,
8270.25142,0,0,0,0,0,0,1,388691.9464,DS34,,,,,,,,,,,,,,,,,
8271.25142,0,0,0,0,0,0,1,388691.9464,DS34,,,,,,,,,,,,,,,,,
8272.25142,0,0,0,0,0,0,1,388691.9464,DS34,,,,,,,,,,,,,,,,,
8273.25142,0,0,0,0,0,0,1,388691.9464,DS34,,,,,,,,,,,,,,,,,
8274.25142,0,0,0,0,0,0,1,388691.9464,DS34,,,,,,,,,,,,,,,,,
8275.25142,0,0,0,0,0,0,1,388691.9464,DS34,,,,,,,,,,,,,,,,,
8276.25142,0,0,0,0,0,0,1,388691.9464,DS34,,,,,,,,,,,,,,,,,
8277.25142,0,0,0,0,0,0,1,388691.9464,DS34,,,,,,,,,,,,,,,,,
8278.25142,0,0,0,0,0,0,1,388691.9464,DS34,,,,,,,,,,,,,,,,,
8279.25142,0,0,0,0,0,0,1,388691.9464,DS34,,,,,,,,,,,,,,,,,
8280.25142,0,0,0,0,0,0,1,388691.9464,DS34,,,,,,,,,,,,,,,,,
8281.25142,0,0,0,0,0,0,1,388691.9464,DS34,,,,,,,,,,,,,,,,,
8282.25142,0,0,0,0,0,0,1,388691.9464,DS34,,,,,,,,,,,,,,,,,
8283.25142,0,0,0,0,0,0,1,388691.9464,DS34,,,,,,,,,,,,,,,,,
8284.25142,0,0,0,0,0,0,1,388691.9464,DS34,,,,,,,,,,,,,,,,,
8285.25142,0,0,0,0,0,0,1,388691.9464,DS34,,,,,,,,,,,,,,,,,
8286.25142,0,0,0,0,0,0,1,388691.9464,DS34,,,,,,,,,,,,,,,,,
8287.25142,0,0,0,0,0,0,1,388691.9464,DS34,,,,,,,,,,,,,,,,,
8288.25142,0,0,0,0,0,0,1,388691.9464,DS34,,,,,,,,,,,,,,,,,
8289.25142,0,0,0,0,0,0,1,388691.9464,DS34,,,,,,,,,,,,,,,,,
8290.25142,0,0,0,0,0,0,1,388691.9464,DS34,,,,,,,,,,,,,,,,,
8291.25142,0,0,0,0,0,0,1,388691.9464,DS34,,,,,,,,,,,,,,,,,
8292.25142,0,0,0,0,0,0,1,388691.9464,DS34,,,,,,,,,,,,,,,,,
8293.25142,0,0,0,0,0,0,1,388691.9464,DS34,,,,,,,,,,,,,,,,,
8294.25142,0,0,0,0,0,0,1,388691.9464,DS34,,,,,,,,,,,,,,,,,
8295.25142,0,0,0,0,0,0,1,388691.9464,DS34,,,,,,,,,,,,,,,,,
8296.25142,0,0,0,0,0,0,1,388691.9464,DS34,,,,,,,,,,,,,,,,,
8297.25142,0,0,0,0,0,0,1,388691.9464,DS34,,,,,,,,,,,,,,,,,
8298.25142,0,0,0,0,0,0,1,388691.9464,DS34,,,,,,,,,,,,,,,,,
8299.25142,0,0,0,0,0,0,1,388691.9464,DS34,,,,,,,,,,,,,,,,,
8300.25142,0,0,0,0,0,0,1,388691.9464,DS34,,,,,,,,,,,,,,,,,
8301.25142,0,0,0,0,0,0,1,388691.9464,DS34,,,,,,,,,,,,,,,,,
8302.25142,0,0,0,0,0,0,1,388691.9464,DS34,,,,,,,,,,,,,,,,,
8303.25142,0,0,0,0,0,0,1,388691.9464,DS34,,,,,,,,,,,,,,,,,
8304.25142,0,0,0,0,0,0,1,388691.9464,DS34,,,,,,,,,,,,,,,,,
8305.25142,0,0,0,0,0,0,1,388691.9464,DS34,,,,,,,,,,,,,,,,,
8306.25142,0,0,0,0,0,0,1,388691.9464,DS34,,,,,,,,,,,,,,,,,
8307.25142,0,0,0,0,0,0,1,388691.9464,DS34,,,,,,,,,,,,,,,,,
8308.25142,0,0,0,0,0,0,1,388691.9464,DS34,,,,,,,,,,,,,,,,,
8309.25142,0,0,0,0,0,0,1,388691.9464,DS34,,,,,,,,,,,,,,,,,
8310.25142,0,0,0,0,0,0,1,388691.9464,DS34,,,,,,,,,,,,,,,,,
8311.25142,0,0,0,0,0,0,1,388691.9464,DS34,,,,,,,,,,,,,,,,,
8312.25142,0,0,0,0,0,0,1,388691.9464,DS34,,,,,,,,,,,,,,,,,
8313.25142,0,0,0,0,0,0,1,388691.9464,DS34,,,,,,,,,,,,,,,,,
8314.25142,0,0,0,0,0,0,1,388691.9464,DS34,,,,,,,,,,,,,,,,,
8315.25142,0,0,0,0,0,0,1,388691.9464,DS34,,,,,,,,,,,,,,,,,
8316.25142,0,0,0,0,0,0,1,388691.9464,DS34,,,,,,,,,,,,,,,,,
8317.25142,0,0,0,0,0,0,1,388691.9464,DS34,,,,,,,,,,,,,,,,,
8318.25142,0,0,0,0,0,0,1,388691.9464,DS34,,,,,,,,,,,,,,,,,
8319.25142,0,0,0,0,0,0,1,388691.9464,DS34,,,,,,,,,,,,,,,,,
8320.25142,0,0,0,0,0,0,1,388691.9464,DS34,,,,,,,,,,,,,,,,,
8321.25142,0,0,0,0,0,0,1,388691.9464,DS34,,,,,,,,,,,,,,,,,
8322.25142,0,0,0,0,0,0,1,388691.9464,DS34,,,,,,,,,,,,,,,,,
8323.25142,0,0,0,0,0,0,1,388691.9464,DS34,,,,,,,,,,,,,,,,,
8324.25142,0,0,0,0,0,0,1,388691.9464,DS34,,,,,,,,,,,,,,,,,
8325.25142,0,0,0,0,0,0,1,388691.9464,DS34,,,,,,,,,,,,,,,,,
8326.25142,0,0,0,0,0,0,1,388691.9464,DS34,,,,,,,,,,,,,,,,,
8327.25142,0,0,0,0,0,0,1,388691.9464,DS34,,,,,,,,,,,,,,,,,
8328.25142,0,0,0,0,0,0,1,388691.9464,DS34,,,,,,,,,,,,,,,,,
8329.25142,0,0,0,0,0,0,1,388691.9464,DS34,,,,,,,,,,,,,,,,,
8330.25142,0,0,0,0,0,0,1,388691.9464,DS34,,,,,,,,,,,,,,,,,
8331.25142,0,0,0,0,0,0,1,388691.9464,DS34,,,,,,,,,,,,,,,,,
8332.25142,0,0,0,0,0,0,1,388691.9464,DS34,,,,,,,,,,,,,,,,,
8333.25142,0,0,0,0,0,0,1,388691.9464,DS34,,,,,,,,,,,,,,,,,
8334.25142,0,0,0,0,0,0,1,388691.9464,DS34,,,,,,,,,,,,,,,,,
8335.25142,0,0,0,0,0,0,1,388691.9464,DS34,,,,,,,,,,,,,,,,,
8336.25142,0,0,0,0,0,0,1,388691.9464,DS34,,,,,,,,,,,,,,,,,
8337.25142,0,0,0,0,0,0,1,388691.9464,DS34,,,,,,,,,,,,,,,,,
8338.25142,0,0,0,0,0,0,1,388691.9464,DS34,,,,,,,,,,,,,,,,,
8339.25142,0,0,0,0,0,0,1,388691.9464,DS34,,,,,,,,,,,,,,,,,
8340.25142,0,0,0,0,0,0,1,388691.9464,DS34,,,,,,,,,,,,,,,,,
8341.25142,0,0,0,0,0,0,1,388691.9464,DS34,,,,,,,,,,,,,,,,,
8342.25142,0,0,0,0,0,0,1,388691.9464,DS34,,,,,,,,,,,,,,,,,
8343.25142,0,0,0,0,0,0,1,388691.9464,DS34,,,,,,,,,,,,,,,,,
8344.25142,0,0,0,0,0,0,1,388691.9464,DS34,,,,,,,,,,,,,,,,,
8345.25142,0,0,0,0,0,0,1,388691.9464,DS34,,,,,,,,,,,,,,,,,
8346.25142,0,0,0,0,0,0,1,388691.9464,DS34,,,,,,,,,,,,,,,,,
8347.25142,0,0,0,0,0,0,1,388691.9464,DS34,,,,,,,,,,,,,,,,,
8348.25142,0,0,0,0,0,0,1,388691.9464,DS34,,,,,,,,,,,,,,,,,
8349.25142,0,0,0,0,0,0,1,388691.9464,DS34,,,,,,,,,,,,,,,,,
8350.25142,0,0,0,0,0,0,1,388691.9464,DS34,,,,,,,,,,,,,,,,,
8351.25142,0,0,0,0,0,0,1,388691.9464,DS34,,,,,,,,,,,,,,,,,
8352.25142,0,0,0,0,0,0,1,388691.9464,DS34,,,,,,,,,,,,,,,,,
8353.25142,0,0,0,0,0,0,1,388691.9464,DS34,,,,,,,,,,,,,,,,,
8354.25142,0,0,0,0,0,0,1,388691.9464,DS34,,,,,,,,,,,,,,,,,
8355.25142,0,0,0,0,0,0,1,388691.9464,DS34,,,,,,,,,,,,,,,,,
8356.25142,0,0,0,0,0,0,1,388691.9464,DS34,,,,,,,,,,,,,,,,,
8357.25142,0,0,0,0,0,0,1,388691.9464,DS34,,,,,,,,,,,,,,,,,
8358.25142,0,0,0,0,0,0,1,388691.9464,DS34,,,,,,,,,,,,,,,,,
8359.25142,0,0,0,0,0,0,1,388691.9464,DS34,,,,,,,,,,,,,,,,,
8360.25142,0,0,0,0,0,0,1,388691.9464,DS34,,,,,,,,,,,,,,,,,
8361.25142,0,0,0,0,0,0,1,388691.9464,DS34,,,,,,,,,,,,,,,,,
8362.25142,0,0,0,0,0,0,1,388691.9464,DS34,,,,,,,,,,,,,,,,,
8363.25142,0,0,0,0,0,0,1,388691.9464,DS34,,,,,,,,,,,,,,,,,
8364.25142,0,0,0,0,0,0,1,388691.9464,DS34,,,,,,,,,,,,,,,,,
8365.25142,0,0,0,0,0,0,1,388691.9464,DS34,,,,,,,,,,,,,,,,,
8366.25142,0,0,0,0,0,0,1,388691.9464,DS34,,,,,,,,,,,,,,,,,
8367.25142,0,0,0,0,0,0,1,388691.9464,DS34,,,,,,,,,,,,,,,,,
8368.25142,0,0,0,0,0,0,1,388691.9464,DS34,,,,,,,,,,,,,,,,,
8369.25142,0,0,0,0,0,0,1,388691.9464,DS34,,,,,,,,,,,,,,,,,
8370.25142,0,0,0,0,0,0,1,388691.9464,DS34,,,,,,,,,,,,,,,,,
8371.25142,0,0,0,0,0,0,1,388691.9464,DS34,,,,,,,,,,,,,,,,,
8372.25142,0,0,0,0,0,0,1,388691.9464,DS34,,,,,,,,,,,,,,,,,
8373.25142,0,0,0,0,0,0,1,388691.9464,DS34,,,,,,,,,,,,,,,,,
8374.25142,0,0,0,0,0,0,1,388691.9464,DS34,,,,,,,,,,,,,,,,,
8375.25142,0,0,0,0,0,0,1,388691.9464,DS34,,,,,,,,,,,,,,,,,
8376.25142,0,0,0,0,0,0,1,388691.9464,DS34,,,,,,,,,,,,,,,,,
8377.25142,0,0,0,0,0,0,1,388691.9464,DS34,,,,,,,,,,,,,,,,,
8378.25142,0,0,0,0,0,0,1,388691.9464,DS34,,,,,,,,,,,,,,,,,
8379.25142,0,0,0,0,0,0,1,388691.9464,DS34,,,,,,,,,,,,,,,,,
8380.25142,0,0,0,0,0,0,1,388691.9464,DS34,,,,,,,,,,,,,,,,,
8381.25142,0,0,0,0,0,0,1,388691.9464,DS34,,,,,,,,,,,,,,,,,
8382.25142,0,0,0,0,0,0,1,388691.9464,DS34,,,,,,,,,,,,,,,,,
8383.25142,0,0,0,0,0,0,1,388691.9464,DS34,,,,,,,,,,,,,,,,,
8384.25142,0,0,0,0,0,0,1,388691.9464,DS34,,,,,,,,,,,,,,,,,
8385.25142,0,0,0,0,0,0,1,388691.9464,DS34,,,,,,,,,,,,,,,,,
8386.25142,0,0,0,0,0,0,1,388691.9464,DS34,,,,,,,,,,,,,,,,,
8387.25142,0,0,0,0,0,0,1,388691.9464,DS34,,,,,,,,,,,,,,,,,
8388.25142,0,0,0,0,0,0,1,388691.9464,DS34,,,,,,,,,,,,,,,,,
8389.25142,0,0,0,0,0,0,1,388691.9464,DS34,,,,,,,,,,,,,,,,,
8390.25142,0,0,0,0,0,0,1,388691.9464,DS34,,,,,,,,,,,,,,,,,
8391.25142,0,0,0,0,0,0,1,388691.9464,DS34,,,,,,,,,,,,,,,,,
8392.25142,0,0,0,0,0,0,1,388691.9464,DS34,,,,,,,,,,,,,,,,,
8393.25142,0,0,0,0,0,0,1,388691.9464,DS34,,,,,,,,,,,,,,,,,
8394.25142,0,0,0,0,0,0,1,388691.9464,DS34,,,,,,,,,,,,,,,,,
8395.25142,0,0,0,0,0,0,1,388691.9464,DS34,,,,,,,,,,,,,,,,,
8396.25142,0,0,0,0,0,0,1,388691.9464,DS34,,,,,,,,,,,,,,,,,
8397.25142,0,0,0,0,0,0,1,388691.9464,DS34,,,,,,,,,,,,,,,,,
8398.25142,0,0,0,0,0,0,1,388691.9464,DS34,,,,,,,,,,,,,,,,,
8399.25142,0,0,0,0,0,0,1,388691.9464,DS34,,,,,,,,,,,,,,,,,
8400.25142,0,0,0,0,0,0,1,388691.9464,DS34,,,,,,,,,,,,,,,,,
8401.25142,0,0,0,0,0,0,1,388691.9464,DS34,,,,,,,,,,,,,,,,,
8402.25142,0,0,0,0,0,0,1,388691.9464,DS34,,,,,,,,,,,,,,,,,
8403.25142,0,0,0,0,0,0,1,388691.9464,DS34,,,,,,,,,,,,,,,,,
8404.25142,0,0,0,0,0,0,1,388691.9464,DS34,,,,,,,,,,,,,,,,,
8405.25142,0,0,0,0,0,0,1,388691.9464,DS34,,,,,,,,,,,,,,,,,
8406.25142,0,0,0,0,0,0,1,388691.9464,DS34,,,,,,,,,,,,,,,,,
8407.25142,0,0,0,0,0,0,1,388691.9464,DS34,,,,,,,,,,,,,,,,,
8408.25142,0,0,0,0,0,0,1,388691.9464,DS34,,,,,,,,,,,,,,,,,
8409.25142,0,0,0,0,0,0,1,388691.9464,DS34,,,,,,,,,,,,,,,,,
8410.25142,0,0,0,0,0,0,1,388691.9464,DS34,,,,,,,,,,,,,,,,,
8411.25142,0,0,0,0,0,0,1,388691.9464,DS34,,,,,,,,,,,,,,,,,
8412.25142,0,0,0,0,0,0,1,388691.9464,DS34,,,,,,,,,,,,,,,,,
8413.25142,0,0,0,0,0,0,1,388691.9464,DS34,,,,,,,,,,,,,,,,,
8414.25142,0,0,0,0,0,0,1,388691.9464,DS34,,,,,,,,,,,,,,,,,
8415.25142,0,0,0,0,0,0,1,388691.9464,DS34,,,,,,,,,,,,,,,,,
8416.25142,0,0,0,0,0,0,1,388691.9464,DS34,,,,,,,,,,,,,,,,,
8417.25142,0,0,0,0,0,0,1,388691.9464,DS34,,,,,,,,,,,,,,,,,
8418.25142,0,0,0,0,0,0,1,388691.9464,DS34,,,,,,,,,,,,,,,,,
8419.25142,0,0,0,0,0,0,1,388691.9464,DS34,,,,,,,,,,,,,,,,,
8420.25142,0,0,0,0,0,0,1,388691.9464,DS34,,,,,,,,,,,,,,,,,
8421.25142,0,0,0,0,0,0,1,388691.9464,DS34,,,,,,,,,,,,,,,,,
8422.25142,0,0,0,0,0,0,1,388691.9464,DS34,,,,,,,,,,,,,,,,,
8423.25142,0,0,0,0,0,0,1,388691.9464,DS34,,,,,,,,,,,,,,,,,
8424.25142,0,0,0,0,0,0,1,388691.9464,DS34,,,,,,,,,,,,,,,,,
8425.25142,0,0,0,0,0,0,1,388691.9464,DS34,,,,,,,,,,,,,,,,,
8426.25142,0,0,0,0,0,0,1,388691.9464,DS34,,,,,,,,,,,,,,,,,
8427.25142,0,0,0,0,0,0,1,388691.9464,DS34,,,,,,,,,,,,,,,,,
8428.25142,0,0,0,0,0,0,1,388691.9464,DS34,,,,,,,,,,,,,,,,,
8429.25142,0,0,0,0,0,0,1,388691.9464,DS34,,,,,,,,,,,,,,,,,
8430.25142,0,0,0,0,0,0,1,388691.9464,DS34,,,,,,,,,,,,,,,,,
8431.25142,0,0,0,0,0,0,1,388691.9464,DS34,,,,,,,,,,,,,,,,,
8432.25142,0,0,0,0,0,0,1,388691.9464,DS34,,,,,,,,,,,,,,,,,
8433.25142,0,0,0,0,0,0,1,388691.9464,DS34,,,,,,,,,,,,,,,,,
8434.25142,0,0,0,0,0,0,1,388691.9464,DS34,,,,,,,,,,,,,,,,,
8435.25142,0,0,0,0,0,0,1,388691.9464,DS34,,,,,,,,,,,,,,,,,
8436.25142,0,0,0,0,0,0,1,388691.9464,DS34,,,,,,,,,,,,,,,,,
8437.25142,0,0,0,0,0,0,1,388691.9464,DS34,,,,,,,,,,,,,,,,,
8438.25142,0,0,0,0,0,0,1,388691.9464,DS34,,,,,,,,,,,,,,,,,
8439.25142,0,0,0,0,0,0,1,388691.9464,DS34,,,,,,,,,,,,,,,,,
8440.25142,0,0,0,0,0,0,1,388691.9464,DS34,,,,,,,,,,,,,,,,,
8441.25142,0,0,0,0,0,0,1,388691.9464,DS34,,,,,,,,,,,,,,,,,
8442.25142,0,0,0,0,0,0,1,388691.9464,DS34,,,,,,,,,,,,,,,,,
8443.25142,0,0,0,0,0,0,1,388691.9464,DS34,,,,,,,,,,,,,,,,,
8444.25142,0,0,0,0,0,0,1,388691.9464,DS34,,,,,,,,,,,,,,,,,
8445.25142,0,0,0,0,0,0,1,388691.9464,DS34,,,,,,,,,,,,,,,,,
8446.25142,0,0,0,0,0,0,1,388691.9464,DS34,,,,,,,,,,,,,,,,,
8447.25142,0,0,0,0,0,0,1,388691.9464,DS34,,,,,,,,,,,,,,,,,
8448.25142,0,0,0,0,0,0,1,388691.9464,DS34,,,,,,,,,,,,,,,,,
8449.25142,0,0,0,0,0,0,1,388691.9464,DS34,,,,,,,,,,,,,,,,,
8450.25142,0,0,0,0,0,0,1,388691.9464,DS34,,,,,,,,,,,,,,,,,
8451.25142,0,0,0,0,0,0,1,388691.9464,DS34,,,,,,,,,,,,,,,,,
8452.25142,0,0,0,0,0,0,1,388691.9464,DS34,,,,,,,,,,,,,,,,,
8453.25142,0,0,0,0,0,0,1,388691.9464,DS34,,,,,,,,,,,,,,,,,
8454.25142,0,0,0,0,0,0,1,388691.9464,DS34,,,,,,,,,,,,,,,,,
8455.25142,0,0,0,0,0,0,1,388691.9464,DS34,,,,,,,,,,,,,,,,,
8456.25142,0,0,0,0,0,0,1,388691.9464,DS34,,,,,,,,,,,,,,,,,
8457.25142,0,0,0,0,0,0,1,388691.9464,DS34,,,,,,,,,,,,,,,,,
8458.25142,0,0,0,0,0,0,1,388691.9464,DS34,,,,,,,,,,,,,,,,,
8459.25142,0,0,0,0,0,0,1,388691.9464,DS34,,,,,,,,,,,,,,,,,
8460.25142,0,0,0,0,0,0,1,388691.9464,DS34,,,,,,,,,,,,,,,,,
8461.25142,0,0,0,0,0,0,1,388691.9464,DS34,,,,,,,,,,,,,,,,,
8462.25142,0,0,0,0,0,0,1,388691.9464,DS34,,,,,,,,,,,,,,,,,
8463.25142,0,0,0,0,0,0,1,388691.9464,DS34,,,,,,,,,,,,,,,,,
8464.25142,0,0,0,0,0,0,1,388691.9464,DS34,,,,,,,,,,,,,,,,,
8465.25142,0,0,0,0,0,0,1,388691.9464,DS34,,,,,,,,,,,,,,,,,
8466.25142,0,0,0,0,0,0,1,388691.9464,DS34,,,,,,,,,,,,,,,,,
8467.25142,0,0,0,0,0,0,1,388691.9464,DS34,,,,,,,,,,,,,,,,,
8468.25142,0,0,0,0,0,0,1,388691.9464,DS34,,,,,,,,,,,,,,,,,
8469.25142,0,0,0,0,0,0,1,388691.9464,DS34,,,,,,,,,,,,,,,,,
8470.25142,0,0,0,0,0,0,1,388691.9464,DS34,,,,,,,,,,,,,,,,,
8471.25142,0,0,0,0,0,0,1,388691.9464,DS34,,,,,,,,,,,,,,,,,
8472.25142,0,0,0,0,0,0,1,388691.9464,DS34,,,,,,,,,,,,,,,,,
8473.25142,0,0,0,0,0,0,1,388691.9464,DS34,,,,,,,,,,,,,,,,,
8474.25142,0,0,0,0,0,0,1,388691.9464,DS34,,,,,,,,,,,,,,,,,
8475.25142,0,0,0,0,0,0,1,388691.9464,DS34,,,,,,,,,,,,,,,,,
8476.25142,0,0,0,0,0,0,1,388691.9464,DS34,,,,,,,,,,,,,,,,,
8477.25142,0,0,0,0,0,0,1,388691.9464,DS34,,,,,,,,,,,,,,,,,
8478.25142,0,0,0,0,0,0,1,388691.9464,DS34,,,,,,,,,,,,,,,,,
8479.25142,0,0,0,0,0,0,1,388691.9464,DS34,,,,,,,,,,,,,,,,,
8480.25142,0,0,0,0,0,0,1,388691.9464,DS34,,,,,,,,,,,,,,,,,
8481.25142,0,0,0,0,0,0,1,388691.9464,DS34,,,,,,,,,,,,,,,,,
8482.25142,0,0,0,0,0,0,1,388691.9464,DS34,,,,,,,,,,,,,,,,,
8483.25142,0,0,0,0,0,0,1,388691.9464,DS34,,,,,,,,,,,,,,,,,
8484.25142,0,0,0,0,0,0,1,388691.9464,DS34,,,,,,,,,,,,,,,,,
8485.25142,0,0,0,0,0,0,1,388691.9464,DS34,,,,,,,,,,,,,,,,,
8486.25142,0,0,0,0,0,0,1,388691.9464,DS34,,,,,,,,,,,,,,,,,
8487.25142,0,0,0,0,0,0,1,388691.9464,DS34,,,,,,,,,,,,,,,,,
8488.25142,0,0,0,0,0,0,1,388691.9464,DS34,,,,,,,,,,,,,,,,,
8489.25142,0,0,0,0,0,0,1,388691.9464,DS34,,,,,,,,,,,,,,,,,
8490.25142,0,0,0,0,0,0,1,388691.9464,DS34,,,,,,,,,,,,,,,,,
8491.25142,0,0,0,0,0,0,1,388691.9464,DS34,,,,,,,,,,,,,,,,,
8492.25142,0,0,0,0,0,0,1,388691.9464,DS34,,,,,,,,,,,,,,,,,
8493.25142,0,0,0,0,0,0,1,388691.9464,DS34,,,,,,,,,,,,,,,,,
8494.25142,0,0,0,0,0,0,1,388691.9464,DS34,,,,,,,,,,,,,,,,,
8495.25142,0,0,0,0,0,0,1,388691.9464,DS34,,,,,,,,,,,,,,,,,
8496.25142,0,0,0,0,0,0,1,388691.9464,DS34,,,,,,,,,,,,,,,,,
8497.25142,0,0,0,0,0,0,1,388691.9464,DS34,,,,,,,,,,,,,,,,,
8498.25142,0,0,0,0,0,0,1,388691.9464,DS34,,,,,,,,,,,,,,,,,
8499.25142,0,0,0,0,0,0,1,388691.9464,DS34,,,,,,,,,,,,,,,,,
8500.25142,0,0,0,0,0,0,1,388691.9464,DS34,,,,,,,,,,,,,,,,,
8501.25142,0,0,0,0,0,0,1,388691.9464,DS34,,,,,,,,,,,,,,,,,
8502.25142,0,0,0,0,0,0,1,388691.9464,DS34,,,,,,,,,,,,,,,,,
8503.25142,0,0,0,0,0,0,1,388691.9464,DS34,,,,,,,,,,,,,,,,,
8504.25142,0,0,0,0,0,0,1,388691.9464,DS34,,,,,,,,,,,,,,,,,
8505.25142,0,0,0,0,0,0,1,388691.9464,DS34,,,,,,,,,,,,,,,,,
8506.25142,0,0,0,0,0,0,1,388691.9464,DS34,,,,,,,,,,,,,,,,,
8507.25142,0,0,0,0,0,0,1,388691.9464,DS34,,,,,,,,,,,,,,,,,
8508.25142,0,0,0,0,0,0,1,388691.9464,DS34,,,,,,,,,,,,,,,,,
8509.25142,0,0,0,0,0,0,1,388691.9464,DS34,,,,,,,,,,,,,,,,,
8510.25142,0,0,0,0,0,0,1,388691.9464,DS34,,,,,,,,,,,,,,,,,
8511.25142,0,0,0,0,0,0,1,388691.9464,DS34,,,,,,,,,,,,,,,,,
8512.25142,0,0,0,0,0,0,1,388691.9464,DS34,,,,,,,,,,,,,,,,,
8513.25142,0,0,0,0,0,0,1,388691.9464,DS34,,,,,,,,,,,,,,,,,
8514.25142,0,0,0,0,0,0,1,388691.9464,DS34,,,,,,,,,,,,,,,,,
8515.25142,0,0,0,0,0,0,1,388691.9464,DS34,,,,,,,,,,,,,,,,,
8516.25142,0,0,0,0,0,0,1,388691.9464,DS34,,,,,,,,,,,,,,,,,
8517.25142,0,0,0,0,0,0,1,388691.9464,DS34,,,,,,,,,,,,,,,,,
8518.25142,0,0,0,0,0,0,1,388691.9464,DS34,,,,,,,,,,,,,,,,,
8519.25142,0,0,0,0,0,0,1,388691.9464,DS34,,,,,,,,,,,,,,,,,
8520.25142,0,0,0,0,0,0,1,388691.9464,DS34,,,,,,,,,,,,,,,,,
8521.25142,0,0,0,0,0,0,1,388691.9464,DS34,,,,,,,,,,,,,,,,,
8522.25142,0,0,0,0,0,0,1,388691.9464,DS34,,,,,,,,,,,,,,,,,
8523.25142,0,0,0,0,0,0,1,388691.9464,DS34,,,,,,,,,,,,,,,,,
8524.25142,0,0,0,0,0,0,1,388691.9464,DS34,,,,,,,,,,,,,,,,,
8525.25142,0,0,0,0,0,0,1,388691.9464,DS34,,,,,,,,,,,,,,,,,
8526.25142,0,0,0,0,0,0,1,388691.9464,DS34,,,,,,,,,,,,,,,,,
8527.25142,0,0,0,0,0,0,1,388691.9464,DS34,,,,,,,,,,,,,,,,,
8528.25142,0,0,0,0,0,0,1,388691.9464,DS34,,,,,,,,,,,,,,,,,
8529.25142,0,0,0,0,0,0,1,388691.9464,DS34,,,,,,,,,,,,,,,,,
8530.25142,0,0,0,0,0,0,1,388691.9464,DS34,,,,,,,,,,,,,,,,,
8531.25142,0,0,0,0,0,0,1,388691.9464,DS34,,,,,,,,,,,,,,,,,
8532.25142,0,0,0,0,0,0,1,388691.9464,DS34,,,,,,,,,,,,,,,,,
8533.25142,0,0,0,0,0,0,1,388691.9464,DS34,,,,,,,,,,,,,,,,,
8534.25142,0,0,0,0,0,0,1,388691.9464,DS34,,,,,,,,,,,,,,,,,
8535.25142,0,0,0,0,0,0,1,388691.9464,DS34,,,,,,,,,,,,,,,,,
8536.25142,0,0,0,0,0,0,1,388691.9464,DS34,,,,,,,,,,,,,,,,,
8537.25142,0,0,0,0,0,0,1,388691.9464,DS34,,,,,,,,,,,,,,,,,
8538.25142,0,0,0,0,0,0,1,388691.9464,DS34,,,,,,,,,,,,,,,,,
8539.25142,0,0,0,0,0,0,1,388691.9464,DS34,,,,,,,,,,,,,,,,,
8540.25142,0,0,0,0,0,0,1,388691.9464,DS34,,,,,,,,,,,,,,,,,
8541.25142,0,0,0,0,0,0,1,388691.9464,DS34,,,,,,,,,,,,,,,,,
8542.25142,0,0,0,0,0,0,1,388691.9464,DS34,,,,,,,,,,,,,,,,,
8543.25142,0,0,0,0,0,0,1,388691.9464,DS34,,,,,,,,,,,,,,,,,
8544.25142,0,0,0,0,0,0,1,388691.9464,DS34,,,,,,,,,,,,,,,,,
8545.25142,0,0,0,0,0,0,1,388691.9464,DS34,,,,,,,,,,,,,,,,,
8546.25142,0,0,0,0,0,0,1,388691.9464,DS34,,,,,,,,,,,,,,,,,
8547.25142,0,0,0,0,0,0,1,388691.9464,DS34,,,,,,,,,,,,,,,,,
8548.25142,0,0,0,0,0,0,1,388691.9464,DS34,,,,,,,,,,,,,,,,,
8549.25142,0,0,0,0,0,0,1,388691.9464,DS34,,,,,,,,,,,,,,,,,
8550.25142,0,0,0,0,0,0,1,388691.9464,DS34,,,,,,,,,,,,,,,,,
8551.25142,0,0,0,0,0,0,1,388691.9464,DS34,,,,,,,,,,,,,,,,,
8552.25142,0,0,0,0,0,0,1,388691.9464,DS34,,,,,,,,,,,,,,,,,
8553.25142,0,0,0,0,0,0,1,388691.9464,DS34,,,,,,,,,,,,,,,,,
8554.25142,0,0,0,0,0,0,1,388691.9464,DS34,,,,,,,,,,,,,,,,,
8555.25142,0,0,0,0,0,0,1,388691.9464,DS34,,,,,,,,,,,,,,,,,
8556.25142,0,0,0,0,0,0,1,388691.9464,DS34,,,,,,,,,,,,,,,,,
8557.25142,0,0,0,0,0,0,1,388691.9464,DS34,,,,,,,,,,,,,,,,,
8558.25142,0,0,0,0,0,0,1,388691.9464,DS34,,,,,,,,,,,,,,,,,
8559.25142,0,0,0,0,0,0,1,388691.9464,DS34,,,,,,,,,,,,,,,,,
8560.25142,0,0,0,0,0,0,1,388691.9464,DS34,,,,,,,,,,,,,,,,,
8561.25142,0,0,0,0,0,0,1,388691.9464,DS34,,,,,,,,,,,,,,,,,
8562.25142,0,0,0,0,0,0,1,388691.9464,DS34,,,,,,,,,,,,,,,,,
8563.25142,0,0,0,0,0,0,1,388691.9464,DS34,,,,,,,,,,,,,,,,,
8564.25142,0,0,0,0,0,0,1,388691.9464,DS34,,,,,,,,,,,,,,,,,
8565.25142,0,0,0,0,0,0,1,388691.9464,DS34,,,,,,,,,,,,,,,,,
8566.25142,0,0,0,0,0,0,1,388691.9464,DS34,,,,,,,,,,,,,,,,,
8567.25142,0,0,0,0,0,0,1,388691.9464,DS34,,,,,,,,,,,,,,,,,
8568.25142,0,0,0,0,0,0,1,388691.9464,DS34,,,,,,,,,,,,,,,,,
8569.25142,0,0,0,0,0,0,1,388691.9464,DS34,,,,,,,,,,,,,,,,,
8570.25142,0,0,0,0,0,0,1,388691.9464,DS34,,,,,,,,,,,,,,,,,
8571.25142,0,0,0,0,0,0,1,388691.9464,DS34,,,,,,,,,,,,,,,,,
8572.25142,0,0,0,0,0,0,1,388691.9464,DS34,,,,,,,,,,,,,,,,,
8573.25142,0,0,0,0,0,0,1,388691.9464,DS34,,,,,,,,,,,,,,,,,
8574.25142,0,0,0,0,0,0,1,388691.9464,DS34,,,,,,,,,,,,,,,,,
8575.25142,0,0,0,0,0,0,1,388691.9464,DS34,,,,,,,,,,,,,,,,,
8576.25142,0,0,0,0,0,0,1,388691.9464,DS34,,,,,,,,,,,,,,,,,
8577.25142,0,0,0,0,0,0,1,388691.9464,DS34,,,,,,,,,,,,,,,,,
8578.25142,0,0,0,0,0,0,1,388691.9464,DS34,,,,,,,,,,,,,,,,,
8579.25142,0,0,0,0,0,0,1,388691.9464,DS34,,,,,,,,,,,,,,,,,
8580.25142,0,0,0,0,0,0,1,388691.9464,DS34,,,,,,,,,,,,,,,,,
8581.25142,0,0,0,0,0,0,1,388691.9464,DS34,,,,,,,,,,,,,,,,,
8582.25142,0,0,0,0,0,0,1,388691.9464,DS34,,,,,,,,,,,,,,,,,
8583.25142,0,0,0,0,0,0,1,388691.9464,DS34,,,,,,,,,,,,,,,,,
8584.25142,0,0,0,0,0,0,1,388691.9464,DS34,,,,,,,,,,,,,,,,,
8585.25142,0,0,0,0,0,0,1,388691.9464,DS34,,,,,,,,,,,,,,,,,
8586.25142,0,0,0,0,0,0,1,388691.9464,DS34,,,,,,,,,,,,,,,,,
8587.25142,0,0,0,0,0,0,1,388691.9464,DS34,,,,,,,,,,,,,,,,,
8588.25142,0,0,0,0,0,0,1,388691.9464,DS34,,,,,,,,,,,,,,,,,
8589.25142,0,0,0,0,0,0,1,388691.9464,DS34,,,,,,,,,,,,,,,,,
8590.25142,0,0,0,0,0,0,1,388691.9464,DS34,,,,,,,,,,,,,,,,,
8591.25142,0,0,0,0,0,0,1,388691.9464,DS34,,,,,,,,,,,,,,,,,
8592.25142,0,0,0,0,0,0,1,388691.9464,DS34,,,,,,,,,,,,,,,,,
8593.25142,0,0,0,0,0,0,1,388691.9464,DS34,,,,,,,,,,,,,,,,,
8594.25142,0,0,0,0,0,0,1,388691.9464,DS34,,,,,,,,,,,,,,,,,
8595.25142,0,0,0,0,0,0,1,388691.9464,DS34,,,,,,,,,,,,,,,,,
8596.25142,0,0,0,0,0,0,1,388691.9464,DS34,,,,,,,,,,,,,,,,,
8597.25142,0,0,0,0,0,0,1,388691.9464,DS34,,,,,,,,,,,,,,,,,
8598.25142,0,0,0,0,0,0,1,388691.9464,DS34,,,,,,,,,,,,,,,,,
8599.25142,0,0,0,0,0,0,1,388691.9464,DS34,,,,,,,,,,,,,,,,,
8600.25142,0,0,0,0,0,0,1,388691.9464,DS34,,,,,,,,,,,,,,,,,
8601.25142,0,0,0,0,0,0,1,388691.9464,DS34,,,,,,,,,,,,,,,,,
8602.25142,0,0,0,0,0,0,1,388691.9464,DS34,,,,,,,,,,,,,,,,,
8603.25142,0,0,0,0,0,0,1,388691.9464,DS34,,,,,,,,,,,,,,,,,
8604.25142,0,0,0,0,0,0,1,388691.9464,DS34,,,,,,,,,,,,,,,,,
8605.25142,0,0,0,0,0,0,1,388691.9464,DS34,,,,,,,,,,,,,,,,,
8606.25142,0,0,0,0,0,0,1,388691.9464,DS34,,,,,,,,,,,,,,,,,
8607.25142,0,0,0,0,0,0,1,388691.9464,DS34,,,,,,,,,,,,,,,,,
8608.25142,0,0,0,0,0,0,1,388691.9464,DS34,,,,,,,,,,,,,,,,,
8609.25142,0,0,0,0,0,0,1,388691.9464,DS34,,,,,,,,,,,,,,,,,
8610.25142,0,0,0,0,0,0,1,388691.9464,DS34,,,,,,,,,,,,,,,,,
8611.25142,0,0,0,0,0,0,1,388691.9464,DS34,,,,,,,,,,,,,,,,,
8612.25142,0,0,0,0,0,0,1,388691.9464,DS34,,,,,,,,,,,,,,,,,
8613.25142,0,0,0,0,0,0,1,388691.9464,DS34,,,,,,,,,,,,,,,,,
8614.25142,0,0,0,0,0,0,1,388691.9464,DS34,,,,,,,,,,,,,,,,,
8615.25142,0,0,0,0,0,0,1,388691.9464,DS34,,,,,,,,,,,,,,,,,
8616.25142,0,0,0,0,0,0,1,388691.9464,DS34,,,,,,,,,,,,,,,,,
8617.25142,0,0,0,0,0,0,1,388691.9464,DS34,,,,,,,,,,,,,,,,,
8618.25142,0,0,0,0,0,0,1,388691.9464,DS34,,,,,,,,,,,,,,,,,
8619.25142,0,0,0,0,0,0,1,388691.9464,DS34,,,,,,,,,,,,,,,,,
8620.25142,0,0,0,0,0,0,1,388691.9464,DS34,,,,,,,,,,,,,,,,,
8621.25142,0,0,0,0,0,0,1,388691.9464,DS34,,,,,,,,,,,,,,,,,
8622.25142,0,0,0,0,0,0,1,388691.9464,DS34,,,,,,,,,,,,,,,,,
8623.25142,0,0,0,0,0,0,1,388691.9464,DS34,,,,,,,,,,,,,,,,,
8624.25142,0,0,0,0,0,0,1,388691.9464,DS34,,,,,,,,,,,,,,,,,
8625.25142,0,0,1,366453.4322,0,0,1,388691.9464,DS34,,,,,,,,,,,,,,,,,
8626.25142,0,0,1,366453.4322,0,0,1,388691.9464,DS34,,,,,,,,,,,,,,,,,
8627.25142,0,0,1,366453.4322,0,0,1,388691.9464,DS34,,,,,,,,,,,,,,,,,
8628.25142,0,0,1,366453.4322,0,0,1,388691.9464,DS34,,,,,,,,,,,,,,,,,
8629.25142,0,0,1,366453.4322,0,0,1,388691.9464,DS34,,,,,,,,,,,,,,,,,
8630.25142,0,0,1,366453.4322,0,0,1,388691.9464,DS34,,,,,,,,,,,,,,,,,
8631.25142,0,0,1,366453.4322,0,0,1,388691.9464,DS34,,,,,,,,,,,,,,,,,
8632.25142,0,0,1,366453.4322,0,0,1,388691.9464,DS34,,,,,,,,,,,,,,,,,
8633.25142,0,0,1,366453.4322,0,0,1,388691.9464,DS34,,,,,,,,,,,,,,,,,
8634.25142,0,0,1,366453.4322,0,0,1,388691.9464,DS34,,,,,,,,,,,,,,,,,
8635.25142,0,0,1,366453.4322,0,0,1,388691.9464,DS34,,,,,,,,,,,,,,,,,
8636.25142,0,0,1,366453.4322,0,0,1,388691.9464,DS34,,,,,,,,,,,,,,,,,
8637.25142,0,0,1,366453.4322,0,0,1,388691.9464,DS34,,,,,,,,,,,,,,,,,
8638.25142,0,0,1,366453.4322,0,0,1,388691.9464,DS34,,,,,,,,,,,,,,,,,
8639.25142,0,0,1,366453.4322,0,0,1,388691.9464,DS34,,,,,,,,,,,,,,,,,
8640.25142,0,0,1,366453.4322,0,0,1,388691.9464,DS34,,,,,,,,,,,,,,,,,
8641.25142,0,0,1,366453.4322,0,0,1,388691.9464,DS34,,,,,,,,,,,,,,,,,
8642.25142,0,0,1,366453.4322,0,0,0,0,DS54,,,,,,,,,,,,,,,,,
8643.25142,0,0,1,366453.4322,0,0,0,0,DS54,,,,,,,,,,,,,,,,,
8644.25142,0,0,1,366453.4322,0,0,0,0,DS54,,,,,,,,,,,,,,,,,
8645.25142,0,0,1,366453.4322,0,0,0,0,DS54,,,,,,,,,,,,,,,,,
8646.25142,0,0,1,366453.4322,0,0,0,0,DS54,,,,,,,,,,,,,,,,,
8647.25142,0,0,1,366453.4322,0,0,0,0,DS54,,,,,,,,,,,,,,,,,
8648.25142,0,0,1,366453.4322,0,0,0,0,DS54,,,,,,,,,,,,,,,,,
8649.25142,0,0,1,366453.4322,0,0,0,0,DS54,,,,,,,,,,,,,,,,,
8650.25142,0,0,1,366453.4322,0,0,0,0,DS54,,,,,,,,,,,,,,,,,
8651.25142,0,0,1,366453.4322,0,0,0,0,DS54,,,,,,,,,,,,,,,,,
8652.25142,0,0,1,366453.4322,0,0,0,0,DS54,,,,,,,,,,,,,,,,,
8653.25142,0,0,1,366453.4322,0,0,0,0,DS54,,,,,,,,,,,,,,,,,
8654.25142,0,0,1,366453.4322,0,0,0,0,DS54,,,,,,,,,,,,,,,,,
8655.25142,0,0,1,366453.4322,0,0,0,0,DS54,,,,,,,,,,,,,,,,,
8656.25142,0,0,1,366453.4322,0,0,0,0,DS54,,,,,,,,,,,,,,,,,
8657.25142,0,0,1,366453.4322,0,0,0,0,DS54,,,,,,,,,,,,,,,,,
8658.25142,0,0,1,366453.4322,0,0,0,0,DS54,,,,,,,,,,,,,,,,,
8659.25142,0,0,1,366453.4322,0,0,0,0,DS54,,,,,,,,,,,,,,,,,
8660.25142,0,0,1,366453.4322,0,0,0,0,DS54,,,,,,,,,,,,,,,,,
8661.25142,0,0,1,366453.4322,0,0,0,0,DS54,,,,,,,,,,,,,,,,,
8662.25142,0,0,1,366453.4322,0,0,0,0,DS54,,,,,,,,,,,,,,,,,
8663.25142,0,0,1,366453.4322,0,0,0,0,DS54,,,,,,,,,,,,,,,,,
8664.25142,0,0,1,366453.4322,0,0,0,0,DS54,,,,,,,,,,,,,,,,,
8665.25142,0,0,1,366453.4322,0,0,0,0,DS54,,,,,,,,,,,,,,,,,
8666.25142,0,0,1,366453.4322,0,0,0,0,DS54,,,,,,,,,,,,,,,,,
8667.25142,0,0,1,366453.4322,0,0,0,0,DS54,,,,,,,,,,,,,,,,,
8668.25142,0,0,1,366453.4322,0,0,0,0,DS54,,,,,,,,,,,,,,,,,
8669.25142,0,0,1,366453.4322,0,0,0,0,DS54,,,,,,,,,,,,,,,,,
8670.25142,0,0,1,366453.4322,0,0,0,0,DS54,,,,,,,,,,,,,,,,,
8671.25142,0,0,1,366453.4322,0,0,0,0,DS54,,,,,,,,,,,,,,,,,
8672.25142,0,0,1,366453.4322,0,0,0,0,DS54,,,,,,,,,,,,,,,,,
8673.25142,0,0,1,366453.4322,0,0,0,0,DS54,,,,,,,,,,,,,,,,,
8674.25142,0,0,1,366453.4322,0,0,0,0,DS54,,,,,,,,,,,,,,,,,
8675.25142,0,0,1,366453.4322,0,0,0,0,DS54,,,,,,,,,,,,,,,,,
8676.25142,0,0,1,366453.4322,0,0,0,0,DS54,,,,,,,,,,,,,,,,,
8677.25142,0,0,1,366453.4322,0,0,0,0,DS54,,,,,,,,,,,,,,,,,
8678.25142,0,0,1,366453.4322,0,0,0,0,DS54,,,,,,,,,,,,,,,,,
8679.25142,0,0,1,366453.4322,0,0,0,0,DS54,,,,,,,,,,,,,,,,,
8680.25142,0,0,1,366453.4322,0,0,0,0,DS54,,,,,,,,,,,,,,,,,
8681.25142,0,0,1,366453.4322,0,0,0,0,DS54,,,,,,,,,,,,,,,,,
8682.25142,0,0,1,366453.4322,0,0,0,0,DS54,,,,,,,,,,,,,,,,,
8683.25142,0,0,1,366453.4322,0,0,0,0,DS54,,,,,,,,,,,,,,,,,
8684.25142,0,0,1,366453.4322,0,0,0,0,DS54,,,,,,,,,,,,,,,,,
8685.25142,0,0,1,366453.4322,0,0,0,0,DS54,,,,,,,,,,,,,,,,,
8686.25142,0,0,1,366453.4322,0,0,0,0,DS54,,,,,,,,,,,,,,,,,
8687.25142,0,0,1,366453.4322,0,0,0,0,DS54,,,,,,,,,,,,,,,,,
8688.25142,0,0,1,366453.4322,0,0,0,0,DS54,,,,,,,,,,,,,,,,,
8689.25142,0,0,1,366453.4322,0,0,0,0,DS54,,,,,,,,,,,,,,,,,
8690.25142,0,0,1,366453.4322,0,0,0,0,DS54,,,,,,,,,,,,,,,,,
8691.25142,0,0,1,366453.4322,0,0,0,0,DS54,,,,,,,,,,,,,,,,,
8692.25142,0,0,1,366453.4322,0,0,0,0,DS54,,,,,,,,,,,,,,,,,
8693.25142,0,0,1,366453.4322,0,0,0,0,DS54,,,,,,,,,,,,,,,,,
8694.25142,0,0,1,366453.4322,0,0,0,0,DS54,,,,,,,,,,,,,,,,,
8695.25142,0,0,1,366453.4322,0,0,0,0,DS54,,,,,,,,,,,,,,,,,
8696.25142,0,0,1,366453.4322,0,0,0,0,DS54,,,,,,,,,,,,,,,,,
8697.25142,0,0,1,366453.4322,0,0,0,0,DS54,,,,,,,,,,,,,,,,,
8698.25142,0,0,1,366453.4322,0,0,0,0,DS54,,,,,,,,,,,,,,,,,
8699.25142,0,0,1,366453.4322,0,0,0,0,DS54,,,,,,,,,,,,,,,,,
8700.25142,0,0,1,366453.4322,0,0,0,0,DS54,,,,,,,,,,,,,,,,,
8701.25142,0,0,1,366453.4322,0,0,0,0,DS54,,,,,,,,,,,,,,,,,
8702.25142,0,0,1,366453.4322,0,0,0,0,DS54,,,,,,,,,,,,,,,,,
8703.25142,0,0,1,366453.4322,0,0,0,0,DS54,,,,,,,,,,,,,,,,,
8704.25142,0,0,1,366453.4322,0,0,0,0,DS54,,,,,,,,,,,,,,,,,
8705.25142,0,0,1,366453.4322,0,0,0,0,DS54,,,,,,,,,,,,,,,,,
8706.25142,0,0,1,366453.4322,0,0,0,0,DS54,,,,,,,,,,,,,,,,,
8707.25142,0,0,1,366453.4322,0,0,0,0,DS54,,,,,,,,,,,,,,,,,
8708.25142,0,0,1,366453.4322,0,0,0,0,DS54,,,,,,,,,,,,,,,,,
8709.25142,0,0,1,366453.4322,0,0,0,0,DS54,,,,,,,,,,,,,,,,,
8710.25142,0,0,1,366453.4322,0,0,0,0,DS54,,,,,,,,,,,,,,,,,
8711.25142,0,0,1,366453.4322,0,0,0,0,DS54,,,,,,,,,,,,,,,,,
8712.25142,0,0,1,366453.4322,0,0,0,0,DS54,,,,,,,,,,,,,,,,,
8713.25142,0,0,1,366453.4322,0,0,0,0,DS54,,,,,,,,,,,,,,,,,
8714.25142,0,0,1,366453.4322,0,0,0,0,DS54,,,,,,,,,,,,,,,,,
8715.25142,0,0,1,366453.4322,0,0,0,0,DS54,,,,,,,,,,,,,,,,,
8716.25142,0,0,1,366453.4322,0,0,0,0,DS54,,,,,,,,,,,,,,,,,
8717.25142,0,0,1,366453.4322,0,0,0,0,DS54,,,,,,,,,,,,,,,,,
8718.25142,0,0,1,366453.4322,0,0,0,0,DS54,,,,,,,,,,,,,,,,,
8719.25142,0,0,1,366453.4322,0,0,0,0,DS54,,,,,,,,,,,,,,,,,
8720.25142,0,0,1,366453.4322,0,0,0,0,DS54,,,,,,,,,,,,,,,,,
8721.25142,0,0,1,366453.4322,0,0,0,0,DS54,,,,,,,,,,,,,,,,,
8722.25142,0,0,1,366453.4322,0,0,0,0,DS54,,,,,,,,,,,,,,,,,
8723.25142,0,0,1,366453.4322,0,0,0,0,DS54,,,,,,,,,,,,,,,,,
8724.25142,0,0,1,366453.4322,0,0,0,0,DS54,,,,,,,,,,,,,,,,,
8725.25142,0,0,1,366453.4322,0,0,0,0,DS54,,,,,,,,,,,,,,,,,
8726.25142,0,0,1,366453.4322,0,0,0,0,DS54,,,,,,,,,,,,,,,,,
8727.25142,0,0,1,366453.4322,0,0,0,0,DS54,,,,,,,,,,,,,,,,,
8728.25142,0,0,1,366453.4322,0,0,0,0,DS54,,,,,,,,,,,,,,,,,
8729.25142,0,0,1,366453.4322,0,0,0,0,DS54,,,,,,,,,,,,,,,,,
8730.25142,0,0,1,366453.4322,0,0,0,0,DS54,,,,,,,,,,,,,,,,,
8731.25142,0,0,1,366453.4322,0,0,0,0,DS54,,,,,,,,,,,,,,,,,
8732.25142,0,0,1,366453.4322,0,0,0,0,DS54,,,,,,,,,,,,,,,,,
8733.25142,0,0,1,366453.4322,0,0,0,0,DS54,,,,,,,,,,,,,,,,,
8734.25142,0,0,1,366453.4322,0,0,0,0,DS54,,,,,,,,,,,,,,,,,
8735.25142,0,0,1,366453.4322,0,0,0,0,DS54,,,,,,,,,,,,,,,,,
8736.25142,0,0,1,366453.4322,0,0,0,0,DS54,,,,,,,,,,,,,,,,,
8737.25142,0,0,1,366453.4322,0,0,0,0,DS54,,,,,,,,,,,,,,,,,
8738.25142,0,0,1,366453.4322,0,0,0,0,DS54,,,,,,,,,,,,,,,,,
8739.25142,0,0,1,366453.4322,0,0,0,0,DS54,,,,,,,,,,,,,,,,,
8740.25142,0,0,1,366453.4322,0,0,0,0,DS54,,,,,,,,,,,,,,,,,
8741.25142,0,0,1,366453.4322,0,0,0,0,DS54,,,,,,,,,,,,,,,,,
8742.25142,0,0,1,366453.4322,0,0,0,0,DS54,,,,,,,,,,,,,,,,,
8743.25142,0,0,1,366453.4322,0,0,0,0,DS54,,,,,,,,,,,,,,,,,
8744.25142,0,0,1,366453.4322,0,0,0,0,DS54,,,,,,,,,,,,,,,,,
8745.25142,0,0,1,366453.4322,0,0,0,0,DS54,,,,,,,,,,,,,,,,,
8746.25142,0,0,1,366453.4322,0,0,0,0,DS54,,,,,,,,,,,,,,,,,
8747.25142,0,0,1,366453.4322,0,0,0,0,DS54,,,,,,,,,,,,,,,,,
8748.25142,0,0,1,366453.4322,0,0,0,0,DS54,,,,,,,,,,,,,,,,,
8749.25142,0,0,1,366453.4322,0,0,0,0,DS54,,,,,,,,,,,,,,,,,
8750.25142,0,0,1,366453.4322,0,0,0,0,DS54,,,,,,,,,,,,,,,,,
8751.25142,0,0,1,366453.4322,0,0,0,0,DS54,,,,,,,,,,,,,,,,,
8752.25142,0,0,1,366453.4322,0,0,0,0,DS54,,,,,,,,,,,,,,,,,
8753.25142,0,0,1,366453.4322,0,0,0,0,DS54,,,,,,,,,,,,,,,,,
8754.25142,0,0,1,366453.4322,0,0,0,0,DS54,,,,,,,,,,,,,,,,,
8755.25142,0,0,1,366453.4322,0,0,0,0,DS54,,,,,,,,,,,,,,,,,
8756.25142,0,0,1,366453.4322,0,0,0,0,DS54,,,,,,,,,,,,,,,,,
8757.25142,0,0,1,366453.4322,0,0,0,0,DS54,,,,,,,,,,,,,,,,,
8758.25142,0,0,1,366453.4322,0,0,0,0,DS54,,,,,,,,,,,,,,,,,
8759.25142,0,0,1,366453.4322,0,0,0,0,DS54,,,,,,,,,,,,,,,,,
8760.25142,0,0,1,366453.4322,0,0,0,0,DS54,,,,,,,,,,,,,,,,,
8761.25142,0,0,1,366453.4322,0,0,0,0,DS54,,,,,,,,,,,,,,,,,
8762.25142,0,0,1,366453.4322,0,0,0,0,DS54,,,,,,,,,,,,,,,,,
8763.25142,0,0,1,366453.4322,0,0,0,0,DS54,,,,,,,,,,,,,,,,,
8764.25142,0,0,1,366453.4322,0,0,0,0,DS54,,,,,,,,,,,,,,,,,
8765.25142,0,0,1,366453.4322,0,0,0,0,DS54,,,,,,,,,,,,,,,,,
8766.25142,0,0,1,366453.4322,0,0,0,0,DS54,,,,,,,,,,,,,,,,,
8767.25142,0,0,1,366453.4322,0,0,0,0,DS54,,,,,,,,,,,,,,,,,
8768.25142,0,0,1,366453.4322,0,0,0,0,DS54,,,,,,,,,,,,,,,,,
8769.25142,0,0,1,366453.4322,0,0,0,0,DS54,,,,,,,,,,,,,,,,,
8770.25142,0,0,1,366453.4322,0,0,0,0,DS54,,,,,,,,,,,,,,,,,
8771.25142,0,0,1,366453.4322,0,0,0,0,DS54,,,,,,,,,,,,,,,,,
8772.25142,0,0,1,366453.4322,0,0,0,0,DS54,,,,,,,,,,,,,,,,,
8773.25142,0,0,1,366453.4322,0,0,0,0,DS54,,,,,,,,,,,,,,,,,
8774.25142,0,0,1,366453.4322,0,0,0,0,DS54,,,,,,,,,,,,,,,,,
8775.25142,0,0,1,366453.4322,0,0,0,0,DS54,,,,,,,,,,,,,,,,,
8776.25142,0,0,1,366453.4322,0,0,0,0,DS54,,,,,,,,,,,,,,,,,
8777.25142,0,0,1,366453.4322,0,0,0,0,DS54,,,,,,,,,,,,,,,,,
8778.25142,0,0,1,366453.4322,0,0,0,0,DS54,,,,,,,,,,,,,,,,,
8779.25142,0,0,1,366453.4322,0,0,0,0,DS54,,,,,,,,,,,,,,,,,
8780.25142,0,0,1,366453.4322,0,0,0,0,DS54,,,,,,,,,,,,,,,,,
8781.25142,0,0,1,366453.4322,0,0,0,0,DS54,,,,,,,,,,,,,,,,,
8782.25142,0,0,1,366453.4322,0,0,0,0,DS54,,,,,,,,,,,,,,,,,
8783.25142,0,0,1,366453.4322,0,0,0,0,DS54,,,,,,,,,,,,,,,,,
8784.25142,0,0,1,366453.4322,0,0,0,0,DS54,,,,,,,,,,,,,,,,,
8785.25142,0,0,1,366453.4322,0,0,0,0,DS54,,,,,,,,,,,,,,,,,
8786.25142,0,0,1,366453.4322,0,0,0,0,DS54,,,,,,,,,,,,,,,,,
8787.25142,0,0,1,366453.4322,0,0,0,0,DS54,,,,,,,,,,,,,,,,,
8788.25142,0,0,1,366453.4322,0,0,0,0,DS54,,,,,,,,,,,,,,,,,
8789.25142,0,0,1,366453.4322,0,0,0,0,DS54,,,,,,,,,,,,,,,,,
8790.25142,0,0,1,366453.4322,0,0,0,0,DS54,,,,,,,,,,,,,,,,,
8791.25142,0,0,1,366453.4322,0,0,0,0,DS54,,,,,,,,,,,,,,,,,
8792.25142,0,0,1,366453.4322,0,0,0,0,DS54,,,,,,,,,,,,,,,,,
8793.25142,0,0,1,366453.4322,0,0,0,0,DS54,,,,,,,,,,,,,,,,,
8794.25142,0,0,1,366453.4322,0,0,0,0,DS54,,,,,,,,,,,,,,,,,
8795.25142,0,0,1,366453.4322,0,0,0,0,DS54,,,,,,,,,,,,,,,,,
8796.25142,0,0,1,366453.4322,0,0,0,0,DS54,,,,,,,,,,,,,,,,,
8797.25142,0,0,1,366453.4322,0,0,0,0,DS54,,,,,,,,,,,,,,,,,
8798.25142,0,0,1,366453.4322,0,0,0,0,DS54,,,,,,,,,,,,,,,,,
8799.25142,0,0,1,366453.4322,0,0,0,0,DS54,,,,,,,,,,,,,,,,,
8800.25142,0,0,1,366453.4322,0,0,0,0,DS54,,,,,,,,,,,,,,,,,
8801.25142,0,0,1,366453.4322,0,0,0,0,DS54,,,,,,,,,,,,,,,,,
8802.25142,0,0,1,366453.4322,0,0,0,0,DS54,,,,,,,,,,,,,,,,,
8803.25142,0,0,1,366453.4322,0,0,0,0,DS54,,,,,,,,,,,,,,,,,
8804.25142,0,0,1,366453.4322,0,0,0,0,DS54,,,,,,,,,,,,,,,,,
8805.25142,0,0,1,366453.4322,0,0,0,0,DS54,,,,,,,,,,,,,,,,,
8806.25142,0,0,1,366453.4322,0,0,0,0,DS54,,,,,,,,,,,,,,,,,
8807.25142,0,0,1,366453.4322,0,0,0,0,DS54,,,,,,,,,,,,,,,,,
8808.25142,0,0,1,366453.4322,0,0,0,0,DS54,,,,,,,,,,,,,,,,,
8809.25142,0,0,1,366453.4322,0,0,0,0,DS54,,,,,,,,,,,,,,,,,
8810.25142,0,0,1,366453.4322,0,0,0,0,DS54,,,,,,,,,,,,,,,,,
8811.25142,0,0,1,366453.4322,0,0,0,0,DS54,,,,,,,,,,,,,,,,,
8812.25142,0,0,1,366453.4322,0,0,0,0,DS54,,,,,,,,,,,,,,,,,
8813.25142,0,0,1,366453.4322,0,0,0,0,DS54,,,,,,,,,,,,,,,,,
8814.25142,0,0,1,366453.4322,0,0,0,0,DS54,,,,,,,,,,,,,,,,,
8815.25142,0,0,1,366453.4322,0,0,0,0,DS54,,,,,,,,,,,,,,,,,
8816.25142,0,0,1,366453.4322,0,0,0,0,DS54,,,,,,,,,,,,,,,,,
8817.25142,0,0,1,366453.4322,0,0,0,0,DS54,,,,,,,,,,,,,,,,,
8818.25142,0,0,1,366453.4322,0,0,0,0,DS54,,,,,,,,,,,,,,,,,
8819.25142,0,0,1,366453.4322,0,0,0,0,DS54,,,,,,,,,,,,,,,,,
8820.25142,0,0,1,366453.4322,0,0,0,0,DS54,,,,,,,,,,,,,,,,,
8821.25142,0,0,1,366453.4322,0,0,0,0,DS54,,,,,,,,,,,,,,,,,
8822.25142,0,0,1,366453.4322,0,0,0,0,DS54,,,,,,,,,,,,,,,,,
8823.25142,0,0,1,366453.4322,0,0,0,0,DS54,,,,,,,,,,,,,,,,,
8824.25142,0,0,1,366453.4322,0,0,0,0,DS54,,,,,,,,,,,,,,,,,
8825.25142,0,0,1,366453.4322,0,0,0,0,DS54,,,,,,,,,,,,,,,,,
8826.25142,0,0,1,366453.4322,0,0,0,0,DS54,,,,,,,,,,,,,,,,,
8827.25142,0,0,1,366453.4322,0,0,0,0,DS54,,,,,,,,,,,,,,,,,
8828.25142,0,0,1,366453.4322,0,0,0,0,DS54,,,,,,,,,,,,,,,,,
8829.25142,0,0,1,366453.4322,0,0,0,0,DS54,,,,,,,,,,,,,,,,,
8830.25142,0,0,1,366453.4322,0,0,0,0,DS54,,,,,,,,,,,,,,,,,
8831.25142,0,0,1,366453.4322,0,0,0,0,DS54,,,,,,,,,,,,,,,,,
8832.25142,0,0,1,366453.4322,0,0,0,0,DS54,,,,,,,,,,,,,,,,,
8833.25142,0,0,1,366453.4322,0,0,0,0,DS54,,,,,,,,,,,,,,,,,
8834.25142,0,0,1,366453.4322,0,0,0,0,DS54,,,,,,,,,,,,,,,,,
8835.25142,0,0,1,366453.4322,0,0,0,0,DS54,,,,,,,,,,,,,,,,,
8836.25142,0,0,1,366453.4322,0,0,0,0,DS54,,,,,,,,,,,,,,,,,
8837.25142,0,0,1,366453.4322,0,0,0,0,DS54,,,,,,,,,,,,,,,,,
8838.25142,0,0,1,366453.4322,0,0,0,0,DS54,,,,,,,,,,,,,,,,,
8839.25142,0,0,1,366453.4322,0,0,0,0,DS54,,,,,,,,,,,,,,,,,
8840.25142,0,0,1,366453.4322,0,0,0,0,DS54,,,,,,,,,,,,,,,,,
8841.25142,0,0,1,366453.4322,0,0,0,0,DS54,,,,,,,,,,,,,,,,,
8842.25142,0,0,1,366453.4322,0,0,0,0,DS54,,,,,,,,,,,,,,,,,
8843.25142,0,0,1,366453.4322,0,0,0,0,DS54,,,,,,,,,,,,,,,,,
8844.25142,0,0,1,366453.4322,0,0,0,0,DS54,,,,,,,,,,,,,,,,,
8845.25142,0,0,1,366453.4322,0,0,0,0,DS54,,,,,,,,,,,,,,,,,
8846.25142,0,0,1,366453.4322,0,0,0,0,DS54,,,,,,,,,,,,,,,,,
8847.25142,0,0,1,366453.4322,0,0,0,0,DS54,,,,,,,,,,,,,,,,,
8848.25142,0,0,1,366453.4322,0,0,0,0,DS54,,,,,,,,,,,,,,,,,
8849.25142,0,0,1,366453.4322,0,0,0,0,DS54,,,,,,,,,,,,,,,,,
8850.25142,0,0,1,366453.4322,0,0,0,0,DS54,,,,,,,,,,,,,,,,,
8851.25142,0,0,1,366453.4322,0,0,0,0,DS54,,,,,,,,,,,,,,,,,
8852.25142,0,0,1,366453.4322,0,0,0,0,DS54,,,,,,,,,,,,,,,,,
8853.25142,0,0,1,366453.4322,0,0,0,0,DS54,,,,,,,,,,,,,,,,,
8854.25142,0,0,1,366453.4322,0,0,0,0,DS54,,,,,,,,,,,,,,,,,
8855.25142,0,0,1,366453.4322,0,0,0,0,DS54,,,,,,,,,,,,,,,,,
8856.25142,0,0,1,366453.4322,0,0,0,0,DS54,,,,,,,,,,,,,,,,,
8857.25142,0,0,1,366453.4322,0,0,0,0,DS54,,,,,,,,,,,,,,,,,
8858.25142,0,0,1,366453.4322,0,0,0,0,DS54,,,,,,,,,,,,,,,,,
8859.25142,0,0,1,366453.4322,0,0,0,0,DS54,,,,,,,,,,,,,,,,,
8860.25142,0,0,1,366453.4322,0,0,0,0,DS54,,,,,,,,,,,,,,,,,
8861.25142,0,0,1,366453.4322,0,0,0,0,DS54,,,,,,,,,,,,,,,,,
8862.25142,0,0,1,366453.4322,0,0,0,0,DS54,,,,,,,,,,,,,,,,,
8863.25142,0,0,1,366453.4322,0,0,0,0,DS54,,,,,,,,,,,,,,,,,
8864.25142,0,0,1,366453.4322,0,0,0,0,DS54,,,,,,,,,,,,,,,,,
8865.25142,0,0,1,366453.4322,0,0,0,0,DS54,,,,,,,,,,,,,,,,,
8866.25142,0,0,1,366453.4322,0,0,0,0,DS54,,,,,,,,,,,,,,,,,
8867.25142,0,0,1,366453.4322,0,0,0,0,DS54,,,,,,,,,,,,,,,,,
8868.25142,0,0,1,366453.4322,0,0,0,0,DS54,,,,,,,,,,,,,,,,,
8869.25142,0,0,1,366453.4322,0,0,0,0,DS54,,,,,,,,,,,,,,,,,
8870.25142,0,0,1,366453.4322,0,0,0,0,DS54,,,,,,,,,,,,,,,,,
8871.25142,0,0,1,366453.4322,0,0,0,0,DS54,,,,,,,,,,,,,,,,,
8872.25142,0,0,1,366453.4322,0,0,0,0,DS54,,,,,,,,,,,,,,,,,
8873.25142,0,0,1,366453.4322,0,0,0,0,DS54,,,,,,,,,,,,,,,,,
8874.25142,0,0,1,366453.4322,0,0,0,0,DS54,,,,,,,,,,,,,,,,,
8875.25142,0,0,1,366453.4322,0,0,0,0,DS54,,,,,,,,,,,,,,,,,
8876.25142,0,0,1,366453.4322,0,0,0,0,DS54,,,,,,,,,,,,,,,,,
8877.25142,0,0,1,366453.4322,0,0,0,0,DS54,,,,,,,,,,,,,,,,,
8878.25142,0,0,1,366453.4322,0,0,0,0,DS54,,,,,,,,,,,,,,,,,
8879.25142,0,0,1,366453.4322,0,0,0,0,DS54,,,,,,,,,,,,,,,,,
8880.25142,1,357434.6322,1,366453.4322,0,0,0,0,DS54,,,,,,,,,,,,,,,,,
8881.25142,1,357434.6322,1,366453.4322,0,0,0,0,DS54,,,,,,,,,,,,,,,,,
8882.25142,1,357434.6322,1,366453.4322,0,0,0,0,DS54,,,,,,,,,,,,,,,,,
8883.25142,1,357434.6322,1,366453.4322,0,0,0,0,DS54,,,,,,,,,,,,,,,,,
8884.25142,1,357434.6322,1,366453.4322,0,0,0,0,DS54,,,,,,,,,,,,,,,,,
8885.25142,1,357434.6322,1,366453.4322,0,0,0,0,DS54,,,,,,,,,,,,,,,,,
8886.25142,1,357434.6322,1,366453.4322,0,0,0,0,DS54,,,,,,,,,,,,,,,,,
8887.25142,1,357434.6322,1,366453.4322,0,0,0,0,DS54,,,,,,,,,,,,,,,,,
8888.25142,1,357434.6322,1,366453.4322,0,0,0,0,DS54,,,,,,,,,,,,,,,,,
8889.25142,1,357434.6322,1,366453.4322,0,0,0,0,DS54,,,,,,,,,,,,,,,,,
8890.25142,1,357434.6322,1,366453.4322,0,0,0,0,DS54,,,,,,,,,,,,,,,,,
8891.25142,1,357434.6322,1,366453.4322,0,0,0,0,DS54,,,,,,,,,,,,,,,,,
8892.25142,1,357434.6322,1,366453.4322,0,0,0,0,DS54,,,,,,,,,,,,,,,,,
8893.25142,1,357434.6322,1,366453.4322,0,0,0,0,DS54,,,,,,,,,,,,,,,,,
8894.25142,1,357434.6322,1,366453.4322,0,0,0,0,DS54,,,,,,,,,,,,,,,,,
8895.25142,1,357434.6322,1,366453.4322,0,0,0,0,DS54,,,,,,,,,,,,,,,,,
8896.25142,1,357434.6322,1,366453.4322,0,0,0,0,DS54,,,,,,,,,,,,,,,,,
8897.25142,1,357434.6322,1,366453.4322,0,0,0,0,DS54,,,,,,,,,,,,,,,,,
8898.25142,1,357434.6322,1,366453.4322,0,0,0,0,DS54,,,,,,,,,,,,,,,,,
8899.25142,1,357434.6322,1,366453.4322,0,0,0,0,DS54,,,,,,,,,,,,,,,,,
8900.25142,1,357434.6322,1,366453.4322,0,0,0,0,DS54,,,,,,,,,,,,,,,,,
8901.25142,1,357434.6322,1,366453.4322,0,0,0,0,DS54,,,,,,,,,,,,,,,,,
8902.25142,1,357434.6322,1,366453.4322,0,0,0,0,DS54,,,,,,,,,,,,,,,,,
8903.25142,1,357434.6322,1,366453.4322,0,0,0,0,DS54,,,,,,,,,,,,,,,,,
8904.25142,1,357434.6322,1,366453.4322,0,0,0,0,DS54,,,,,,,,,,,,,,,,,
8905.25142,1,357434.6322,1,366453.4322,0,0,0,0,DS54,,,,,,,,,,,,,,,,,
8906.25142,1,357434.6322,1,366453.4322,0,0,0,0,DS54,,,,,,,,,,,,,,,,,
8907.25142,1,357434.6322,1,366453.4322,0,0,0,0,DS54,,,,,,,,,,,,,,,,,
8908.25142,1,357434.6322,1,366453.4322,0,0,0,0,DS54,,,,,,,,,,,,,,,,,
8909.25142,1,357434.6322,1,366453.4322,0,0,0,0,DS54,,,,,,,,,,,,,,,,,
8910.25142,1,357434.6322,1,366453.4322,0,0,0,0,DS54,,,,,,,,,,,,,,,,,
8911.25142,1,357434.6322,1,366453.4322,0,0,0,0,DS54,,,,,,,,,,,,,,,,,
8912.25142,1,357434.6322,1,366453.4322,0,0,0,0,DS54,,,,,,,,,,,,,,,,,
8913.25142,1,357434.6322,1,366453.4322,0,0,0,0,DS54,,,,,,,,,,,,,,,,,
8914.25142,1,357434.6322,1,366453.4322,0,0,0,0,DS54,,,,,,,,,,,,,,,,,
8915.25142,1,357434.6322,1,366453.4322,0,0,0,0,DS54,,,,,,,,,,,,,,,,,
8916.25142,1,357434.6322,1,366453.4322,0,0,0,0,DS54,,,,,,,,,,,,,,,,,
8917.25142,1,357434.6322,1,366453.4322,0,0,0,0,DS54,,,,,,,,,,,,,,,,,
8918.25142,1,357434.6322,1,366453.4322,0,0,0,0,DS54,,,,,,,,,,,,,,,,,
8919.25142,1,357434.6322,1,366453.4322,0,0,0,0,DS54,,,,,,,,,,,,,,,,,
8920.25142,1,357434.6322,1,366453.4322,0,0,0,0,DS54,,,,,,,,,,,,,,,,,
8921.25142,1,357434.6322,1,366453.4322,0,0,0,0,DS54,,,,,,,,,,,,,,,,,
8922.25142,1,357434.6322,1,366453.4322,0,0,0,0,DS54,,,,,,,,,,,,,,,,,
8923.25142,1,357434.6322,1,366453.4322,0,0,0,0,DS54,,,,,,,,,,,,,,,,,
8924.25142,1,357434.6322,1,366453.4322,0,0,0,0,DS54,,,,,,,,,,,,,,,,,
8925.25142,1,357434.6322,1,366453.4322,0,0,0,0,DS54,,,,,,,,,,,,,,,,,
8926.25142,1,357434.6322,1,366453.4322,0,0,0,0,DS54,,,,,,,,,,,,,,,,,
8927.25142,1,357434.6322,1,366453.4322,0,0,0,0,DS54,,,,,,,,,,,,,,,,,
8928.25142,1,357434.6322,1,366453.4322,0,0,0,0,DS54,,,,,,,,,,,,,,,,,
8929.25142,1,357434.6322,1,366453.4322,0,0,0,0,DS54,,,,,,,,,,,,,,,,,
8930.25142,1,357434.6322,1,366453.4322,0,0,0,0,DS54,,,,,,,,,,,,,,,,,
8931.25142,1,357434.6322,1,366453.4322,0,0,0,0,DS54,,,,,,,,,,,,,,,,,
8932.25142,1,357434.6322,1,366453.4322,0,0,0,0,DS54,,,,,,,,,,,,,,,,,
8933.25142,1,357434.6322,1,366453.4322,0,0,0,0,DS54,,,,,,,,,,,,,,,,,
8934.25142,1,357434.6322,1,366453.4322,0,0,0,0,DS54,,,,,,,,,,,,,,,,,
8935.25142,1,357434.6322,1,366453.4322,0,0,0,0,DS54,,,,,,,,,,,,,,,,,
8936.25142,1,357434.6322,1,366453.4322,0,0,0,0,DS54,,,,,,,,,,,,,,,,,
8937.25142,1,357434.6322,1,366453.4322,0,0,0,0,DS54,,,,,,,,,,,,,,,,,
8938.25142,1,357434.6322,1,366453.4322,0,0,0,0,DS54,,,,,,,,,,,,,,,,,
8939.25142,1,357434.6322,1,366453.4322,0,0,0,0,DS54,,,,,,,,,,,,,,,,,
8940.25142,1,357434.6322,1,366453.4322,0,0,0,0,DS54,,,,,,,,,,,,,,,,,
8941.25142,1,357434.6322,1,366453.4322,0,0,0,0,DS54,,,,,,,,,,,,,,,,,
8942.25142,1,357434.6322,1,366453.4322,0,0,0,0,DS54,,,,,,,,,,,,,,,,,
8943.25142,1,357434.6322,1,366453.4322,0,0,0,0,DS54,,,,,,,,,,,,,,,,,
8944.25142,1,357434.6322,1,366453.4322,0,0,0,0,DS54,,,,,,,,,,,,,,,,,
8945.25142,1,357434.6322,1,366453.4322,0,0,0,0,DS54,,,,,,,,,,,,,,,,,
8946.25142,1,357434.6322,1,366453.4322,0,0,0,0,DS54,,,,,,,,,,,,,,,,,
8947.25142,1,357434.6322,1,366453.4322,0,0,0,0,DS54,,,,,,,,,,,,,,,,,
8948.25142,1,357434.6322,1,366453.4322,0,0,0,0,DS54,,,,,,,,,,,,,,,,,
8949.25142,1,357434.6322,1,366453.4322,0,0,0,0,DS54,,,,,,,,,,,,,,,,,
8950.25142,1,357434.6322,1,366453.4322,0,0,0,0,DS54,,,,,,,,,,,,,,,,,
8951.25142,1,357434.6322,1,366453.4322,0,0,0,0,DS54,,,,,,,,,,,,,,,,,
8952.25142,1,357434.6322,1,366453.4322,0,0,0,0,DS54,,,,,,,,,,,,,,,,,
8953.25142,1,357434.6322,1,366453.4322,0,0,0,0,DS54,,,,,,,,,,,,,,,,,
8954.25142,1,357434.6322,1,366453.4322,0,0,0,0,DS54,,,,,,,,,,,,,,,,,
8955.25142,1,357434.6322,1,366453.4322,0,0,0,0,DS54,,,,,,,,,,,,,,,,,
8956.25142,1,357434.6322,1,366453.4322,0,0,0,0,DS54,,,,,,,,,,,,,,,,,
8957.25142,1,357434.6322,1,366453.4322,0,0,0,0,DS54,,,,,,,,,,,,,,,,,
8958.25142,1,357434.6322,1,366453.4322,0,0,0,0,DS54,,,,,,,,,,,,,,,,,
8959.25142,1,357434.6322,1,366453.4322,0,0,0,0,DS54,,,,,,,,,,,,,,,,,
8960.25142,1,357434.6322,1,366453.4322,0,0,0,0,DS54,,,,,,,,,,,,,,,,,
8961.25142,1,357434.6322,1,366453.4322,0,0,0,0,DS54,,,,,,,,,,,,,,,,,
8962.25142,1,357434.6322,1,366453.4322,0,0,0,0,DS54,,,,,,,,,,,,,,,,,
8963.25142,1,357434.6322,1,366453.4322,0,0,0,0,DS54,,,,,,,,,,,,,,,,,
8964.25142,1,357434.6322,1,366453.4322,0,0,0,0,DS54,,,,,,,,,,,,,,,,,
8965.25142,1,357434.6322,1,366453.4322,0,0,0,0,DS54,,,,,,,,,,,,,,,,,
8966.25142,1,357434.6322,1,366453.4322,0,0,0,0,DS54,,,,,,,,,,,,,,,,,
8967.25142,1,357434.6322,1,366453.4322,0,0,0,0,DS54,,,,,,,,,,,,,,,,,
8968.25142,1,357434.6322,1,366453.4322,0,0,0,0,DS54,,,,,,,,,,,,,,,,,
8969.25142,1,357434.6322,1,366453.4322,0,0,0,0,DS54,,,,,,,,,,,,,,,,,
8970.25142,1,357434.6322,1,366453.4322,0,0,0,0,DS54,,,,,,,,,,,,,,,,,
8971.25142,1,357434.6322,1,366453.4322,0,0,0,0,DS54,,,,,,,,,,,,,,,,,
8972.25142,1,357434.6322,1,366453.4322,0,0,0,0,DS54,,,,,,,,,,,,,,,,,
8973.25142,1,357434.6322,1,366453.4322,0,0,0,0,DS54,,,,,,,,,,,,,,,,,
8974.25142,1,357434.6322,1,366453.4322,0,0,0,0,DS54,,,,,,,,,,,,,,,,,
8975.25142,1,357434.6322,1,366453.4322,0,0,0,0,DS54,,,,,,,,,,,,,,,,,
8976.25142,1,357434.6322,1,366453.4322,0,0,0,0,DS54,,,,,,,,,,,,,,,,,
8977.25142,1,357434.6322,1,366453.4322,0,0,0,0,DS54,,,,,,,,,,,,,,,,,
8978.25142,1,357434.6322,1,366453.4322,0,0,0,0,DS54,,,,,,,,,,,,,,,,,
8979.25142,1,357434.6322,1,366453.4322,0,0,0,0,DS54,,,,,,,,,,,,,,,,,
8980.25142,1,357434.6322,1,366453.4322,0,0,0,0,DS54,,,,,,,,,,,,,,,,,
8981.25142,1,357434.6322,1,366453.4322,0,0,0,0,DS54,,,,,,,,,,,,,,,,,
8982.25142,1,357434.6322,1,366453.4322,0,0,0,0,DS54,,,,,,,,,,,,,,,,,
8983.25142,1,357434.6322,1,366453.4322,0,0,0,0,DS54,,,,,,,,,,,,,,,,,
8984.25142,1,357434.6322,1,366453.4322,0,0,0,0,DS54,,,,,,,,,,,,,,,,,
8985.25142,1,357434.6322,1,366453.4322,0,0,0,0,DS54,,,,,,,,,,,,,,,,,
8986.25142,1,357434.6322,1,366453.4322,0,0,0,0,DS54,,,,,,,,,,,,,,,,,
8987.25142,1,357434.6322,1,366453.4322,0,0,0,0,DS54,,,,,,,,,,,,,,,,,
8988.25142,1,357434.6322,1,366453.4322,0,0,0,0,DS54,,,,,,,,,,,,,,,,,
8989.25142,1,357434.6322,1,366453.4322,0,0,0,0,DS54,,,,,,,,,,,,,,,,,
8990.25142,1,357434.6322,1,366453.4322,0,0,0,0,DS54,,,,,,,,,,,,,,,,,
8991.25142,1,357434.6322,1,366453.4322,0,0,0,0,DS54,,,,,,,,,,,,,,,,,
8992.25142,1,357434.6322,1,366453.4322,0,0,0,0,DS54,,,,,,,,,,,,,,,,,
8993.25142,1,357434.6322,1,366453.4322,0,0,0,0,DS54,,,,,,,,,,,,,,,,,
8994.25142,1,357434.6322,1,366453.4322,0,0,0,0,DS54,,,,,,,,,,,,,,,,,
8995.25142,1,357434.6322,1,366453.4322,0,0,0,0,DS54,,,,,,,,,,,,,,,,,
8996.25142,1,357434.6322,1,366453.4322,0,0,0,0,DS54,,,,,,,,,,,,,,,,,
8997.25142,1,357434.6322,1,366453.4322,0,0,0,0,DS54,,,,,,,,,,,,,,,,,
8998.25142,1,357434.6322,1,366453.4322,0,0,0,0,DS54,,,,,,,,,,,,,,,,,
8999.25142,1,357434.6322,1,366453.4322,0,0,0,0,DS54,,,,,,,,,,,,,,,,,
9000.25142,1,357434.6322,1,366453.4322,0,0,0,0,DS54,,,,,,,,,,,,,,,,,
9001.25142,1,357434.6322,1,366453.4322,0,0,0,0,DS54,,,,,,,,,,,,,,,,,
9002.25142,1,357434.6322,1,366453.4322,0,0,0,0,DS54,,,,,,,,,,,,,,,,,
9003.25142,1,357434.6322,1,366453.4322,0,0,0,0,DS54,,,,,,,,,,,,,,,,,
9004.25142,1,357434.6322,1,366453.4322,0,0,0,0,DS54,,,,,,,,,,,,,,,,,
9005.25142,1,357434.6322,1,366453.4322,0,0,0,0,DS54,,,,,,,,,,,,,,,,,
9006.25142,1,357434.6322,1,366453.4322,0,0,0,0,DS54,,,,,,,,,,,,,,,,,
9007.25142,1,357434.6322,1,366453.4322,0,0,0,0,DS54,,,,,,,,,,,,,,,,,
9008.25142,1,357434.6322,1,366453.4322,0,0,0,0,DS54,,,,,,,,,,,,,,,,,
9009.25142,1,357434.6322,1,366453.4322,0,0,0,0,DS54,,,,,,,,,,,,,,,,,
9010.25142,1,357434.6322,1,366453.4322,0,0,0,0,DS54,,,,,,,,,,,,,,,,,
9011.25142,1,357434.6322,1,366453.4322,0,0,0,0,DS54,,,,,,,,,,,,,,,,,
9012.25142,1,357434.6322,1,366453.4322,0,0,0,0,DS54,,,,,,,,,,,,,,,,,
9013.25142,1,357434.6322,1,366453.4322,0,0,0,0,DS54,,,,,,,,,,,,,,,,,
9014.25142,1,357434.6322,1,366453.4322,0,0,0,0,DS54,,,,,,,,,,,,,,,,,
9015.25142,1,357434.6322,1,366453.4322,0,0,0,0,DS54,,,,,,,,,,,,,,,,,
9016.25142,1,357434.6322,1,366453.4322,0,0,0,0,DS54,,,,,,,,,,,,,,,,,
9017.25142,1,357434.6322,1,366453.4322,0,0,0,0,DS54,,,,,,,,,,,,,,,,,
9018.25142,1,357434.6322,1,366453.4322,0,0,0,0,DS54,,,,,,,,,,,,,,,,,
9019.25142,1,357434.6322,1,366453.4322,0,0,0,0,DS54,,,,,,,,,,,,,,,,,
9020.25142,1,357434.6322,1,366453.4322,0,0,0,0,DS54,,,,,,,,,,,,,,,,,
9021.25142,1,357434.6322,1,366453.4322,0,0,0,0,DS54,,,,,,,,,,,,,,,,,
9022.25142,1,357434.6322,1,366453.4322,0,0,0,0,DS54,,,,,,,,,,,,,,,,,
9023.25142,1,357434.6322,1,366453.4322,0,0,0,0,DS54,,,,,,,,,,,,,,,,,
9024.25142,1,357434.6322,1,366453.4322,0,0,0,0,DS54,,,,,,,,,,,,,,,,,
9025.25142,1,357434.6322,1,366453.4322,0,0,0,0,DS54,,,,,,,,,,,,,,,,,
9026.25142,1,357434.6322,1,366453.4322,0,0,0,0,DS54,,,,,,,,,,,,,,,,,
9027.25142,1,357434.6322,1,366453.4322,0,0,0,0,DS54,,,,,,,,,,,,,,,,,
9028.25142,1,357434.6322,1,366453.4322,0,0,0,0,DS54,,,,,,,,,,,,,,,,,
9029.25142,1,357434.6322,1,366453.4322,0,0,0,0,DS54,,,,,,,,,,,,,,,,,
9030.25142,1,357434.6322,1,366453.4322,0,0,0,0,DS54,,,,,,,,,,,,,,,,,
9031.25142,1,357434.6322,1,366453.4322,0,0,0,0,DS54,,,,,,,,,,,,,,,,,
9032.25142,1,357434.6322,1,366453.4322,0,0,0,0,DS54,,,,,,,,,,,,,,,,,
9033.25142,1,357434.6322,1,366453.4322,0,0,0,0,DS54,,,,,,,,,,,,,,,,,
9034.25142,1,357434.6322,1,366453.4322,0,0,0,0,DS54,,,,,,,,,,,,,,,,,
9035.25142,1,357434.6322,1,366453.4322,0,0,0,0,DS54,,,,,,,,,,,,,,,,,
9036.25142,1,357434.6322,1,366453.4322,0,0,0,0,DS54,,,,,,,,,,,,,,,,,
9037.25142,1,357434.6322,1,366453.4322,0,0,0,0,DS54,,,,,,,,,,,,,,,,,
9038.25142,1,357434.6322,1,366453.4322,0,0,0,0,DS54,,,,,,,,,,,,,,,,,
9039.25142,1,357434.6322,1,366453.4322,0,0,0,0,DS54,,,,,,,,,,,,,,,,,
9040.25142,1,357434.6322,1,366453.4322,0,0,0,0,DS54,,,,,,,,,,,,,,,,,
9041.25142,1,357434.6322,1,366453.4322,0,0,0,0,DS54,,,,,,,,,,,,,,,,,
9042.25142,1,357434.6322,1,366453.4322,0,0,0,0,DS54,,,,,,,,,,,,,,,,,
9043.25142,1,357434.6322,1,366453.4322,0,0,0,0,DS54,,,,,,,,,,,,,,,,,
9044.25142,1,357434.6322,1,366453.4322,0,0,0,0,DS54,,,,,,,,,,,,,,,,,
9045.25142,1,357434.6322,1,366453.4322,0,0,0,0,DS54,,,,,,,,,,,,,,,,,
9046.25142,1,357434.6322,1,366453.4322,0,0,0,0,DS54,,,,,,,,,,,,,,,,,
9047.25142,1,357434.6322,1,366453.4322,0,0,0,0,DS54,,,,,,,,,,,,,,,,,
9048.25142,1,357434.6322,1,366453.4322,0,0,0,0,DS54,,,,,,,,,,,,,,,,,
9049.25142,1,357434.6322,1,366453.4322,0,0,0,0,DS54,,,,,,,,,,,,,,,,,
9050.25142,1,357434.6322,1,366453.4322,0,0,0,0,DS54,,,,,,,,,,,,,,,,,
9051.25142,1,357434.6322,1,366453.4322,0,0,0,0,DS54,,,,,,,,,,,,,,,,,
9052.25142,1,357434.6322,1,366453.4322,0,0,0,0,DS54,,,,,,,,,,,,,,,,,
9053.25142,1,357434.6322,1,366453.4322,0,0,0,0,DS54,,,,,,,,,,,,,,,,,
9054.25142,1,357434.6322,1,366453.4322,0,0,0,0,DS54,,,,,,,,,,,,,,,,,
9055.25142,1,357434.6322,1,366453.4322,0,0,0,0,DS54,,,,,,,,,,,,,,,,,
9056.25142,1,357434.6322,1,366453.4322,0,0,0,0,DS54,,,,,,,,,,,,,,,,,
9057.25142,1,357434.6322,1,366453.4322,0,0,0,0,DS54,,,,,,,,,,,,,,,,,
9058.25142,1,357434.6322,1,366453.4322,0,0,0,0,DS54,,,,,,,,,,,,,,,,,
9059.25142,1,357434.6322,1,366453.4322,0,0,0,0,DS54,,,,,,,,,,,,,,,,,
9060.25142,1,357434.6322,1,366453.4322,0,0,0,0,DS54,,,,,,,,,,,,,,,,,
9061.25142,1,357434.6322,1,366453.4322,0,0,0,0,DS54,,,,,,,,,,,,,,,,,
9062.25142,1,357434.6322,1,366453.4322,0,0,0,0,DS54,,,,,,,,,,,,,,,,,
9063.25142,1,357434.6322,1,366453.4322,0,0,0,0,DS54,,,,,,,,,,,,,,,,,
9064.25142,1,357434.6322,1,366453.4322,0,0,0,0,DS54,,,,,,,,,,,,,,,,,
9065.25142,1,357434.6322,1,366453.4322,0,0,0,0,DS54,,,,,,,,,,,,,,,,,
9066.25142,1,357434.6322,1,366453.4322,0,0,0,0,DS54,,,,,,,,,,,,,,,,,
9067.25142,1,357434.6322,1,366453.4322,0,0,0,0,DS54,,,,,,,,,,,,,,,,,
9068.25142,1,357434.6322,1,366453.4322,1,349463.2292,0,0,DS54,,,,,,,,,,,,,,,,,
9069.25142,1,357434.6322,1,366453.4322,1,349463.2292,0,0,DS54,,,,,,,,,,,,,,,,,
9070.25142,1,357434.6322,1,366453.4322,1,349463.2292,0,0,DS54,,,,,,,,,,,,,,,,,
9071.25142,1,357434.6322,1,366453.4322,1,349463.2292,0,0,DS54,,,,,,,,,,,,,,,,,
9072.25142,1,357434.6322,1,366453.4322,1,349463.2292,0,0,DS54,,,,,,,,,,,,,,,,,
9073.25142,1,357434.6322,1,366453.4322,1,349463.2292,0,0,DS54,,,,,,,,,,,,,,,,,
9074.25142,1,357434.6322,1,366453.4322,1,349463.2292,0,0,DS54,,,,,,,,,,,,,,,,,
9075.25142,1,357434.6322,1,366453.4322,1,349463.2292,0,0,DS54,,,,,,,,,,,,,,,,,
9076.25142,1,357434.6322,1,366453.4322,1,349463.2292,0,0,DS54,,,,,,,,,,,,,,,,,
9077.25142,1,357434.6322,1,366453.4322,1,349463.2292,0,0,DS54,,,,,,,,,,,,,,,,,
9078.25142,1,357434.6322,1,366453.4322,1,349463.2292,0,0,DS54,,,,,,,,,,,,,,,,,
9079.25142,1,357434.6322,1,366453.4322,1,349463.2292,0,0,DS54,,,,,,,,,,,,,,,,,
9080.25142,1,357434.6322,1,366453.4322,1,349463.2292,0,0,DS54,,,,,,,,,,,,,,,,,
9081.25142,1,357434.6322,1,366453.4322,1,349463.2292,0,0,DS54,,,,,,,,,,,,,,,,,
9082.25142,1,357434.6322,1,366453.4322,1,349463.2292,0,0,DS54,,,,,,,,,,,,,,,,,
9083.25142,1,357434.6322,1,366453.4322,1,349463.2292,0,0,DS54,,,,,,,,,,,,,,,,,
9084.25142,1,357434.6322,1,366453.4322,1,349463.2292,0,0,DS54,,,,,,,,,,,,,,,,,
9085.25142,1,357434.6322,1,366453.4322,1,349463.2292,0,0,DS54,,,,,,,,,,,,,,,,,
9086.25142,1,357434.6322,1,366453.4322,1,349463.2292,0,0,DS54,,,,,,,,,,,,,,,,,
9087.25142,1,357434.6322,1,366453.4322,1,349463.2292,0,0,DS54,,,,,,,,,,,,,,,,,
9088.25142,1,357434.6322,1,366453.4322,1,349463.2292,0,0,DS54,,,,,,,,,,,,,,,,,
9089.25142,1,357434.6322,1,366453.4322,1,349463.2292,0,0,DS54,,,,,,,,,,,,,,,,,
9090.25142,1,357434.6322,1,366453.4322,1,349463.2292,0,0,DS54,,,,,,,,,,,,,,,,,
9091.25142,1,357434.6322,1,366453.4322,1,349463.2292,0,0,DS54,,,,,,,,,,,,,,,,,
9092.25142,1,357434.6322,1,366453.4322,1,349463.2292,0,0,DS54,,,,,,,,,,,,,,,,,
9093.25142,1,357434.6322,1,366453.4322,1,349463.2292,0,0,DS54,,,,,,,,,,,,,,,,,
9094.25142,1,357434.6322,1,366453.4322,1,349463.2292,0,0,DS54,,,,,,,,,,,,,,,,,
9095.25142,1,357434.6322,1,366453.4322,1,349463.2292,0,0,DS54,,,,,,,,,,,,,,,,,
9096.25142,1,357434.6322,1,366453.4322,1,349463.2292,0,0,DS54,,,,,,,,,,,,,,,,,
9097.25142,1,357434.6322,1,366453.4322,1,349463.2292,0,0,DS54,,,,,,,,,,,,,,,,,
9098.25142,1,357434.6322,1,366453.4322,1,349463.2292,0,0,DS54,,,,,,,,,,,,,,,,,
9099.25142,1,357434.6322,1,366453.4322,1,349463.2292,0,0,DS54,,,,,,,,,,,,,,,,,
9100.25142,1,357434.6322,1,366453.4322,1,349463.2292,0,0,DS54,,,,,,,,,,,,,,,,,
9101.25142,1,357434.6322,1,366453.4322,1,349463.2292,0,0,DS54,,,,,,,,,,,,,,,,,
9102.25142,1,357434.6322,1,366453.4322,1,349463.2292,0,0,DS54,,,,,,,,,,,,,,,,,
9103.25142,1,357434.6322,1,366453.4322,1,349463.2292,0,0,DS54,,,,,,,,,,,,,,,,,
9104.25142,1,357434.6322,1,366453.4322,1,349463.2292,0,0,DS54,,,,,,,,,,,,,,,,,
9105.25142,1,357434.6322,1,366453.4322,1,349463.2292,0,0,DS54,,,,,,,,,,,,,,,,,
9106.25142,1,357434.6322,1,366453.4322,1,349463.2292,0,0,DS54,,,,,,,,,,,,,,,,,
9107.25142,1,357434.6322,1,366453.4322,1,349463.2292,0,0,DS54,,,,,,,,,,,,,,,,,
9108.25142,1,357434.6322,1,366453.4322,1,349463.2292,0,0,DS54,,,,,,,,,,,,,,,,,
9109.25142,1,357434.6322,1,366453.4322,1,349463.2292,0,0,DS54,,,,,,,,,,,,,,,,,
9110.25142,1,357434.6322,1,366453.4322,1,349463.2292,0,0,DS54,,,,,,,,,,,,,,,,,
9111.25142,1,357434.6322,1,366453.4322,1,349463.2292,0,0,DS54,,,,,,,,,,,,,,,,,
9112.25142,1,357434.6322,1,366453.4322,1,349463.2292,0,0,DS54,,,,,,,,,,,,,,,,,
9113.25142,1,357434.6322,1,366453.4322,1,349463.2292,0,0,DS54,,,,,,,,,,,,,,,,,
9114.25142,1,357434.6322,1,366453.4322,1,349463.2292,0,0,DS54,,,,,,,,,,,,,,,,,
9115.25142,1,357434.6322,1,366453.4322,1,349463.2292,0,0,DS54,,,,,,,,,,,,,,,,,
9116.25142,1,357434.6322,1,366453.4322,1,349463.2292,0,0,DS54,,,,,,,,,,,,,,,,,
9117.25142,1,357434.6322,1,366453.4322,1,349463.2292,0,0,DS54,,,,,,,,,,,,,,,,,
9118.25142,1,357434.6322,1,366453.4322,1,349463.2292,0,0,DS54,,,,,,,,,,,,,,,,,
9119.25142,1,357434.6322,1,366453.4322,1,349463.2292,0,0,DS54,,,,,,,,,,,,,,,,,
9120.25142,1,357434.6322,1,366453.4322,1,349463.2292,0,0,DS54,,,,,,,,,,,,,,,,,
9121.25142,1,357434.6322,1,366453.4322,1,349463.2292,0,0,DS54,,,,,,,,,,,,,,,,,
9122.25142,1,357434.6322,1,366453.4322,1,349463.2292,0,0,DS54,,,,,,,,,,,,,,,,,
9123.25142,1,357434.6322,1,366453.4322,1,349463.2292,0,0,DS54,,,,,,,,,,,,,,,,,
9124.25142,1,357434.6322,1,366453.4322,1,349463.2292,0,0,DS54,,,,,,,,,,,,,,,,,
9125.25142,1,357434.6322,1,366453.4322,1,349463.2292,0,0,DS54,,,,,,,,,,,,,,,,,
9126.25142,1,357434.6322,1,366453.4322,1,349463.2292,0,0,DS54,,,,,,,,,,,,,,,,,
9127.25142,1,357434.6322,1,366453.4322,1,349463.2292,0,0,DS54,,,,,,,,,,,,,,,,,
9128.25142,1,357434.6322,1,366453.4322,1,349463.2292,0,0,DS54,,,,,,,,,,,,,,,,,
9129.25142,1,357434.6322,1,366453.4322,1,349463.2292,0,0,DS54,,,,,,,,,,,,,,,,,
9130.25142,1,357434.6322,1,366453.4322,1,349463.2292,0,0,DS54,,,,,,,,,,,,,,,,,
9131.25142,1,357434.6322,1,366453.4322,1,349463.2292,0,0,DS54,,,,,,,,,,,,,,,,,
9132.25142,1,357434.6322,1,366453.4322,1,349463.2292,0,0,DS54,,,,,,,,,,,,,,,,,
9133.25142,1,357434.6322,1,366453.4322,1,349463.2292,0,0,DS54,,,,,,,,,,,,,,,,,
9134.25142,1,357434.6322,1,366453.4322,1,349463.2292,0,0,DS54,,,,,,,,,,,,,,,,,
9135.25142,1,357434.6322,1,366453.4322,1,349463.2292,0,0,DS54,,,,,,,,,,,,,,,,,
9136.25142,1,357434.6322,1,366453.4322,1,349463.2292,0,0,DS54,,,,,,,,,,,,,,,,,
9137.25142,1,357434.6322,1,366453.4322,1,349463.2292,0,0,DS54,,,,,,,,,,,,,,,,,
9138.25142,1,357434.6322,1,366453.4322,1,349463.2292,0,0,DS54,,,,,,,,,,,,,,,,,
9139.25142,1,357434.6322,1,366453.4322,1,349463.2292,0,0,DS54,,,,,,,,,,,,,,,,,
9140.25142,1,357434.6322,1,366453.4322,1,349463.2292,0,0,DS54,,,,,,,,,,,,,,,,,
9141.25142,1,357434.6322,1,366453.4322,1,349463.2292,0,0,DS54,,,,,,,,,,,,,,,,,
9142.25142,1,357434.6322,1,366453.4322,1,349463.2292,0,0,DS54,,,,,,,,,,,,,,,,,
9143.25142,1,357434.6322,1,366453.4322,1,349463.2292,0,0,DS54,,,,,,,,,,,,,,,,,
9144.25142,1,357434.6322,1,366453.4322,1,349463.2292,0,0,DS54,,,,,,,,,,,,,,,,,
9145.25142,1,357434.6322,1,366453.4322,1,349463.2292,0,0,DS54,,,,,,,,,,,,,,,,,
9146.25142,1,357434.6322,1,366453.4322,1,349463.2292,0,0,DS54,,,,,,,,,,,,,,,,,
9147.25142,1,357434.6322,1,366453.4322,1,349463.2292,0,0,DS54,,,,,,,,,,,,,,,,,
9148.25142,1,357434.6322,1,366453.4322,1,349463.2292,0,0,DS54,,,,,,,,,,,,,,,,,
9149.25142,1,357434.6322,1,366453.4322,1,349463.2292,0,0,DS54,,,,,,,,,,,,,,,,,
9150.25142,1,357434.6322,1,366453.4322,1,349463.2292,0,0,DS54,,,,,,,,,,,,,,,,,
9151.25142,1,357434.6322,1,366453.4322,1,349463.2292,0,0,DS54,,,,,,,,,,,,,,,,,
9152.25142,1,357434.6322,1,366453.4322,1,349463.2292,0,0,DS54,,,,,,,,,,,,,,,,,
9153.25142,1,357434.6322,1,366453.4322,1,349463.2292,0,0,DS54,,,,,,,,,,,,,,,,,
9154.25142,1,357434.6322,1,366453.4322,1,349463.2292,0,0,DS54,,,,,,,,,,,,,,,,,
9155.25142,1,357434.6322,1,366453.4322,1,349463.2292,0,0,DS54,,,,,,,,,,,,,,,,,
9156.25142,1,357434.6322,1,366453.4322,1,349463.2292,0,0,DS54,,,,,,,,,,,,,,,,,
9157.25142,1,357434.6322,1,366453.4322,1,349463.2292,0,0,DS54,,,,,,,,,,,,,,,,,
9158.25142,1,357434.6322,1,366453.4322,1,349463.2292,0,0,DS54,,,,,,,,,,,,,,,,,
9159.25142,1,357434.6322,1,366453.4322,1,349463.2292,0,0,DS54,,,,,,,,,,,,,,,,,
9160.25142,1,357434.6322,1,366453.4322,1,349463.2292,0,0,DS54,,,,,,,,,,,,,,,,,
9161.25142,1,357434.6322,1,366453.4322,1,349463.2292,0,0,DS54,,,,,,,,,,,,,,,,,
9162.25142,1,357434.6322,1,366453.4322,1,349463.2292,0,0,DS54,,,,,,,,,,,,,,,,,
9163.25142,1,357434.6322,1,366453.4322,1,349463.2292,0,0,DS54,,,,,,,,,,,,,,,,,
9164.25142,1,357434.6322,1,366453.4322,1,349463.2292,0,0,DS54,,,,,,,,,,,,,,,,,
9165.25142,1,357434.6322,1,366453.4322,1,349463.2292,0,0,DS54,,,,,,,,,,,,,,,,,
9166.25142,1,357434.6322,1,366453.4322,1,349463.2292,0,0,DS54,,,,,,,,,,,,,,,,,
9167.25142,1,357434.6322,1,366453.4322,1,349463.2292,0,0,DS54,,,,,,,,,,,,,,,,,
9168.25142,1,357434.6322,1,366453.4322,1,349463.2292,0,0,DS54,,,,,,,,,,,,,,,,,
9169.25142,1,357434.6322,1,366453.4322,1,349463.2292,0,0,DS54,,,,,,,,,,,,,,,,,
9170.25142,1,357434.6322,1,366453.4322,1,349463.2292,0,0,DS54,,,,,,,,,,,,,,,,,
9171.25142,1,357434.6322,1,366453.4322,1,349463.2292,0,0,DS54,,,,,,,,,,,,,,,,,
9172.25142,1,357434.6322,1,366453.4322,1,349463.2292,0,0,DS54,,,,,,,,,,,,,,,,,
9173.25142,1,357434.6322,1,366453.4322,1,349463.2292,0,0,DS54,,,,,,,,,,,,,,,,,
9174.25142,1,357434.6322,1,366453.4322,1,349463.2292,0,0,DS54,,,,,,,,,,,,,,,,,
9175.25142,1,357434.6322,1,366453.4322,1,349463.2292,0,0,DS54,,,,,,,,,,,,,,,,,
9176.25142,1,357434.6322,0,0,1,349463.2292,0,0,DS24,,,,,,,,,,,,,,,,,
9177.25142,1,357434.6322,0,0,1,349463.2292,0,0,DS24,,,,,,,,,,,,,,,,,
9178.25142,1,357434.6322,0,0,1,349463.2292,0,0,DS24,,,,,,,,,,,,,,,,,
9179.25142,1,357434.6322,0,0,1,349463.2292,0,0,DS24,,,,,,,,,,,,,,,,,
9180.25142,1,357434.6322,0,0,1,349463.2292,0,0,DS24,,,,,,,,,,,,,,,,,
9181.25142,1,357434.6322,0,0,1,349463.2292,0,0,DS24,,,,,,,,,,,,,,,,,
9182.25142,1,357434.6322,0,0,1,349463.2292,0,0,DS24,,,,,,,,,,,,,,,,,
9183.25142,1,357434.6322,0,0,1,349463.2292,0,0,DS24,,,,,,,,,,,,,,,,,
9184.25142,1,357434.6322,0,0,1,349463.2292,0,0,DS24,,,,,,,,,,,,,,,,,
9185.25142,1,357434.6322,0,0,1,349463.2292,0,0,DS24,,,,,,,,,,,,,,,,,
9186.25142,1,357434.6322,0,0,1,349463.2292,0,0,DS24,,,,,,,,,,,,,,,,,
9187.25142,1,357434.6322,0,0,1,349463.2292,0,0,DS24,,,,,,,,,,,,,,,,,
9188.25142,1,357434.6322,0,0,1,349463.2292,0,0,DS24,,,,,,,,,,,,,,,,,
9189.25142,1,357434.6322,0,0,1,349463.2292,0,0,DS24,,,,,,,,,,,,,,,,,
9190.25142,1,357434.6322,0,0,1,349463.2292,0,0,DS24,,,,,,,,,,,,,,,,,
9191.25142,1,357434.6322,0,0,1,349463.2292,0,0,DS24,,,,,,,,,,,,,,,,,
9192.25142,1,357434.6322,0,0,1,349463.2292,0,0,DS24,,,,,,,,,,,,,,,,,
9193.25142,1,357434.6322,0,0,1,349463.2292,0,0,DS24,,,,,,,,,,,,,,,,,
9194.25142,1,357434.6322,0,0,1,349463.2292,0,0,DS24,,,,,,,,,,,,,,,,,
9195.25142,1,357434.6322,0,0,1,349463.2292,0,0,DS24,,,,,,,,,,,,,,,,,
9196.25142,1,357434.6322,0,0,1,349463.2292,0,0,DS24,,,,,,,,,,,,,,,,,
9197.25142,1,357434.6322,0,0,1,349463.2292,0,0,DS24,,,,,,,,,,,,,,,,,
9198.25142,1,357434.6322,0,0,1,349463.2292,0,0,DS24,,,,,,,,,,,,,,,,,
9199.25142,1,357434.6322,0,0,1,349463.2292,0,0,DS24,,,,,,,,,,,,,,,,,
9200.25142,1,357434.6322,0,0,1,349463.2292,0,0,DS24,,,,,,,,,,,,,,,,,
9201.25142,1,357434.6322,0,0,1,349463.2292,0,0,DS24,,,,,,,,,,,,,,,,,
9202.25142,1,357434.6322,0,0,1,349463.2292,0,0,DS24,,,,,,,,,,,,,,,,,
9203.25142,1,357434.6322,0,0,1,349463.2292,0,0,DS24,,,,,,,,,,,,,,,,,
9204.25142,1,357434.6322,0,0,1,349463.2292,0,0,DS24,,,,,,,,,,,,,,,,,
9205.25142,1,357434.6322,0,0,1,349463.2292,0,0,DS24,,,,,,,,,,,,,,,,,
9206.25142,1,357434.6322,0,0,1,349463.2292,0,0,DS24,,,,,,,,,,,,,,,,,
9207.25142,1,357434.6322,0,0,1,349463.2292,0,0,DS24,,,,,,,,,,,,,,,,,
9208.25142,1,357434.6322,0,0,1,349463.2292,0,0,DS24,,,,,,,,,,,,,,,,,
9209.25142,1,357434.6322,0,0,1,349463.2292,0,0,DS24,,,,,,,,,,,,,,,,,
9210.25142,1,357434.6322,0,0,1,349463.2292,0,0,DS24,,,,,,,,,,,,,,,,,
9211.25142,1,357434.6322,0,0,1,349463.2292,0,0,DS24,,,,,,,,,,,,,,,,,
9212.25142,1,357434.6322,0,0,1,349463.2292,0,0,DS24,,,,,,,,,,,,,,,,,
9213.25142,1,357434.6322,0,0,1,349463.2292,0,0,DS24,,,,,,,,,,,,,,,,,
9214.25142,1,357434.6322,0,0,1,349463.2292,0,0,DS24,,,,,,,,,,,,,,,,,
9215.25142,1,357434.6322,0,0,1,349463.2292,0,0,DS24,,,,,,,,,,,,,,,,,
9216.25142,1,357434.6322,0,0,1,349463.2292,0,0,DS24,,,,,,,,,,,,,,,,,
9217.25142,1,357434.6322,0,0,1,349463.2292,0,0,DS24,,,,,,,,,,,,,,,,,
9218.25142,1,357434.6322,0,0,1,349463.2292,0,0,DS24,,,,,,,,,,,,,,,,,
9219.25142,1,357434.6322,0,0,1,349463.2292,0,0,DS24,,,,,,,,,,,,,,,,,
9220.25142,1,357434.6322,0,0,1,349463.2292,0,0,DS24,,,,,,,,,,,,,,,,,
9221.25142,1,357434.6322,0,0,1,349463.2292,0,0,DS24,,,,,,,,,,,,,,,,,
9222.25142,1,357434.6322,0,0,1,349463.2292,0,0,DS24,,,,,,,,,,,,,,,,,
9223.25142,1,357434.6322,0,0,1,349463.2292,0,0,DS24,,,,,,,,,,,,,,,,,
9224.25142,1,357434.6322,0,0,1,349463.2292,0,0,DS24,,,,,,,,,,,,,,,,,
9225.25142,1,357434.6322,0,0,1,349463.2292,0,0,DS24,,,,,,,,,,,,,,,,,
9226.25142,1,357434.6322,0,0,1,349463.2292,0,0,DS24,,,,,,,,,,,,,,,,,
9227.25142,1,357434.6322,0,0,1,349463.2292,0,0,DS24,,,,,,,,,,,,,,,,,
9228.25142,1,357434.6322,0,0,1,349463.2292,0,0,DS24,,,,,,,,,,,,,,,,,
9229.25142,1,357434.6322,0,0,1,349463.2292,0,0,DS24,,,,,,,,,,,,,,,,,
9230.25142,1,357434.6322,0,0,1,349463.2292,0,0,DS24,,,,,,,,,,,,,,,,,
9231.25142,1,357434.6322,0,0,1,349463.2292,0,0,DS24,,,,,,,,,,,,,,,,,
9232.25142,1,357434.6322,0,0,1,349463.2292,0,0,DS24,,,,,,,,,,,,,,,,,
9233.25142,1,357434.6322,0,0,1,349463.2292,0,0,DS24,,,,,,,,,,,,,,,,,
9234.25142,1,357434.6322,0,0,1,349463.2292,0,0,DS24,,,,,,,,,,,,,,,,,
9235.25142,1,357434.6322,0,0,1,349463.2292,0,0,DS24,,,,,,,,,,,,,,,,,
9236.25142,1,357434.6322,0,0,1,349463.2292,0,0,DS24,,,,,,,,,,,,,,,,,
9237.25142,1,357434.6322,0,0,1,349463.2292,0,0,DS24,,,,,,,,,,,,,,,,,
9238.25142,1,357434.6322,0,0,1,349463.2292,0,0,DS24,,,,,,,,,,,,,,,,,
9239.25142,1,357434.6322,0,0,1,349463.2292,0,0,DS24,,,,,,,,,,,,,,,,,
9240.25142,1,357434.6322,0,0,1,349463.2292,0,0,DS24,,,,,,,,,,,,,,,,,
9241.25142,1,357434.6322,0,0,1,349463.2292,0,0,DS24,,,,,,,,,,,,,,,,,
9242.25142,1,357434.6322,0,0,1,349463.2292,0,0,DS24,,,,,,,,,,,,,,,,,
9243.25142,1,357434.6322,0,0,1,349463.2292,0,0,DS24,,,,,,,,,,,,,,,,,
9244.25142,1,357434.6322,0,0,1,349463.2292,0,0,DS24,,,,,,,,,,,,,,,,,
9245.25142,1,357434.6322,0,0,1,349463.2292,0,0,DS24,,,,,,,,,,,,,,,,,
9246.25142,1,357434.6322,0,0,1,349463.2292,0,0,DS24,,,,,,,,,,,,,,,,,
9247.25142,1,357434.6322,0,0,1,349463.2292,0,0,DS24,,,,,,,,,,,,,,,,,
9248.25142,1,357434.6322,0,0,1,349463.2292,0,0,DS24,,,,,,,,,,,,,,,,,
9249.25142,1,357434.6322,0,0,1,349463.2292,0,0,DS24,,,,,,,,,,,,,,,,,
9250.25142,1,357434.6322,0,0,1,349463.2292,0,0,DS24,,,,,,,,,,,,,,,,,
9251.25142,1,357434.6322,0,0,1,349463.2292,0,0,DS24,,,,,,,,,,,,,,,,,
9252.25142,1,357434.6322,0,0,1,349463.2292,0,0,DS24,,,,,,,,,,,,,,,,,
9253.25142,1,357434.6322,0,0,1,349463.2292,0,0,DS24,,,,,,,,,,,,,,,,,
9254.25142,1,357434.6322,0,0,1,349463.2292,0,0,DS24,,,,,,,,,,,,,,,,,
9255.25142,1,357434.6322,0,0,1,349463.2292,0,0,DS24,,,,,,,,,,,,,,,,,
9256.25142,1,357434.6322,0,0,1,349463.2292,0,0,DS24,,,,,,,,,,,,,,,,,
9257.25142,1,357434.6322,0,0,1,349463.2292,0,0,DS24,,,,,,,,,,,,,,,,,
9258.25142,1,357434.6322,0,0,1,349463.2292,0,0,DS24,,,,,,,,,,,,,,,,,
9259.25142,1,357434.6322,0,0,1,349463.2292,0,0,DS24,,,,,,,,,,,,,,,,,
9260.25142,1,357434.6322,0,0,1,349463.2292,0,0,DS24,,,,,,,,,,,,,,,,,
9261.25142,1,357434.6322,0,0,1,349463.2292,0,0,DS24,,,,,,,,,,,,,,,,,
9262.25142,1,357434.6322,0,0,1,349463.2292,0,0,DS24,,,,,,,,,,,,,,,,,
9263.25142,1,357434.6322,0,0,1,349463.2292,0,0,DS24,,,,,,,,,,,,,,,,,
9264.25142,1,357434.6322,0,0,1,349463.2292,0,0,DS24,,,,,,,,,,,,,,,,,
9265.25142,1,357434.6322,0,0,1,349463.2292,0,0,DS24,,,,,,,,,,,,,,,,,
9266.25142,1,357434.6322,0,0,1,349463.2292,0,0,DS24,,,,,,,,,,,,,,,,,
9267.25142,1,357434.6322,0,0,1,349463.2292,0,0,DS24,,,,,,,,,,,,,,,,,
9268.25142,1,357434.6322,0,0,1,349463.2292,0,0,DS24,,,,,,,,,,,,,,,,,
9269.25142,1,357434.6322,0,0,1,349463.2292,0,0,DS24,,,,,,,,,,,,,,,,,
9270.25142,1,357434.6322,0,0,1,349463.2292,0,0,DS24,,,,,,,,,,,,,,,,,
9271.25142,1,357434.6322,0,0,1,349463.2292,0,0,DS24,,,,,,,,,,,,,,,,,
9272.25142,1,357434.6322,0,0,1,349463.2292,0,0,DS24,,,,,,,,,,,,,,,,,
9273.25142,1,357434.6322,0,0,1,349463.2292,0,0,DS24,,,,,,,,,,,,,,,,,
9274.25142,1,357434.6322,0,0,1,349463.2292,0,0,DS24,,,,,,,,,,,,,,,,,
9275.25142,1,357434.6322,0,0,1,349463.2292,0,0,DS24,,,,,,,,,,,,,,,,,
9276.25142,1,357434.6322,0,0,1,349463.2292,0,0,DS24,,,,,,,,,,,,,,,,,
9277.25142,1,357434.6322,0,0,1,349463.2292,0,0,DS24,,,,,,,,,,,,,,,,,
9278.25142,1,357434.6322,0,0,1,349463.2292,0,0,DS24,,,,,,,,,,,,,,,,,
9279.25142,1,357434.6322,0,0,1,349463.2292,0,0,DS24,,,,,,,,,,,,,,,,,
9280.25142,1,357434.6322,0,0,1,349463.2292,0,0,DS24,,,,,,,,,,,,,,,,,
9281.25142,1,357434.6322,0,0,1,349463.2292,0,0,DS24,,,,,,,,,,,,,,,,,
9282.25142,1,357434.6322,0,0,1,349463.2292,0,0,DS24,,,,,,,,,,,,,,,,,
9283.25142,1,357434.6322,0,0,1,349463.2292,0,0,DS24,,,,,,,,,,,,,,,,,
9284.25142,1,357434.6322,0,0,1,349463.2292,0,0,DS24,,,,,,,,,,,,,,,,,
9285.25142,1,357434.6322,0,0,1,349463.2292,0,0,DS24,,,,,,,,,,,,,,,,,
9286.25142,1,357434.6322,0,0,1,349463.2292,0,0,DS24,,,,,,,,,,,,,,,,,
9287.25142,1,357434.6322,0,0,1,349463.2292,0,0,DS24,,,,,,,,,,,,,,,,,
9288.25142,1,357434.6322,0,0,1,349463.2292,0,0,DS24,,,,,,,,,,,,,,,,,
9289.25142,1,357434.6322,0,0,1,349463.2292,0,0,DS24,,,,,,,,,,,,,,,,,
9290.25142,1,357434.6322,0,0,1,349463.2292,0,0,DS24,,,,,,,,,,,,,,,,,
9291.25142,1,357434.6322,0,0,1,349463.2292,0,0,DS24,,,,,,,,,,,,,,,,,
9292.25142,1,357434.6322,0,0,1,349463.2292,0,0,DS24,,,,,,,,,,,,,,,,,
9293.25142,1,357434.6322,0,0,1,349463.2292,0,0,DS24,,,,,,,,,,,,,,,,,
9294.25142,1,357434.6322,0,0,1,349463.2292,0,0,DS24,,,,,,,,,,,,,,,,,
9295.25142,1,357434.6322,0,0,1,349463.2292,0,0,DS24,,,,,,,,,,,,,,,,,
9296.25142,1,357434.6322,0,0,1,349463.2292,0,0,DS24,,,,,,,,,,,,,,,,,
9297.25142,1,357434.6322,0,0,1,349463.2292,0,0,DS24,,,,,,,,,,,,,,,,,
9298.25142,1,357434.6322,0,0,1,349463.2292,0,0,DS24,,,,,,,,,,,,,,,,,
9299.25142,1,357434.6322,0,0,1,349463.2292,0,0,DS24,,,,,,,,,,,,,,,,,
9300.25142,1,357434.6322,0,0,1,349463.2292,0,0,DS24,,,,,,,,,,,,,,,,,
9301.25142,1,357434.6322,0,0,1,349463.2292,0,0,DS24,,,,,,,,,,,,,,,,,
9302.25142,1,357434.6322,0,0,1,349463.2292,0,0,DS24,,,,,,,,,,,,,,,,,
9303.25142,1,357434.6322,0,0,1,349463.2292,0,0,DS24,,,,,,,,,,,,,,,,,
9304.25142,1,357434.6322,0,0,1,349463.2292,0,0,DS24,,,,,,,,,,,,,,,,,
9305.25142,1,357434.6322,0,0,1,349463.2292,0,0,DS24,,,,,,,,,,,,,,,,,
9306.25142,1,357434.6322,0,0,1,349463.2292,0,0,DS24,,,,,,,,,,,,,,,,,
9307.25142,1,357434.6322,0,0,1,349463.2292,0,0,DS24,,,,,,,,,,,,,,,,,
9308.25142,1,357434.6322,0,0,1,349463.2292,0,0,DS24,,,,,,,,,,,,,,,,,
9309.25142,1,357434.6322,0,0,1,349463.2292,0,0,DS24,,,,,,,,,,,,,,,,,
9310.25142,1,357434.6322,0,0,1,349463.2292,0,0,DS24,,,,,,,,,,,,,,,,,
9311.25142,1,357434.6322,0,0,1,349463.2292,0,0,DS24,,,,,,,,,,,,,,,,,
9312.25142,1,357434.6322,0,0,1,349463.2292,0,0,DS24,,,,,,,,,,,,,,,,,
9313.25142,1,357434.6322,0,0,1,349463.2292,0,0,DS24,,,,,,,,,,,,,,,,,
9314.25142,1,357434.6322,0,0,1,349463.2292,0,0,DS24,,,,,,,,,,,,,,,,,
9315.25142,1,357434.6322,0,0,1,349463.2292,0,0,DS24,,,,,,,,,,,,,,,,,
9316.25142,1,357434.6322,0,0,1,349463.2292,0,0,DS24,,,,,,,,,,,,,,,,,
9317.25142,1,357434.6322,0,0,1,349463.2292,0,0,DS24,,,,,,,,,,,,,,,,,
9318.25142,1,357434.6322,0,0,1,349463.2292,0,0,DS24,,,,,,,,,,,,,,,,,
9319.25142,1,357434.6322,0,0,1,349463.2292,0,0,DS24,,,,,,,,,,,,,,,,,
9320.25142,1,357434.6322,0,0,1,349463.2292,0,0,DS24,,,,,,,,,,,,,,,,,
9321.25142,1,357434.6322,0,0,1,349463.2292,0,0,DS24,,,,,,,,,,,,,,,,,
9322.25142,1,357434.6322,0,0,1,349463.2292,0,0,DS24,,,,,,,,,,,,,,,,,
9323.25142,1,357434.6322,0,0,1,349463.2292,0,0,DS24,,,,,,,,,,,,,,,,,
9324.25142,1,357434.6322,0,0,1,349463.2292,0,0,DS24,,,,,,,,,,,,,,,,,
9325.25142,1,357434.6322,0,0,1,349463.2292,0,0,DS24,,,,,,,,,,,,,,,,,
9326.25142,1,357434.6322,0,0,1,349463.2292,0,0,DS24,,,,,,,,,,,,,,,,,
9327.25142,1,357434.6322,0,0,1,349463.2292,0,0,DS24,,,,,,,,,,,,,,,,,
9328.25142,1,357434.6322,0,0,1,349463.2292,0,0,DS24,,,,,,,,,,,,,,,,,
9329.25142,1,357434.6322,0,0,1,349463.2292,0,0,DS24,,,,,,,,,,,,,,,,,
9330.25142,1,357434.6322,0,0,1,349463.2292,0,0,DS24,,,,,,,,,,,,,,,,,
9331.25142,1,357434.6322,0,0,1,349463.2292,0,0,DS24,,,,,,,,,,,,,,,,,
9332.25142,1,357434.6322,0,0,1,349463.2292,0,0,DS24,,,,,,,,,,,,,,,,,
9333.25142,1,357434.6322,0,0,1,349463.2292,0,0,DS24,,,,,,,,,,,,,,,,,
9334.25142,1,357434.6322,0,0,1,349463.2292,0,0,DS24,,,,,,,,,,,,,,,,,
9335.25142,1,357434.6322,0,0,1,349463.2292,0,0,DS24,,,,,,,,,,,,,,,,,
9336.25142,1,357434.6322,0,0,1,349463.2292,0,0,DS24,,,,,,,,,,,,,,,,,
9337.25142,1,357434.6322,0,0,1,349463.2292,0,0,DS24,,,,,,,,,,,,,,,,,
9338.25142,1,357434.6322,0,0,1,349463.2292,0,0,DS24,,,,,,,,,,,,,,,,,
9339.25142,1,357434.6322,0,0,1,349463.2292,0,0,DS24,,,,,,,,,,,,,,,,,
9340.25142,1,357434.6322,0,0,1,349463.2292,0,0,DS24,,,,,,,,,,,,,,,,,
9341.25142,1,357434.6322,0,0,1,349463.2292,0,0,DS24,,,,,,,,,,,,,,,,,
9342.25142,1,357434.6322,0,0,1,349463.2292,0,0,DS24,,,,,,,,,,,,,,,,,
9343.25142,1,357434.6322,0,0,1,349463.2292,0,0,DS24,,,,,,,,,,,,,,,,,
9344.25142,1,357434.6322,0,0,1,349463.2292,0,0,DS24,,,,,,,,,,,,,,,,,
9345.25142,1,357434.6322,0,0,1,349463.2292,0,0,DS24,,,,,,,,,,,,,,,,,
9346.25142,1,357434.6322,0,0,1,349463.2292,0,0,DS24,,,,,,,,,,,,,,,,,
9347.25142,1,357434.6322,0,0,1,349463.2292,0,0,DS24,,,,,,,,,,,,,,,,,
9348.25142,1,357434.6322,0,0,1,349463.2292,0,0,DS24,,,,,,,,,,,,,,,,,
9349.25142,1,357434.6322,0,0,1,349463.2292,0,0,DS24,,,,,,,,,,,,,,,,,
9350.25142,1,357434.6322,0,0,1,349463.2292,0,0,DS24,,,,,,,,,,,,,,,,,
9351.25142,1,357434.6322,0,0,1,349463.2292,0,0,DS24,,,,,,,,,,,,,,,,,
9352.25142,1,357434.6322,0,0,1,349463.2292,0,0,DS24,,,,,,,,,,,,,,,,,
9353.25142,1,357434.6322,0,0,1,349463.2292,0,0,DS24,,,,,,,,,,,,,,,,,
9354.25142,1,357434.6322,0,0,1,349463.2292,0,0,DS24,,,,,,,,,,,,,,,,,
9355.25142,1,357434.6322,0,0,1,349463.2292,0,0,DS24,,,,,,,,,,,,,,,,,
9356.25142,1,357434.6322,0,0,1,349463.2292,0,0,DS24,,,,,,,,,,,,,,,,,
9357.25142,1,357434.6322,0,0,1,349463.2292,0,0,DS24,,,,,,,,,,,,,,,,,
9358.25142,1,357434.6322,0,0,1,349463.2292,0,0,DS24,,,,,,,,,,,,,,,,,
9359.25142,1,357434.6322,0,0,1,349463.2292,0,0,DS24,,,,,,,,,,,,,,,,,
9360.25142,1,357434.6322,0,0,1,349463.2292,0,0,DS24,,,,,,,,,,,,,,,,,
9361.25142,1,357434.6322,0,0,1,349463.2292,0,0,DS24,,,,,,,,,,,,,,,,,
9362.25142,1,357434.6322,0,0,1,349463.2292,0,0,DS24,,,,,,,,,,,,,,,,,
9363.25142,1,357434.6322,0,0,1,349463.2292,0,0,DS24,,,,,,,,,,,,,,,,,
9364.25142,1,357434.6322,0,0,1,349463.2292,0,0,DS24,,,,,,,,,,,,,,,,,
9365.25142,1,357434.6322,0,0,1,349463.2292,0,0,DS24,,,,,,,,,,,,,,,,,
9366.25142,1,357434.6322,0,0,1,349463.2292,0,0,DS24,,,,,,,,,,,,,,,,,
9367.25142,1,357434.6322,0,0,1,349463.2292,0,0,DS24,,,,,,,,,,,,,,,,,
9368.25142,1,357434.6322,0,0,1,349463.2292,0,0,DS24,,,,,,,,,,,,,,,,,
9369.25142,1,357434.6322,0,0,1,349463.2292,0,0,DS24,,,,,,,,,,,,,,,,,
9370.25142,1,357434.6322,0,0,1,349463.2292,0,0,DS24,,,,,,,,,,,,,,,,,
9371.25142,1,357434.6322,0,0,1,349463.2292,0,0,DS24,,,,,,,,,,,,,,,,,
9372.25142,1,357434.6322,0,0,1,349463.2292,0,0,DS24,,,,,,,,,,,,,,,,,
9373.25142,1,357434.6322,0,0,1,349463.2292,0,0,DS24,,,,,,,,,,,,,,,,,
9374.25142,1,357434.6322,0,0,1,349463.2292,0,0,DS24,,,,,,,,,,,,,,,,,
9375.25142,1,357434.6322,0,0,1,349463.2292,0,0,DS24,,,,,,,,,,,,,,,,,
9376.25142,1,357434.6322,0,0,1,349463.2292,0,0,DS24,,,,,,,,,,,,,,,,,
9377.25142,1,357434.6322,0,0,1,349463.2292,0,0,DS24,,,,,,,,,,,,,,,,,
9378.25142,1,357434.6322,0,0,1,349463.2292,0,0,DS24,,,,,,,,,,,,,,,,,
9379.25142,1,357434.6322,0,0,1,349463.2292,1,336217.2642,DS24,,,,,,,,,,,,,,,,,
9380.25142,1,357434.6322,0,0,1,349463.2292,1,336217.2642,DS24,,,,,,,,,,,,,,,,,
9381.25142,1,357434.6322,0,0,1,349463.2292,1,336217.2642,DS24,,,,,,,,,,,,,,,,,
9382.25142,1,357434.6322,0,0,1,349463.2292,1,336217.2642,DS24,,,,,,,,,,,,,,,,,
9383.25142,1,357434.6322,0,0,1,349463.2292,1,336217.2642,DS24,,,,,,,,,,,,,,,,,
9384.25142,1,357434.6322,0,0,1,349463.2292,1,336217.2642,DS24,,,,,,,,,,,,,,,,,
9385.25142,1,357434.6322,0,0,1,349463.2292,1,336217.2642,DS24,,,,,,,,,,,,,,,,,
9386.25142,1,357434.6322,0,0,1,349463.2292,1,336217.2642,DS24,,,,,,,,,,,,,,,,,
9387.25142,1,357434.6322,0,0,1,349463.2292,1,336217.2642,DS24,,,,,,,,,,,,,,,,,
9388.25142,1,357434.6322,0,0,1,349463.2292,1,336217.2642,DS24,,,,,,,,,,,,,,,,,
9389.25142,1,357434.6322,0,0,1,349463.2292,1,336217.2642,DS24,,,,,,,,,,,,,,,,,
9390.25142,1,357434.6322,0,0,1,349463.2292,1,336217.2642,DS24,,,,,,,,,,,,,,,,,
9391.25142,1,357434.6322,0,0,1,349463.2292,1,336217.2642,DS24,,,,,,,,,,,,,,,,,
9392.25142,1,357434.6322,0,0,1,349463.2292,1,336217.2642,DS24,,,,,,,,,,,,,,,,,
9393.25142,1,357434.6322,0,0,1,349463.2292,1,336217.2642,DS24,,,,,,,,,,,,,,,,,
9394.25142,1,357434.6322,0,0,1,349463.2292,1,336217.2642,DS24,,,,,,,,,,,,,,,,,
9395.25142,1,357434.6322,0,0,1,349463.2292,1,336217.2642,DS24,,,,,,,,,,,,,,,,,
9396.25142,1,357434.6322,0,0,1,349463.2292,1,336217.2642,DS24,,,,,,,,,,,,,,,,,
9397.25142,1,357434.6322,0,0,1,349463.2292,1,336217.2642,DS24,,,,,,,,,,,,,,,,,
9398.25142,1,357434.6322,0,0,1,349463.2292,1,336217.2642,DS24,,,,,,,,,,,,,,,,,
9399.25142,1,357434.6322,0,0,1,349463.2292,1,336217.2642,DS24,,,,,,,,,,,,,,,,,
9400.25142,1,357434.6322,0,0,1,349463.2292,1,336217.2642,DS24,,,,,,,,,,,,,,,,,
9401.25142,1,357434.6322,0,0,1,349463.2292,1,336217.2642,DS24,,,,,,,,,,,,,,,,,
9402.25142,1,357434.6322,0,0,1,349463.2292,1,336217.2642,DS24,,,,,,,,,,,,,,,,,
9403.25142,1,357434.6322,0,0,1,349463.2292,1,336217.2642,DS24,,,,,,,,,,,,,,,,,
9404.25142,1,357434.6322,0,0,1,349463.2292,1,336217.2642,DS24,,,,,,,,,,,,,,,,,
9405.25142,1,357434.6322,0,0,1,349463.2292,1,336217.2642,DS24,,,,,,,,,,,,,,,,,
9406.25142,1,357434.6322,0,0,1,349463.2292,1,336217.2642,DS24,,,,,,,,,,,,,,,,,
9407.25142,1,357434.6322,0,0,1,349463.2292,1,336217.2642,DS24,,,,,,,,,,,,,,,,,
9408.25142,1,357434.6322,0,0,1,349463.2292,1,336217.2642,DS24,,,,,,,,,,,,,,,,,
9409.25142,1,357434.6322,0,0,1,349463.2292,1,336217.2642,DS24,,,,,,,,,,,,,,,,,
9410.25142,1,357434.6322,0,0,1,349463.2292,1,336217.2642,DS24,,,,,,,,,,,,,,,,,
9411.25142,1,357434.6322,0,0,1,349463.2292,1,336217.2642,DS24,,,,,,,,,,,,,,,,,
9412.25142,1,357434.6322,0,0,1,349463.2292,1,336217.2642,DS24,,,,,,,,,,,,,,,,,
9413.25142,1,357434.6322,0,0,1,349463.2292,1,336217.2642,DS24,,,,,,,,,,,,,,,,,
9414.25142,1,357434.6322,0,0,1,349463.2292,1,336217.2642,DS24,,,,,,,,,,,,,,,,,
9415.25142,1,357434.6322,0,0,1,349463.2292,1,336217.2642,DS24,,,,,,,,,,,,,,,,,
9416.25142,1,357434.6322,0,0,1,349463.2292,1,336217.2642,DS24,,,,,,,,,,,,,,,,,
9417.25142,1,357434.6322,0,0,1,349463.2292,1,336217.2642,DS24,,,,,,,,,,,,,,,,,
9418.25142,1,357434.6322,0,0,1,349463.2292,1,336217.2642,DS24,,,,,,,,,,,,,,,,,
9419.25142,1,357434.6322,0,0,1,349463.2292,1,336217.2642,DS24,,,,,,,,,,,,,,,,,
9420.25142,1,357434.6322,0,0,1,349463.2292,1,336217.2642,DS24,,,,,,,,,,,,,,,,,
9421.25142,1,357434.6322,0,0,1,349463.2292,1,336217.2642,DS24,,,,,,,,,,,,,,,,,
9422.25142,1,357434.6322,0,0,1,349463.2292,1,336217.2642,DS24,,,,,,,,,,,,,,,,,
9423.25142,1,357434.6322,0,0,1,349463.2292,1,336217.2642,DS24,,,,,,,,,,,,,,,,,
9424.25142,1,357434.6322,0,0,1,349463.2292,1,336217.2642,DS24,,,,,,,,,,,,,,,,,
9425.25142,1,357434.6322,0,0,1,349463.2292,1,336217.2642,DS24,,,,,,,,,,,,,,,,,
9426.25142,1,357434.6322,0,0,1,349463.2292,1,336217.2642,DS24,,,,,,,,,,,,,,,,,
9427.25142,1,357434.6322,0,0,1,349463.2292,1,336217.2642,DS24,,,,,,,,,,,,,,,,,
9428.25142,1,357434.6322,0,0,1,349463.2292,1,336217.2642,DS24,,,,,,,,,,,,,,,,,
9429.25142,1,357434.6322,0,0,1,349463.2292,1,336217.2642,DS24,,,,,,,,,,,,,,,,,
9430.25142,1,357434.6322,0,0,1,349463.2292,1,336217.2642,DS24,,,,,,,,,,,,,,,,,
9431.25142,1,357434.6322,0,0,1,349463.2292,1,336217.2642,DS24,,,,,,,,,,,,,,,,,
9432.25142,1,357434.6322,0,0,1,349463.2292,1,336217.2642,DS24,,,,,,,,,,,,,,,,,
9433.25142,1,357434.6322,0,0,1,349463.2292,1,336217.2642,DS24,,,,,,,,,,,,,,,,,
9434.25142,1,357434.6322,0,0,1,349463.2292,1,336217.2642,DS24,,,,,,,,,,,,,,,,,
9435.25142,1,357434.6322,0,0,1,349463.2292,1,336217.2642,DS24,,,,,,,,,,,,,,,,,
9436.25142,1,357434.6322,0,0,1,349463.2292,1,336217.2642,DS24,,,,,,,,,,,,,,,,,
9437.25142,1,357434.6322,0,0,1,349463.2292,1,336217.2642,DS24,,,,,,,,,,,,,,,,,
9438.25142,1,357434.6322,0,0,1,349463.2292,1,336217.2642,DS24,,,,,,,,,,,,,,,,,
9439.25142,1,357434.6322,0,0,1,349463.2292,1,336217.2642,DS24,,,,,,,,,,,,,,,,,
9440.25142,1,357434.6322,0,0,1,349463.2292,1,336217.2642,DS24,,,,,,,,,,,,,,,,,
9441.25142,1,357434.6322,0,0,1,349463.2292,1,336217.2642,DS24,,,,,,,,,,,,,,,,,
9442.25142,1,357434.6322,0,0,1,349463.2292,1,336217.2642,DS24,,,,,,,,,,,,,,,,,
9443.25142,1,357434.6322,0,0,1,349463.2292,1,336217.2642,DS24,,,,,,,,,,,,,,,,,
9444.25142,1,357434.6322,0,0,1,349463.2292,1,336217.2642,DS24,,,,,,,,,,,,,,,,,
9445.25142,1,357434.6322,0,0,1,349463.2292,1,336217.2642,DS24,,,,,,,,,,,,,,,,,
9446.25142,1,357434.6322,0,0,1,349463.2292,1,336217.2642,DS24,,,,,,,,,,,,,,,,,
9447.25142,1,357434.6322,0,0,1,349463.2292,1,336217.2642,DS24,,,,,,,,,,,,,,,,,
9448.25142,1,357434.6322,0,0,1,349463.2292,1,336217.2642,DS24,,,,,,,,,,,,,,,,,
9449.25142,1,357434.6322,0,0,1,349463.2292,1,336217.2642,DS24,,,,,,,,,,,,,,,,,
9450.25142,1,357434.6322,0,0,1,349463.2292,1,336217.2642,DS24,,,,,,,,,,,,,,,,,
9451.25142,1,357434.6322,0,0,1,349463.2292,1,336217.2642,DS24,,,,,,,,,,,,,,,,,
9452.25142,1,357434.6322,0,0,1,349463.2292,1,336217.2642,DS24,,,,,,,,,,,,,,,,,
9453.25142,1,357434.6322,0,0,1,349463.2292,1,336217.2642,DS24,,,,,,,,,,,,,,,,,
9454.25142,1,357434.6322,0,0,1,349463.2292,1,336217.2642,DS24,,,,,,,,,,,,,,,,,
9455.25142,1,357434.6322,0,0,1,349463.2292,1,336217.2642,DS24,,,,,,,,,,,,,,,,,
9456.25142,1,357434.6322,0,0,1,349463.2292,1,336217.2642,DS24,,,,,,,,,,,,,,,,,
9457.25142,1,357434.6322,0,0,1,349463.2292,1,336217.2642,DS24,,,,,,,,,,,,,,,,,
9458.25142,1,357434.6322,0,0,1,349463.2292,1,336217.2642,DS24,,,,,,,,,,,,,,,,,
9459.25142,1,357434.6322,0,0,1,349463.2292,1,336217.2642,DS24,,,,,,,,,,,,,,,,,
9460.25142,1,357434.6322,0,0,1,349463.2292,1,336217.2642,DS24,,,,,,,,,,,,,,,,,
9461.25142,1,357434.6322,0,0,1,349463.2292,1,336217.2642,DS24,,,,,,,,,,,,,,,,,
9462.25142,1,357434.6322,0,0,1,349463.2292,1,336217.2642,DS24,,,,,,,,,,,,,,,,,
9463.25142,1,357434.6322,0,0,1,349463.2292,1,336217.2642,DS24,,,,,,,,,,,,,,,,,
9464.25142,1,357434.6322,0,0,1,349463.2292,1,336217.2642,DS24,,,,,,,,,,,,,,,,,
9465.25142,1,357434.6322,0,0,1,349463.2292,1,336217.2642,DS24,,,,,,,,,,,,,,,,,
9466.25142,1,357434.6322,0,0,1,349463.2292,1,336217.2642,DS24,,,,,,,,,,,,,,,,,
9467.25142,1,357434.6322,0,0,1,349463.2292,1,336217.2642,DS24,,,,,,,,,,,,,,,,,
9468.25142,1,357434.6322,0,0,1,349463.2292,1,336217.2642,DS24,,,,,,,,,,,,,,,,,
9469.25142,1,357434.6322,0,0,1,349463.2292,1,336217.2642,DS24,,,,,,,,,,,,,,,,,
9470.25142,1,357434.6322,0,0,1,349463.2292,1,336217.2642,DS24,,,,,,,,,,,,,,,,,
9471.25142,1,357434.6322,0,0,1,349463.2292,1,336217.2642,DS24,,,,,,,,,,,,,,,,,
9472.25142,1,357434.6322,0,0,1,349463.2292,1,336217.2642,DS24,,,,,,,,,,,,,,,,,
9473.25142,1,357434.6322,0,0,1,349463.2292,1,336217.2642,DS24,,,,,,,,,,,,,,,,,
9474.25142,1,357434.6322,0,0,1,349463.2292,1,336217.2642,DS24,,,,,,,,,,,,,,,,,
9475.25142,0,0,0,0,1,349463.2292,1,336217.2642,DS24,,,,,,,,,,,,,,,,,
9476.25142,0,0,0,0,1,349463.2292,1,336217.2642,DS24,,,,,,,,,,,,,,,,,
9477.25142,0,0,0,0,1,349463.2292,1,336217.2642,DS24,,,,,,,,,,,,,,,,,
9478.25142,0,0,0,0,1,349463.2292,1,336217.2642,DS24,,,,,,,,,,,,,,,,,
9479.25142,0,0,0,0,1,349463.2292,1,336217.2642,DS24,,,,,,,,,,,,,,,,,
9480.25142,0,0,0,0,1,349463.2292,1,336217.2642,DS24,,,,,,,,,,,,,,,,,
9481.25142,0,0,0,0,1,349463.2292,1,336217.2642,DS24,,,,,,,,,,,,,,,,,
9482.25142,0,0,0,0,1,349463.2292,1,336217.2642,DS24,,,,,,,,,,,,,,,,,
9483.25142,0,0,0,0,1,349463.2292,1,336217.2642,DS24,,,,,,,,,,,,,,,,,
9484.25142,0,0,0,0,1,349463.2292,1,336217.2642,DS24,,,,,,,,,,,,,,,,,
9485.25142,0,0,0,0,1,349463.2292,1,336217.2642,DS24,,,,,,,,,,,,,,,,,
9486.25142,0,0,0,0,1,349463.2292,1,336217.2642,DS24,,,,,,,,,,,,,,,,,
9487.25142,0,0,0,0,1,349463.2292,1,336217.2642,DS24,,,,,,,,,,,,,,,,,
9488.25142,0,0,0,0,1,349463.2292,1,336217.2642,DS24,,,,,,,,,,,,,,,,,
9489.25142,0,0,0,0,1,349463.2292,1,336217.2642,DS24,,,,,,,,,,,,,,,,,
9490.25142,0,0,0,0,1,349463.2292,1,336217.2642,DS24,,,,,,,,,,,,,,,,,
9491.25142,0,0,0,0,1,349463.2292,1,336217.2642,DS24,,,,,,,,,,,,,,,,,
9492.25142,0,0,0,0,1,349463.2292,1,336217.2642,DS24,,,,,,,,,,,,,,,,,
9493.25142,0,0,0,0,1,349463.2292,1,336217.2642,DS24,,,,,,,,,,,,,,,,,
9494.25142,0,0,0,0,1,349463.2292,1,336217.2642,DS24,,,,,,,,,,,,,,,,,
9495.25142,0,0,0,0,1,349463.2292,1,336217.2642,DS24,,,,,,,,,,,,,,,,,
9496.25142,0,0,0,0,1,349463.2292,1,336217.2642,DS24,,,,,,,,,,,,,,,,,
9497.25142,0,0,0,0,1,349463.2292,1,336217.2642,DS24,,,,,,,,,,,,,,,,,
9498.25142,0,0,0,0,1,349463.2292,1,336217.2642,DS24,,,,,,,,,,,,,,,,,
9499.25142,0,0,0,0,1,349463.2292,1,336217.2642,DS24,,,,,,,,,,,,,,,,,
9500.25142,0,0,0,0,1,349463.2292,1,336217.2642,DS24,,,,,,,,,,,,,,,,,
9501.25142,0,0,0,0,1,349463.2292,1,336217.2642,DS24,,,,,,,,,,,,,,,,,
9502.25142,0,0,0,0,1,349463.2292,1,336217.2642,DS24,,,,,,,,,,,,,,,,,
9503.25142,0,0,0,0,1,349463.2292,1,336217.2642,DS24,,,,,,,,,,,,,,,,,
9504.25142,0,0,0,0,1,349463.2292,1,336217.2642,DS24,,,,,,,,,,,,,,,,,
9505.25142,0,0,0,0,1,349463.2292,1,336217.2642,DS24,,,,,,,,,,,,,,,,,
9506.25142,0,0,0,0,1,349463.2292,1,336217.2642,DS24,,,,,,,,,,,,,,,,,
9507.25142,0,0,0,0,1,349463.2292,1,336217.2642,DS24,,,,,,,,,,,,,,,,,
9508.25142,0,0,0,0,1,349463.2292,1,336217.2642,DS24,,,,,,,,,,,,,,,,,
9509.25142,0,0,0,0,1,349463.2292,1,336217.2642,DS24,,,,,,,,,,,,,,,,,
9510.25142,0,0,0,0,1,349463.2292,1,336217.2642,DS24,,,,,,,,,,,,,,,,,
9511.25142,0,0,0,0,1,349463.2292,1,336217.2642,DS24,,,,,,,,,,,,,,,,,
9512.25142,0,0,0,0,1,349463.2292,1,336217.2642,DS24,,,,,,,,,,,,,,,,,
9513.25142,0,0,0,0,1,349463.2292,1,336217.2642,DS24,,,,,,,,,,,,,,,,,
9514.25142,0,0,0,0,1,349463.2292,1,336217.2642,DS24,,,,,,,,,,,,,,,,,
9515.25142,0,0,0,0,1,349463.2292,1,336217.2642,DS24,,,,,,,,,,,,,,,,,
9516.25142,0,0,0,0,1,349463.2292,1,336217.2642,DS24,,,,,,,,,,,,,,,,,
9517.25142,0,0,0,0,1,349463.2292,1,336217.2642,DS24,,,,,,,,,,,,,,,,,
9518.25142,0,0,0,0,1,349463.2292,1,336217.2642,DS24,,,,,,,,,,,,,,,,,
9519.25142,0,0,0,0,1,349463.2292,1,336217.2642,DS24,,,,,,,,,,,,,,,,,
9520.25142,0,0,0,0,1,349463.2292,1,336217.2642,DS24,,,,,,,,,,,,,,,,,
9521.25142,0,0,0,0,1,349463.2292,1,336217.2642,DS24,,,,,,,,,,,,,,,,,
9522.25142,0,0,0,0,1,349463.2292,1,336217.2642,DS24,,,,,,,,,,,,,,,,,
9523.25142,0,0,0,0,1,349463.2292,1,336217.2642,DS24,,,,,,,,,,,,,,,,,
9524.25142,0,0,0,0,1,349463.2292,1,336217.2642,DS24,,,,,,,,,,,,,,,,,
9525.25142,0,0,0,0,1,349463.2292,1,336217.2642,DS24,,,,,,,,,,,,,,,,,
9526.25142,0,0,0,0,1,349463.2292,1,336217.2642,DS24,,,,,,,,,,,,,,,,,
9527.25142,0,0,0,0,1,349463.2292,1,336217.2642,DS24,,,,,,,,,,,,,,,,,
9528.25142,0,0,0,0,1,349463.2292,1,336217.2642,DS24,,,,,,,,,,,,,,,,,
9529.25142,0,0,0,0,1,349463.2292,1,336217.2642,DS24,,,,,,,,,,,,,,,,,
9530.25142,0,0,0,0,1,349463.2292,1,336217.2642,DS24,,,,,,,,,,,,,,,,,
9531.25142,0,0,0,0,1,349463.2292,1,336217.2642,DS24,,,,,,,,,,,,,,,,,
9532.25142,0,0,0,0,1,349463.2292,1,336217.2642,DS24,,,,,,,,,,,,,,,,,
9533.25142,0,0,0,0,1,349463.2292,1,336217.2642,DS24,,,,,,,,,,,,,,,,,
9534.25142,0,0,0,0,1,349463.2292,1,336217.2642,DS24,,,,,,,,,,,,,,,,,
9535.25142,0,0,0,0,1,349463.2292,1,336217.2642,DS24,,,,,,,,,,,,,,,,,
9536.25142,0,0,0,0,1,349463.2292,1,336217.2642,DS24,,,,,,,,,,,,,,,,,
9537.25142,0,0,0,0,1,349463.2292,1,336217.2642,DS24,,,,,,,,,,,,,,,,,
9538.25142,0,0,0,0,1,349463.2292,1,336217.2642,DS24,,,,,,,,,,,,,,,,,
9539.25142,0,0,0,0,1,349463.2292,1,336217.2642,DS24,,,,,,,,,,,,,,,,,
9540.25142,0,0,0,0,1,349463.2292,1,336217.2642,DS24,,,,,,,,,,,,,,,,,
9541.25142,0,0,0,0,1,349463.2292,1,336217.2642,DS24,,,,,,,,,,,,,,,,,
9542.25142,0,0,0,0,1,349463.2292,1,336217.2642,DS24,,,,,,,,,,,,,,,,,
9543.25142,0,0,0,0,1,349463.2292,1,336217.2642,DS24,,,,,,,,,,,,,,,,,
9544.25142,0,0,0,0,1,349463.2292,1,336217.2642,DS24,,,,,,,,,,,,,,,,,
9545.25142,0,0,0,0,1,349463.2292,1,336217.2642,DS24,,,,,,,,,,,,,,,,,
9546.25142,0,0,0,0,1,349463.2292,1,336217.2642,DS24,,,,,,,,,,,,,,,,,
9547.25142,0,0,0,0,1,349463.2292,1,336217.2642,DS24,,,,,,,,,,,,,,,,,
9548.25142,0,0,0,0,1,349463.2292,1,336217.2642,DS24,,,,,,,,,,,,,,,,,
9549.25142,0,0,0,0,1,349463.2292,1,336217.2642,DS24,,,,,,,,,,,,,,,,,
9550.25142,0,0,0,0,1,349463.2292,1,336217.2642,DS24,,,,,,,,,,,,,,,,,
9551.25142,0,0,0,0,1,349463.2292,1,336217.2642,DS24,,,,,,,,,,,,,,,,,
9552.25142,0,0,0,0,1,349463.2292,1,336217.2642,DS24,,,,,,,,,,,,,,,,,
9553.25142,0,0,0,0,1,349463.2292,1,336217.2642,DS24,,,,,,,,,,,,,,,,,
9554.25142,0,0,0,0,1,349463.2292,1,336217.2642,DS24,,,,,,,,,,,,,,,,,
9555.25142,0,0,0,0,1,349463.2292,1,336217.2642,DS24,,,,,,,,,,,,,,,,,
9556.25142,0,0,0,0,1,349463.2292,1,336217.2642,DS24,,,,,,,,,,,,,,,,,
9557.25142,0,0,0,0,1,349463.2292,1,336217.2642,DS24,,,,,,,,,,,,,,,,,
9558.25142,0,0,0,0,1,349463.2292,1,336217.2642,DS24,,,,,,,,,,,,,,,,,
9559.25142,0,0,0,0,1,349463.2292,1,336217.2642,DS24,,,,,,,,,,,,,,,,,
9560.25142,0,0,0,0,1,349463.2292,1,336217.2642,DS24,,,,,,,,,,,,,,,,,
9561.25142,0,0,0,0,1,349463.2292,1,336217.2642,DS24,,,,,,,,,,,,,,,,,
9562.25142,0,0,0,0,1,349463.2292,1,336217.2642,DS24,,,,,,,,,,,,,,,,,
9563.25142,0,0,0,0,1,349463.2292,1,336217.2642,DS24,,,,,,,,,,,,,,,,,
9564.25142,0,0,0,0,1,349463.2292,1,336217.2642,DS24,,,,,,,,,,,,,,,,,
9565.25142,0,0,0,0,1,349463.2292,1,336217.2642,DS24,,,,,,,,,,,,,,,,,
9566.25142,0,0,0,0,1,349463.2292,1,336217.2642,DS24,,,,,,,,,,,,,,,,,
9567.25142,0,0,0,0,1,349463.2292,1,336217.2642,DS24,,,,,,,,,,,,,,,,,
9568.25142,0,0,0,0,1,349463.2292,1,336217.2642,DS24,,,,,,,,,,,,,,,,,
9569.25142,0,0,0,0,1,349463.2292,1,336217.2642,DS24,,,,,,,,,,,,,,,,,
9570.25142,0,0,0,0,1,349463.2292,1,336217.2642,DS24,,,,,,,,,,,,,,,,,
9571.25142,0,0,0,0,1,349463.2292,1,336217.2642,DS24,,,,,,,,,,,,,,,,,
9572.25142,0,0,0,0,1,349463.2292,1,336217.2642,DS24,,,,,,,,,,,,,,,,,
9573.25142,0,0,0,0,1,349463.2292,1,336217.2642,DS24,,,,,,,,,,,,,,,,,
9574.25142,0,0,0,0,1,349463.2292,1,336217.2642,DS24,,,,,,,,,,,,,,,,,
9575.25142,0,0,0,0,1,349463.2292,1,336217.2642,DS24,,,,,,,,,,,,,,,,,
9576.25142,0,0,0,0,1,349463.2292,1,336217.2642,DS24,,,,,,,,,,,,,,,,,
9577.25142,0,0,0,0,1,349463.2292,1,336217.2642,DS24,,,,,,,,,,,,,,,,,
9578.25142,0,0,0,0,1,349463.2292,1,336217.2642,DS24,,,,,,,,,,,,,,,,,
9579.25142,0,0,0,0,1,349463.2292,1,336217.2642,DS24,,,,,,,,,,,,,,,,,
9580.25142,0,0,0,0,1,349463.2292,1,336217.2642,DS24,,,,,,,,,,,,,,,,,
9581.25142,0,0,0,0,1,349463.2292,1,336217.2642,DS24,,,,,,,,,,,,,,,,,
9582.25142,0,0,0,0,1,349463.2292,1,336217.2642,DS24,,,,,,,,,,,,,,,,,
9583.25142,0,0,0,0,1,349463.2292,1,336217.2642,DS24,,,,,,,,,,,,,,,,,
9584.25142,0,0,0,0,1,349463.2292,1,336217.2642,DS24,,,,,,,,,,,,,,,,,
9585.25142,0,0,0,0,1,349463.2292,1,336217.2642,DS24,,,,,,,,,,,,,,,,,
9586.25142,0,0,0,0,1,349463.2292,1,336217.2642,DS24,,,,,,,,,,,,,,,,,
9587.25142,0,0,0,0,1,349463.2292,1,336217.2642,DS24,,,,,,,,,,,,,,,,,
9588.25142,0,0,0,0,1,349463.2292,1,336217.2642,DS24,,,,,,,,,,,,,,,,,
9589.25142,0,0,0,0,1,349463.2292,1,336217.2642,DS24,,,,,,,,,,,,,,,,,
9590.25142,0,0,0,0,1,349463.2292,1,336217.2642,DS24,,,,,,,,,,,,,,,,,
9591.25142,0,0,0,0,1,349463.2292,1,336217.2642,DS24,,,,,,,,,,,,,,,,,
9592.25142,0,0,0,0,1,349463.2292,1,336217.2642,DS24,,,,,,,,,,,,,,,,,
9593.25142,0,0,0,0,1,349463.2292,1,336217.2642,DS24,,,,,,,,,,,,,,,,,
9594.25142,0,0,0,0,1,349463.2292,1,336217.2642,DS24,,,,,,,,,,,,,,,,,
9595.25142,0,0,0,0,1,349463.2292,1,336217.2642,DS24,,,,,,,,,,,,,,,,,
9596.25142,0,0,0,0,1,349463.2292,1,336217.2642,DS24,,,,,,,,,,,,,,,,,
9597.25142,0,0,0,0,1,349463.2292,1,336217.2642,DS24,,,,,,,,,,,,,,,,,
9598.25142,0,0,0,0,1,349463.2292,1,336217.2642,DS24,,,,,,,,,,,,,,,,,
9599.25142,0,0,0,0,1,349463.2292,1,336217.2642,DS24,,,,,,,,,,,,,,,,,
9600.25142,0,0,0,0,1,349463.2292,1,336217.2642,DS24,,,,,,,,,,,,,,,,,
9601.25142,0,0,0,0,1,349463.2292,1,336217.2642,DS24,,,,,,,,,,,,,,,,,
9602.25142,0,0,0,0,1,349463.2292,1,336217.2642,DS24,,,,,,,,,,,,,,,,,
9603.25142,0,0,0,0,1,349463.2292,1,336217.2642,DS24,,,,,,,,,,,,,,,,,
9604.25142,0,0,0,0,1,349463.2292,1,336217.2642,DS24,,,,,,,,,,,,,,,,,
9605.25142,0,0,0,0,1,349463.2292,1,336217.2642,DS24,,,,,,,,,,,,,,,,,
9606.25142,0,0,0,0,1,349463.2292,1,336217.2642,DS24,,,,,,,,,,,,,,,,,
9607.25142,0,0,0,0,1,349463.2292,1,336217.2642,DS24,,,,,,,,,,,,,,,,,
9608.25142,0,0,0,0,1,349463.2292,1,336217.2642,DS24,,,,,,,,,,,,,,,,,
9609.25142,0,0,0,0,1,349463.2292,1,336217.2642,DS24,,,,,,,,,,,,,,,,,
9610.25142,0,0,0,0,1,349463.2292,1,336217.2642,DS24,,,,,,,,,,,,,,,,,
9611.25142,0,0,0,0,1,349463.2292,1,336217.2642,DS24,,,,,,,,,,,,,,,,,
9612.25142,0,0,0,0,1,349463.2292,1,336217.2642,DS24,,,,,,,,,,,,,,,,,
9613.25142,0,0,0,0,1,349463.2292,1,336217.2642,DS24,,,,,,,,,,,,,,,,,
9614.25142,0,0,0,0,1,349463.2292,1,336217.2642,DS24,,,,,,,,,,,,,,,,,
9615.25142,0,0,0,0,1,349463.2292,1,336217.2642,DS24,,,,,,,,,,,,,,,,,
9616.25142,0,0,0,0,1,349463.2292,1,336217.2642,DS24,,,,,,,,,,,,,,,,,
9617.25142,0,0,0,0,1,349463.2292,1,336217.2642,DS24,,,,,,,,,,,,,,,,,
9618.25142,0,0,0,0,1,349463.2292,1,336217.2642,DS24,,,,,,,,,,,,,,,,,
9619.25142,0,0,0,0,1,349463.2292,1,336217.2642,DS24,,,,,,,,,,,,,,,,,
9620.25142,0,0,0,0,1,349463.2292,1,336217.2642,DS24,,,,,,,,,,,,,,,,,
9621.25142,0,0,0,0,1,349463.2292,1,336217.2642,DS24,,,,,,,,,,,,,,,,,
9622.25142,0,0,0,0,1,349463.2292,1,336217.2642,DS24,,,,,,,,,,,,,,,,,
9623.25142,0,0,0,0,1,349463.2292,1,336217.2642,DS24,,,,,,,,,,,,,,,,,
9624.25142,0,0,0,0,1,349463.2292,1,336217.2642,DS24,,,,,,,,,,,,,,,,,
9625.25142,0,0,0,0,1,349463.2292,1,336217.2642,DS24,,,,,,,,,,,,,,,,,
9626.25142,0,0,0,0,1,349463.2292,1,336217.2642,DS24,,,,,,,,,,,,,,,,,
9627.25142,0,0,0,0,1,349463.2292,1,336217.2642,DS24,,,,,,,,,,,,,,,,,
9628.25142,0,0,0,0,1,349463.2292,1,336217.2642,DS24,,,,,,,,,,,,,,,,,
9629.25142,0,0,0,0,1,349463.2292,1,336217.2642,DS24,,,,,,,,,,,,,,,,,
9630.25142,0,0,0,0,1,349463.2292,1,336217.2642,DS24,,,,,,,,,,,,,,,,,
9631.25142,0,0,0,0,1,349463.2292,1,336217.2642,DS24,,,,,,,,,,,,,,,,,
9632.25142,0,0,0,0,1,349463.2292,1,336217.2642,DS24,,,,,,,,,,,,,,,,,
9633.25142,0,0,0,0,1,349463.2292,1,336217.2642,DS24,,,,,,,,,,,,,,,,,
9634.25142,0,0,0,0,1,349463.2292,1,336217.2642,DS24,,,,,,,,,,,,,,,,,
9635.25142,0,0,0,0,1,349463.2292,1,336217.2642,DS24,,,,,,,,,,,,,,,,,
9636.25142,0,0,0,0,0,0,1,336217.2642,DS34,,,,,,,,,,,,,,,,,
9637.25142,0,0,0,0,0,0,1,336217.2642,DS34,,,,,,,,,,,,,,,,,
9638.25142,0,0,0,0,0,0,1,336217.2642,DS34,,,,,,,,,,,,,,,,,
9639.25142,0,0,0,0,0,0,1,336217.2642,DS34,,,,,,,,,,,,,,,,,
9640.25142,0,0,0,0,0,0,1,336217.2642,DS34,,,,,,,,,,,,,,,,,
9641.25142,0,0,0,0,0,0,1,336217.2642,DS34,,,,,,,,,,,,,,,,,
9642.25142,0,0,0,0,0,0,1,336217.2642,DS34,,,,,,,,,,,,,,,,,
9643.25142,0,0,0,0,0,0,1,336217.2642,DS34,,,,,,,,,,,,,,,,,
9644.25142,0,0,0,0,0,0,1,336217.2642,DS34,,,,,,,,,,,,,,,,,
9645.25142,0,0,0,0,0,0,1,336217.2642,DS34,,,,,,,,,,,,,,,,,
9646.25142,0,0,0,0,0,0,1,336217.2642,DS34,,,,,,,,,,,,,,,,,
9647.25142,0,0,0,0,0,0,1,336217.2642,DS34,,,,,,,,,,,,,,,,,
9648.25142,0,0,0,0,0,0,1,336217.2642,DS34,,,,,,,,,,,,,,,,,
9649.25142,0,0,0,0,0,0,1,336217.2642,DS34,,,,,,,,,,,,,,,,,
9650.25142,0,0,0,0,0,0,1,336217.2642,DS34,,,,,,,,,,,,,,,,,
9651.25142,0,0,0,0,0,0,1,336217.2642,DS34,,,,,,,,,,,,,,,,,
9652.25142,0,0,0,0,0,0,1,336217.2642,DS34,,,,,,,,,,,,,,,,,
9653.25142,0,0,0,0,0,0,1,336217.2642,DS34,,,,,,,,,,,,,,,,,
9654.25142,0,0,0,0,0,0,1,336217.2642,DS34,,,,,,,,,,,,,,,,,
9655.25142,0,0,0,0,0,0,1,336217.2642,DS34,,,,,,,,,,,,,,,,,
9656.25142,0,0,0,0,0,0,1,336217.2642,DS34,,,,,,,,,,,,,,,,,
9657.25142,0,0,0,0,0,0,1,336217.2642,DS34,,,,,,,,,,,,,,,,,
9658.25142,0,0,0,0,0,0,1,336217.2642,DS34,,,,,,,,,,,,,,,,,
9659.25142,0,0,0,0,0,0,1,336217.2642,DS34,,,,,,,,,,,,,,,,,
9660.25142,0,0,0,0,0,0,1,336217.2642,DS34,,,,,,,,,,,,,,,,,
9661.25142,0,0,0,0,0,0,1,336217.2642,DS34,,,,,,,,,,,,,,,,,
9662.25142,0,0,0,0,0,0,1,336217.2642,DS34,,,,,,,,,,,,,,,,,
9663.25142,0,0,0,0,0,0,1,336217.2642,DS34,,,,,,,,,,,,,,,,,
9664.25142,0,0,0,0,0,0,1,336217.2642,DS34,,,,,,,,,,,,,,,,,
9665.25142,0,0,0,0,0,0,1,336217.2642,DS34,,,,,,,,,,,,,,,,,
9666.25142,0,0,0,0,0,0,1,336217.2642,DS34,,,,,,,,,,,,,,,,,
9667.25142,0,0,0,0,0,0,1,336217.2642,DS34,,,,,,,,,,,,,,,,,
9668.25142,0,0,0,0,0,0,1,336217.2642,DS34,,,,,,,,,,,,,,,,,
9669.25142,0,0,0,0,0,0,1,336217.2642,DS34,,,,,,,,,,,,,,,,,
9670.25142,0,0,0,0,0,0,1,336217.2642,DS34,,,,,,,,,,,,,,,,,
9671.25142,0,0,0,0,0,0,1,336217.2642,DS34,,,,,,,,,,,,,,,,,
9672.25142,0,0,0,0,0,0,1,336217.2642,DS34,,,,,,,,,,,,,,,,,
9673.25142,0,0,0,0,0,0,1,336217.2642,DS34,,,,,,,,,,,,,,,,,
9674.25142,0,0,0,0,0,0,1,336217.2642,DS34,,,,,,,,,,,,,,,,,
9675.25142,0,0,0,0,0,0,1,336217.2642,DS34,,,,,,,,,,,,,,,,,
9676.25142,0,0,0,0,0,0,1,336217.2642,DS34,,,,,,,,,,,,,,,,,
9677.25142,0,0,0,0,0,0,1,336217.2642,DS34,,,,,,,,,,,,,,,,,
9678.25142,0,0,0,0,0,0,1,336217.2642,DS34,,,,,,,,,,,,,,,,,
9679.25142,0,0,0,0,0,0,1,336217.2642,DS34,,,,,,,,,,,,,,,,,
9680.25142,0,0,0,0,0,0,1,336217.2642,DS34,,,,,,,,,,,,,,,,,
9681.25142,0,0,0,0,0,0,1,336217.2642,DS34,,,,,,,,,,,,,,,,,
9682.25142,0,0,0,0,0,0,1,336217.2642,DS34,,,,,,,,,,,,,,,,,
9683.25142,0,0,0,0,0,0,1,336217.2642,DS34,,,,,,,,,,,,,,,,,
9684.25142,0,0,0,0,0,0,1,336217.2642,DS34,,,,,,,,,,,,,,,,,
9685.25142,0,0,0,0,0,0,1,336217.2642,DS34,,,,,,,,,,,,,,,,,
9686.25142,0,0,0,0,0,0,1,336217.2642,DS34,,,,,,,,,,,,,,,,,
9687.25142,0,0,0,0,0,0,1,336217.2642,DS34,,,,,,,,,,,,,,,,,
9688.25142,0,0,0,0,0,0,1,336217.2642,DS34,,,,,,,,,,,,,,,,,
9689.25142,0,0,0,0,0,0,1,336217.2642,DS34,,,,,,,,,,,,,,,,,
9690.25142,0,0,0,0,0,0,1,336217.2642,DS34,,,,,,,,,,,,,,,,,
9691.25142,0,0,0,0,0,0,1,336217.2642,DS34,,,,,,,,,,,,,,,,,
9692.25142,0,0,0,0,0,0,1,336217.2642,DS34,,,,,,,,,,,,,,,,,
9693.25142,0,0,0,0,0,0,1,336217.2642,DS34,,,,,,,,,,,,,,,,,
9694.25142,0,0,0,0,0,0,1,336217.2642,DS34,,,,,,,,,,,,,,,,,
9695.25142,0,0,0,0,0,0,1,336217.2642,DS34,,,,,,,,,,,,,,,,,
9696.25142,0,0,0,0,0,0,1,336217.2642,DS34,,,,,,,,,,,,,,,,,
9697.25142,0,0,0,0,0,0,1,336217.2642,DS34,,,,,,,,,,,,,,,,,
9698.25142,0,0,0,0,0,0,1,336217.2642,DS34,,,,,,,,,,,,,,,,,
9699.25142,0,0,0,0,0,0,1,336217.2642,DS34,,,,,,,,,,,,,,,,,
9700.25142,0,0,0,0,0,0,1,336217.2642,DS34,,,,,,,,,,,,,,,,,
9701.25142,0,0,0,0,0,0,1,336217.2642,DS34,,,,,,,,,,,,,,,,,
9702.25142,0,0,0,0,0,0,1,336217.2642,DS34,,,,,,,,,,,,,,,,,
9703.25142,0,0,0,0,0,0,1,336217.2642,DS34,,,,,,,,,,,,,,,,,
9704.25142,0,0,0,0,0,0,1,336217.2642,DS34,,,,,,,,,,,,,,,,,
9705.25142,0,0,0,0,0,0,1,336217.2642,DS34,,,,,,,,,,,,,,,,,
9706.25142,0,0,0,0,0,0,1,336217.2642,DS34,,,,,,,,,,,,,,,,,
9707.25142,0,0,0,0,0,0,1,336217.2642,DS34,,,,,,,,,,,,,,,,,
9708.25142,0,0,0,0,0,0,1,336217.2642,DS34,,,,,,,,,,,,,,,,,
9709.25142,0,0,0,0,0,0,1,336217.2642,DS34,,,,,,,,,,,,,,,,,
9710.25142,0,0,0,0,0,0,1,336217.2642,DS34,,,,,,,,,,,,,,,,,
9711.25142,0,0,0,0,0,0,1,336217.2642,DS34,,,,,,,,,,,,,,,,,
9712.25142,0,0,0,0,0,0,1,336217.2642,DS34,,,,,,,,,,,,,,,,,
9713.25142,0,0,0,0,0,0,1,336217.2642,DS34,,,,,,,,,,,,,,,,,
9714.25142,0,0,0,0,0,0,1,336217.2642,DS34,,,,,,,,,,,,,,,,,
9715.25142,0,0,0,0,0,0,1,336217.2642,DS34,,,,,,,,,,,,,,,,,
9716.25142,0,0,0,0,0,0,1,336217.2642,DS34,,,,,,,,,,,,,,,,,
9717.25142,0,0,0,0,0,0,1,336217.2642,DS34,,,,,,,,,,,,,,,,,
9718.25142,0,0,0,0,0,0,1,336217.2642,DS34,,,,,,,,,,,,,,,,,
9719.25142,0,0,0,0,0,0,1,336217.2642,DS34,,,,,,,,,,,,,,,,,
9720.25142,0,0,0,0,0,0,1,336217.2642,DS34,,,,,,,,,,,,,,,,,
9721.25142,0,0,0,0,0,0,1,336217.2642,DS34,,,,,,,,,,,,,,,,,
9722.25142,0,0,0,0,0,0,1,336217.2642,DS34,,,,,,,,,,,,,,,,,
9723.25142,0,0,0,0,0,0,1,336217.2642,DS34,,,,,,,,,,,,,,,,,
9724.25142,0,0,0,0,0,0,1,336217.2642,DS34,,,,,,,,,,,,,,,,,
9725.25142,0,0,0,0,0,0,1,336217.2642,DS34,,,,,,,,,,,,,,,,,
9726.25142,0,0,0,0,0,0,1,336217.2642,DS34,,,,,,,,,,,,,,,,,
9727.25142,0,0,0,0,0,0,1,336217.2642,DS34,,,,,,,,,,,,,,,,,
9728.25142,0,0,0,0,0,0,1,336217.2642,DS34,,,,,,,,,,,,,,,,,
9729.25142,0,0,0,0,0,0,1,336217.2642,DS34,,,,,,,,,,,,,,,,,
9730.25142,0,0,0,0,0,0,1,336217.2642,DS34,,,,,,,,,,,,,,,,,
9731.25142,0,0,0,0,0,0,1,336217.2642,DS34,,,,,,,,,,,,,,,,,
9732.25142,0,0,0,0,0,0,1,336217.2642,DS34,,,,,,,,,,,,,,,,,
9733.25142,0,0,0,0,0,0,1,336217.2642,DS34,,,,,,,,,,,,,,,,,
9734.25142,0,0,0,0,0,0,1,336217.2642,DS34,,,,,,,,,,,,,,,,,
9735.25142,0,0,0,0,0,0,1,336217.2642,DS34,,,,,,,,,,,,,,,,,
9736.25142,0,0,0,0,0,0,1,336217.2642,DS34,,,,,,,,,,,,,,,,,
9737.25142,0,0,0,0,0,0,1,336217.2642,DS34,,,,,,,,,,,,,,,,,
9738.25142,0,0,0,0,0,0,1,336217.2642,DS34,,,,,,,,,,,,,,,,,
9739.25142,0,0,0,0,0,0,1,336217.2642,DS34,,,,,,,,,,,,,,,,,
9740.25142,0,0,0,0,0,0,1,336217.2642,DS34,,,,,,,,,,,,,,,,,
9741.25142,0,0,0,0,0,0,1,336217.2642,DS34,,,,,,,,,,,,,,,,,
9742.25142,0,0,0,0,0,0,1,336217.2642,DS34,,,,,,,,,,,,,,,,,
9743.25142,0,0,0,0,0,0,1,336217.2642,DS34,,,,,,,,,,,,,,,,,
9744.25142,0,0,0,0,0,0,1,336217.2642,DS34,,,,,,,,,,,,,,,,,
9745.25142,0,0,0,0,0,0,1,336217.2642,DS34,,,,,,,,,,,,,,,,,
9746.25142,0,0,0,0,0,0,1,336217.2642,DS34,,,,,,,,,,,,,,,,,
9747.25142,0,0,0,0,0,0,1,336217.2642,DS34,,,,,,,,,,,,,,,,,
9748.25142,0,0,0,0,0,0,1,336217.2642,DS34,,,,,,,,,,,,,,,,,
9749.25142,0,0,0,0,0,0,1,336217.2642,DS34,,,,,,,,,,,,,,,,,
9750.25142,0,0,0,0,0,0,1,336217.2642,DS34,,,,,,,,,,,,,,,,,
9751.25142,0,0,0,0,0,0,1,336217.2642,DS34,,,,,,,,,,,,,,,,,
9752.25142,0,0,0,0,0,0,1,336217.2642,DS34,,,,,,,,,,,,,,,,,
9753.25142,0,0,0,0,0,0,1,336217.2642,DS34,,,,,,,,,,,,,,,,,
9754.25142,0,0,0,0,0,0,1,336217.2642,DS34,,,,,,,,,,,,,,,,,
9755.25142,0,0,0,0,0,0,1,336217.2642,DS34,,,,,,,,,,,,,,,,,
9756.25142,0,0,0,0,0,0,1,336217.2642,DS34,,,,,,,,,,,,,,,,,
9757.25142,0,0,0,0,0,0,1,336217.2642,DS34,,,,,,,,,,,,,,,,,
9758.25142,0,0,0,0,0,0,1,336217.2642,DS34,,,,,,,,,,,,,,,,,
9759.25142,0,0,0,0,0,0,1,336217.2642,DS34,,,,,,,,,,,,,,,,,
9760.25142,0,0,0,0,0,0,1,336217.2642,DS34,,,,,,,,,,,,,,,,,
9761.25142,0,0,0,0,0,0,1,336217.2642,DS34,,,,,,,,,,,,,,,,,
9762.25142,0,0,0,0,0,0,1,336217.2642,DS34,,,,,,,,,,,,,,,,,
9763.25142,0,0,0,0,0,0,1,336217.2642,DS34,,,,,,,,,,,,,,,,,
9764.25142,0,0,0,0,0,0,1,336217.2642,DS34,,,,,,,,,,,,,,,,,
9765.25142,0,0,0,0,0,0,1,336217.2642,DS34,,,,,,,,,,,,,,,,,
9766.25142,0,0,0,0,0,0,1,336217.2642,DS34,,,,,,,,,,,,,,,,,
9767.25142,0,0,0,0,0,0,1,336217.2642,DS34,,,,,,,,,,,,,,,,,
9768.25142,0,0,0,0,0,0,1,336217.2642,DS34,,,,,,,,,,,,,,,,,
9769.25142,0,0,0,0,0,0,1,336217.2642,DS34,,,,,,,,,,,,,,,,,
9770.25142,0,0,0,0,0,0,1,336217.2642,DS34,,,,,,,,,,,,,,,,,
9771.25142,0,0,0,0,0,0,1,336217.2642,DS34,,,,,,,,,,,,,,,,,
9772.25142,0,0,0,0,0,0,1,336217.2642,DS34,,,,,,,,,,,,,,,,,
9773.25142,0,0,0,0,0,0,1,336217.2642,DS34,,,,,,,,,,,,,,,,,
9774.25142,0,0,0,0,0,0,1,336217.2642,DS34,,,,,,,,,,,,,,,,,
9775.25142,0,0,0,0,0,0,1,336217.2642,DS34,,,,,,,,,,,,,,,,,
9776.25142,0,0,0,0,0,0,1,336217.2642,DS34,,,,,,,,,,,,,,,,,
9777.25142,0,0,0,0,0,0,1,336217.2642,DS34,,,,,,,,,,,,,,,,,
9778.25142,0,0,0,0,0,0,1,336217.2642,DS34,,,,,,,,,,,,,,,,,
9779.25142,0,0,0,0,0,0,1,336217.2642,DS34,,,,,,,,,,,,,,,,,
9780.25142,0,0,0,0,0,0,1,336217.2642,DS34,,,,,,,,,,,,,,,,,
9781.25142,0,0,0,0,0,0,1,336217.2642,DS34,,,,,,,,,,,,,,,,,
9782.25142,0,0,0,0,0,0,1,336217.2642,DS34,,,,,,,,,,,,,,,,,
9783.25142,0,0,0,0,0,0,1,336217.2642,DS34,,,,,,,,,,,,,,,,,
9784.25142,0,0,0,0,0,0,1,336217.2642,DS34,,,,,,,,,,,,,,,,,
9785.25142,0,0,0,0,0,0,1,336217.2642,DS34,,,,,,,,,,,,,,,,,
9786.25142,0,0,0,0,0,0,1,336217.2642,DS34,,,,,,,,,,,,,,,,,
9787.25142,0,0,0,0,0,0,1,336217.2642,DS34,,,,,,,,,,,,,,,,,
9788.25142,0,0,0,0,0,0,1,336217.2642,DS34,,,,,,,,,,,,,,,,,
9789.25142,0,0,0,0,0,0,1,336217.2642,DS34,,,,,,,,,,,,,,,,,
9790.25142,0,0,0,0,0,0,1,336217.2642,DS34,,,,,,,,,,,,,,,,,
9791.25142,0,0,0,0,0,0,1,336217.2642,DS34,,,,,,,,,,,,,,,,,
9792.25142,0,0,0,0,0,0,1,336217.2642,DS34,,,,,,,,,,,,,,,,,
9793.25142,0,0,0,0,0,0,1,336217.2642,DS34,,,,,,,,,,,,,,,,,
9794.25142,0,0,0,0,0,0,1,336217.2642,DS34,,,,,,,,,,,,,,,,,
9795.25142,0,0,0,0,0,0,1,336217.2642,DS34,,,,,,,,,,,,,,,,,
9796.25142,0,0,0,0,0,0,1,336217.2642,DS34,,,,,,,,,,,,,,,,,
9797.25142,0,0,0,0,0,0,1,336217.2642,DS34,,,,,,,,,,,,,,,,,
9798.25142,0,0,0,0,0,0,1,336217.2642,DS34,,,,,,,,,,,,,,,,,
9799.25142,0,0,0,0,0,0,1,336217.2642,DS34,,,,,,,,,,,,,,,,,
9800.25142,0,0,0,0,0,0,1,336217.2642,DS34,,,,,,,,,,,,,,,,,
9801.25142,0,0,0,0,0,0,1,336217.2642,DS34,,,,,,,,,,,,,,,,,
9802.25142,0,0,0,0,0,0,1,336217.2642,DS34,,,,,,,,,,,,,,,,,
9803.25142,0,0,0,0,0,0,1,336217.2642,DS34,,,,,,,,,,,,,,,,,
9804.25142,0,0,0,0,0,0,1,336217.2642,DS34,,,,,,,,,,,,,,,,,
9805.25142,0,0,0,0,0,0,1,336217.2642,DS34,,,,,,,,,,,,,,,,,
9806.25142,0,0,0,0,0,0,1,336217.2642,DS34,,,,,,,,,,,,,,,,,
9807.25142,0,0,0,0,0,0,1,336217.2642,DS34,,,,,,,,,,,,,,,,,
9808.25142,0,0,0,0,0,0,1,336217.2642,DS34,,,,,,,,,,,,,,,,,
9809.25142,0,0,0,0,0,0,1,336217.2642,DS34,,,,,,,,,,,,,,,,,
9810.25142,0,0,0,0,0,0,1,336217.2642,DS34,,,,,,,,,,,,,,,,,
9811.25142,0,0,0,0,0,0,1,336217.2642,DS34,,,,,,,,,,,,,,,,,
9812.25142,0,0,0,0,0,0,1,336217.2642,DS34,,,,,,,,,,,,,,,,,
9813.25142,0,0,0,0,0,0,1,336217.2642,DS34,,,,,,,,,,,,,,,,,
9814.25142,0,0,0,0,0,0,1,336217.2642,DS34,,,,,,,,,,,,,,,,,
9815.25142,0,0,0,0,0,0,1,336217.2642,DS34,,,,,,,,,,,,,,,,,
9816.25142,0,0,0,0,0,0,1,336217.2642,DS34,,,,,,,,,,,,,,,,,
9817.25142,0,0,0,0,0,0,1,336217.2642,DS34,,,,,,,,,,,,,,,,,
9818.25142,0,0,0,0,0,0,1,336217.2642,DS34,,,,,,,,,,,,,,,,,
9819.25142,0,0,0,0,0,0,1,336217.2642,DS34,,,,,,,,,,,,,,,,,
9820.25142,0,0,0,0,0,0,1,336217.2642,DS34,,,,,,,,,,,,,,,,,
9821.25142,0,0,0,0,0,0,1,336217.2642,DS34,,,,,,,,,,,,,,,,,
9822.25142,0,0,0,0,0,0,1,336217.2642,DS34,,,,,,,,,,,,,,,,,
9823.25142,0,0,0,0,0,0,1,336217.2642,DS34,,,,,,,,,,,,,,,,,
9824.25142,0,0,0,0,0,0,1,336217.2642,DS34,,,,,,,,,,,,,,,,,
9825.25142,0,0,0,0,0,0,1,336217.2642,DS34,,,,,,,,,,,,,,,,,
9826.25142,0,0,0,0,0,0,1,336217.2642,DS34,,,,,,,,,,,,,,,,,
9827.25142,0,0,0,0,0,0,1,336217.2642,DS34,,,,,,,,,,,,,,,,,
9828.25142,0,0,0,0,0,0,1,336217.2642,DS34,,,,,,,,,,,,,,,,,
9829.25142,0,0,0,0,0,0,1,336217.2642,DS34,,,,,,,,,,,,,,,,,
9830.25142,0,0,0,0,0,0,1,336217.2642,DS34,,,,,,,,,,,,,,,,,
9831.25142,0,0,0,0,0,0,1,336217.2642,DS34,,,,,,,,,,,,,,,,,
9832.25142,0,0,0,0,0,0,1,336217.2642,DS34,,,,,,,,,,,,,,,,,
9833.25142,0,0,0,0,0,0,1,336217.2642,DS34,,,,,,,,,,,,,,,,,
9834.25142,0,0,0,0,0,0,1,336217.2642,DS34,,,,,,,,,,,,,,,,,
9835.25142,0,0,0,0,0,0,1,336217.2642,DS34,,,,,,,,,,,,,,,,,
9836.25142,0,0,0,0,0,0,1,336217.2642,DS34,,,,,,,,,,,,,,,,,
9837.25142,0,0,0,0,0,0,1,336217.2642,DS34,,,,,,,,,,,,,,,,,
9838.25142,0,0,0,0,0,0,1,336217.2642,DS34,,,,,,,,,,,,,,,,,
9839.25142,0,0,0,0,0,0,1,336217.2642,DS34,,,,,,,,,,,,,,,,,
9840.25142,0,0,0,0,0,0,1,336217.2642,DS34,,,,,,,,,,,,,,,,,
9841.25142,0,0,0,0,0,0,1,336217.2642,DS34,,,,,,,,,,,,,,,,,
9842.25142,0,0,0,0,0,0,1,336217.2642,DS34,,,,,,,,,,,,,,,,,
9843.25142,0,0,0,0,0,0,1,336217.2642,DS34,,,,,,,,,,,,,,,,,
9844.25142,0,0,0,0,0,0,1,336217.2642,DS34,,,,,,,,,,,,,,,,,
9845.25142,0,0,0,0,0,0,1,336217.2642,DS34,,,,,,,,,,,,,,,,,
9846.25142,0,0,0,0,0,0,1,336217.2642,DS34,,,,,,,,,,,,,,,,,
9847.25142,0,0,0,0,0,0,1,336217.2642,DS34,,,,,,,,,,,,,,,,,
9848.25142,0,0,0,0,0,0,1,336217.2642,DS34,,,,,,,,,,,,,,,,,
9849.25142,0,0,0,0,0,0,1,336217.2642,DS34,,,,,,,,,,,,,,,,,
9850.25142,0,0,0,0,0,0,1,336217.2642,DS34,,,,,,,,,,,,,,,,,
9851.25142,0,0,0,0,0,0,1,336217.2642,DS34,,,,,,,,,,,,,,,,,
9852.25142,0,0,0,0,0,0,1,336217.2642,DS34,,,,,,,,,,,,,,,,,
9853.25142,0,0,0,0,0,0,1,336217.2642,DS34,,,,,,,,,,,,,,,,,
9854.25142,0,0,0,0,0,0,1,336217.2642,DS34,,,,,,,,,,,,,,,,,
9855.25142,0,0,0,0,0,0,1,336217.2642,DS34,,,,,,,,,,,,,,,,,
9856.25142,0,0,0,0,0,0,1,336217.2642,DS34,,,,,,,,,,,,,,,,,
9857.25142,0,0,0,0,0,0,1,336217.2642,DS34,,,,,,,,,,,,,,,,,
9858.25142,0,0,0,0,0,0,1,336217.2642,DS34,,,,,,,,,,,,,,,,,
9859.25142,0,0,0,0,0,0,1,336217.2642,DS34,,,,,,,,,,,,,,,,,
9860.25142,0,0,0,0,0,0,1,336217.2642,DS34,,,,,,,,,,,,,,,,,
9861.25142,0,0,0,0,0,0,1,336217.2642,DS34,,,,,,,,,,,,,,,,,
9862.25142,0,0,0,0,0,0,1,336217.2642,DS34,,,,,,,,,,,,,,,,,
9863.25142,0,0,0,0,0,0,1,336217.2642,DS34,,,,,,,,,,,,,,,,,
9864.25142,0,0,0,0,0,0,1,336217.2642,DS34,,,,,,,,,,,,,,,,,
9865.25142,0,0,0,0,0,0,1,336217.2642,DS34,,,,,,,,,,,,,,,,,
9866.25142,0,0,0,0,0,0,1,336217.2642,DS34,,,,,,,,,,,,,,,,,
9867.25142,0,0,0,0,0,0,1,336217.2642,DS34,,,,,,,,,,,,,,,,,
9868.25142,0,0,0,0,0,0,1,336217.2642,DS34,,,,,,,,,,,,,,,,,
9869.25142,0,0,0,0,0,0,1,336217.2642,DS34,,,,,,,,,,,,,,,,,
9870.25142,0,0,0,0,0,0,1,336217.2642,DS34,,,,,,,,,,,,,,,,,
9871.25142,0,0,0,0,0,0,1,336217.2642,DS34,,,,,,,,,,,,,,,,,
9872.25142,0,0,0,0,0,0,1,336217.2642,DS34,,,,,,,,,,,,,,,,,
9873.25142,0,0,0,0,0,0,1,336217.2642,DS34,,,,,,,,,,,,,,,,,
9874.25142,0,0,0,0,0,0,1,336217.2642,DS34,,,,,,,,,,,,,,,,,
9875.25142,0,0,0,0,0,0,1,336217.2642,DS34,,,,,,,,,,,,,,,,,
9876.25142,0,0,0,0,0,0,1,336217.2642,DS34,,,,,,,,,,,,,,,,,
9877.25142,0,0,0,0,0,0,1,336217.2642,DS34,,,,,,,,,,,,,,,,,
9878.25142,0,0,0,0,0,0,1,336217.2642,DS34,,,,,,,,,,,,,,,,,
9879.25142,0,0,0,0,0,0,1,336217.2642,DS34,,,,,,,,,,,,,,,,,
9880.25142,0,0,0,0,0,0,1,336217.2642,DS34,,,,,,,,,,,,,,,,,
9881.25142,0,0,0,0,0,0,1,336217.2642,DS34,,,,,,,,,,,,,,,,,
9882.25142,0,0,0,0,0,0,1,336217.2642,DS34,,,,,,,,,,,,,,,,,
9883.25142,0,0,0,0,0,0,1,336217.2642,DS34,,,,,,,,,,,,,,,,,
9884.25142,0,0,0,0,0,0,1,336217.2642,DS34,,,,,,,,,,,,,,,,,
9885.25142,0,0,0,0,0,0,1,336217.2642,DS34,,,,,,,,,,,,,,,,,
9886.25142,0,0,0,0,0,0,1,336217.2642,DS34,,,,,,,,,,,,,,,,,
9887.25142,0,0,0,0,0,0,1,336217.2642,DS34,,,,,,,,,,,,,,,,,
9888.25142,0,0,0,0,0,0,1,336217.2642,DS34,,,,,,,,,,,,,,,,,
9889.25142,0,0,0,0,0,0,1,336217.2642,DS34,,,,,,,,,,,,,,,,,
9890.25142,0,0,0,0,0,0,1,336217.2642,DS34,,,,,,,,,,,,,,,,,
9891.25142,0,0,0,0,0,0,1,336217.2642,DS34,,,,,,,,,,,,,,,,,
9892.25142,0,0,0,0,0,0,1,336217.2642,DS34,,,,,,,,,,,,,,,,,
9893.25142,0,0,0,0,0,0,1,336217.2642,DS34,,,,,,,,,,,,,,,,,
9894.25142,0,0,0,0,0,0,1,336217.2642,DS34,,,,,,,,,,,,,,,,,
9895.25142,0,0,0,0,0,0,1,336217.2642,DS34,,,,,,,,,,,,,,,,,
9896.25142,0,0,0,0,0,0,1,336217.2642,DS34,,,,,,,,,,,,,,,,,
9897.25142,0,0,0,0,0,0,1,336217.2642,DS34,,,,,,,,,,,,,,,,,
9898.25142,0,0,0,0,0,0,1,336217.2642,DS34,,,,,,,,,,,,,,,,,
9899.25142,0,0,0,0,0,0,1,336217.2642,DS34,,,,,,,,,,,,,,,,,
9900.25142,0,0,0,0,0,0,1,336217.2642,DS34,,,,,,,,,,,,,,,,,
9901.25142,0,0,0,0,0,0,1,336217.2642,DS34,,,,,,,,,,,,,,,,,
9902.25142,0,0,0,0,0,0,1,336217.2642,DS34,,,,,,,,,,,,,,,,,
9903.25142,0,0,0,0,0,0,1,336217.2642,DS34,,,,,,,,,,,,,,,,,
9904.25142,0,0,0,0,0,0,1,336217.2642,DS34,,,,,,,,,,,,,,,,,
9905.25142,0,0,0,0,0,0,1,336217.2642,DS34,,,,,,,,,,,,,,,,,
9906.25142,0,0,0,0,0,0,1,336217.2642,DS34,,,,,,,,,,,,,,,,,
9907.25142,0,0,0,0,0,0,1,336217.2642,DS34,,,,,,,,,,,,,,,,,
9908.25142,0,0,0,0,0,0,1,336217.2642,DS34,,,,,,,,,,,,,,,,,
9909.25142,0,0,0,0,0,0,1,336217.2642,DS34,,,,,,,,,,,,,,,,,
9910.25142,0,0,0,0,0,0,1,336217.2642,DS34,,,,,,,,,,,,,,,,,
9911.25142,0,0,0,0,0,0,1,336217.2642,DS34,,,,,,,,,,,,,,,,,
9912.25142,0,0,0,0,0,0,1,336217.2642,DS34,,,,,,,,,,,,,,,,,
9913.25142,0,0,0,0,0,0,1,336217.2642,DS34,,,,,,,,,,,,,,,,,
9914.25142,0,0,0,0,0,0,1,336217.2642,DS34,,,,,,,,,,,,,,,,,
9915.25142,0,0,0,0,0,0,1,336217.2642,DS34,,,,,,,,,,,,,,,,,
9916.25142,0,0,0,0,0,0,1,336217.2642,DS34,,,,,,,,,,,,,,,,,
9917.25142,0,0,0,0,0,0,1,336217.2642,DS34,,,,,,,,,,,,,,,,,
9918.25142,0,0,0,0,0,0,1,336217.2642,DS34,,,,,,,,,,,,,,,,,
9919.25142,0,0,0,0,0,0,1,336217.2642,DS34,,,,,,,,,,,,,,,,,
9920.25142,0,0,0,0,0,0,1,336217.2642,DS34,,,,,,,,,,,,,,,,,
9921.25142,0,0,0,0,0,0,1,336217.2642,DS34,,,,,,,,,,,,,,,,,
9922.25142,0,0,0,0,0,0,1,336217.2642,DS34,,,,,,,,,,,,,,,,,
9923.25142,0,0,0,0,0,0,1,336217.2642,DS34,,,,,,,,,,,,,,,,,
9924.25142,0,0,0,0,0,0,1,336217.2642,DS34,,,,,,,,,,,,,,,,,
9925.25142,0,0,0,0,0,0,1,336217.2642,DS34,,,,,,,,,,,,,,,,,
9926.25142,0,0,0,0,0,0,1,336217.2642,DS34,,,,,,,,,,,,,,,,,
9927.25142,0,0,0,0,0,0,1,336217.2642,DS34,,,,,,,,,,,,,,,,,
9928.25142,0,0,0,0,0,0,1,336217.2642,DS34,,,,,,,,,,,,,,,,,
9929.25142,0,0,0,0,0,0,1,336217.2642,DS34,,,,,,,,,,,,,,,,,
9930.25142,0,0,0,0,0,0,1,336217.2642,DS34,,,,,,,,,,,,,,,,,
9931.25142,0,0,0,0,0,0,1,336217.2642,DS34,,,,,,,,,,,,,,,,,
9932.25142,0,0,0,0,0,0,1,336217.2642,DS34,,,,,,,,,,,,,,,,,
9933.25142,0,0,0,0,0,0,1,336217.2642,DS34,,,,,,,,,,,,,,,,,
9934.25142,0,0,0,0,0,0,1,336217.2642,DS34,,,,,,,,,,,,,,,,,
9935.25142,0,0,0,0,0,0,1,336217.2642,DS34,,,,,,,,,,,,,,,,,
9936.25142,0,0,0,0,0,0,1,336217.2642,DS34,,,,,,,,,,,,,,,,,
9937.25142,0,0,0,0,0,0,1,336217.2642,DS34,,,,,,,,,,,,,,,,,
9938.25142,0,0,0,0,0,0,1,336217.2642,DS34,,,,,,,,,,,,,,,,,
9939.25142,0,0,0,0,0,0,1,336217.2642,DS34,,,,,,,,,,,,,,,,,
9940.25142,0,0,0,0,0,0,1,336217.2642,DS34,,,,,,,,,,,,,,,,,
9941.25142,0,0,0,0,0,0,1,336217.2642,DS34,,,,,,,,,,,,,,,,,
9942.25142,0,0,0,0,0,0,1,336217.2642,DS34,,,,,,,,,,,,,,,,,
9943.25142,0,0,0,0,0,0,1,336217.2642,DS34,,,,,,,,,,,,,,,,,
9944.25142,0,0,0,0,0,0,1,336217.2642,DS34,,,,,,,,,,,,,,,,,
9945.25142,0,0,0,0,0,0,1,336217.2642,DS34,,,,,,,,,,,,,,,,,
9946.25142,0,0,0,0,0,0,1,336217.2642,DS34,,,,,,,,,,,,,,,,,
9947.25142,0,0,0,0,0,0,1,336217.2642,DS34,,,,,,,,,,,,,,,,,
9948.25142,0,0,0,0,0,0,1,336217.2642,DS34,,,,,,,,,,,,,,,,,
9949.25142,0,0,0,0,0,0,1,336217.2642,DS34,,,,,,,,,,,,,,,,,
9950.25142,0,0,0,0,0,0,1,336217.2642,DS34,,,,,,,,,,,,,,,,,
9951.25142,0,0,0,0,0,0,1,336217.2642,DS34,,,,,,,,,,,,,,,,,
9952.25142,0,0,0,0,0,0,1,336217.2642,DS34,,,,,,,,,,,,,,,,,
9953.25142,0,0,0,0,0,0,1,336217.2642,DS34,,,,,,,,,,,,,,,,,
9954.25142,0,0,0,0,0,0,1,336217.2642,DS34,,,,,,,,,,,,,,,,,
9955.169979,0,0,0,0,0,0,1,336217.2642,DS34,,,,,,,,,,,,,,,,,
9956.169979,0,0,0,0,0,0,1,336217.2642,DS34,,,,,,,,,,,,,,,,,
9957.169979,0,0,0,0,0,0,1,336217.2642,DS34,,,,,,,,,,,,,,,,,
9958.169979,0,0,0,0,0,0,1,336217.2642,DS34,,,,,,,,,,,,,,,,,
9959.169979,0,0,0,0,0,0,1,336217.2642,DS34,,,,,,,,,,,,,,,,,
9960.169979,0,0,0,0,0,0,1,336217.2642,DS34,,,,,,,,,,,,,,,,,
9961.169979,0,0,0,0,0,0,1,336217.2642,DS34,,,,,,,,,,,,,,,,,
9962.169979,0,0,0,0,0,0,1,336217.2642,DS34,,,,,,,,,,,,,,,,,
9963.169979,0,0,0,0,0,0,1,336217.2642,DS34,,,,,,,,,,,,,,,,,
9964.169979,0,0,0,0,0,0,1,336217.2642,DS34,,,,,,,,,,,,,,,,,
9965.169979,0,0,0,0,0,0,1,336217.2642,DS34,,,,,,,,,,,,,,,,,
9966.169979,0,0,0,0,0,0,1,336217.2642,DS34,,,,,,,,,,,,,,,,,
9967.169979,0,0,0,0,0,0,1,336217.2642,DS34,,,,,,,,,,,,,,,,,
9968.169979,0,0,0,0,0,0,1,336217.2642,DS34,,,,,,,,,,,,,,,,,
9969.169979,0,0,0,0,0,0,1,336217.2642,DS34,,,,,,,,,,,,,,,,,
9970.169979,0,0,0,0,0,0,1,336217.2642,DS34,,,,,,,,,,,,,,,,,
9971.169979,0,0,0,0,0,0,1,336217.2642,DS34,,,,,,,,,,,,,,,,,
9972.169979,0,0,0,0,0,0,1,336217.2642,DS34,,,,,,,,,,,,,,,,,
9973.169979,0,0,0,0,0,0,1,336217.2642,DS34,,,,,,,,,,,,,,,,,
9974.169979,0,0,0,0,0,0,1,336217.2642,DS34,,,,,,,,,,,,,,,,,
9975.169979,0,0,0,0,0,0,1,336217.2642,DS34,,,,,,,,,,,,,,,,,
9976.169979,0,0,0,0,0,0,1,336217.2642,DS34,,,,,,,,,,,,,,,,,
9977.169979,0,0,0,0,0,0,1,336217.2642,DS34,,,,,,,,,,,,,,,,,
9978.169979,0,0,0,0,0,0,1,336217.2642,DS34,,,,,,,,,,,,,,,,,
9979.169979,0,0,0,0,0,0,1,336217.2642,DS34,,,,,,,,,,,,,,,,,
9980.169979,0,0,0,0,0,0,1,336217.2642,DS34,,,,,,,,,,,,,,,,,
9981.169979,0,0,0,0,0,0,1,336217.2642,DS34,,,,,,,,,,,,,,,,,
9982.169979,0,0,0,0,0,0,1,336217.2642,DS34,,,,,,,,,,,,,,,,,
9983.169979,0,0,0,0,0,0,1,336217.2642,DS34,,,,,,,,,,,,,,,,,
9984.169979,0,0,0,0,0,0,1,336217.2642,DS34,,,,,,,,,,,,,,,,,
9985.169979,0,0,0,0,0,0,1,336217.2642,DS34,,,,,,,,,,,,,,,,,
9986.169979,0,0,0,0,0,0,1,336217.2642,DS34,,,,,,,,,,,,,,,,,
9987.169979,0,0,0,0,0,0,1,336217.2642,DS34,,,,,,,,,,,,,,,,,
9988.169979,0,0,0,0,0,0,1,336217.2642,DS34,,,,,,,,,,,,,,,,,
9989.169979,0,0,0,0,0,0,1,336217.2642,DS34,,,,,,,,,,,,,,,,,
9990.169979,0,0,0,0,0,0,1,336217.2642,DS34,,,,,,,,,,,,,,,,,
9991.169979,0,0,0,0,0,0,1,336217.2642,DS34,,,,,,,,,,,,,,,,,
9992.169979,0,0,0,0,0,0,1,336217.2642,DS34,,,,,,,,,,,,,,,,,
9993.169979,0,0,0,0,0,0,1,336217.2642,DS34,,,,,,,,,,,,,,,,,
9994.169979,0,0,0,0,0,0,1,336217.2642,DS34,,,,,,,,,,,,,,,,,
9995.169979,0,0,0,0,0,0,1,336217.2642,DS34,,,,,,,,,,,,,,,,,
9996.169979,0,0,0,0,0,0,1,336217.2642,DS34,,,,,,,,,,,,,,,,,
9997.169979,0,0,0,0,0,0,1,336217.2642,DS34,,,,,,,,,,,,,,,,,
9998.169979,0,0,0,0,0,0,1,336217.2642,DS34,,,,,,,,,,,,,,,,,
9999.169979,0,0,0,0,0,0,1,336217.2642,DS34,,,,,,,,,,,,,,,,,
10000.16998,0,0,0,0,0,0,1,336217.2642,DS34,,,,,,,,,,,,,,,,,
10001.16998,0,0,0,0,0,0,1,336217.2642,DS34,,,,,,,,,,,,,,,,,
10002.16998,0,0,0,0,0,0,1,336217.2642,DS34,,,,,,,,,,,,,,,,,
10003.16998,0,0,0,0,0,0,1,336217.2642,DS34,,,,,,,,,,,,,,,,,
10004.16998,0,0,0,0,0,0,1,336217.2642,DS34,,,,,,,,,,,,,,,,,
10005.16998,0,0,0,0,0,0,1,336217.2642,DS34,,,,,,,,,,,,,,,,,
10006.16998,0,0,0,0,0,0,1,336217.2642,DS34,,,,,,,,,,,,,,,,,
10007.16998,0,0,0,0,0,0,1,336217.2642,DS34,,,,,,,,,,,,,,,,,
10008.16998,0,0,0,0,0,0,1,336217.2642,DS34,,,,,,,,,,,,,,,,,
10009.16998,0,0,0,0,0,0,1,336217.2642,DS34,,,,,,,,,,,,,,,,,
10010.16998,0,0,0,0,0,0,1,336217.2642,DS34,,,,,,,,,,,,,,,,,
10011.16998,0,0,0,0,0,0,1,336217.2642,DS34,,,,,,,,,,,,,,,,,
10012.16998,0,0,0,0,0,0,1,336217.2642,DS34,,,,,,,,,,,,,,,,,
10013.16998,0,0,0,0,0,0,1,336217.2642,DS34,,,,,,,,,,,,,,,,,
10014.16998,0,0,0,0,0,0,1,336217.2642,DS34,,,,,,,,,,,,,,,,,
10015.16998,0,0,0,0,0,0,1,336217.2642,DS34,,,,,,,,,,,,,,,,,
10016.16998,0,0,0,0,0,0,1,336217.2642,DS34,,,,,,,,,,,,,,,,,
10017.16998,0,0,0,0,0,0,1,336217.2642,DS34,,,,,,,,,,,,,,,,,
10018.16998,0,0,0,0,0,0,1,336217.2642,DS34,,,,,,,,,,,,,,,,,
10019.16998,0,0,0,0,0,0,1,336217.2642,DS34,,,,,,,,,,,,,,,,,
10020.16998,0,0,0,0,0,0,1,336217.2642,DS34,,,,,,,,,,,,,,,,,
10021.16998,0,0,0,0,0,0,1,336217.2642,DS34,,,,,,,,,,,,,,,,,
10022.16998,0,0,0,0,0,0,1,336217.2642,DS34,,,,,,,,,,,,,,,,,
10023.16998,0,0,0,0,0,0,1,336217.2642,DS34,,,,,,,,,,,,,,,,,
10024.16998,0,0,0,0,0,0,1,336217.2642,DS34,,,,,,,,,,,,,,,,,
10025.16998,0,0,0,0,0,0,1,336217.2642,DS34,,,,,,,,,,,,,,,,,
10026.16998,0,0,0,0,0,0,1,336217.2642,DS34,,,,,,,,,,,,,,,,,
10027.16998,0,0,0,0,0,0,1,336217.2642,DS34,,,,,,,,,,,,,,,,,
10028.16998,0,0,0,0,0,0,1,336217.2642,DS34,,,,,,,,,,,,,,,,,
10029.16998,0,0,0,0,0,0,1,336217.2642,DS34,,,,,,,,,,,,,,,,,
10030.16998,0,0,0,0,0,0,1,336217.2642,DS34,,,,,,,,,,,,,,,,,
10031.16998,0,0,0,0,0,0,1,336217.2642,DS34,,,,,,,,,,,,,,,,,
10032.16998,0,0,0,0,0,0,1,336217.2642,DS34,,,,,,,,,,,,,,,,,
10033.16998,0,0,0,0,0,0,1,336217.2642,DS34,,,,,,,,,,,,,,,,,
10034.16998,0,0,0,0,0,0,1,336217.2642,DS34,,,,,,,,,,,,,,,,,
10035.16998,0,0,0,0,0,0,1,336217.2642,DS34,,,,,,,,,,,,,,,,,
10036.16998,0,0,0,0,0,0,1,336217.2642,DS34,,,,,,,,,,,,,,,,,
10037.16998,0,0,0,0,0,0,1,336217.2642,DS34,,,,,,,,,,,,,,,,,
10038.16998,0,0,0,0,0,0,1,336217.2642,DS34,,,,,,,,,,,,,,,,,
10039.16998,0,0,0,0,0,0,1,336217.2642,DS34,,,,,,,,,,,,,,,,,
10040.16998,0,0,0,0,0,0,1,336217.2642,DS34,,,,,,,,,,,,,,,,,
10041.16998,0,0,0,0,0,0,1,336217.2642,DS34,,,,,,,,,,,,,,,,,
10042.16998,0,0,0,0,0,0,1,336217.2642,DS34,,,,,,,,,,,,,,,,,
10043.16998,0,0,0,0,0,0,1,336217.2642,DS34,,,,,,,,,,,,,,,,,
10044.16998,0,0,0,0,0,0,1,336217.2642,DS34,,,,,,,,,,,,,,,,,
10045.16998,0,0,0,0,0,0,1,336217.2642,DS34,,,,,,,,,,,,,,,,,
10046.16998,0,0,0,0,0,0,1,336217.2642,DS34,,,,,,,,,,,,,,,,,
10047.16998,0,0,0,0,0,0,1,336217.2642,DS34,,,,,,,,,,,,,,,,,
10048.16998,0,0,0,0,0,0,1,336217.2642,DS34,,,,,,,,,,,,,,,,,
10049.16998,0,0,0,0,0,0,1,336217.2642,DS34,,,,,,,,,,,,,,,,,
10050.16998,0,0,0,0,0,0,1,336217.2642,DS34,,,,,,,,,,,,,,,,,
10051.16998,0,0,0,0,0,0,1,336217.2642,DS34,,,,,,,,,,,,,,,,,
10052.16998,0,0,0,0,0,0,1,336217.2642,DS34,,,,,,,,,,,,,,,,,
10053.16998,0,0,0,0,0,0,1,336217.2642,DS34,,,,,,,,,,,,,,,,,
10054.16998,0,0,0,0,0,0,1,336217.2642,DS34,,,,,,,,,,,,,,,,,
10055.16998,0,0,0,0,0,0,1,336217.2642,DS34,,,,,,,,,,,,,,,,,
10056.16998,0,0,0,0,0,0,1,336217.2642,DS34,,,,,,,,,,,,,,,,,
10057.16998,0,0,0,0,0,0,1,336217.2642,DS34,,,,,,,,,,,,,,,,,
10058.16998,0,0,0,0,0,0,1,336217.2642,DS34,,,,,,,,,,,,,,,,,
10059.16998,0,0,0,0,0,0,1,336217.2642,DS34,,,,,,,,,,,,,,,,,
10060.16998,0,0,0,0,0,0,1,336217.2642,DS34,,,,,,,,,,,,,,,,,
10061.16998,0,0,0,0,0,0,1,336217.2642,DS34,,,,,,,,,,,,,,,,,
10062.16998,0,0,0,0,0,0,1,336217.2642,DS34,,,,,,,,,,,,,,,,,
10063.16998,0,0,0,0,0,0,1,336217.2642,DS34,,,,,,,,,,,,,,,,,
10064.16998,0,0,0,0,0,0,1,336217.2642,DS34,,,,,,,,,,,,,,,,,
10065.16998,0,0,0,0,0,0,1,336217.2642,DS34,,,,,,,,,,,,,,,,,
10066.16998,0,0,0,0,0,0,1,336217.2642,DS34,,,,,,,,,,,,,,,,,
10067.16998,0,0,0,0,0,0,1,336217.2642,DS34,,,,,,,,,,,,,,,,,
10068.16998,0,0,0,0,0,0,1,336217.2642,DS34,,,,,,,,,,,,,,,,,
10069.16998,0,0,0,0,0,0,1,336217.2642,DS34,,,,,,,,,,,,,,,,,
10070.16998,0,0,0,0,0,0,1,336217.2642,DS34,,,,,,,,,,,,,,,,,
10071.16998,0,0,0,0,0,0,1,336217.2642,DS34,,,,,,,,,,,,,,,,,
10072.16998,0,0,0,0,0,0,1,336217.2642,DS34,,,,,,,,,,,,,,,,,
10073.16998,0,0,0,0,0,0,1,336217.2642,DS34,,,,,,,,,,,,,,,,,
10074.16998,0,0,0,0,0,0,1,336217.2642,DS34,,,,,,,,,,,,,,,,,
10075.16998,0,0,0,0,0,0,1,336217.2642,DS34,,,,,,,,,,,,,,,,,
10076.16998,0,0,0,0,0,0,1,336217.2642,DS34,,,,,,,,,,,,,,,,,
10077.16998,0,0,1,302190.3105,0,0,1,336217.2642,DS34,,,,,,,,,,,,,,,,,
10078.16998,0,0,1,302190.3105,0,0,1,336217.2642,DS34,,,,,,,,,,,,,,,,,
10079.16998,0,0,1,302190.3105,0,0,1,336217.2642,DS34,,,,,,,,,,,,,,,,,
10080.16998,0,0,1,302190.3105,0,0,1,336217.2642,DS34,,,,,,,,,,,,,,,,,
10081.16998,0,0,1,302190.3105,0,0,1,336217.2642,DS34,,,,,,,,,,,,,,,,,
10082.16998,0,0,1,302190.3105,0,0,1,336217.2642,DS34,,,,,,,,,,,,,,,,,
10083.16998,0,0,1,302190.3105,0,0,1,336217.2642,DS34,,,,,,,,,,,,,,,,,
10084.16998,0,0,1,302190.3105,0,0,1,336217.2642,DS34,,,,,,,,,,,,,,,,,
10085.16998,0,0,1,302190.3105,0,0,1,336217.2642,DS34,,,,,,,,,,,,,,,,,
10086.16998,0,0,1,302190.3105,0,0,1,336217.2642,DS34,,,,,,,,,,,,,,,,,
10087.16998,0,0,1,302190.3105,0,0,1,336217.2642,DS34,,,,,,,,,,,,,,,,,
10088.16998,0,0,1,302190.3105,0,0,1,336217.2642,DS34,,,,,,,,,,,,,,,,,
10089.16998,0,0,1,302190.3105,0,0,0,0,DS54,,,,,,,,,,,,,,,,,
10090.16998,0,0,1,302190.3105,0,0,0,0,DS54,,,,,,,,,,,,,,,,,
10091.16998,0,0,1,302190.3105,0,0,0,0,DS54,,,,,,,,,,,,,,,,,
10092.16998,0,0,1,302190.3105,0,0,0,0,DS54,,,,,,,,,,,,,,,,,
10093.16998,0,0,1,302190.3105,0,0,0,0,DS54,,,,,,,,,,,,,,,,,
10094.16998,0,0,1,302190.3105,0,0,0,0,DS54,,,,,,,,,,,,,,,,,
10095.16998,0,0,1,302190.3105,0,0,0,0,DS54,,,,,,,,,,,,,,,,,
10096.16998,0,0,1,302190.3105,0,0,0,0,DS54,,,,,,,,,,,,,,,,,
10097.16998,0,0,1,302190.3105,0,0,0,0,DS54,,,,,,,,,,,,,,,,,
10098.16998,0,0,1,302190.3105,0,0,0,0,DS54,,,,,,,,,,,,,,,,,
10099.16998,0,0,1,302190.3105,0,0,0,0,DS54,,,,,,,,,,,,,,,,,
10100.16998,0,0,1,302190.3105,0,0,0,0,DS54,,,,,,,,,,,,,,,,,
10101.16998,0,0,1,302190.3105,0,0,0,0,DS54,,,,,,,,,,,,,,,,,
10102.16998,0,0,1,302190.3105,0,0,0,0,DS54,,,,,,,,,,,,,,,,,
10103.16998,0,0,1,302190.3105,0,0,0,0,DS54,,,,,,,,,,,,,,,,,
10104.16998,0,0,1,302190.3105,0,0,0,0,DS54,,,,,,,,,,,,,,,,,
10105.16998,0,0,1,302190.3105,0,0,0,0,DS54,,,,,,,,,,,,,,,,,
10106.16998,0,0,1,302190.3105,0,0,0,0,DS54,,,,,,,,,,,,,,,,,
10107.16998,0,0,1,302190.3105,0,0,0,0,DS54,,,,,,,,,,,,,,,,,
10108.16998,0,0,1,302190.3105,0,0,0,0,DS54,,,,,,,,,,,,,,,,,
10109.16998,0,0,1,302190.3105,0,0,0,0,DS54,,,,,,,,,,,,,,,,,
10110.16998,0,0,1,302190.3105,0,0,0,0,DS54,,,,,,,,,,,,,,,,,
10111.16998,0,0,1,302190.3105,0,0,0,0,DS54,,,,,,,,,,,,,,,,,
10112.16998,0,0,1,302190.3105,0,0,0,0,DS54,,,,,,,,,,,,,,,,,
10113.16998,0,0,1,302190.3105,0,0,0,0,DS54,,,,,,,,,,,,,,,,,
10114.16998,0,0,1,302190.3105,0,0,0,0,DS54,,,,,,,,,,,,,,,,,
10115.16998,0,0,1,302190.3105,0,0,0,0,DS54,,,,,,,,,,,,,,,,,
10116.16998,0,0,1,302190.3105,0,0,0,0,DS54,,,,,,,,,,,,,,,,,
10117.16998,0,0,1,302190.3105,0,0,0,0,DS54,,,,,,,,,,,,,,,,,
10118.16998,0,0,1,302190.3105,0,0,0,0,DS54,,,,,,,,,,,,,,,,,
10119.16998,0,0,1,302190.3105,0,0,0,0,DS54,,,,,,,,,,,,,,,,,
10120.16998,0,0,1,302190.3105,0,0,0,0,DS54,,,,,,,,,,,,,,,,,
10121.16998,0,0,1,302190.3105,0,0,0,0,DS54,,,,,,,,,,,,,,,,,
10122.16998,0,0,1,302190.3105,0,0,0,0,DS54,,,,,,,,,,,,,,,,,
10123.16998,0,0,1,302190.3105,0,0,0,0,DS54,,,,,,,,,,,,,,,,,
10124.16998,0,0,1,302190.3105,0,0,0,0,DS54,,,,,,,,,,,,,,,,,
10125.16998,0,0,1,302190.3105,0,0,0,0,DS54,,,,,,,,,,,,,,,,,
10126.16998,0,0,1,302190.3105,0,0,0,0,DS54,,,,,,,,,,,,,,,,,
10127.16998,0,0,1,302190.3105,0,0,0,0,DS54,,,,,,,,,,,,,,,,,
10128.16998,0,0,1,302190.3105,0,0,0,0,DS54,,,,,,,,,,,,,,,,,
10129.16998,0,0,1,302190.3105,0,0,0,0,DS54,,,,,,,,,,,,,,,,,
10130.16998,0,0,1,302190.3105,0,0,0,0,DS54,,,,,,,,,,,,,,,,,
10131.16998,0,0,1,302190.3105,0,0,0,0,DS54,,,,,,,,,,,,,,,,,
10132.16998,0,0,1,302190.3105,0,0,0,0,DS54,,,,,,,,,,,,,,,,,
10133.16998,0,0,1,302190.3105,0,0,0,0,DS54,,,,,,,,,,,,,,,,,
10134.16998,0,0,1,302190.3105,0,0,0,0,DS54,,,,,,,,,,,,,,,,,
10135.16998,0,0,1,302190.3105,0,0,0,0,DS54,,,,,,,,,,,,,,,,,
10136.16998,0,0,1,302190.3105,0,0,0,0,DS54,,,,,,,,,,,,,,,,,
10137.16998,0,0,1,302190.3105,0,0,0,0,DS54,,,,,,,,,,,,,,,,,
10138.16998,0,0,1,302190.3105,0,0,0,0,DS54,,,,,,,,,,,,,,,,,
10139.16998,0,0,1,302190.3105,0,0,0,0,DS54,,,,,,,,,,,,,,,,,
10140.16998,0,0,1,302190.3105,0,0,0,0,DS54,,,,,,,,,,,,,,,,,
10141.16998,0,0,1,302190.3105,0,0,0,0,DS54,,,,,,,,,,,,,,,,,
10142.16998,0,0,1,302190.3105,0,0,0,0,DS54,,,,,,,,,,,,,,,,,
10143.16998,0,0,1,302190.3105,0,0,0,0,DS54,,,,,,,,,,,,,,,,,
10144.16998,0,0,1,302190.3105,0,0,0,0,DS54,,,,,,,,,,,,,,,,,
10145.16998,0,0,1,302190.3105,0,0,0,0,DS54,,,,,,,,,,,,,,,,,
10146.16998,0,0,1,302190.3105,0,0,0,0,DS54,,,,,,,,,,,,,,,,,
10147.16998,0,0,1,302190.3105,0,0,0,0,DS54,,,,,,,,,,,,,,,,,
10148.16998,0,0,1,302190.3105,0,0,0,0,DS54,,,,,,,,,,,,,,,,,
10149.16998,0,0,1,302190.3105,0,0,0,0,DS54,,,,,,,,,,,,,,,,,
10150.16998,0,0,1,302190.3105,0,0,0,0,DS54,,,,,,,,,,,,,,,,,
10151.16998,0,0,1,302190.3105,0,0,0,0,DS54,,,,,,,,,,,,,,,,,
10152.16998,0,0,1,302190.3105,0,0,0,0,DS54,,,,,,,,,,,,,,,,,
10153.16998,0,0,1,302190.3105,0,0,0,0,DS54,,,,,,,,,,,,,,,,,
10154.16998,0,0,1,302190.3105,0,0,0,0,DS54,,,,,,,,,,,,,,,,,
10155.16998,0,0,1,302190.3105,0,0,0,0,DS54,,,,,,,,,,,,,,,,,
10156.16998,0,0,1,302190.3105,0,0,0,0,DS54,,,,,,,,,,,,,,,,,
10157.16998,0,0,1,302190.3105,0,0,0,0,DS54,,,,,,,,,,,,,,,,,
10158.16998,0,0,1,302190.3105,0,0,0,0,DS54,,,,,,,,,,,,,,,,,
10159.16998,0,0,1,302190.3105,0,0,0,0,DS54,,,,,,,,,,,,,,,,,
10160.16998,0,0,1,302190.3105,0,0,0,0,DS54,,,,,,,,,,,,,,,,,
10161.16998,0,0,1,302190.3105,0,0,0,0,DS54,,,,,,,,,,,,,,,,,
10162.16998,0,0,1,302190.3105,0,0,0,0,DS54,,,,,,,,,,,,,,,,,
10163.16998,0,0,1,302190.3105,0,0,0,0,DS54,,,,,,,,,,,,,,,,,
10164.16998,0,0,1,302190.3105,0,0,0,0,DS54,,,,,,,,,,,,,,,,,
10165.16998,0,0,1,302190.3105,0,0,0,0,DS54,,,,,,,,,,,,,,,,,
10166.16998,0,0,1,302190.3105,0,0,0,0,DS54,,,,,,,,,,,,,,,,,
10167.16998,0,0,1,302190.3105,0,0,0,0,DS54,,,,,,,,,,,,,,,,,
10168.16998,0,0,1,302190.3105,0,0,0,0,DS54,,,,,,,,,,,,,,,,,
10169.16998,0,0,1,302190.3105,0,0,0,0,DS54,,,,,,,,,,,,,,,,,
10170.16998,0,0,1,302190.3105,0,0,0,0,DS54,,,,,,,,,,,,,,,,,
10171.16998,0,0,1,302190.3105,0,0,0,0,DS54,,,,,,,,,,,,,,,,,
10172.16998,0,0,1,302190.3105,0,0,0,0,DS54,,,,,,,,,,,,,,,,,
10173.16998,0,0,1,302190.3105,0,0,0,0,DS54,,,,,,,,,,,,,,,,,
10174.16998,0,0,1,302190.3105,0,0,0,0,DS54,,,,,,,,,,,,,,,,,
10175.16998,0,0,1,302190.3105,0,0,0,0,DS54,,,,,,,,,,,,,,,,,
10176.16998,0,0,1,302190.3105,0,0,0,0,DS54,,,,,,,,,,,,,,,,,
10177.16998,0,0,1,302190.3105,0,0,0,0,DS54,,,,,,,,,,,,,,,,,
10178.16998,0,0,1,302190.3105,0,0,0,0,DS54,,,,,,,,,,,,,,,,,
10179.16998,0,0,1,302190.3105,0,0,0,0,DS54,,,,,,,,,,,,,,,,,
10180.16998,0,0,1,302190.3105,0,0,0,0,DS54,,,,,,,,,,,,,,,,,
10181.16998,0,0,1,302190.3105,0,0,0,0,DS54,,,,,,,,,,,,,,,,,
10182.16998,0,0,1,302190.3105,0,0,0,0,DS54,,,,,,,,,,,,,,,,,
10183.16998,0,0,1,302190.3105,0,0,0,0,DS54,,,,,,,,,,,,,,,,,
10184.16998,0,0,1,302190.3105,0,0,0,0,DS54,,,,,,,,,,,,,,,,,
10185.16998,0,0,1,302190.3105,0,0,0,0,DS54,,,,,,,,,,,,,,,,,
10186.16998,0,0,1,302190.3105,0,0,0,0,DS54,,,,,,,,,,,,,,,,,
10187.16998,0,0,1,302190.3105,0,0,0,0,DS54,,,,,,,,,,,,,,,,,
10188.16998,0,0,1,302190.3105,0,0,0,0,DS54,,,,,,,,,,,,,,,,,
10189.16998,0,0,1,302190.3105,0,0,0,0,DS54,,,,,,,,,,,,,,,,,
10190.16998,0,0,1,302190.3105,0,0,0,0,DS54,,,,,,,,,,,,,,,,,
10191.16998,0,0,1,302190.3105,0,0,0,0,DS54,,,,,,,,,,,,,,,,,
10192.16998,0,0,1,302190.3105,0,0,0,0,DS54,,,,,,,,,,,,,,,,,
10193.16998,0,0,1,302190.3105,0,0,0,0,DS54,,,,,,,,,,,,,,,,,
10194.16998,0,0,1,302190.3105,0,0,0,0,DS54,,,,,,,,,,,,,,,,,
10195.16998,0,0,1,302190.3105,0,0,0,0,DS54,,,,,,,,,,,,,,,,,
10196.16998,0,0,1,302190.3105,0,0,0,0,DS54,,,,,,,,,,,,,,,,,
10197.16998,0,0,1,302190.3105,0,0,0,0,DS54,,,,,,,,,,,,,,,,,
10198.16998,0,0,1,302190.3105,0,0,0,0,DS54,,,,,,,,,,,,,,,,,
10199.16998,0,0,1,302190.3105,0,0,0,0,DS54,,,,,,,,,,,,,,,,,
10200.16998,0,0,1,302190.3105,0,0,0,0,DS54,,,,,,,,,,,,,,,,,
10201.16998,0,0,1,302190.3105,0,0,0,0,DS54,,,,,,,,,,,,,,,,,
10202.16998,0,0,1,302190.3105,0,0,0,0,DS54,,,,,,,,,,,,,,,,,
10203.16998,0,0,1,302190.3105,0,0,0,0,DS54,,,,,,,,,,,,,,,,,
10204.16998,0,0,1,302190.3105,0,0,0,0,DS54,,,,,,,,,,,,,,,,,
10205.16998,0,0,1,302190.3105,0,0,0,0,DS54,,,,,,,,,,,,,,,,,
10206.16998,0,0,1,302190.3105,0,0,0,0,DS54,,,,,,,,,,,,,,,,,
10207.16998,0,0,1,302190.3105,0,0,0,0,DS54,,,,,,,,,,,,,,,,,
10208.16998,0,0,1,302190.3105,0,0,0,0,DS54,,,,,,,,,,,,,,,,,
10209.16998,0,0,1,302190.3105,0,0,0,0,DS54,,,,,,,,,,,,,,,,,
10210.16998,0,0,1,302190.3105,0,0,0,0,DS54,,,,,,,,,,,,,,,,,
10211.16998,0,0,1,302190.3105,0,0,0,0,DS54,,,,,,,,,,,,,,,,,
10212.16998,0,0,1,302190.3105,0,0,0,0,DS54,,,,,,,,,,,,,,,,,
10213.16998,0,0,1,302190.3105,0,0,0,0,DS54,,,,,,,,,,,,,,,,,
10214.16998,0,0,1,302190.3105,0,0,0,0,DS54,,,,,,,,,,,,,,,,,
10215.16998,0,0,1,302190.3105,0,0,0,0,DS54,,,,,,,,,,,,,,,,,
10216.16998,0,0,1,302190.3105,0,0,0,0,DS54,,,,,,,,,,,,,,,,,
10217.16998,0,0,1,302190.3105,0,0,0,0,DS54,,,,,,,,,,,,,,,,,
10218.16998,0,0,1,302190.3105,0,0,0,0,DS54,,,,,,,,,,,,,,,,,
10219.16998,0,0,1,302190.3105,0,0,0,0,DS54,,,,,,,,,,,,,,,,,
10220.16998,0,0,1,302190.3105,0,0,0,0,DS54,,,,,,,,,,,,,,,,,
10221.16998,0,0,1,302190.3105,0,0,0,0,DS54,,,,,,,,,,,,,,,,,
10222.16998,0,0,1,302190.3105,0,0,0,0,DS54,,,,,,,,,,,,,,,,,
10223.16998,0,0,1,302190.3105,0,0,0,0,DS54,,,,,,,,,,,,,,,,,
10224.16998,0,0,1,302190.3105,0,0,0,0,DS54,,,,,,,,,,,,,,,,,
10225.16998,0,0,1,302190.3105,0,0,0,0,DS54,,,,,,,,,,,,,,,,,
10226.16998,0,0,1,302190.3105,0,0,0,0,DS54,,,,,,,,,,,,,,,,,
10227.16998,0,0,1,302190.3105,0,0,0,0,DS54,,,,,,,,,,,,,,,,,
10228.16998,0,0,1,302190.3105,0,0,0,0,DS54,,,,,,,,,,,,,,,,,
10229.16998,0,0,1,302190.3105,0,0,0,0,DS54,,,,,,,,,,,,,,,,,
10230.16998,0,0,1,302190.3105,0,0,0,0,DS54,,,,,,,,,,,,,,,,,
10231.16998,0,0,1,302190.3105,0,0,0,0,DS54,,,,,,,,,,,,,,,,,
10232.16998,0,0,1,302190.3105,0,0,0,0,DS54,,,,,,,,,,,,,,,,,
10233.16998,0,0,1,302190.3105,0,0,0,0,DS54,,,,,,,,,,,,,,,,,
10234.16998,0,0,1,302190.3105,0,0,0,0,DS54,,,,,,,,,,,,,,,,,
10235.16998,0,0,1,302190.3105,0,0,0,0,DS54,,,,,,,,,,,,,,,,,
10236.16998,0,0,1,302190.3105,0,0,0,0,DS54,,,,,,,,,,,,,,,,,
10237.16998,0,0,1,302190.3105,0,0,0,0,DS54,,,,,,,,,,,,,,,,,
10238.16998,0,0,1,302190.3105,0,0,0,0,DS54,,,,,,,,,,,,,,,,,
10239.16998,0,0,1,302190.3105,0,0,0,0,DS54,,,,,,,,,,,,,,,,,
10240.16998,0,0,1,302190.3105,0,0,0,0,DS54,,,,,,,,,,,,,,,,,
10241.16998,0,0,1,302190.3105,0,0,0,0,DS54,,,,,,,,,,,,,,,,,
10242.16998,0,0,1,302190.3105,0,0,0,0,DS54,,,,,,,,,,,,,,,,,
10243.16998,0,0,1,302190.3105,0,0,0,0,DS54,,,,,,,,,,,,,,,,,
10244.16998,0,0,1,302190.3105,0,0,0,0,DS54,,,,,,,,,,,,,,,,,
10245.16998,0,0,1,302190.3105,0,0,0,0,DS54,,,,,,,,,,,,,,,,,
10246.16998,0,0,1,302190.3105,0,0,0,0,DS54,,,,,,,,,,,,,,,,,
10247.16998,0,0,1,302190.3105,0,0,0,0,DS54,,,,,,,,,,,,,,,,,
10248.16998,0,0,1,302190.3105,0,0,0,0,DS54,,,,,,,,,,,,,,,,,
10249.16998,0,0,1,302190.3105,0,0,0,0,DS54,,,,,,,,,,,,,,,,,
10250.16998,0,0,1,302190.3105,0,0,0,0,DS54,,,,,,,,,,,,,,,,,
10251.16998,0,0,1,302190.3105,0,0,0,0,DS54,,,,,,,,,,,,,,,,,
10252.16998,0,0,1,302190.3105,0,0,0,0,DS54,,,,,,,,,,,,,,,,,
10253.16998,0,0,1,302190.3105,0,0,0,0,DS54,,,,,,,,,,,,,,,,,
10254.16998,0,0,1,302190.3105,0,0,0,0,DS54,,,,,,,,,,,,,,,,,
10255.16998,0,0,1,302190.3105,0,0,0,0,DS54,,,,,,,,,,,,,,,,,
10256.16998,0,0,1,302190.3105,0,0,0,0,DS54,,,,,,,,,,,,,,,,,
10257.16998,0,0,1,302190.3105,0,0,0,0,DS54,,,,,,,,,,,,,,,,,
10258.16998,0,0,1,302190.3105,0,0,0,0,DS54,,,,,,,,,,,,,,,,,
10259.16998,0,0,1,302190.3105,0,0,0,0,DS54,,,,,,,,,,,,,,,,,
10260.16998,0,0,1,302190.3105,0,0,0,0,DS54,,,,,,,,,,,,,,,,,
10261.16998,0,0,1,302190.3105,0,0,0,0,DS54,,,,,,,,,,,,,,,,,
10262.16998,0,0,1,302190.3105,0,0,0,0,DS54,,,,,,,,,,,,,,,,,
10263.16998,0,0,1,302190.3105,0,0,0,0,DS54,,,,,,,,,,,,,,,,,
10264.16998,0,0,1,302190.3105,0,0,0,0,DS54,,,,,,,,,,,,,,,,,
10265.16998,0,0,1,302190.3105,0,0,0,0,DS54,,,,,,,,,,,,,,,,,
10266.16998,0,0,1,302190.3105,0,0,0,0,DS54,,,,,,,,,,,,,,,,,
10267.16998,0,0,1,302190.3105,0,0,0,0,DS54,,,,,,,,,,,,,,,,,
10268.16998,0,0,1,302190.3105,0,0,0,0,DS54,,,,,,,,,,,,,,,,,
10269.16998,0,0,1,302190.3105,0,0,0,0,DS54,,,,,,,,,,,,,,,,,
10270.16998,0,0,1,302190.3105,0,0,0,0,DS54,,,,,,,,,,,,,,,,,
10271.16998,0,0,1,302190.3105,0,0,0,0,DS54,,,,,,,,,,,,,,,,,
10272.16998,0,0,1,302190.3105,0,0,0,0,DS54,,,,,,,,,,,,,,,,,
10273.16998,0,0,1,302190.3105,0,0,0,0,DS54,,,,,,,,,,,,,,,,,
10274.16998,0,0,1,302190.3105,0,0,0,0,DS54,,,,,,,,,,,,,,,,,
10275.16998,0,0,1,302190.3105,0,0,0,0,DS54,,,,,,,,,,,,,,,,,
10276.16998,0,0,1,302190.3105,0,0,0,0,DS54,,,,,,,,,,,,,,,,,
10277.16998,0,0,1,302190.3105,0,0,0,0,DS54,,,,,,,,,,,,,,,,,
10278.16998,0,0,1,302190.3105,0,0,0,0,DS54,,,,,,,,,,,,,,,,,
10279.16998,0,0,1,302190.3105,0,0,0,0,DS54,,,,,,,,,,,,,,,,,
10280.16998,0,0,1,302190.3105,0,0,0,0,DS54,,,,,,,,,,,,,,,,,
10281.16998,0,0,1,302190.3105,0,0,0,0,DS54,,,,,,,,,,,,,,,,,
10282.16998,0,0,1,302190.3105,0,0,0,0,DS54,,,,,,,,,,,,,,,,,
10283.16998,0,0,1,302190.3105,0,0,0,0,DS54,,,,,,,,,,,,,,,,,
10284.16998,0,0,1,302190.3105,0,0,0,0,DS54,,,,,,,,,,,,,,,,,
10285.16998,0,0,1,302190.3105,0,0,0,0,DS54,,,,,,,,,,,,,,,,,
10286.16998,0,0,1,302190.3105,0,0,0,0,DS54,,,,,,,,,,,,,,,,,
10287.16998,0,0,1,302190.3105,0,0,0,0,DS54,,,,,,,,,,,,,,,,,
10288.16998,0,0,1,302190.3105,0,0,0,0,DS54,,,,,,,,,,,,,,,,,
10289.16998,0,0,1,302190.3105,0,0,0,0,DS54,,,,,,,,,,,,,,,,,
10290.16998,0,0,1,302190.3105,0,0,0,0,DS54,,,,,,,,,,,,,,,,,
10291.16998,0,0,1,302190.3105,0,0,0,0,DS54,,,,,,,,,,,,,,,,,
10292.16998,0,0,1,302190.3105,0,0,0,0,DS54,,,,,,,,,,,,,,,,,
10293.16998,0,0,1,302190.3105,0,0,0,0,DS54,,,,,,,,,,,,,,,,,
10294.16998,0,0,1,302190.3105,0,0,0,0,DS54,,,,,,,,,,,,,,,,,
10295.16998,0,0,1,302190.3105,0,0,0,0,DS54,,,,,,,,,,,,,,,,,
10296.16998,0,0,1,302190.3105,0,0,0,0,DS54,,,,,,,,,,,,,,,,,
10297.16998,0,0,1,302190.3105,0,0,0,0,DS54,,,,,,,,,,,,,,,,,
10298.16998,0,0,1,302190.3105,0,0,0,0,DS54,,,,,,,,,,,,,,,,,
10299.16998,0,0,1,302190.3105,0,0,0,0,DS54,,,,,,,,,,,,,,,,,
10300.16998,0,0,1,302190.3105,0,0,0,0,DS54,,,,,,,,,,,,,,,,,
10301.16998,0,0,1,302190.3105,0,0,0,0,DS54,,,,,,,,,,,,,,,,,
10302.16998,0,0,1,302190.3105,0,0,0,0,DS54,,,,,,,,,,,,,,,,,
10303.16998,0,0,1,302190.3105,0,0,0,0,DS54,,,,,,,,,,,,,,,,,
10304.16998,0,0,1,302190.3105,0,0,0,0,DS54,,,,,,,,,,,,,,,,,
10305.16998,0,0,1,302190.3105,0,0,0,0,DS54,,,,,,,,,,,,,,,,,
10306.16998,0,0,1,302190.3105,0,0,0,0,DS54,,,,,,,,,,,,,,,,,
10307.16998,0,0,1,302190.3105,0,0,0,0,DS54,,,,,,,,,,,,,,,,,
10308.16998,0,0,1,302190.3105,0,0,0,0,DS54,,,,,,,,,,,,,,,,,
10309.16998,0,0,1,302190.3105,0,0,0,0,DS54,,,,,,,,,,,,,,,,,
10310.16998,0,0,1,302190.3105,0,0,0,0,DS54,,,,,,,,,,,,,,,,,
10311.16998,0,0,1,302190.3105,0,0,0,0,DS54,,,,,,,,,,,,,,,,,
10312.16998,0,0,1,302190.3105,0,0,0,0,DS54,,,,,,,,,,,,,,,,,
10313.16998,0,0,1,302190.3105,0,0,0,0,DS54,,,,,,,,,,,,,,,,,
10314.16998,0,0,1,302190.3105,0,0,0,0,DS54,,,,,,,,,,,,,,,,,
10315.16998,0,0,1,302190.3105,0,0,0,0,DS54,,,,,,,,,,,,,,,,,
10316.16998,0,0,1,302190.3105,0,0,0,0,DS54,,,,,,,,,,,,,,,,,
10317.16998,0,0,1,302190.3105,0,0,0,0,DS54,,,,,,,,,,,,,,,,,
10318.16998,0,0,1,302190.3105,0,0,0,0,DS54,,,,,,,,,,,,,,,,,
10319.16998,0,0,1,302190.3105,0,0,0,0,DS54,,,,,,,,,,,,,,,,,
10320.16998,0,0,1,302190.3105,0,0,0,0,DS54,,,,,,,,,,,,,,,,,
10321.16998,0,0,1,302190.3105,0,0,0,0,DS54,,,,,,,,,,,,,,,,,
10322.16998,0,0,1,302190.3105,0,0,0,0,DS54,,,,,,,,,,,,,,,,,
10323.16998,0,0,1,302190.3105,0,0,0,0,DS54,,,,,,,,,,,,,,,,,
10324.16998,0,0,1,302190.3105,0,0,0,0,DS54,,,,,,,,,,,,,,,,,
10325.16998,0,0,1,302190.3105,0,0,0,0,DS54,,,,,,,,,,,,,,,,,
10326.16998,0,0,1,302190.3105,0,0,0,0,DS54,,,,,,,,,,,,,,,,,
10327.16998,0,0,1,302190.3105,0,0,0,0,DS54,,,,,,,,,,,,,,,,,
10328.16998,0,0,1,302190.3105,0,0,0,0,DS54,,,,,,,,,,,,,,,,,
10329.16998,0,0,1,302190.3105,0,0,0,0,DS54,,,,,,,,,,,,,,,,,
10330.16998,0,0,1,302190.3105,0,0,0,0,DS54,,,,,,,,,,,,,,,,,
10331.16998,0,0,1,302190.3105,0,0,0,0,DS54,,,,,,,,,,,,,,,,,
10332.16998,0,0,1,302190.3105,0,0,0,0,DS54,,,,,,,,,,,,,,,,,
10333.16998,1,288478.4845,1,302190.3105,0,0,0,0,DS54,,,,,,,,,,,,,,,,,
10334.16998,1,288478.4845,1,302190.3105,0,0,0,0,DS54,,,,,,,,,,,,,,,,,
10335.16998,1,288478.4845,1,302190.3105,0,0,0,0,DS54,,,,,,,,,,,,,,,,,
10336.16998,1,288478.4845,1,302190.3105,0,0,0,0,DS54,,,,,,,,,,,,,,,,,
10337.16998,1,288478.4845,1,302190.3105,0,0,0,0,DS54,,,,,,,,,,,,,,,,,
10338.16998,1,288478.4845,1,302190.3105,0,0,0,0,DS54,,,,,,,,,,,,,,,,,
10339.16998,1,288478.4845,1,302190.3105,0,0,0,0,DS54,,,,,,,,,,,,,,,,,
10340.16998,1,288478.4845,1,302190.3105,0,0,0,0,DS54,,,,,,,,,,,,,,,,,
10341.16998,1,288478.4845,1,302190.3105,0,0,0,0,DS54,,,,,,,,,,,,,,,,,
10342.16998,1,288478.4845,1,302190.3105,0,0,0,0,DS54,,,,,,,,,,,,,,,,,
10343.16998,1,288478.4845,1,302190.3105,0,0,0,0,DS54,,,,,,,,,,,,,,,,,
10344.16998,1,288478.4845,1,302190.3105,0,0,0,0,DS54,,,,,,,,,,,,,,,,,
10345.16998,1,288478.4845,1,302190.3105,0,0,0,0,DS54,,,,,,,,,,,,,,,,,
10346.16998,1,288478.4845,1,302190.3105,0,0,0,0,DS54,,,,,,,,,,,,,,,,,
10347.16998,1,288478.4845,1,302190.3105,0,0,0,0,DS54,,,,,,,,,,,,,,,,,
10348.16998,1,288478.4845,1,302190.3105,0,0,0,0,DS54,,,,,,,,,,,,,,,,,
10349.16998,1,288478.4845,1,302190.3105,0,0,0,0,DS54,,,,,,,,,,,,,,,,,
10350.16998,1,288478.4845,1,302190.3105,0,0,0,0,DS54,,,,,,,,,,,,,,,,,
10351.16998,1,288478.4845,1,302190.3105,0,0,0,0,DS54,,,,,,,,,,,,,,,,,
10352.16998,1,288478.4845,1,302190.3105,0,0,0,0,DS54,,,,,,,,,,,,,,,,,
10353.16998,1,288478.4845,1,302190.3105,0,0,0,0,DS54,,,,,,,,,,,,,,,,,
10354.16998,1,288478.4845,1,302190.3105,0,0,0,0,DS54,,,,,,,,,,,,,,,,,
10355.16998,1,288478.4845,1,302190.3105,0,0,0,0,DS54,,,,,,,,,,,,,,,,,
10356.16998,1,288478.4845,1,302190.3105,0,0,0,0,DS54,,,,,,,,,,,,,,,,,
10357.16998,1,288478.4845,1,302190.3105,0,0,0,0,DS54,,,,,,,,,,,,,,,,,
10358.16998,1,288478.4845,1,302190.3105,0,0,0,0,DS54,,,,,,,,,,,,,,,,,
10359.16998,1,288478.4845,1,302190.3105,0,0,0,0,DS54,,,,,,,,,,,,,,,,,
10360.16998,1,288478.4845,1,302190.3105,0,0,0,0,DS54,,,,,,,,,,,,,,,,,
10361.16998,1,288478.4845,1,302190.3105,0,0,0,0,DS54,,,,,,,,,,,,,,,,,
10362.16998,1,288478.4845,1,302190.3105,0,0,0,0,DS54,,,,,,,,,,,,,,,,,
10363.16998,1,288478.4845,1,302190.3105,0,0,0,0,DS54,,,,,,,,,,,,,,,,,
10364.16998,1,288478.4845,1,302190.3105,0,0,0,0,DS54,,,,,,,,,,,,,,,,,
10365.16998,1,288478.4845,1,302190.3105,0,0,0,0,DS54,,,,,,,,,,,,,,,,,
10366.16998,1,288478.4845,1,302190.3105,0,0,0,0,DS54,,,,,,,,,,,,,,,,,
10367.16998,1,288478.4845,1,302190.3105,0,0,0,0,DS54,,,,,,,,,,,,,,,,,
10368.16998,1,288478.4845,1,302190.3105,0,0,0,0,DS54,,,,,,,,,,,,,,,,,
10369.16998,1,288478.4845,1,302190.3105,0,0,0,0,DS54,,,,,,,,,,,,,,,,,
10370.16998,1,288478.4845,1,302190.3105,0,0,0,0,DS54,,,,,,,,,,,,,,,,,
10371.16998,1,288478.4845,1,302190.3105,0,0,0,0,DS54,,,,,,,,,,,,,,,,,
10372.16998,1,288478.4845,1,302190.3105,0,0,0,0,DS54,,,,,,,,,,,,,,,,,
10373.16998,1,288478.4845,1,302190.3105,0,0,0,0,DS54,,,,,,,,,,,,,,,,,
10374.16998,1,288478.4845,1,302190.3105,0,0,0,0,DS54,,,,,,,,,,,,,,,,,
10375.16998,1,288478.4845,1,302190.3105,0,0,0,0,DS54,,,,,,,,,,,,,,,,,
10376.16998,1,288478.4845,1,302190.3105,0,0,0,0,DS54,,,,,,,,,,,,,,,,,
10377.16998,1,288478.4845,1,302190.3105,0,0,0,0,DS54,,,,,,,,,,,,,,,,,
10378.16998,1,288478.4845,1,302190.3105,0,0,0,0,DS54,,,,,,,,,,,,,,,,,
10379.16998,1,288478.4845,1,302190.3105,0,0,0,0,DS54,,,,,,,,,,,,,,,,,
10380.16998,1,288478.4845,1,302190.3105,0,0,0,0,DS54,,,,,,,,,,,,,,,,,
10381.16998,1,288478.4845,1,302190.3105,0,0,0,0,DS54,,,,,,,,,,,,,,,,,
10382.16998,1,288478.4845,1,302190.3105,0,0,0,0,DS54,,,,,,,,,,,,,,,,,
10383.16998,1,288478.4845,1,302190.3105,0,0,0,0,DS54,,,,,,,,,,,,,,,,,
10384.16998,1,288478.4845,1,302190.3105,0,0,0,0,DS54,,,,,,,,,,,,,,,,,
10385.16998,1,288478.4845,1,302190.3105,0,0,0,0,DS54,,,,,,,,,,,,,,,,,
10386.16998,1,288478.4845,1,302190.3105,0,0,0,0,DS54,,,,,,,,,,,,,,,,,
10387.16998,1,288478.4845,1,302190.3105,0,0,0,0,DS54,,,,,,,,,,,,,,,,,
10388.16998,1,288478.4845,1,302190.3105,0,0,0,0,DS54,,,,,,,,,,,,,,,,,
10389.16998,1,288478.4845,1,302190.3105,0,0,0,0,DS54,,,,,,,,,,,,,,,,,
10390.16998,1,288478.4845,1,302190.3105,0,0,0,0,DS54,,,,,,,,,,,,,,,,,
10391.16998,1,288478.4845,1,302190.3105,0,0,0,0,DS54,,,,,,,,,,,,,,,,,
10392.16998,1,288478.4845,1,302190.3105,0,0,0,0,DS54,,,,,,,,,,,,,,,,,
10393.16998,1,288478.4845,1,302190.3105,0,0,0,0,DS54,,,,,,,,,,,,,,,,,
10394.16998,1,288478.4845,1,302190.3105,0,0,0,0,DS54,,,,,,,,,,,,,,,,,
10395.16998,1,288478.4845,1,302190.3105,0,0,0,0,DS54,,,,,,,,,,,,,,,,,
10396.16998,1,288478.4845,1,302190.3105,0,0,0,0,DS54,,,,,,,,,,,,,,,,,
10397.16998,1,288478.4845,1,302190.3105,0,0,0,0,DS54,,,,,,,,,,,,,,,,,
10398.16998,1,288478.4845,1,302190.3105,0,0,0,0,DS54,,,,,,,,,,,,,,,,,
10399.16998,1,288478.4845,1,302190.3105,0,0,0,0,DS54,,,,,,,,,,,,,,,,,
10400.16998,1,288478.4845,1,302190.3105,0,0,0,0,DS54,,,,,,,,,,,,,,,,,
10401.16998,1,288478.4845,1,302190.3105,0,0,0,0,DS54,,,,,,,,,,,,,,,,,
10402.16998,1,288478.4845,1,302190.3105,0,0,0,0,DS54,,,,,,,,,,,,,,,,,
10403.16998,1,288478.4845,1,302190.3105,0,0,0,0,DS54,,,,,,,,,,,,,,,,,
10404.16998,1,288478.4845,1,302190.3105,0,0,0,0,DS54,,,,,,,,,,,,,,,,,
10405.16998,1,288478.4845,1,302190.3105,0,0,0,0,DS54,,,,,,,,,,,,,,,,,
10406.16998,1,288478.4845,1,302190.3105,0,0,0,0,DS54,,,,,,,,,,,,,,,,,
10407.16998,1,288478.4845,1,302190.3105,0,0,0,0,DS54,,,,,,,,,,,,,,,,,
10408.16998,1,288478.4845,1,302190.3105,0,0,0,0,DS54,,,,,,,,,,,,,,,,,
10409.16998,1,288478.4845,1,302190.3105,0,0,0,0,DS54,,,,,,,,,,,,,,,,,
10410.16998,1,288478.4845,1,302190.3105,0,0,0,0,DS54,,,,,,,,,,,,,,,,,
10411.16998,1,288478.4845,1,302190.3105,0,0,0,0,DS54,,,,,,,,,,,,,,,,,
10412.16998,1,288478.4845,1,302190.3105,0,0,0,0,DS54,,,,,,,,,,,,,,,,,
10413.16998,1,288478.4845,1,302190.3105,0,0,0,0,DS54,,,,,,,,,,,,,,,,,
10414.16998,1,288478.4845,1,302190.3105,0,0,0,0,DS54,,,,,,,,,,,,,,,,,
10415.16998,1,288478.4845,1,302190.3105,0,0,0,0,DS54,,,,,,,,,,,,,,,,,
10416.16998,1,288478.4845,1,302190.3105,0,0,0,0,DS54,,,,,,,,,,,,,,,,,
10417.16998,1,288478.4845,1,302190.3105,0,0,0,0,DS54,,,,,,,,,,,,,,,,,
10418.16998,1,288478.4845,1,302190.3105,0,0,0,0,DS54,,,,,,,,,,,,,,,,,
10419.16998,1,288478.4845,1,302190.3105,0,0,0,0,DS54,,,,,,,,,,,,,,,,,
10420.16998,1,288478.4845,1,302190.3105,0,0,0,0,DS54,,,,,,,,,,,,,,,,,
10421.16998,1,288478.4845,1,302190.3105,0,0,0,0,DS54,,,,,,,,,,,,,,,,,
10422.16998,1,288478.4845,1,302190.3105,0,0,0,0,DS54,,,,,,,,,,,,,,,,,
10423.16998,1,288478.4845,1,302190.3105,0,0,0,0,DS54,,,,,,,,,,,,,,,,,
10424.16998,1,288478.4845,1,302190.3105,0,0,0,0,DS54,,,,,,,,,,,,,,,,,
10425.16998,1,288478.4845,1,302190.3105,0,0,0,0,DS54,,,,,,,,,,,,,,,,,
10426.16998,1,288478.4845,1,302190.3105,0,0,0,0,DS54,,,,,,,,,,,,,,,,,
10427.16998,1,288478.4845,1,302190.3105,0,0,0,0,DS54,,,,,,,,,,,,,,,,,
10428.16998,1,288478.4845,1,302190.3105,0,0,0,0,DS54,,,,,,,,,,,,,,,,,
10429.16998,1,288478.4845,1,302190.3105,0,0,0,0,DS54,,,,,,,,,,,,,,,,,
10430.16998,1,288478.4845,1,302190.3105,0,0,0,0,DS54,,,,,,,,,,,,,,,,,
10431.16998,1,288478.4845,1,302190.3105,0,0,0,0,DS54,,,,,,,,,,,,,,,,,
10432.16998,1,288478.4845,1,302190.3105,0,0,0,0,DS54,,,,,,,,,,,,,,,,,
10433.16998,1,288478.4845,1,302190.3105,0,0,0,0,DS54,,,,,,,,,,,,,,,,,
10434.16998,1,288478.4845,1,302190.3105,0,0,0,0,DS54,,,,,,,,,,,,,,,,,
10435.16998,1,288478.4845,1,302190.3105,0,0,0,0,DS54,,,,,,,,,,,,,,,,,
10436.16998,1,288478.4845,1,302190.3105,0,0,0,0,DS54,,,,,,,,,,,,,,,,,
10437.16998,1,288478.4845,1,302190.3105,0,0,0,0,DS54,,,,,,,,,,,,,,,,,
10438.16998,1,288478.4845,1,302190.3105,0,0,0,0,DS54,,,,,,,,,,,,,,,,,
10439.16998,1,288478.4845,1,302190.3105,0,0,0,0,DS54,,,,,,,,,,,,,,,,,
10440.16998,1,288478.4845,1,302190.3105,0,0,0,0,DS54,,,,,,,,,,,,,,,,,
10441.16998,1,288478.4845,1,302190.3105,0,0,0,0,DS54,,,,,,,,,,,,,,,,,
10442.16998,1,288478.4845,1,302190.3105,0,0,0,0,DS54,,,,,,,,,,,,,,,,,
10443.16998,1,288478.4845,1,302190.3105,0,0,0,0,DS54,,,,,,,,,,,,,,,,,
10444.16998,1,288478.4845,1,302190.3105,0,0,0,0,DS54,,,,,,,,,,,,,,,,,
10445.16998,1,288478.4845,1,302190.3105,0,0,0,0,DS54,,,,,,,,,,,,,,,,,
10446.16998,1,288478.4845,1,302190.3105,0,0,0,0,DS54,,,,,,,,,,,,,,,,,
10447.16998,1,288478.4845,1,302190.3105,0,0,0,0,DS54,,,,,,,,,,,,,,,,,
10448.16998,1,288478.4845,1,302190.3105,0,0,0,0,DS54,,,,,,,,,,,,,,,,,
10449.16998,1,288478.4845,1,302190.3105,0,0,0,0,DS54,,,,,,,,,,,,,,,,,
10450.16998,1,288478.4845,1,302190.3105,0,0,0,0,DS54,,,,,,,,,,,,,,,,,
10451.16998,1,288478.4845,1,302190.3105,0,0,0,0,DS54,,,,,,,,,,,,,,,,,
10452.16998,1,288478.4845,1,302190.3105,0,0,0,0,DS54,,,,,,,,,,,,,,,,,
10453.16998,1,288478.4845,1,302190.3105,0,0,0,0,DS54,,,,,,,,,,,,,,,,,
10454.16998,1,288478.4845,1,302190.3105,0,0,0,0,DS54,,,,,,,,,,,,,,,,,
10455.16998,1,288478.4845,1,302190.3105,0,0,0,0,DS54,,,,,,,,,,,,,,,,,
10456.16998,1,288478.4845,1,302190.3105,0,0,0,0,DS54,,,,,,,,,,,,,,,,,
10457.16998,1,288478.4845,1,302190.3105,0,0,0,0,DS54,,,,,,,,,,,,,,,,,
10458.16998,1,288478.4845,1,302190.3105,0,0,0,0,DS54,,,,,,,,,,,,,,,,,
10459.16998,1,288478.4845,1,302190.3105,0,0,0,0,DS54,,,,,,,,,,,,,,,,,
10460.16998,1,288478.4845,1,302190.3105,0,0,0,0,DS54,,,,,,,,,,,,,,,,,
10461.16998,1,288478.4845,1,302190.3105,0,0,0,0,DS54,,,,,,,,,,,,,,,,,
10462.16998,1,288478.4845,1,302190.3105,0,0,0,0,DS54,,,,,,,,,,,,,,,,,
10463.16998,1,288478.4845,1,302190.3105,0,0,0,0,DS54,,,,,,,,,,,,,,,,,
10464.16998,1,288478.4845,1,302190.3105,0,0,0,0,DS54,,,,,,,,,,,,,,,,,
10465.16998,1,288478.4845,1,302190.3105,0,0,0,0,DS54,,,,,,,,,,,,,,,,,
10466.16998,1,288478.4845,1,302190.3105,0,0,0,0,DS54,,,,,,,,,,,,,,,,,
10467.16998,1,288478.4845,1,302190.3105,0,0,0,0,DS54,,,,,,,,,,,,,,,,,
10468.16998,1,288478.4845,1,302190.3105,0,0,0,0,DS54,,,,,,,,,,,,,,,,,
10469.16998,1,288478.4845,1,302190.3105,0,0,0,0,DS54,,,,,,,,,,,,,,,,,
10470.16998,1,288478.4845,1,302190.3105,0,0,0,0,DS54,,,,,,,,,,,,,,,,,
10471.16998,1,288478.4845,1,302190.3105,0,0,0,0,DS54,,,,,,,,,,,,,,,,,
10472.16998,1,288478.4845,1,302190.3105,0,0,0,0,DS54,,,,,,,,,,,,,,,,,
10473.16998,1,288478.4845,1,302190.3105,0,0,0,0,DS54,,,,,,,,,,,,,,,,,
10474.16998,1,288478.4845,1,302190.3105,0,0,0,0,DS54,,,,,,,,,,,,,,,,,
10475.16998,1,288478.4845,1,302190.3105,0,0,0,0,DS54,,,,,,,,,,,,,,,,,
10476.16998,1,288478.4845,1,302190.3105,0,0,0,0,DS54,,,,,,,,,,,,,,,,,
10477.16998,1,288478.4845,1,302190.3105,0,0,0,0,DS54,,,,,,,,,,,,,,,,,
10478.16998,1,288478.4845,1,302190.3105,0,0,0,0,DS54,,,,,,,,,,,,,,,,,
10479.16998,1,288478.4845,1,302190.3105,0,0,0,0,DS54,,,,,,,,,,,,,,,,,
10480.16998,1,288478.4845,1,302190.3105,0,0,0,0,DS54,,,,,,,,,,,,,,,,,
10481.16998,1,288478.4845,1,302190.3105,0,0,0,0,DS54,,,,,,,,,,,,,,,,,
10482.16998,1,288478.4845,1,302190.3105,0,0,0,0,DS54,,,,,,,,,,,,,,,,,
10483.16998,1,288478.4845,1,302190.3105,0,0,0,0,DS54,,,,,,,,,,,,,,,,,
10484.16998,1,288478.4845,1,302190.3105,0,0,0,0,DS54,,,,,,,,,,,,,,,,,
10485.16998,1,288478.4845,1,302190.3105,0,0,0,0,DS54,,,,,,,,,,,,,,,,,
10486.16998,1,288478.4845,1,302190.3105,0,0,0,0,DS54,,,,,,,,,,,,,,,,,
10487.16998,1,288478.4845,1,302190.3105,0,0,0,0,DS54,,,,,,,,,,,,,,,,,
10488.16998,1,288478.4845,1,302190.3105,0,0,0,0,DS54,,,,,,,,,,,,,,,,,
10489.16998,1,288478.4845,1,302190.3105,0,0,0,0,DS54,,,,,,,,,,,,,,,,,
10490.16998,1,288478.4845,1,302190.3105,0,0,0,0,DS54,,,,,,,,,,,,,,,,,
10491.16998,1,288478.4845,1,302190.3105,0,0,0,0,DS54,,,,,,,,,,,,,,,,,
10492.16998,1,288478.4845,1,302190.3105,0,0,0,0,DS54,,,,,,,,,,,,,,,,,
10493.16998,1,288478.4845,1,302190.3105,0,0,0,0,DS54,,,,,,,,,,,,,,,,,
10494.16998,1,288478.4845,1,302190.3105,0,0,0,0,DS54,,,,,,,,,,,,,,,,,
10495.16998,1,288478.4845,1,302190.3105,0,0,0,0,DS54,,,,,,,,,,,,,,,,,
10496.16998,1,288478.4845,1,302190.3105,0,0,0,0,DS54,,,,,,,,,,,,,,,,,
10497.16998,1,288478.4845,1,302190.3105,0,0,0,0,DS54,,,,,,,,,,,,,,,,,
10498.16998,1,288478.4845,1,302190.3105,0,0,0,0,DS54,,,,,,,,,,,,,,,,,
10499.16998,1,288478.4845,1,302190.3105,0,0,0,0,DS54,,,,,,,,,,,,,,,,,
10500.16998,1,288478.4845,1,302190.3105,0,0,0,0,DS54,,,,,,,,,,,,,,,,,
10501.16998,1,288478.4845,1,302190.3105,0,0,0,0,DS54,,,,,,,,,,,,,,,,,
10502.16998,1,288478.4845,1,302190.3105,0,0,0,0,DS54,,,,,,,,,,,,,,,,,
10503.16998,1,288478.4845,1,302190.3105,0,0,0,0,DS54,,,,,,,,,,,,,,,,,
10504.16998,1,288478.4845,1,302190.3105,0,0,0,0,DS54,,,,,,,,,,,,,,,,,
10505.16998,1,288478.4845,1,302190.3105,0,0,0,0,DS54,,,,,,,,,,,,,,,,,
10506.16998,1,288478.4845,1,302190.3105,0,0,0,0,DS54,,,,,,,,,,,,,,,,,
10507.16998,1,288478.4845,1,302190.3105,0,0,0,0,DS54,,,,,,,,,,,,,,,,,
10508.16998,1,288478.4845,1,302190.3105,0,0,0,0,DS54,,,,,,,,,,,,,,,,,
10509.16998,1,288478.4845,1,302190.3105,0,0,0,0,DS54,,,,,,,,,,,,,,,,,
10510.16998,1,288478.4845,1,302190.3105,0,0,0,0,DS54,,,,,,,,,,,,,,,,,
10511.16998,1,288478.4845,1,302190.3105,0,0,0,0,DS54,,,,,,,,,,,,,,,,,
10512.16998,1,288478.4845,1,302190.3105,0,0,0,0,DS54,,,,,,,,,,,,,,,,,
10513.16998,1,288478.4845,1,302190.3105,0,0,0,0,DS54,,,,,,,,,,,,,,,,,
10514.16998,1,288478.4845,1,302190.3105,0,0,0,0,DS54,,,,,,,,,,,,,,,,,
10515.16998,1,288478.4845,1,302190.3105,0,0,0,0,DS54,,,,,,,,,,,,,,,,,
10516.16998,1,288478.4845,1,302190.3105,0,0,0,0,DS54,,,,,,,,,,,,,,,,,
10517.16998,1,288478.4845,1,302190.3105,0,0,0,0,DS54,,,,,,,,,,,,,,,,,
10518.16998,1,288478.4845,1,302190.3105,0,0,0,0,DS54,,,,,,,,,,,,,,,,,
10519.16998,1,288478.4845,1,302190.3105,0,0,0,0,DS54,,,,,,,,,,,,,,,,,
10520.16998,1,288478.4845,1,302190.3105,0,0,0,0,DS54,,,,,,,,,,,,,,,,,
10521.16998,1,288478.4845,1,302190.3105,1,276818.0232,0,0,DS54,,,,,,,,,,,,,,,,,
10522.16998,1,288478.4845,1,302190.3105,1,276818.0232,0,0,DS54,,,,,,,,,,,,,,,,,
10523.16998,1,288478.4845,1,302190.3105,1,276818.0232,0,0,DS54,,,,,,,,,,,,,,,,,
10524.16998,1,288478.4845,1,302190.3105,1,276818.0232,0,0,DS54,,,,,,,,,,,,,,,,,
10525.16998,1,288478.4845,1,302190.3105,1,276818.0232,0,0,DS54,,,,,,,,,,,,,,,,,
10526.16998,1,288478.4845,1,302190.3105,1,276818.0232,0,0,DS54,,,,,,,,,,,,,,,,,
10527.16998,1,288478.4845,1,302190.3105,1,276818.0232,0,0,DS54,,,,,,,,,,,,,,,,,
10528.16998,1,288478.4845,1,302190.3105,1,276818.0232,0,0,DS54,,,,,,,,,,,,,,,,,
10529.16998,1,288478.4845,1,302190.3105,1,276818.0232,0,0,DS54,,,,,,,,,,,,,,,,,
10530.16998,1,288478.4845,1,302190.3105,1,276818.0232,0,0,DS54,,,,,,,,,,,,,,,,,
10531.16998,1,288478.4845,1,302190.3105,1,276818.0232,0,0,DS54,,,,,,,,,,,,,,,,,
10532.16998,1,288478.4845,1,302190.3105,1,276818.0232,0,0,DS54,,,,,,,,,,,,,,,,,
10533.16998,1,288478.4845,1,302190.3105,1,276818.0232,0,0,DS54,,,,,,,,,,,,,,,,,
10534.16998,1,288478.4845,1,302190.3105,1,276818.0232,0,0,DS54,,,,,,,,,,,,,,,,,
10535.16998,1,288478.4845,1,302190.3105,1,276818.0232,0,0,DS54,,,,,,,,,,,,,,,,,
10536.16998,1,288478.4845,1,302190.3105,1,276818.0232,0,0,DS54,,,,,,,,,,,,,,,,,
10537.16998,1,288478.4845,1,302190.3105,1,276818.0232,0,0,DS54,,,,,,,,,,,,,,,,,
10538.16998,1,288478.4845,1,302190.3105,1,276818.0232,0,0,DS54,,,,,,,,,,,,,,,,,
10539.16998,1,288478.4845,1,302190.3105,1,276818.0232,0,0,DS54,,,,,,,,,,,,,,,,,
10540.16998,1,288478.4845,1,302190.3105,1,276818.0232,0,0,DS54,,,,,,,,,,,,,,,,,
10541.16998,1,288478.4845,1,302190.3105,1,276818.0232,0,0,DS54,,,,,,,,,,,,,,,,,
10542.16998,1,288478.4845,1,302190.3105,1,276818.0232,0,0,DS54,,,,,,,,,,,,,,,,,
10543.16998,1,288478.4845,1,302190.3105,1,276818.0232,0,0,DS54,,,,,,,,,,,,,,,,,
10544.16998,1,288478.4845,1,302190.3105,1,276818.0232,0,0,DS54,,,,,,,,,,,,,,,,,
10545.16998,1,288478.4845,1,302190.3105,1,276818.0232,0,0,DS54,,,,,,,,,,,,,,,,,
10546.16998,1,288478.4845,1,302190.3105,1,276818.0232,0,0,DS54,,,,,,,,,,,,,,,,,
10547.16998,1,288478.4845,1,302190.3105,1,276818.0232,0,0,DS54,,,,,,,,,,,,,,,,,
10548.16998,1,288478.4845,1,302190.3105,1,276818.0232,0,0,DS54,,,,,,,,,,,,,,,,,
10549.16998,1,288478.4845,1,302190.3105,1,276818.0232,0,0,DS54,,,,,,,,,,,,,,,,,
10550.16998,1,288478.4845,1,302190.3105,1,276818.0232,0,0,DS54,,,,,,,,,,,,,,,,,
10551.16998,1,288478.4845,1,302190.3105,1,276818.0232,0,0,DS54,,,,,,,,,,,,,,,,,
10552.16998,1,288478.4845,1,302190.3105,1,276818.0232,0,0,DS54,,,,,,,,,,,,,,,,,
10553.16998,1,288478.4845,1,302190.3105,1,276818.0232,0,0,DS54,,,,,,,,,,,,,,,,,
10554.16998,1,288478.4845,1,302190.3105,1,276818.0232,0,0,DS54,,,,,,,,,,,,,,,,,
10555.16998,1,288478.4845,1,302190.3105,1,276818.0232,0,0,DS54,,,,,,,,,,,,,,,,,
10556.16998,1,288478.4845,1,302190.3105,1,276818.0232,0,0,DS54,,,,,,,,,,,,,,,,,
10557.16998,1,288478.4845,1,302190.3105,1,276818.0232,0,0,DS54,,,,,,,,,,,,,,,,,
10558.16998,1,288478.4845,1,302190.3105,1,276818.0232,0,0,DS54,,,,,,,,,,,,,,,,,
10559.16998,1,288478.4845,1,302190.3105,1,276818.0232,0,0,DS54,,,,,,,,,,,,,,,,,
10560.16998,1,288478.4845,1,302190.3105,1,276818.0232,0,0,DS54,,,,,,,,,,,,,,,,,
10561.16998,1,288478.4845,1,302190.3105,1,276818.0232,0,0,DS54,,,,,,,,,,,,,,,,,
10562.16998,1,288478.4845,1,302190.3105,1,276818.0232,0,0,DS54,,,,,,,,,,,,,,,,,
10563.16998,1,288478.4845,1,302190.3105,1,276818.0232,0,0,DS54,,,,,,,,,,,,,,,,,
10564.16998,1,288478.4845,1,302190.3105,1,276818.0232,0,0,DS54,,,,,,,,,,,,,,,,,
10565.16998,1,288478.4845,1,302190.3105,1,276818.0232,0,0,DS54,,,,,,,,,,,,,,,,,
10566.16998,1,288478.4845,1,302190.3105,1,276818.0232,0,0,DS54,,,,,,,,,,,,,,,,,
10567.16998,1,288478.4845,1,302190.3105,1,276818.0232,0,0,DS54,,,,,,,,,,,,,,,,,
10568.16998,1,288478.4845,1,302190.3105,1,276818.0232,0,0,DS54,,,,,,,,,,,,,,,,,
10569.16998,1,288478.4845,1,302190.3105,1,276818.0232,0,0,DS54,,,,,,,,,,,,,,,,,
10570.16998,1,288478.4845,1,302190.3105,1,276818.0232,0,0,DS54,,,,,,,,,,,,,,,,,
10571.16998,1,288478.4845,1,302190.3105,1,276818.0232,0,0,DS54,,,,,,,,,,,,,,,,,
10572.16998,1,288478.4845,1,302190.3105,1,276818.0232,0,0,DS54,,,,,,,,,,,,,,,,,
10573.16998,1,288478.4845,1,302190.3105,1,276818.0232,0,0,DS54,,,,,,,,,,,,,,,,,
10574.16998,1,288478.4845,1,302190.3105,1,276818.0232,0,0,DS54,,,,,,,,,,,,,,,,,
10575.16998,1,288478.4845,1,302190.3105,1,276818.0232,0,0,DS54,,,,,,,,,,,,,,,,,
10576.16998,1,288478.4845,1,302190.3105,1,276818.0232,0,0,DS54,,,,,,,,,,,,,,,,,
10577.16998,1,288478.4845,1,302190.3105,1,276818.0232,0,0,DS54,,,,,,,,,,,,,,,,,
10578.16998,1,288478.4845,1,302190.3105,1,276818.0232,0,0,DS54,,,,,,,,,,,,,,,,,
10579.16998,1,288478.4845,1,302190.3105,1,276818.0232,0,0,DS54,,,,,,,,,,,,,,,,,
10580.16998,1,288478.4845,1,302190.3105,1,276818.0232,0,0,DS54,,,,,,,,,,,,,,,,,
10581.16998,1,288478.4845,1,302190.3105,1,276818.0232,0,0,DS54,,,,,,,,,,,,,,,,,
10582.16998,1,288478.4845,1,302190.3105,1,276818.0232,0,0,DS54,,,,,,,,,,,,,,,,,
10583.16998,1,288478.4845,1,302190.3105,1,276818.0232,0,0,DS54,,,,,,,,,,,,,,,,,
10584.16998,1,288478.4845,1,302190.3105,1,276818.0232,0,0,DS54,,,,,,,,,,,,,,,,,
10585.16998,1,288478.4845,1,302190.3105,1,276818.0232,0,0,DS54,,,,,,,,,,,,,,,,,
10586.16998,1,288478.4845,1,302190.3105,1,276818.0232,0,0,DS54,,,,,,,,,,,,,,,,,
10587.16998,1,288478.4845,1,302190.3105,1,276818.0232,0,0,DS54,,,,,,,,,,,,,,,,,
10588.16998,1,288478.4845,1,302190.3105,1,276818.0232,0,0,DS54,,,,,,,,,,,,,,,,,
10589.16998,1,288478.4845,1,302190.3105,1,276818.0232,0,0,DS54,,,,,,,,,,,,,,,,,
10590.16998,1,288478.4845,1,302190.3105,1,276818.0232,0,0,DS54,,,,,,,,,,,,,,,,,
10591.16998,1,288478.4845,1,302190.3105,1,276818.0232,0,0,DS54,,,,,,,,,,,,,,,,,
10592.16998,1,288478.4845,1,302190.3105,1,276818.0232,0,0,DS54,,,,,,,,,,,,,,,,,
10593.16998,1,288478.4845,1,302190.3105,1,276818.0232,0,0,DS54,,,,,,,,,,,,,,,,,
10594.16998,1,288478.4845,1,302190.3105,1,276818.0232,0,0,DS54,,,,,,,,,,,,,,,,,
10595.16998,1,288478.4845,1,302190.3105,1,276818.0232,0,0,DS54,,,,,,,,,,,,,,,,,
10596.16998,1,288478.4845,1,302190.3105,1,276818.0232,0,0,DS54,,,,,,,,,,,,,,,,,
10597.16998,1,288478.4845,1,302190.3105,1,276818.0232,0,0,DS54,,,,,,,,,,,,,,,,,
10598.16998,1,288478.4845,1,302190.3105,1,276818.0232,0,0,DS54,,,,,,,,,,,,,,,,,
10599.16998,1,288478.4845,1,302190.3105,1,276818.0232,0,0,DS54,,,,,,,,,,,,,,,,,
10600.16998,1,288478.4845,1,302190.3105,1,276818.0232,0,0,DS54,,,,,,,,,,,,,,,,,
10601.16998,1,288478.4845,1,302190.3105,1,276818.0232,0,0,DS54,,,,,,,,,,,,,,,,,
10602.16998,1,288478.4845,0,0,1,276818.0232,0,0,DS24,,,,,,,,,,,,,,,,,
10603.16998,1,288478.4845,0,0,1,276818.0232,0,0,DS24,,,,,,,,,,,,,,,,,
10604.16998,1,288478.4845,0,0,1,276818.0232,0,0,DS24,,,,,,,,,,,,,,,,,
10605.16998,1,288478.4845,0,0,1,276818.0232,0,0,DS24,,,,,,,,,,,,,,,,,
10606.16998,1,288478.4845,0,0,1,276818.0232,0,0,DS24,,,,,,,,,,,,,,,,,
10607.16998,1,288478.4845,0,0,1,276818.0232,0,0,DS24,,,,,,,,,,,,,,,,,
10608.16998,1,288478.4845,0,0,1,276818.0232,0,0,DS24,,,,,,,,,,,,,,,,,
10609.16998,1,288478.4845,0,0,1,276818.0232,0,0,DS24,,,,,,,,,,,,,,,,,
10610.16998,1,288478.4845,0,0,1,276818.0232,0,0,DS24,,,,,,,,,,,,,,,,,
10611.16998,1,288478.4845,0,0,1,276818.0232,0,0,DS24,,,,,,,,,,,,,,,,,
10612.16998,1,288478.4845,0,0,1,276818.0232,0,0,DS24,,,,,,,,,,,,,,,,,
10613.16998,1,288478.4845,0,0,1,276818.0232,0,0,DS24,,,,,,,,,,,,,,,,,
10614.16998,1,288478.4845,0,0,1,276818.0232,0,0,DS24,,,,,,,,,,,,,,,,,
10615.16998,1,288478.4845,0,0,1,276818.0232,0,0,DS24,,,,,,,,,,,,,,,,,
10616.16998,1,288478.4845,0,0,1,276818.0232,0,0,DS24,,,,,,,,,,,,,,,,,
10617.16998,1,288478.4845,0,0,1,276818.0232,0,0,DS24,,,,,,,,,,,,,,,,,
10618.16998,1,288478.4845,0,0,1,276818.0232,0,0,DS24,,,,,,,,,,,,,,,,,
10619.16998,1,288478.4845,0,0,1,276818.0232,0,0,DS24,,,,,,,,,,,,,,,,,
10620.16998,1,288478.4845,0,0,1,276818.0232,0,0,DS24,,,,,,,,,,,,,,,,,
10621.16998,1,288478.4845,0,0,1,276818.0232,0,0,DS24,,,,,,,,,,,,,,,,,
10622.16998,1,288478.4845,0,0,1,276818.0232,0,0,DS24,,,,,,,,,,,,,,,,,
10623.16998,1,288478.4845,0,0,1,276818.0232,0,0,DS24,,,,,,,,,,,,,,,,,
10624.16998,1,288478.4845,0,0,1,276818.0232,0,0,DS24,,,,,,,,,,,,,,,,,
10625.16998,1,288478.4845,0,0,1,276818.0232,0,0,DS24,,,,,,,,,,,,,,,,,
10626.16998,1,288478.4845,0,0,1,276818.0232,0,0,DS24,,,,,,,,,,,,,,,,,
10627.16998,1,288478.4845,0,0,1,276818.0232,0,0,DS24,,,,,,,,,,,,,,,,,
10628.16998,1,288478.4845,0,0,1,276818.0232,0,0,DS24,,,,,,,,,,,,,,,,,
10629.16998,1,288478.4845,0,0,1,276818.0232,0,0,DS24,,,,,,,,,,,,,,,,,
10630.16998,1,288478.4845,0,0,1,276818.0232,0,0,DS24,,,,,,,,,,,,,,,,,
10631.16998,1,288478.4845,0,0,1,276818.0232,0,0,DS24,,,,,,,,,,,,,,,,,
10632.16998,1,288478.4845,0,0,1,276818.0232,0,0,DS24,,,,,,,,,,,,,,,,,
10633.16998,1,288478.4845,0,0,1,276818.0232,0,0,DS24,,,,,,,,,,,,,,,,,
10634.16998,1,288478.4845,0,0,1,276818.0232,0,0,DS24,,,,,,,,,,,,,,,,,
10635.16998,1,288478.4845,0,0,1,276818.0232,0,0,DS24,,,,,,,,,,,,,,,,,
10636.16998,1,288478.4845,0,0,1,276818.0232,0,0,DS24,,,,,,,,,,,,,,,,,
10637.16998,1,288478.4845,0,0,1,276818.0232,0,0,DS24,,,,,,,,,,,,,,,,,
10638.16998,1,288478.4845,0,0,1,276818.0232,0,0,DS24,,,,,,,,,,,,,,,,,
10639.16998,1,288478.4845,0,0,1,276818.0232,0,0,DS24,,,,,,,,,,,,,,,,,
10640.16998,1,288478.4845,0,0,1,276818.0232,0,0,DS24,,,,,,,,,,,,,,,,,
10641.16998,1,288478.4845,0,0,1,276818.0232,0,0,DS24,,,,,,,,,,,,,,,,,
10642.16998,1,288478.4845,0,0,1,276818.0232,0,0,DS24,,,,,,,,,,,,,,,,,
10643.16998,1,288478.4845,0,0,1,276818.0232,0,0,DS24,,,,,,,,,,,,,,,,,
10644.16998,1,288478.4845,0,0,1,276818.0232,0,0,DS24,,,,,,,,,,,,,,,,,
10645.16998,1,288478.4845,0,0,1,276818.0232,0,0,DS24,,,,,,,,,,,,,,,,,
10646.16998,1,288478.4845,0,0,1,276818.0232,0,0,DS24,,,,,,,,,,,,,,,,,
10647.16998,1,288478.4845,0,0,1,276818.0232,0,0,DS24,,,,,,,,,,,,,,,,,
10648.16998,1,288478.4845,0,0,1,276818.0232,0,0,DS24,,,,,,,,,,,,,,,,,
10649.16998,1,288478.4845,0,0,1,276818.0232,0,0,DS24,,,,,,,,,,,,,,,,,
10650.16998,1,288478.4845,0,0,1,276818.0232,0,0,DS24,,,,,,,,,,,,,,,,,
10651.16998,1,288478.4845,0,0,1,276818.0232,0,0,DS24,,,,,,,,,,,,,,,,,
10652.16998,1,288478.4845,0,0,1,276818.0232,0,0,DS24,,,,,,,,,,,,,,,,,
10653.16998,1,288478.4845,0,0,1,276818.0232,0,0,DS24,,,,,,,,,,,,,,,,,
10654.16998,1,288478.4845,0,0,1,276818.0232,0,0,DS24,,,,,,,,,,,,,,,,,
10655.16998,1,288478.4845,0,0,1,276818.0232,0,0,DS24,,,,,,,,,,,,,,,,,
10656.16998,1,288478.4845,0,0,1,276818.0232,0,0,DS24,,,,,,,,,,,,,,,,,
10657.16998,1,288478.4845,0,0,1,276818.0232,0,0,DS24,,,,,,,,,,,,,,,,,
10658.16998,1,288478.4845,0,0,1,276818.0232,0,0,DS24,,,,,,,,,,,,,,,,,
10659.16998,1,288478.4845,0,0,1,276818.0232,0,0,DS24,,,,,,,,,,,,,,,,,
10660.16998,1,288478.4845,0,0,1,276818.0232,0,0,DS24,,,,,,,,,,,,,,,,,
10661.16998,1,288478.4845,0,0,1,276818.0232,0,0,DS24,,,,,,,,,,,,,,,,,
10662.16998,1,288478.4845,0,0,1,276818.0232,0,0,DS24,,,,,,,,,,,,,,,,,
10663.16998,1,288478.4845,0,0,1,276818.0232,0,0,DS24,,,,,,,,,,,,,,,,,
10664.16998,1,288478.4845,0,0,1,276818.0232,0,0,DS24,,,,,,,,,,,,,,,,,
10665.16998,1,288478.4845,0,0,1,276818.0232,0,0,DS24,,,,,,,,,,,,,,,,,
10666.16998,1,288478.4845,0,0,1,276818.0232,0,0,DS24,,,,,,,,,,,,,,,,,
10667.16998,1,288478.4845,0,0,1,276818.0232,0,0,DS24,,,,,,,,,,,,,,,,,
10668.16998,1,288478.4845,0,0,1,276818.0232,0,0,DS24,,,,,,,,,,,,,,,,,
10669.16998,1,288478.4845,0,0,1,276818.0232,0,0,DS24,,,,,,,,,,,,,,,,,
10670.16998,1,288478.4845,0,0,1,276818.0232,0,0,DS24,,,,,,,,,,,,,,,,,
10671.16998,1,288478.4845,0,0,1,276818.0232,0,0,DS24,,,,,,,,,,,,,,,,,
10672.16998,1,288478.4845,0,0,1,276818.0232,0,0,DS24,,,,,,,,,,,,,,,,,
10673.16998,1,288478.4845,0,0,1,276818.0232,0,0,DS24,,,,,,,,,,,,,,,,,
10674.16998,1,288478.4845,0,0,1,276818.0232,0,0,DS24,,,,,,,,,,,,,,,,,
10675.16998,1,288478.4845,0,0,1,276818.0232,0,0,DS24,,,,,,,,,,,,,,,,,
10676.16998,1,288478.4845,0,0,1,276818.0232,0,0,DS24,,,,,,,,,,,,,,,,,
10677.16998,1,288478.4845,0,0,1,276818.0232,0,0,DS24,,,,,,,,,,,,,,,,,
10678.16998,1,288478.4845,0,0,1,276818.0232,0,0,DS24,,,,,,,,,,,,,,,,,
10679.16998,1,288478.4845,0,0,1,276818.0232,0,0,DS24,,,,,,,,,,,,,,,,,
10680.16998,1,288478.4845,0,0,1,276818.0232,0,0,DS24,,,,,,,,,,,,,,,,,
10681.16998,1,288478.4845,0,0,1,276818.0232,0,0,DS24,,,,,,,,,,,,,,,,,
10682.16998,1,288478.4845,0,0,1,276818.0232,0,0,DS24,,,,,,,,,,,,,,,,,
10683.16998,1,288478.4845,0,0,1,276818.0232,0,0,DS24,,,,,,,,,,,,,,,,,
10684.16998,1,288478.4845,0,0,1,276818.0232,0,0,DS24,,,,,,,,,,,,,,,,,
10685.16998,1,288478.4845,0,0,1,276818.0232,0,0,DS24,,,,,,,,,,,,,,,,,
10686.16998,1,288478.4845,0,0,1,276818.0232,0,0,DS24,,,,,,,,,,,,,,,,,
10687.16998,1,288478.4845,0,0,1,276818.0232,0,0,DS24,,,,,,,,,,,,,,,,,
10688.16998,1,288478.4845,0,0,1,276818.0232,0,0,DS24,,,,,,,,,,,,,,,,,
10689.16998,1,288478.4845,0,0,1,276818.0232,0,0,DS24,,,,,,,,,,,,,,,,,
10690.16998,1,288478.4845,0,0,1,276818.0232,0,0,DS24,,,,,,,,,,,,,,,,,
10691.16998,1,288478.4845,0,0,1,276818.0232,0,0,DS24,,,,,,,,,,,,,,,,,
10692.16998,1,288478.4845,0,0,1,276818.0232,0,0,DS24,,,,,,,,,,,,,,,,,
10693.16998,1,288478.4845,0,0,1,276818.0232,0,0,DS24,,,,,,,,,,,,,,,,,
10694.16998,1,288478.4845,0,0,1,276818.0232,0,0,DS24,,,,,,,,,,,,,,,,,
10695.16998,1,288478.4845,0,0,1,276818.0232,0,0,DS24,,,,,,,,,,,,,,,,,
10696.16998,1,288478.4845,0,0,1,276818.0232,0,0,DS24,,,,,,,,,,,,,,,,,
10697.16998,1,288478.4845,0,0,1,276818.0232,0,0,DS24,,,,,,,,,,,,,,,,,
10698.16998,1,288478.4845,0,0,1,276818.0232,0,0,DS24,,,,,,,,,,,,,,,,,
10699.16998,1,288478.4845,0,0,1,276818.0232,0,0,DS24,,,,,,,,,,,,,,,,,
10700.16998,1,288478.4845,0,0,1,276818.0232,0,0,DS24,,,,,,,,,,,,,,,,,
10701.16998,1,288478.4845,0,0,1,276818.0232,0,0,DS24,,,,,,,,,,,,,,,,,
10702.16998,1,288478.4845,0,0,1,276818.0232,0,0,DS24,,,,,,,,,,,,,,,,,
10703.16998,1,288478.4845,0,0,1,276818.0232,0,0,DS24,,,,,,,,,,,,,,,,,
10704.16998,1,288478.4845,0,0,1,276818.0232,0,0,DS24,,,,,,,,,,,,,,,,,
10705.16998,1,288478.4845,0,0,1,276818.0232,0,0,DS24,,,,,,,,,,,,,,,,,
10706.16998,1,288478.4845,0,0,1,276818.0232,0,0,DS24,,,,,,,,,,,,,,,,,
10707.16998,1,288478.4845,0,0,1,276818.0232,0,0,DS24,,,,,,,,,,,,,,,,,
10708.16998,1,288478.4845,0,0,1,276818.0232,0,0,DS24,,,,,,,,,,,,,,,,,
10709.16998,1,288478.4845,0,0,1,276818.0232,0,0,DS24,,,,,,,,,,,,,,,,,
10710.16998,1,288478.4845,0,0,1,276818.0232,0,0,DS24,,,,,,,,,,,,,,,,,
10711.16998,1,288478.4845,0,0,1,276818.0232,0,0,DS24,,,,,,,,,,,,,,,,,
10712.16998,1,288478.4845,0,0,1,276818.0232,0,0,DS24,,,,,,,,,,,,,,,,,
10713.16998,1,288478.4845,0,0,1,276818.0232,0,0,DS24,,,,,,,,,,,,,,,,,
10714.16998,1,288478.4845,0,0,1,276818.0232,0,0,DS24,,,,,,,,,,,,,,,,,
10715.16998,1,288478.4845,0,0,1,276818.0232,0,0,DS24,,,,,,,,,,,,,,,,,
10716.16998,1,288478.4845,0,0,1,276818.0232,0,0,DS24,,,,,,,,,,,,,,,,,
10717.16998,1,288478.4845,0,0,1,276818.0232,0,0,DS24,,,,,,,,,,,,,,,,,
10718.16998,1,288478.4845,0,0,1,276818.0232,0,0,DS24,,,,,,,,,,,,,,,,,
10719.16998,1,288478.4845,0,0,1,276818.0232,0,0,DS24,,,,,,,,,,,,,,,,,
10720.16998,1,288478.4845,0,0,1,276818.0232,0,0,DS24,,,,,,,,,,,,,,,,,
10721.16998,1,288478.4845,0,0,1,276818.0232,0,0,DS24,,,,,,,,,,,,,,,,,
10722.16998,1,288478.4845,0,0,1,276818.0232,0,0,DS24,,,,,,,,,,,,,,,,,
10723.16998,1,288478.4845,0,0,1,276818.0232,0,0,DS24,,,,,,,,,,,,,,,,,
10724.16998,1,288478.4845,0,0,1,276818.0232,0,0,DS24,,,,,,,,,,,,,,,,,
10725.16998,1,288478.4845,0,0,1,276818.0232,0,0,DS24,,,,,,,,,,,,,,,,,
10726.16998,1,288478.4845,0,0,1,276818.0232,0,0,DS24,,,,,,,,,,,,,,,,,
10727.16998,1,288478.4845,0,0,1,276818.0232,0,0,DS24,,,,,,,,,,,,,,,,,
10728.16998,1,288478.4845,0,0,1,276818.0232,0,0,DS24,,,,,,,,,,,,,,,,,
10729.16998,1,288478.4845,0,0,1,276818.0232,0,0,DS24,,,,,,,,,,,,,,,,,
10730.16998,1,288478.4845,0,0,1,276818.0232,0,0,DS24,,,,,,,,,,,,,,,,,
10731.16998,1,288478.4845,0,0,1,276818.0232,0,0,DS24,,,,,,,,,,,,,,,,,
10732.16998,1,288478.4845,0,0,1,276818.0232,0,0,DS24,,,,,,,,,,,,,,,,,
10733.16998,1,288478.4845,0,0,1,276818.0232,0,0,DS24,,,,,,,,,,,,,,,,,
10734.16998,1,288478.4845,0,0,1,276818.0232,0,0,DS24,,,,,,,,,,,,,,,,,
10735.16998,1,288478.4845,0,0,1,276818.0232,0,0,DS24,,,,,,,,,,,,,,,,,
10736.16998,1,288478.4845,0,0,1,276818.0232,0,0,DS24,,,,,,,,,,,,,,,,,
10737.16998,1,288478.4845,0,0,1,276818.0232,0,0,DS24,,,,,,,,,,,,,,,,,
10738.16998,1,288478.4845,0,0,1,276818.0232,0,0,DS24,,,,,,,,,,,,,,,,,
10739.16998,1,288478.4845,0,0,1,276818.0232,0,0,DS24,,,,,,,,,,,,,,,,,
10740.16998,1,288478.4845,0,0,1,276818.0232,0,0,DS24,,,,,,,,,,,,,,,,,
10741.16998,1,288478.4845,0,0,1,276818.0232,0,0,DS24,,,,,,,,,,,,,,,,,
10742.16998,1,288478.4845,0,0,1,276818.0232,0,0,DS24,,,,,,,,,,,,,,,,,
10743.16998,1,288478.4845,0,0,1,276818.0232,0,0,DS24,,,,,,,,,,,,,,,,,
10744.16998,1,288478.4845,0,0,1,276818.0232,0,0,DS24,,,,,,,,,,,,,,,,,
10745.16998,1,288478.4845,0,0,1,276818.0232,0,0,DS24,,,,,,,,,,,,,,,,,
10746.16998,1,288478.4845,0,0,1,276818.0232,0,0,DS24,,,,,,,,,,,,,,,,,
10747.16998,1,288478.4845,0,0,1,276818.0232,0,0,DS24,,,,,,,,,,,,,,,,,
10748.16998,1,288478.4845,0,0,1,276818.0232,0,0,DS24,,,,,,,,,,,,,,,,,
10749.16998,1,288478.4845,0,0,1,276818.0232,0,0,DS24,,,,,,,,,,,,,,,,,
10750.16998,1,288478.4845,0,0,1,276818.0232,0,0,DS24,,,,,,,,,,,,,,,,,
10751.16998,1,288478.4845,0,0,1,276818.0232,0,0,DS24,,,,,,,,,,,,,,,,,
10752.16998,1,288478.4845,0,0,1,276818.0232,0,0,DS24,,,,,,,,,,,,,,,,,
10753.16998,1,288478.4845,0,0,1,276818.0232,0,0,DS24,,,,,,,,,,,,,,,,,
10754.16998,1,288478.4845,0,0,1,276818.0232,0,0,DS24,,,,,,,,,,,,,,,,,
10755.16998,1,288478.4845,0,0,1,276818.0232,0,0,DS24,,,,,,,,,,,,,,,,,
10756.16998,1,288478.4845,0,0,1,276818.0232,0,0,DS24,,,,,,,,,,,,,,,,,
10757.16998,1,288478.4845,0,0,1,276818.0232,0,0,DS24,,,,,,,,,,,,,,,,,
10758.16998,1,288478.4845,0,0,1,276818.0232,0,0,DS24,,,,,,,,,,,,,,,,,
10759.16998,1,288478.4845,0,0,1,276818.0232,0,0,DS24,,,,,,,,,,,,,,,,,
10760.16998,1,288478.4845,0,0,1,276818.0232,0,0,DS24,,,,,,,,,,,,,,,,,
10761.16998,1,288478.4845,0,0,1,276818.0232,0,0,DS24,,,,,,,,,,,,,,,,,
10762.16998,1,288478.4845,0,0,1,276818.0232,0,0,DS24,,,,,,,,,,,,,,,,,
10763.16998,1,288478.4845,0,0,1,276818.0232,0,0,DS24,,,,,,,,,,,,,,,,,
10764.16998,1,288478.4845,0,0,1,276818.0232,0,0,DS24,,,,,,,,,,,,,,,,,
10765.16998,1,288478.4845,0,0,1,276818.0232,0,0,DS24,,,,,,,,,,,,,,,,,
10766.16998,1,288478.4845,0,0,1,276818.0232,0,0,DS24,,,,,,,,,,,,,,,,,
10767.16998,1,288478.4845,0,0,1,276818.0232,0,0,DS24,,,,,,,,,,,,,,,,,
10768.16998,1,288478.4845,0,0,1,276818.0232,0,0,DS24,,,,,,,,,,,,,,,,,
10769.16998,1,288478.4845,0,0,1,276818.0232,0,0,DS24,,,,,,,,,,,,,,,,,
10770.16998,1,288478.4845,0,0,1,276818.0232,0,0,DS24,,,,,,,,,,,,,,,,,
10771.16998,1,288478.4845,0,0,1,276818.0232,0,0,DS24,,,,,,,,,,,,,,,,,
10772.16998,1,288478.4845,0,0,1,276818.0232,0,0,DS24,,,,,,,,,,,,,,,,,
10773.16998,1,288478.4845,0,0,1,276818.0232,0,0,DS24,,,,,,,,,,,,,,,,,
10774.16998,1,288478.4845,0,0,1,276818.0232,0,0,DS24,,,,,,,,,,,,,,,,,
10775.16998,1,288478.4845,0,0,1,276818.0232,0,0,DS24,,,,,,,,,,,,,,,,,
10776.16998,1,288478.4845,0,0,1,276818.0232,0,0,DS24,,,,,,,,,,,,,,,,,
10777.16998,1,288478.4845,0,0,1,276818.0232,0,0,DS24,,,,,,,,,,,,,,,,,
10778.16998,1,288478.4845,0,0,1,276818.0232,0,0,DS24,,,,,,,,,,,,,,,,,
10779.16998,1,288478.4845,0,0,1,276818.0232,0,0,DS24,,,,,,,,,,,,,,,,,
10780.16998,1,288478.4845,0,0,1,276818.0232,0,0,DS24,,,,,,,,,,,,,,,,,
10781.16998,1,288478.4845,0,0,1,276818.0232,0,0,DS24,,,,,,,,,,,,,,,,,
10782.16998,1,288478.4845,0,0,1,276818.0232,0,0,DS24,,,,,,,,,,,,,,,,,
10783.16998,1,288478.4845,0,0,1,276818.0232,0,0,DS24,,,,,,,,,,,,,,,,,
10784.16998,1,288478.4845,0,0,1,276818.0232,0,0,DS24,,,,,,,,,,,,,,,,,
10785.16998,1,288478.4845,0,0,1,276818.0232,0,0,DS24,,,,,,,,,,,,,,,,,
10786.16998,1,288478.4845,0,0,1,276818.0232,0,0,DS24,,,,,,,,,,,,,,,,,
10787.16998,1,288478.4845,0,0,1,276818.0232,0,0,DS24,,,,,,,,,,,,,,,,,
10788.16998,1,288478.4845,0,0,1,276818.0232,0,0,DS24,,,,,,,,,,,,,,,,,
10789.16998,1,288478.4845,0,0,1,276818.0232,0,0,DS24,,,,,,,,,,,,,,,,,
10790.16998,1,288478.4845,0,0,1,276818.0232,0,0,DS24,,,,,,,,,,,,,,,,,
10791.16998,1,288478.4845,0,0,1,276818.0232,0,0,DS24,,,,,,,,,,,,,,,,,
10792.16998,1,288478.4845,0,0,1,276818.0232,0,0,DS24,,,,,,,,,,,,,,,,,
10793.16998,1,288478.4845,0,0,1,276818.0232,0,0,DS24,,,,,,,,,,,,,,,,,
10794.16998,1,288478.4845,0,0,1,276818.0232,0,0,DS24,,,,,,,,,,,,,,,,,
10795.16998,1,288478.4845,0,0,1,276818.0232,0,0,DS24,,,,,,,,,,,,,,,,,
10796.16998,1,288478.4845,0,0,1,276818.0232,0,0,DS24,,,,,,,,,,,,,,,,,
10797.16998,1,288478.4845,0,0,1,276818.0232,0,0,DS24,,,,,,,,,,,,,,,,,
10798.16998,1,288478.4845,0,0,1,276818.0232,0,0,DS24,,,,,,,,,,,,,,,,,
10799.16998,1,288478.4845,0,0,1,276818.0232,0,0,DS24,,,,,,,,,,,,,,,,,
10800.16998,1,288478.4845,0,0,1,276818.0232,0,0,DS24,,,,,,,,,,,,,,,,,
10801.16998,1,288478.4845,0,0,1,276818.0232,0,0,DS24,,,,,,,,,,,,,,,,,
10802.16998,1,288478.4845,0,0,1,276818.0232,0,0,DS24,,,,,,,,,,,,,,,,,
10803.16998,1,288478.4845,0,0,1,276818.0232,0,0,DS24,,,,,,,,,,,,,,,,,
10804.16998,1,288478.4845,0,0,1,276818.0232,0,0,DS24,,,,,,,,,,,,,,,,,
10805.16998,1,288478.4845,0,0,1,276818.0232,0,0,DS24,,,,,,,,,,,,,,,,,
10806.16998,1,288478.4845,0,0,1,276818.0232,0,0,DS24,,,,,,,,,,,,,,,,,
10807.16998,1,288478.4845,0,0,1,276818.0232,0,0,DS24,,,,,,,,,,,,,,,,,
10808.16998,1,288478.4845,0,0,1,276818.0232,0,0,DS24,,,,,,,,,,,,,,,,,
10809.16998,1,288478.4845,0,0,1,276818.0232,0,0,DS24,,,,,,,,,,,,,,,,,
10810.16998,1,288478.4845,0,0,1,276818.0232,0,0,DS24,,,,,,,,,,,,,,,,,
10811.16998,1,288478.4845,0,0,1,276818.0232,0,0,DS24,,,,,,,,,,,,,,,,,
10812.16998,1,288478.4845,0,0,1,276818.0232,0,0,DS24,,,,,,,,,,,,,,,,,
10813.16998,1,288478.4845,0,0,1,276818.0232,0,0,DS24,,,,,,,,,,,,,,,,,
10814.16998,1,288478.4845,0,0,1,276818.0232,1,258141.407,DS24,,,,,,,,,,,,,,,,,
10815.16998,1,288478.4845,0,0,1,276818.0232,1,258141.407,DS24,,,,,,,,,,,,,,,,,
10816.16998,1,288478.4845,0,0,1,276818.0232,1,258141.407,DS24,,,,,,,,,,,,,,,,,
10817.16998,1,288478.4845,0,0,1,276818.0232,1,258141.407,DS24,,,,,,,,,,,,,,,,,
10818.16998,1,288478.4845,0,0,1,276818.0232,1,258141.407,DS24,,,,,,,,,,,,,,,,,
10819.16998,1,288478.4845,0,0,1,276818.0232,1,258141.407,DS24,,,,,,,,,,,,,,,,,
10820.16998,1,288478.4845,0,0,1,276818.0232,1,258141.407,DS24,,,,,,,,,,,,,,,,,
10821.16998,1,288478.4845,0,0,1,276818.0232,1,258141.407,DS24,,,,,,,,,,,,,,,,,
10822.16998,1,288478.4845,0,0,1,276818.0232,1,258141.407,DS24,,,,,,,,,,,,,,,,,
10823.16998,1,288478.4845,0,0,1,276818.0232,1,258141.407,DS24,,,,,,,,,,,,,,,,,
10824.16998,1,288478.4845,0,0,1,276818.0232,1,258141.407,DS24,,,,,,,,,,,,,,,,,
10825.16998,1,288478.4845,0,0,1,276818.0232,1,258141.407,DS24,,,,,,,,,,,,,,,,,
10826.16998,1,288478.4845,0,0,1,276818.0232,1,258141.407,DS24,,,,,,,,,,,,,,,,,
10827.16998,1,288478.4845,0,0,1,276818.0232,1,258141.407,DS24,,,,,,,,,,,,,,,,,
10828.16998,1,288478.4845,0,0,1,276818.0232,1,258141.407,DS24,,,,,,,,,,,,,,,,,
10829.16998,1,288478.4845,0,0,1,276818.0232,1,258141.407,DS24,,,,,,,,,,,,,,,,,
10830.16998,1,288478.4845,0,0,1,276818.0232,1,258141.407,DS24,,,,,,,,,,,,,,,,,
10831.16998,1,288478.4845,0,0,1,276818.0232,1,258141.407,DS24,,,,,,,,,,,,,,,,,
10832.16998,1,288478.4845,0,0,1,276818.0232,1,258141.407,DS24,,,,,,,,,,,,,,,,,
10833.16998,1,288478.4845,0,0,1,276818.0232,1,258141.407,DS24,,,,,,,,,,,,,,,,,
10834.16998,1,288478.4845,0,0,1,276818.0232,1,258141.407,DS24,,,,,,,,,,,,,,,,,
10835.16998,1,288478.4845,0,0,1,276818.0232,1,258141.407,DS24,,,,,,,,,,,,,,,,,
10836.16998,1,288478.4845,0,0,1,276818.0232,1,258141.407,DS24,,,,,,,,,,,,,,,,,
10837.16998,1,288478.4845,0,0,1,276818.0232,1,258141.407,DS24,,,,,,,,,,,,,,,,,
10838.16998,1,288478.4845,0,0,1,276818.0232,1,258141.407,DS24,,,,,,,,,,,,,,,,,
10839.16998,1,288478.4845,0,0,1,276818.0232,1,258141.407,DS24,,,,,,,,,,,,,,,,,
10840.16998,1,288478.4845,0,0,1,276818.0232,1,258141.407,DS24,,,,,,,,,,,,,,,,,
10841.16998,1,288478.4845,0,0,1,276818.0232,1,258141.407,DS24,,,,,,,,,,,,,,,,,
10842.16998,1,288478.4845,0,0,1,276818.0232,1,258141.407,DS24,,,,,,,,,,,,,,,,,
10843.16998,1,288478.4845,0,0,1,276818.0232,1,258141.407,DS24,,,,,,,,,,,,,,,,,
10844.16998,1,288478.4845,0,0,1,276818.0232,1,258141.407,DS24,,,,,,,,,,,,,,,,,
10845.16998,1,288478.4845,0,0,1,276818.0232,1,258141.407,DS24,,,,,,,,,,,,,,,,,
10846.16998,1,288478.4845,0,0,1,276818.0232,1,258141.407,DS24,,,,,,,,,,,,,,,,,
10847.16998,1,288478.4845,0,0,1,276818.0232,1,258141.407,DS24,,,,,,,,,,,,,,,,,
10848.16998,1,288478.4845,0,0,1,276818.0232,1,258141.407,DS24,,,,,,,,,,,,,,,,,
10849.16998,1,288478.4845,0,0,1,276818.0232,1,258141.407,DS24,,,,,,,,,,,,,,,,,
10850.16998,1,288478.4845,0,0,1,276818.0232,1,258141.407,DS24,,,,,,,,,,,,,,,,,
10851.16998,1,288478.4845,0,0,1,276818.0232,1,258141.407,DS24,,,,,,,,,,,,,,,,,
10852.16998,1,288478.4845,0,0,1,276818.0232,1,258141.407,DS24,,,,,,,,,,,,,,,,,
10853.16998,1,288478.4845,0,0,1,276818.0232,1,258141.407,DS24,,,,,,,,,,,,,,,,,
10854.16998,1,288478.4845,0,0,1,276818.0232,1,258141.407,DS24,,,,,,,,,,,,,,,,,
10855.16998,1,288478.4845,0,0,1,276818.0232,1,258141.407,DS24,,,,,,,,,,,,,,,,,
10856.16998,1,288478.4845,0,0,1,276818.0232,1,258141.407,DS24,,,,,,,,,,,,,,,,,
10857.16998,1,288478.4845,0,0,1,276818.0232,1,258141.407,DS24,,,,,,,,,,,,,,,,,
10858.16998,1,288478.4845,0,0,1,276818.0232,1,258141.407,DS24,,,,,,,,,,,,,,,,,
10859.16998,1,288478.4845,0,0,1,276818.0232,1,258141.407,DS24,,,,,,,,,,,,,,,,,
10860.16998,1,288478.4845,0,0,1,276818.0232,1,258141.407,DS24,,,,,,,,,,,,,,,,,
10861.16998,1,288478.4845,0,0,1,276818.0232,1,258141.407,DS24,,,,,,,,,,,,,,,,,
10862.16998,1,288478.4845,0,0,1,276818.0232,1,258141.407,DS24,,,,,,,,,,,,,,,,,
10863.16998,1,288478.4845,0,0,1,276818.0232,1,258141.407,DS24,,,,,,,,,,,,,,,,,
10864.16998,1,288478.4845,0,0,1,276818.0232,1,258141.407,DS24,,,,,,,,,,,,,,,,,
10865.16998,1,288478.4845,0,0,1,276818.0232,1,258141.407,DS24,,,,,,,,,,,,,,,,,
10866.16998,1,288478.4845,0,0,1,276818.0232,1,258141.407,DS24,,,,,,,,,,,,,,,,,
10867.16998,1,288478.4845,0,0,1,276818.0232,1,258141.407,DS24,,,,,,,,,,,,,,,,,
10868.16998,1,288478.4845,0,0,1,276818.0232,1,258141.407,DS24,,,,,,,,,,,,,,,,,
10869.16998,1,288478.4845,0,0,1,276818.0232,1,258141.407,DS24,,,,,,,,,,,,,,,,,
10870.16998,1,288478.4845,0,0,1,276818.0232,1,258141.407,DS24,,,,,,,,,,,,,,,,,
10871.16998,1,288478.4845,0,0,1,276818.0232,1,258141.407,DS24,,,,,,,,,,,,,,,,,
10872.16998,1,288478.4845,0,0,1,276818.0232,1,258141.407,DS24,,,,,,,,,,,,,,,,,
10873.16998,1,288478.4845,0,0,1,276818.0232,1,258141.407,DS24,,,,,,,,,,,,,,,,,
10874.16998,1,288478.4845,0,0,1,276818.0232,1,258141.407,DS24,,,,,,,,,,,,,,,,,
10875.16998,1,288478.4845,0,0,1,276818.0232,1,258141.407,DS24,,,,,,,,,,,,,,,,,
10876.16998,1,288478.4845,0,0,1,276818.0232,1,258141.407,DS24,,,,,,,,,,,,,,,,,
10877.16998,1,288478.4845,0,0,1,276818.0232,1,258141.407,DS24,,,,,,,,,,,,,,,,,
10878.16998,1,288478.4845,0,0,1,276818.0232,1,258141.407,DS24,,,,,,,,,,,,,,,,,
10879.16998,1,288478.4845,0,0,1,276818.0232,1,258141.407,DS24,,,,,,,,,,,,,,,,,
10880.16998,1,288478.4845,0,0,1,276818.0232,1,258141.407,DS24,,,,,,,,,,,,,,,,,
10881.16998,1,288478.4845,0,0,1,276818.0232,1,258141.407,DS24,,,,,,,,,,,,,,,,,
10882.16998,1,288478.4845,0,0,1,276818.0232,1,258141.407,DS24,,,,,,,,,,,,,,,,,
10883.16998,1,288478.4845,0,0,1,276818.0232,1,258141.407,DS24,,,,,,,,,,,,,,,,,
10884.16998,1,288478.4845,0,0,1,276818.0232,1,258141.407,DS24,,,,,,,,,,,,,,,,,
10885.16998,1,288478.4845,0,0,1,276818.0232,1,258141.407,DS24,,,,,,,,,,,,,,,,,
10886.16998,1,288478.4845,0,0,1,276818.0232,1,258141.407,DS24,,,,,,,,,,,,,,,,,
10887.16998,1,288478.4845,0,0,1,276818.0232,1,258141.407,DS24,,,,,,,,,,,,,,,,,
10888.16998,1,288478.4845,0,0,1,276818.0232,1,258141.407,DS24,,,,,,,,,,,,,,,,,
10889.16998,1,288478.4845,0,0,1,276818.0232,1,258141.407,DS24,,,,,,,,,,,,,,,,,
10890.16998,1,288478.4845,0,0,1,276818.0232,1,258141.407,DS24,,,,,,,,,,,,,,,,,
10891.16998,1,288478.4845,0,0,1,276818.0232,1,258141.407,DS24,,,,,,,,,,,,,,,,,
10892.16998,1,288478.4845,0,0,1,276818.0232,1,258141.407,DS24,,,,,,,,,,,,,,,,,
10893.16998,1,288478.4845,0,0,1,276818.0232,1,258141.407,DS24,,,,,,,,,,,,,,,,,
10894.16998,1,288478.4845,0,0,1,276818.0232,1,258141.407,DS24,,,,,,,,,,,,,,,,,
10895.16998,1,288478.4845,0,0,1,276818.0232,1,258141.407,DS24,,,,,,,,,,,,,,,,,
10896.16998,1,288478.4845,0,0,1,276818.0232,1,258141.407,DS24,,,,,,,,,,,,,,,,,
10897.16998,1,288478.4845,0,0,1,276818.0232,1,258141.407,DS24,,,,,,,,,,,,,,,,,
10898.16998,1,288478.4845,0,0,1,276818.0232,1,258141.407,DS24,,,,,,,,,,,,,,,,,
10899.16998,1,288478.4845,0,0,1,276818.0232,1,258141.407,DS24,,,,,,,,,,,,,,,,,
10900.16998,1,288478.4845,0,0,1,276818.0232,1,258141.407,DS24,,,,,,,,,,,,,,,,,
10901.16998,1,288478.4845,0,0,1,276818.0232,1,258141.407,DS24,,,,,,,,,,,,,,,,,
10902.16998,1,288478.4845,0,0,1,276818.0232,1,258141.407,DS24,,,,,,,,,,,,,,,,,
10903.16998,1,288478.4845,0,0,1,276818.0232,1,258141.407,DS24,,,,,,,,,,,,,,,,,
10904.16998,0,0,0,0,1,276818.0232,1,258141.407,DS24,,,,,,,,,,,,,,,,,
10905.16998,0,0,0,0,1,276818.0232,1,258141.407,DS24,,,,,,,,,,,,,,,,,
10906.16998,0,0,0,0,1,276818.0232,1,258141.407,DS24,,,,,,,,,,,,,,,,,
10907.16998,0,0,0,0,1,276818.0232,1,258141.407,DS24,,,,,,,,,,,,,,,,,
10908.16998,0,0,0,0,1,276818.0232,1,258141.407,DS24,,,,,,,,,,,,,,,,,
10909.16998,0,0,0,0,1,276818.0232,1,258141.407,DS24,,,,,,,,,,,,,,,,,
10910.16998,0,0,0,0,1,276818.0232,1,258141.407,DS24,,,,,,,,,,,,,,,,,
10911.16998,0,0,0,0,1,276818.0232,1,258141.407,DS24,,,,,,,,,,,,,,,,,
10912.16998,0,0,0,0,1,276818.0232,1,258141.407,DS24,,,,,,,,,,,,,,,,,
10913.16998,0,0,0,0,1,276818.0232,1,258141.407,DS24,,,,,,,,,,,,,,,,,
10914.16998,0,0,0,0,1,276818.0232,1,258141.407,DS24,,,,,,,,,,,,,,,,,
10915.16998,0,0,0,0,1,276818.0232,1,258141.407,DS24,,,,,,,,,,,,,,,,,
10916.16998,0,0,0,0,1,276818.0232,1,258141.407,DS24,,,,,,,,,,,,,,,,,
10917.16998,0,0,0,0,1,276818.0232,1,258141.407,DS24,,,,,,,,,,,,,,,,,
10918.16998,0,0,0,0,1,276818.0232,1,258141.407,DS24,,,,,,,,,,,,,,,,,
10919.16998,0,0,0,0,1,276818.0232,1,258141.407,DS24,,,,,,,,,,,,,,,,,
10920.16998,0,0,0,0,1,276818.0232,1,258141.407,DS24,,,,,,,,,,,,,,,,,
10921.16998,0,0,0,0,1,276818.0232,1,258141.407,DS24,,,,,,,,,,,,,,,,,
10922.16998,0,0,0,0,1,276818.0232,1,258141.407,DS24,,,,,,,,,,,,,,,,,
10923.16998,0,0,0,0,1,276818.0232,1,258141.407,DS24,,,,,,,,,,,,,,,,,
10924.16998,0,0,0,0,1,276818.0232,1,258141.407,DS24,,,,,,,,,,,,,,,,,
10925.16998,0,0,0,0,1,276818.0232,1,258141.407,DS24,,,,,,,,,,,,,,,,,
10926.16998,0,0,0,0,1,276818.0232,1,258141.407,DS24,,,,,,,,,,,,,,,,,
10927.16998,0,0,0,0,1,276818.0232,1,258141.407,DS24,,,,,,,,,,,,,,,,,
10928.16998,0,0,0,0,1,276818.0232,1,258141.407,DS24,,,,,,,,,,,,,,,,,
10929.16998,0,0,0,0,1,276818.0232,1,258141.407,DS24,,,,,,,,,,,,,,,,,
10930.16998,0,0,0,0,1,276818.0232,1,258141.407,DS24,,,,,,,,,,,,,,,,,
10931.16998,0,0,0,0,1,276818.0232,1,258141.407,DS24,,,,,,,,,,,,,,,,,
10932.16998,0,0,0,0,1,276818.0232,1,258141.407,DS24,,,,,,,,,,,,,,,,,
10933.16998,0,0,0,0,1,276818.0232,1,258141.407,DS24,,,,,,,,,,,,,,,,,
10934.16998,0,0,0,0,1,276818.0232,1,258141.407,DS24,,,,,,,,,,,,,,,,,
10935.16998,0,0,0,0,1,276818.0232,1,258141.407,DS24,,,,,,,,,,,,,,,,,
10936.16998,0,0,0,0,1,276818.0232,1,258141.407,DS24,,,,,,,,,,,,,,,,,
10937.16998,0,0,0,0,1,276818.0232,1,258141.407,DS24,,,,,,,,,,,,,,,,,
10938.16998,0,0,0,0,1,276818.0232,1,258141.407,DS24,,,,,,,,,,,,,,,,,
10939.16998,0,0,0,0,1,276818.0232,1,258141.407,DS24,,,,,,,,,,,,,,,,,
10940.16998,0,0,0,0,1,276818.0232,1,258141.407,DS24,,,,,,,,,,,,,,,,,
10941.16998,0,0,0,0,1,276818.0232,1,258141.407,DS24,,,,,,,,,,,,,,,,,
10942.16998,0,0,0,0,1,276818.0232,1,258141.407,DS24,,,,,,,,,,,,,,,,,
10943.16998,0,0,0,0,1,276818.0232,1,258141.407,DS24,,,,,,,,,,,,,,,,,
10944.16998,0,0,0,0,1,276818.0232,1,258141.407,DS24,,,,,,,,,,,,,,,,,
10945.16998,0,0,0,0,1,276818.0232,1,258141.407,DS24,,,,,,,,,,,,,,,,,
10946.16998,0,0,0,0,1,276818.0232,1,258141.407,DS24,,,,,,,,,,,,,,,,,
10947.16998,0,0,0,0,1,276818.0232,1,258141.407,DS24,,,,,,,,,,,,,,,,,
10948.16998,0,0,0,0,1,276818.0232,1,258141.407,DS24,,,,,,,,,,,,,,,,,
10949.16998,0,0,0,0,1,276818.0232,1,258141.407,DS24,,,,,,,,,,,,,,,,,
10950.16998,0,0,0,0,1,276818.0232,1,258141.407,DS24,,,,,,,,,,,,,,,,,
10951.16998,0,0,0,0,1,276818.0232,1,258141.407,DS24,,,,,,,,,,,,,,,,,
10952.16998,0,0,0,0,1,276818.0232,1,258141.407,DS24,,,,,,,,,,,,,,,,,
10953.16998,0,0,0,0,1,276818.0232,1,258141.407,DS24,,,,,,,,,,,,,,,,,
10954.16998,0,0,0,0,1,276818.0232,1,258141.407,DS24,,,,,,,,,,,,,,,,,
10955.16998,0,0,0,0,1,276818.0232,1,258141.407,DS24,,,,,,,,,,,,,,,,,
10956.16998,0,0,0,0,1,276818.0232,1,258141.407,DS24,,,,,,,,,,,,,,,,,
10957.16998,0,0,0,0,1,276818.0232,1,258141.407,DS24,,,,,,,,,,,,,,,,,
10958.16998,0,0,0,0,1,276818.0232,1,258141.407,DS24,,,,,,,,,,,,,,,,,
10959.16998,0,0,0,0,1,276818.0232,1,258141.407,DS24,,,,,,,,,,,,,,,,,
10960.16998,0,0,0,0,1,276818.0232,1,258141.407,DS24,,,,,,,,,,,,,,,,,
10961.16998,0,0,0,0,1,276818.0232,1,258141.407,DS24,,,,,,,,,,,,,,,,,
10962.16998,0,0,0,0,1,276818.0232,1,258141.407,DS24,,,,,,,,,,,,,,,,,
10963.16998,0,0,0,0,1,276818.0232,1,258141.407,DS24,,,,,,,,,,,,,,,,,
10964.16998,0,0,0,0,1,276818.0232,1,258141.407,DS24,,,,,,,,,,,,,,,,,
10965.16998,0,0,0,0,1,276818.0232,1,258141.407,DS24,,,,,,,,,,,,,,,,,
10966.16998,0,0,0,0,1,276818.0232,1,258141.407,DS24,,,,,,,,,,,,,,,,,
10967.16998,0,0,0,0,1,276818.0232,1,258141.407,DS24,,,,,,,,,,,,,,,,,
10968.16998,0,0,0,0,1,276818.0232,1,258141.407,DS24,,,,,,,,,,,,,,,,,
10969.16998,0,0,0,0,1,276818.0232,1,258141.407,DS24,,,,,,,,,,,,,,,,,
10970.16998,0,0,0,0,1,276818.0232,1,258141.407,DS24,,,,,,,,,,,,,,,,,
10971.16998,0,0,0,0,1,276818.0232,1,258141.407,DS24,,,,,,,,,,,,,,,,,
10972.16998,0,0,0,0,1,276818.0232,1,258141.407,DS24,,,,,,,,,,,,,,,,,
10973.16998,0,0,0,0,1,276818.0232,1,258141.407,DS24,,,,,,,,,,,,,,,,,
10974.16998,0,0,0,0,1,276818.0232,1,258141.407,DS24,,,,,,,,,,,,,,,,,
10975.16998,0,0,0,0,1,276818.0232,1,258141.407,DS24,,,,,,,,,,,,,,,,,
10976.16998,0,0,0,0,1,276818.0232,1,258141.407,DS24,,,,,,,,,,,,,,,,,
10977.16998,0,0,0,0,1,276818.0232,1,258141.407,DS24,,,,,,,,,,,,,,,,,
10978.16998,0,0,0,0,1,276818.0232,1,258141.407,DS24,,,,,,,,,,,,,,,,,
10979.16998,0,0,0,0,1,276818.0232,1,258141.407,DS24,,,,,,,,,,,,,,,,,
10980.16998,0,0,0,0,1,276818.0232,1,258141.407,DS24,,,,,,,,,,,,,,,,,
10981.16998,0,0,0,0,1,276818.0232,1,258141.407,DS24,,,,,,,,,,,,,,,,,
10982.16998,0,0,0,0,1,276818.0232,1,258141.407,DS24,,,,,,,,,,,,,,,,,
10983.16998,0,0,0,0,1,276818.0232,1,258141.407,DS24,,,,,,,,,,,,,,,,,
10984.16998,0,0,0,0,1,276818.0232,1,258141.407,DS24,,,,,,,,,,,,,,,,,
10985.16998,0,0,0,0,1,276818.0232,1,258141.407,DS24,,,,,,,,,,,,,,,,,
10986.16998,0,0,0,0,1,276818.0232,1,258141.407,DS24,,,,,,,,,,,,,,,,,
10987.16998,0,0,0,0,1,276818.0232,1,258141.407,DS24,,,,,,,,,,,,,,,,,
10988.16998,0,0,0,0,1,276818.0232,1,258141.407,DS24,,,,,,,,,,,,,,,,,
10989.16998,0,0,0,0,1,276818.0232,1,258141.407,DS24,,,,,,,,,,,,,,,,,
10990.16998,0,0,0,0,1,276818.0232,1,258141.407,DS24,,,,,,,,,,,,,,,,,
10991.16998,0,0,0,0,1,276818.0232,1,258141.407,DS24,,,,,,,,,,,,,,,,,
10992.16998,0,0,0,0,1,276818.0232,1,258141.407,DS24,,,,,,,,,,,,,,,,,
10993.16998,0,0,0,0,1,276818.0232,1,258141.407,DS24,,,,,,,,,,,,,,,,,
10994.16998,0,0,0,0,1,276818.0232,1,258141.407,DS24,,,,,,,,,,,,,,,,,
10995.16998,0,0,0,0,1,276818.0232,1,258141.407,DS24,,,,,,,,,,,,,,,,,
10996.16998,0,0,0,0,1,276818.0232,1,258141.407,DS24,,,,,,,,,,,,,,,,,
10997.16998,0,0,0,0,1,276818.0232,1,258141.407,DS24,,,,,,,,,,,,,,,,,
10998.16998,0,0,0,0,1,276818.0232,1,258141.407,DS24,,,,,,,,,,,,,,,,,
10999.16998,0,0,0,0,1,276818.0232,1,258141.407,DS24,,,,,,,,,,,,,,,,,
11000.16998,0,0,0,0,1,276818.0232,1,258141.407,DS24,,,,,,,,,,,,,,,,,
11001.16998,0,0,0,0,1,276818.0232,1,258141.407,DS24,,,,,,,,,,,,,,,,,
11002.16998,0,0,0,0,1,276818.0232,1,258141.407,DS24,,,,,,,,,,,,,,,,,
11003.16998,0,0,0,0,1,276818.0232,1,258141.407,DS24,,,,,,,,,,,,,,,,,
11004.16998,0,0,0,0,1,276818.0232,1,258141.407,DS24,,,,,,,,,,,,,,,,,
11005.16998,0,0,0,0,1,276818.0232,1,258141.407,DS24,,,,,,,,,,,,,,,,,
11006.16998,0,0,0,0,1,276818.0232,1,258141.407,DS24,,,,,,,,,,,,,,,,,
11007.16998,0,0,0,0,1,276818.0232,1,258141.407,DS24,,,,,,,,,,,,,,,,,
11008.16998,0,0,0,0,1,276818.0232,1,258141.407,DS24,,,,,,,,,,,,,,,,,
11009.16998,0,0,0,0,1,276818.0232,1,258141.407,DS24,,,,,,,,,,,,,,,,,
11010.16998,0,0,0,0,1,276818.0232,1,258141.407,DS24,,,,,,,,,,,,,,,,,
11011.16998,0,0,0,0,1,276818.0232,1,258141.407,DS24,,,,,,,,,,,,,,,,,
11012.16998,0,0,0,0,1,276818.0232,1,258141.407,DS24,,,,,,,,,,,,,,,,,
11013.16998,0,0,0,0,1,276818.0232,1,258141.407,DS24,,,,,,,,,,,,,,,,,
11014.16998,0,0,0,0,1,276818.0232,1,258141.407,DS24,,,,,,,,,,,,,,,,,
11015.16998,0,0,0,0,1,276818.0232,1,258141.407,DS24,,,,,,,,,,,,,,,,,
11016.16998,0,0,0,0,1,276818.0232,1,258141.407,DS24,,,,,,,,,,,,,,,,,
11017.16998,0,0,0,0,1,276818.0232,1,258141.407,DS24,,,,,,,,,,,,,,,,,
11018.16998,0,0,0,0,1,276818.0232,1,258141.407,DS24,,,,,,,,,,,,,,,,,
11019.16998,0,0,0,0,1,276818.0232,1,258141.407,DS24,,,,,,,,,,,,,,,,,
11020.16998,0,0,0,0,1,276818.0232,1,258141.407,DS24,,,,,,,,,,,,,,,,,
11021.16998,0,0,0,0,1,276818.0232,1,258141.407,DS24,,,,,,,,,,,,,,,,,
11022.16998,0,0,0,0,1,276818.0232,1,258141.407,DS24,,,,,,,,,,,,,,,,,
11023.16998,0,0,0,0,1,276818.0232,1,258141.407,DS24,,,,,,,,,,,,,,,,,
11024.16998,0,0,0,0,1,276818.0232,1,258141.407,DS24,,,,,,,,,,,,,,,,,
11025.16998,0,0,0,0,1,276818.0232,1,258141.407,DS24,,,,,,,,,,,,,,,,,
11026.16998,0,0,0,0,1,276818.0232,1,258141.407,DS24,,,,,,,,,,,,,,,,,
11027.16998,0,0,0,0,1,276818.0232,1,258141.407,DS24,,,,,,,,,,,,,,,,,
11028.16998,0,0,0,0,1,276818.0232,1,258141.407,DS24,,,,,,,,,,,,,,,,,
11029.16998,0,0,0,0,1,276818.0232,1,258141.407,DS24,,,,,,,,,,,,,,,,,
11030.16998,0,0,0,0,1,276818.0232,1,258141.407,DS24,,,,,,,,,,,,,,,,,
11031.16998,0,0,0,0,1,276818.0232,1,258141.407,DS24,,,,,,,,,,,,,,,,,
11032.16998,0,0,0,0,1,276818.0232,1,258141.407,DS24,,,,,,,,,,,,,,,,,
11033.16998,0,0,0,0,1,276818.0232,1,258141.407,DS24,,,,,,,,,,,,,,,,,
11034.16998,0,0,0,0,1,276818.0232,1,258141.407,DS24,,,,,,,,,,,,,,,,,
11035.16998,0,0,0,0,1,276818.0232,1,258141.407,DS24,,,,,,,,,,,,,,,,,
11036.16998,0,0,0,0,1,276818.0232,1,258141.407,DS24,,,,,,,,,,,,,,,,,
11037.16998,0,0,0,0,1,276818.0232,1,258141.407,DS24,,,,,,,,,,,,,,,,,
11038.16998,0,0,0,0,1,276818.0232,1,258141.407,DS24,,,,,,,,,,,,,,,,,
11039.16998,0,0,0,0,1,276818.0232,1,258141.407,DS24,,,,,,,,,,,,,,,,,
11040.16998,0,0,0,0,1,276818.0232,1,258141.407,DS24,,,,,,,,,,,,,,,,,
11041.16998,0,0,0,0,1,276818.0232,1,258141.407,DS24,,,,,,,,,,,,,,,,,
11042.16998,0,0,0,0,1,276818.0232,1,258141.407,DS24,,,,,,,,,,,,,,,,,
11043.16998,0,0,0,0,1,276818.0232,1,258141.407,DS24,,,,,,,,,,,,,,,,,
11044.16998,0,0,0,0,1,276818.0232,1,258141.407,DS24,,,,,,,,,,,,,,,,,
11045.16998,0,0,0,0,1,276818.0232,1,258141.407,DS24,,,,,,,,,,,,,,,,,
11046.16998,0,0,0,0,1,276818.0232,1,258141.407,DS24,,,,,,,,,,,,,,,,,
11047.16998,0,0,0,0,1,276818.0232,1,258141.407,DS24,,,,,,,,,,,,,,,,,
11048.16998,0,0,0,0,1,276818.0232,1,258141.407,DS24,,,,,,,,,,,,,,,,,
11049.16998,0,0,0,0,1,276818.0232,1,258141.407,DS24,,,,,,,,,,,,,,,,,
11050.16998,0,0,0,0,1,276818.0232,1,258141.407,DS24,,,,,,,,,,,,,,,,,
11051.16998,0,0,0,0,1,276818.0232,1,258141.407,DS24,,,,,,,,,,,,,,,,,
11052.16998,0,0,0,0,1,276818.0232,1,258141.407,DS24,,,,,,,,,,,,,,,,,
11053.16998,0,0,0,0,1,276818.0232,1,258141.407,DS24,,,,,,,,,,,,,,,,,
11054.16998,0,0,0,0,1,276818.0232,1,258141.407,DS24,,,,,,,,,,,,,,,,,
11055.16998,0,0,0,0,1,276818.0232,1,258141.407,DS24,,,,,,,,,,,,,,,,,
11056.16998,0,0,0,0,1,276818.0232,1,258141.407,DS24,,,,,,,,,,,,,,,,,
11057.16998,0,0,0,0,1,276818.0232,1,258141.407,DS24,,,,,,,,,,,,,,,,,
11058.16998,0,0,0,0,1,276818.0232,1,258141.407,DS24,,,,,,,,,,,,,,,,,
11059.16998,0,0,0,0,1,276818.0232,1,258141.407,DS24,,,,,,,,,,,,,,,,,
11060.16998,0,0,0,0,1,276818.0232,1,258141.407,DS24,,,,,,,,,,,,,,,,,
11061.16998,0,0,0,0,1,276818.0232,1,258141.407,DS24,,,,,,,,,,,,,,,,,
11062.16998,0,0,0,0,1,276818.0232,1,258141.407,DS24,,,,,,,,,,,,,,,,,
11063.16998,0,0,0,0,0,0,1,258141.407,DS34,,,,,,,,,,,,,,,,,
11064.16998,0,0,0,0,0,0,1,258141.407,DS34,,,,,,,,,,,,,,,,,
11065.16998,0,0,0,0,0,0,1,258141.407,DS34,,,,,,,,,,,,,,,,,
11066.16998,0,0,0,0,0,0,1,258141.407,DS34,,,,,,,,,,,,,,,,,
11067.16998,0,0,0,0,0,0,1,258141.407,DS34,,,,,,,,,,,,,,,,,
11068.16998,0,0,0,0,0,0,1,258141.407,DS34,,,,,,,,,,,,,,,,,
11069.16998,0,0,0,0,0,0,1,258141.407,DS34,,,,,,,,,,,,,,,,,
11070.16998,0,0,0,0,0,0,1,258141.407,DS34,,,,,,,,,,,,,,,,,
11071.16998,0,0,0,0,0,0,1,258141.407,DS34,,,,,,,,,,,,,,,,,
11072.16998,0,0,0,0,0,0,1,258141.407,DS34,,,,,,,,,,,,,,,,,
11073.16998,0,0,0,0,0,0,1,258141.407,DS34,,,,,,,,,,,,,,,,,
11074.16998,0,0,0,0,0,0,1,258141.407,DS34,,,,,,,,,,,,,,,,,
11075.16998,0,0,0,0,0,0,1,258141.407,DS34,,,,,,,,,,,,,,,,,
11076.16998,0,0,0,0,0,0,1,258141.407,DS34,,,,,,,,,,,,,,,,,
11077.16998,0,0,0,0,0,0,1,258141.407,DS34,,,,,,,,,,,,,,,,,
11078.16998,0,0,0,0,0,0,1,258141.407,DS34,,,,,,,,,,,,,,,,,
11079.16998,0,0,0,0,0,0,1,258141.407,DS34,,,,,,,,,,,,,,,,,
11080.16998,0,0,0,0,0,0,1,258141.407,DS34,,,,,,,,,,,,,,,,,
11081.16998,0,0,0,0,0,0,1,258141.407,DS34,,,,,,,,,,,,,,,,,
11082.16998,0,0,0,0,0,0,1,258141.407,DS34,,,,,,,,,,,,,,,,,
11083.16998,0,0,0,0,0,0,1,258141.407,DS34,,,,,,,,,,,,,,,,,
11084.16998,0,0,0,0,0,0,1,258141.407,DS34,,,,,,,,,,,,,,,,,
11085.16998,0,0,0,0,0,0,1,258141.407,DS34,,,,,,,,,,,,,,,,,
11086.16998,0,0,0,0,0,0,1,258141.407,DS34,,,,,,,,,,,,,,,,,
11087.16998,0,0,0,0,0,0,1,258141.407,DS34,,,,,,,,,,,,,,,,,
11088.16998,0,0,0,0,0,0,1,258141.407,DS34,,,,,,,,,,,,,,,,,
11089.16998,0,0,0,0,0,0,1,258141.407,DS34,,,,,,,,,,,,,,,,,
11090.16998,0,0,0,0,0,0,1,258141.407,DS34,,,,,,,,,,,,,,,,,
11091.16998,0,0,0,0,0,0,1,258141.407,DS34,,,,,,,,,,,,,,,,,
11092.16998,0,0,0,0,0,0,1,258141.407,DS34,,,,,,,,,,,,,,,,,
11093.16998,0,0,0,0,0,0,1,258141.407,DS34,,,,,,,,,,,,,,,,,
11094.16998,0,0,0,0,0,0,1,258141.407,DS34,,,,,,,,,,,,,,,,,
11095.16998,0,0,0,0,0,0,1,258141.407,DS34,,,,,,,,,,,,,,,,,
11096.16998,0,0,0,0,0,0,1,258141.407,DS34,,,,,,,,,,,,,,,,,
11097.16998,0,0,0,0,0,0,1,258141.407,DS34,,,,,,,,,,,,,,,,,
11098.16998,0,0,0,0,0,0,1,258141.407,DS34,,,,,,,,,,,,,,,,,
11099.16998,0,0,0,0,0,0,1,258141.407,DS34,,,,,,,,,,,,,,,,,
11100.16998,0,0,0,0,0,0,1,258141.407,DS34,,,,,,,,,,,,,,,,,
11101.16998,0,0,0,0,0,0,1,258141.407,DS34,,,,,,,,,,,,,,,,,
11102.16998,0,0,0,0,0,0,1,258141.407,DS34,,,,,,,,,,,,,,,,,
11103.16998,0,0,0,0,0,0,1,258141.407,DS34,,,,,,,,,,,,,,,,,
11104.16998,0,0,0,0,0,0,1,258141.407,DS34,,,,,,,,,,,,,,,,,
11105.16998,0,0,0,0,0,0,1,258141.407,DS34,,,,,,,,,,,,,,,,,
11106.16998,0,0,0,0,0,0,1,258141.407,DS34,,,,,,,,,,,,,,,,,
11107.16998,0,0,0,0,0,0,1,258141.407,DS34,,,,,,,,,,,,,,,,,
11108.16998,0,0,0,0,0,0,1,258141.407,DS34,,,,,,,,,,,,,,,,,
11109.16998,0,0,0,0,0,0,1,258141.407,DS34,,,,,,,,,,,,,,,,,
11110.16998,0,0,0,0,0,0,1,258141.407,DS34,,,,,,,,,,,,,,,,,
11111.16998,0,0,0,0,0,0,1,258141.407,DS34,,,,,,,,,,,,,,,,,
11112.16998,0,0,0,0,0,0,1,258141.407,DS34,,,,,,,,,,,,,,,,,
11113.16998,0,0,0,0,0,0,1,258141.407,DS34,,,,,,,,,,,,,,,,,
11114.16998,0,0,0,0,0,0,1,258141.407,DS34,,,,,,,,,,,,,,,,,
11115.16998,0,0,0,0,0,0,1,258141.407,DS34,,,,,,,,,,,,,,,,,
11116.16998,0,0,0,0,0,0,1,258141.407,DS34,,,,,,,,,,,,,,,,,
11117.16998,0,0,0,0,0,0,1,258141.407,DS34,,,,,,,,,,,,,,,,,
11118.16998,0,0,0,0,0,0,1,258141.407,DS34,,,,,,,,,,,,,,,,,
11119.16998,0,0,0,0,0,0,1,258141.407,DS34,,,,,,,,,,,,,,,,,
11120.16998,0,0,0,0,0,0,1,258141.407,DS34,,,,,,,,,,,,,,,,,
11121.16998,0,0,0,0,0,0,1,258141.407,DS34,,,,,,,,,,,,,,,,,
11122.16998,0,0,0,0,0,0,1,258141.407,DS34,,,,,,,,,,,,,,,,,
11123.16998,0,0,0,0,0,0,1,258141.407,DS34,,,,,,,,,,,,,,,,,
11124.16998,0,0,0,0,0,0,1,258141.407,DS34,,,,,,,,,,,,,,,,,
11125.16998,0,0,0,0,0,0,1,258141.407,DS34,,,,,,,,,,,,,,,,,
11126.16998,0,0,0,0,0,0,1,258141.407,DS34,,,,,,,,,,,,,,,,,
11127.16998,0,0,0,0,0,0,1,258141.407,DS34,,,,,,,,,,,,,,,,,
11128.16998,0,0,0,0,0,0,1,258141.407,DS34,,,,,,,,,,,,,,,,,
11129.16998,0,0,0,0,0,0,1,258141.407,DS34,,,,,,,,,,,,,,,,,
11130.16998,0,0,0,0,0,0,1,258141.407,DS34,,,,,,,,,,,,,,,,,
11131.16998,0,0,0,0,0,0,1,258141.407,DS34,,,,,,,,,,,,,,,,,
11132.16998,0,0,0,0,0,0,1,258141.407,DS34,,,,,,,,,,,,,,,,,
11133.16998,0,0,0,0,0,0,1,258141.407,DS34,,,,,,,,,,,,,,,,,
11134.16998,0,0,0,0,0,0,1,258141.407,DS34,,,,,,,,,,,,,,,,,
11135.16998,0,0,0,0,0,0,1,258141.407,DS34,,,,,,,,,,,,,,,,,
11136.16998,0,0,0,0,0,0,1,258141.407,DS34,,,,,,,,,,,,,,,,,
11137.16998,0,0,0,0,0,0,1,258141.407,DS34,,,,,,,,,,,,,,,,,
11138.16998,0,0,0,0,0,0,1,258141.407,DS34,,,,,,,,,,,,,,,,,
11139.16998,0,0,0,0,0,0,1,258141.407,DS34,,,,,,,,,,,,,,,,,
11140.16998,0,0,0,0,0,0,1,258141.407,DS34,,,,,,,,,,,,,,,,,
11141.16998,0,0,0,0,0,0,1,258141.407,DS34,,,,,,,,,,,,,,,,,
11142.16998,0,0,0,0,0,0,1,258141.407,DS34,,,,,,,,,,,,,,,,,
11143.16998,0,0,0,0,0,0,1,258141.407,DS34,,,,,,,,,,,,,,,,,
11144.16998,0,0,0,0,0,0,1,258141.407,DS34,,,,,,,,,,,,,,,,,
11145.16998,0,0,0,0,0,0,1,258141.407,DS34,,,,,,,,,,,,,,,,,
11146.16998,0,0,0,0,0,0,1,258141.407,DS34,,,,,,,,,,,,,,,,,
11147.16998,0,0,0,0,0,0,1,258141.407,DS34,,,,,,,,,,,,,,,,,
11148.16998,0,0,0,0,0,0,1,258141.407,DS34,,,,,,,,,,,,,,,,,
11149.16998,0,0,0,0,0,0,1,258141.407,DS34,,,,,,,,,,,,,,,,,
11150.16998,0,0,0,0,0,0,1,258141.407,DS34,,,,,,,,,,,,,,,,,
11151.16998,0,0,0,0,0,0,1,258141.407,DS34,,,,,,,,,,,,,,,,,
11152.16998,0,0,0,0,0,0,1,258141.407,DS34,,,,,,,,,,,,,,,,,
11153.16998,0,0,0,0,0,0,1,258141.407,DS34,,,,,,,,,,,,,,,,,
11154.16998,0,0,0,0,0,0,1,258141.407,DS34,,,,,,,,,,,,,,,,,
11155.16998,0,0,0,0,0,0,1,258141.407,DS34,,,,,,,,,,,,,,,,,
11156.16998,0,0,0,0,0,0,1,258141.407,DS34,,,,,,,,,,,,,,,,,
11157.16998,0,0,0,0,0,0,1,258141.407,DS34,,,,,,,,,,,,,,,,,
11158.16998,0,0,0,0,0,0,1,258141.407,DS34,,,,,,,,,,,,,,,,,
11159.16998,0,0,0,0,0,0,1,258141.407,DS34,,,,,,,,,,,,,,,,,
11160.16998,0,0,0,0,0,0,1,258141.407,DS34,,,,,,,,,,,,,,,,,
11161.16998,0,0,0,0,0,0,1,258141.407,DS34,,,,,,,,,,,,,,,,,
11162.16998,0,0,0,0,0,0,1,258141.407,DS34,,,,,,,,,,,,,,,,,
11163.16998,0,0,0,0,0,0,1,258141.407,DS34,,,,,,,,,,,,,,,,,
11164.16998,0,0,0,0,0,0,1,258141.407,DS34,,,,,,,,,,,,,,,,,
11165.16998,0,0,0,0,0,0,1,258141.407,DS34,,,,,,,,,,,,,,,,,
11166.16998,0,0,0,0,0,0,1,258141.407,DS34,,,,,,,,,,,,,,,,,
11167.16998,0,0,0,0,0,0,1,258141.407,DS34,,,,,,,,,,,,,,,,,
11168.16998,0,0,0,0,0,0,1,258141.407,DS34,,,,,,,,,,,,,,,,,
11169.16998,0,0,0,0,0,0,1,258141.407,DS34,,,,,,,,,,,,,,,,,
11170.16998,0,0,0,0,0,0,1,258141.407,DS34,,,,,,,,,,,,,,,,,
11171.16998,0,0,0,0,0,0,1,258141.407,DS34,,,,,,,,,,,,,,,,,
11172.16998,0,0,0,0,0,0,1,258141.407,DS34,,,,,,,,,,,,,,,,,
11173.16998,0,0,0,0,0,0,1,258141.407,DS34,,,,,,,,,,,,,,,,,
11174.16998,0,0,0,0,0,0,1,258141.407,DS34,,,,,,,,,,,,,,,,,
11175.16998,0,0,0,0,0,0,1,258141.407,DS34,,,,,,,,,,,,,,,,,
11176.16998,0,0,0,0,0,0,1,258141.407,DS34,,,,,,,,,,,,,,,,,
11177.16998,0,0,0,0,0,0,1,258141.407,DS34,,,,,,,,,,,,,,,,,
11178.16998,0,0,0,0,0,0,1,258141.407,DS34,,,,,,,,,,,,,,,,,
11179.16998,0,0,0,0,0,0,1,258141.407,DS34,,,,,,,,,,,,,,,,,
11180.16998,0,0,0,0,0,0,1,258141.407,DS34,,,,,,,,,,,,,,,,,
11181.16998,0,0,0,0,0,0,1,258141.407,DS34,,,,,,,,,,,,,,,,,
11182.16998,0,0,0,0,0,0,1,258141.407,DS34,,,,,,,,,,,,,,,,,
11183.16998,0,0,0,0,0,0,1,258141.407,DS34,,,,,,,,,,,,,,,,,
11184.16998,0,0,0,0,0,0,1,258141.407,DS34,,,,,,,,,,,,,,,,,
11185.16998,0,0,0,0,0,0,1,258141.407,DS34,,,,,,,,,,,,,,,,,
11186.16998,0,0,0,0,0,0,1,258141.407,DS34,,,,,,,,,,,,,,,,,
11187.16998,0,0,0,0,0,0,1,258141.407,DS34,,,,,,,,,,,,,,,,,
11188.16998,0,0,0,0,0,0,1,258141.407,DS34,,,,,,,,,,,,,,,,,
11189.16998,0,0,0,0,0,0,1,258141.407,DS34,,,,,,,,,,,,,,,,,
11190.16998,0,0,0,0,0,0,1,258141.407,DS34,,,,,,,,,,,,,,,,,
11191.16998,0,0,0,0,0,0,1,258141.407,DS34,,,,,,,,,,,,,,,,,
11192.16998,0,0,0,0,0,0,1,258141.407,DS34,,,,,,,,,,,,,,,,,
11193.16998,0,0,0,0,0,0,1,258141.407,DS34,,,,,,,,,,,,,,,,,
11194.16998,0,0,0,0,0,0,1,258141.407,DS34,,,,,,,,,,,,,,,,,
11195.16998,0,0,0,0,0,0,1,258141.407,DS34,,,,,,,,,,,,,,,,,
11196.16998,0,0,0,0,0,0,1,258141.407,DS34,,,,,,,,,,,,,,,,,
11197.16998,0,0,0,0,0,0,1,258141.407,DS34,,,,,,,,,,,,,,,,,
11198.16998,0,0,0,0,0,0,1,258141.407,DS34,,,,,,,,,,,,,,,,,
11199.16998,0,0,0,0,0,0,1,258141.407,DS34,,,,,,,,,,,,,,,,,
11200.16998,0,0,0,0,0,0,1,258141.407,DS34,,,,,,,,,,,,,,,,,
11201.16998,0,0,0,0,0,0,1,258141.407,DS34,,,,,,,,,,,,,,,,,
11202.16998,0,0,0,0,0,0,1,258141.407,DS34,,,,,,,,,,,,,,,,,
11203.16998,0,0,0,0,0,0,1,258141.407,DS34,,,,,,,,,,,,,,,,,
11204.16998,0,0,0,0,0,0,1,258141.407,DS34,,,,,,,,,,,,,,,,,
11205.16998,0,0,0,0,0,0,1,258141.407,DS34,,,,,,,,,,,,,,,,,
11206.16998,0,0,0,0,0,0,1,258141.407,DS34,,,,,,,,,,,,,,,,,
11207.16998,0,0,0,0,0,0,1,258141.407,DS34,,,,,,,,,,,,,,,,,
11208.16998,0,0,0,0,0,0,1,258141.407,DS34,,,,,,,,,,,,,,,,,
11209.16998,0,0,0,0,0,0,1,258141.407,DS34,,,,,,,,,,,,,,,,,
11210.16998,0,0,0,0,0,0,1,258141.407,DS34,,,,,,,,,,,,,,,,,
11211.16998,0,0,0,0,0,0,1,258141.407,DS34,,,,,,,,,,,,,,,,,
11212.16998,0,0,0,0,0,0,1,258141.407,DS34,,,,,,,,,,,,,,,,,
11213.16998,0,0,0,0,0,0,1,258141.407,DS34,,,,,,,,,,,,,,,,,
11214.16998,0,0,0,0,0,0,1,258141.407,DS34,,,,,,,,,,,,,,,,,
11215.16998,0,0,0,0,0,0,1,258141.407,DS34,,,,,,,,,,,,,,,,,
11216.16998,0,0,0,0,0,0,1,258141.407,DS34,,,,,,,,,,,,,,,,,
11217.16998,0,0,0,0,0,0,1,258141.407,DS34,,,,,,,,,,,,,,,,,
11218.16998,0,0,0,0,0,0,1,258141.407,DS34,,,,,,,,,,,,,,,,,
11219.16998,0,0,0,0,0,0,1,258141.407,DS34,,,,,,,,,,,,,,,,,
11220.16998,0,0,0,0,0,0,1,258141.407,DS34,,,,,,,,,,,,,,,,,
11221.16998,0,0,0,0,0,0,1,258141.407,DS34,,,,,,,,,,,,,,,,,
11222.16998,0,0,0,0,0,0,1,258141.407,DS34,,,,,,,,,,,,,,,,,
11223.16998,0,0,0,0,0,0,1,258141.407,DS34,,,,,,,,,,,,,,,,,
11224.16998,0,0,0,0,0,0,1,258141.407,DS34,,,,,,,,,,,,,,,,,
11225.16998,0,0,0,0,0,0,1,258141.407,DS34,,,,,,,,,,,,,,,,,
11226.16998,0,0,0,0,0,0,1,258141.407,DS34,,,,,,,,,,,,,,,,,
11227.16998,0,0,0,0,0,0,1,258141.407,DS34,,,,,,,,,,,,,,,,,
11228.16998,0,0,0,0,0,0,1,258141.407,DS34,,,,,,,,,,,,,,,,,
11229.16998,0,0,0,0,0,0,1,258141.407,DS34,,,,,,,,,,,,,,,,,
11230.16998,0,0,0,0,0,0,1,258141.407,DS34,,,,,,,,,,,,,,,,,
11231.16998,0,0,0,0,0,0,1,258141.407,DS34,,,,,,,,,,,,,,,,,
11232.16998,0,0,0,0,0,0,1,258141.407,DS34,,,,,,,,,,,,,,,,,
11233.16998,0,0,0,0,0,0,1,258141.407,DS34,,,,,,,,,,,,,,,,,
11234.16998,0,0,0,0,0,0,1,258141.407,DS34,,,,,,,,,,,,,,,,,
11235.16998,0,0,0,0,0,0,1,258141.407,DS34,,,,,,,,,,,,,,,,,
11236.16998,0,0,0,0,0,0,1,258141.407,DS34,,,,,,,,,,,,,,,,,
11237.16998,0,0,0,0,0,0,1,258141.407,DS34,,,,,,,,,,,,,,,,,
11238.16998,0,0,0,0,0,0,1,258141.407,DS34,,,,,,,,,,,,,,,,,
11239.16998,0,0,0,0,0,0,1,258141.407,DS34,,,,,,,,,,,,,,,,,
11240.16998,0,0,0,0,0,0,1,258141.407,DS34,,,,,,,,,,,,,,,,,
11241.16998,0,0,0,0,0,0,1,258141.407,DS34,,,,,,,,,,,,,,,,,
11242.16998,0,0,0,0,0,0,1,258141.407,DS34,,,,,,,,,,,,,,,,,
11243.16998,0,0,0,0,0,0,1,258141.407,DS34,,,,,,,,,,,,,,,,,
11244.16998,0,0,0,0,0,0,1,258141.407,DS34,,,,,,,,,,,,,,,,,
11245.16998,0,0,0,0,0,0,1,258141.407,DS34,,,,,,,,,,,,,,,,,
11246.16998,0,0,0,0,0,0,1,258141.407,DS34,,,,,,,,,,,,,,,,,
11247.16998,0,0,0,0,0,0,1,258141.407,DS34,,,,,,,,,,,,,,,,,
11248.16998,0,0,0,0,0,0,1,258141.407,DS34,,,,,,,,,,,,,,,,,
11249.16998,0,0,0,0,0,0,1,258141.407,DS34,,,,,,,,,,,,,,,,,
11250.16998,0,0,0,0,0,0,1,258141.407,DS34,,,,,,,,,,,,,,,,,
11251.16998,0,0,0,0,0,0,1,258141.407,DS34,,,,,,,,,,,,,,,,,
11252.16998,0,0,0,0,0,0,1,258141.407,DS34,,,,,,,,,,,,,,,,,
11253.16998,0,0,0,0,0,0,1,258141.407,DS34,,,,,,,,,,,,,,,,,
11254.16998,0,0,0,0,0,0,1,258141.407,DS34,,,,,,,,,,,,,,,,,
11255.16998,0,0,0,0,0,0,1,258141.407,DS34,,,,,,,,,,,,,,,,,
11256.16998,0,0,0,0,0,0,1,258141.407,DS34,,,,,,,,,,,,,,,,,
11257.16998,0,0,0,0,0,0,1,258141.407,DS34,,,,,,,,,,,,,,,,,
11258.16998,0,0,0,0,0,0,1,258141.407,DS34,,,,,,,,,,,,,,,,,
11259.16998,0,0,0,0,0,0,1,258141.407,DS34,,,,,,,,,,,,,,,,,
11260.16998,0,0,0,0,0,0,1,258141.407,DS34,,,,,,,,,,,,,,,,,
11261.16998,0,0,0,0,0,0,1,258141.407,DS34,,,,,,,,,,,,,,,,,
11262.16998,0,0,0,0,0,0,1,258141.407,DS34,,,,,,,,,,,,,,,,,
11263.16998,0,0,0,0,0,0,1,258141.407,DS34,,,,,,,,,,,,,,,,,
11264.16998,0,0,0,0,0,0,1,258141.407,DS34,,,,,,,,,,,,,,,,,
11265.16998,0,0,0,0,0,0,1,258141.407,DS34,,,,,,,,,,,,,,,,,
11266.16998,0,0,0,0,0,0,1,258141.407,DS34,,,,,,,,,,,,,,,,,
11267.16998,0,0,0,0,0,0,1,258141.407,DS34,,,,,,,,,,,,,,,,,
11268.16998,0,0,0,0,0,0,1,258141.407,DS34,,,,,,,,,,,,,,,,,
11269.16998,0,0,0,0,0,0,1,258141.407,DS34,,,,,,,,,,,,,,,,,
11270.16998,0,0,0,0,0,0,1,258141.407,DS34,,,,,,,,,,,,,,,,,
11271.16998,0,0,0,0,0,0,1,258141.407,DS34,,,,,,,,,,,,,,,,,
11272.16998,0,0,0,0,0,0,1,258141.407,DS34,,,,,,,,,,,,,,,,,
11273.16998,0,0,0,0,0,0,1,258141.407,DS34,,,,,,,,,,,,,,,,,
11274.16998,0,0,0,0,0,0,1,258141.407,DS34,,,,,,,,,,,,,,,,,
11275.16998,0,0,0,0,0,0,1,258141.407,DS34,,,,,,,,,,,,,,,,,
11276.16998,0,0,0,0,0,0,1,258141.407,DS34,,,,,,,,,,,,,,,,,
11277.16998,0,0,0,0,0,0,1,258141.407,DS34,,,,,,,,,,,,,,,,,
11278.16998,0,0,0,0,0,0,1,258141.407,DS34,,,,,,,,,,,,,,,,,
11279.16998,0,0,0,0,0,0,1,258141.407,DS34,,,,,,,,,,,,,,,,,
11280.16998,0,0,0,0,0,0,1,258141.407,DS34,,,,,,,,,,,,,,,,,
11281.16998,0,0,0,0,0,0,1,258141.407,DS34,,,,,,,,,,,,,,,,,
11282.16998,0,0,0,0,0,0,1,258141.407,DS34,,,,,,,,,,,,,,,,,
11283.16998,0,0,0,0,0,0,1,258141.407,DS34,,,,,,,,,,,,,,,,,
11284.16998,0,0,0,0,0,0,1,258141.407,DS34,,,,,,,,,,,,,,,,,
11285.16998,0,0,0,0,0,0,1,258141.407,DS34,,,,,,,,,,,,,,,,,
11286.16998,0,0,0,0,0,0,1,258141.407,DS34,,,,,,,,,,,,,,,,,
11287.16998,0,0,0,0,0,0,1,258141.407,DS34,,,,,,,,,,,,,,,,,
11288.16998,0,0,0,0,0,0,1,258141.407,DS34,,,,,,,,,,,,,,,,,
11289.16998,0,0,0,0,0,0,1,258141.407,DS34,,,,,,,,,,,,,,,,,
11290.16998,0,0,0,0,0,0,1,258141.407,DS34,,,,,,,,,,,,,,,,,
11291.16998,0,0,0,0,0,0,1,258141.407,DS34,,,,,,,,,,,,,,,,,
11292.16998,0,0,0,0,0,0,1,258141.407,DS34,,,,,,,,,,,,,,,,,
11293.16998,0,0,0,0,0,0,1,258141.407,DS34,,,,,,,,,,,,,,,,,
11294.16998,0,0,0,0,0,0,1,258141.407,DS34,,,,,,,,,,,,,,,,,
11295.16998,0,0,0,0,0,0,1,258141.407,DS34,,,,,,,,,,,,,,,,,
11296.16998,0,0,0,0,0,0,1,258141.407,DS34,,,,,,,,,,,,,,,,,
11297.16998,0,0,0,0,0,0,1,258141.407,DS34,,,,,,,,,,,,,,,,,
11298.16998,0,0,0,0,0,0,1,258141.407,DS34,,,,,,,,,,,,,,,,,
11299.16998,0,0,0,0,0,0,1,258141.407,DS34,,,,,,,,,,,,,,,,,
11300.16998,0,0,0,0,0,0,1,258141.407,DS34,,,,,,,,,,,,,,,,,
11301.16998,0,0,0,0,0,0,1,258141.407,DS34,,,,,,,,,,,,,,,,,
11302.16998,0,0,0,0,0,0,1,258141.407,DS34,,,,,,,,,,,,,,,,,
11303.16998,0,0,0,0,0,0,1,258141.407,DS34,,,,,,,,,,,,,,,,,
11304.16998,0,0,0,0,0,0,1,258141.407,DS34,,,,,,,,,,,,,,,,,
11305.16998,0,0,0,0,0,0,1,258141.407,DS34,,,,,,,,,,,,,,,,,
11306.16998,0,0,0,0,0,0,1,258141.407,DS34,,,,,,,,,,,,,,,,,
11307.16998,0,0,0,0,0,0,1,258141.407,DS34,,,,,,,,,,,,,,,,,
11308.16998,0,0,0,0,0,0,1,258141.407,DS34,,,,,,,,,,,,,,,,,
11309.16998,0,0,0,0,0,0,1,258141.407,DS34,,,,,,,,,,,,,,,,,
11310.16998,0,0,0,0,0,0,1,258141.407,DS34,,,,,,,,,,,,,,,,,
11311.16998,0,0,0,0,0,0,1,258141.407,DS34,,,,,,,,,,,,,,,,,
11312.16998,0,0,0,0,0,0,1,258141.407,DS34,,,,,,,,,,,,,,,,,
11313.16998,0,0,0,0,0,0,1,258141.407,DS34,,,,,,,,,,,,,,,,,
11314.16998,0,0,0,0,0,0,1,258141.407,DS34,,,,,,,,,,,,,,,,,
11315.16998,0,0,0,0,0,0,1,258141.407,DS34,,,,,,,,,,,,,,,,,
11316.16998,0,0,0,0,0,0,1,258141.407,DS34,,,,,,,,,,,,,,,,,
11317.16998,0,0,0,0,0,0,1,258141.407,DS34,,,,,,,,,,,,,,,,,
11318.16998,0,0,0,0,0,0,1,258141.407,DS34,,,,,,,,,,,,,,,,,
11319.16998,0,0,0,0,0,0,1,258141.407,DS34,,,,,,,,,,,,,,,,,
11320.16998,0,0,0,0,0,0,1,258141.407,DS34,,,,,,,,,,,,,,,,,
11321.16998,0,0,0,0,0,0,1,258141.407,DS34,,,,,,,,,,,,,,,,,
11322.16998,0,0,0,0,0,0,1,258141.407,DS34,,,,,,,,,,,,,,,,,
11323.16998,0,0,0,0,0,0,1,258141.407,DS34,,,,,,,,,,,,,,,,,
11324.16998,0,0,0,0,0,0,1,258141.407,DS34,,,,,,,,,,,,,,,,,
11325.16998,0,0,0,0,0,0,1,258141.407,DS34,,,,,,,,,,,,,,,,,
11326.16998,0,0,0,0,0,0,1,258141.407,DS34,,,,,,,,,,,,,,,,,
11327.16998,0,0,0,0,0,0,1,258141.407,DS34,,,,,,,,,,,,,,,,,
11328.16998,0,0,0,0,0,0,1,258141.407,DS34,,,,,,,,,,,,,,,,,
11329.16998,0,0,0,0,0,0,1,258141.407,DS34,,,,,,,,,,,,,,,,,
11330.16998,0,0,0,0,0,0,1,258141.407,DS34,,,,,,,,,,,,,,,,,
11331.16998,0,0,0,0,0,0,1,258141.407,DS34,,,,,,,,,,,,,,,,,
11332.16998,0,0,0,0,0,0,1,258141.407,DS34,,,,,,,,,,,,,,,,,
11333.16998,0,0,0,0,0,0,1,258141.407,DS34,,,,,,,,,,,,,,,,,
11334.16998,0,0,0,0,0,0,1,258141.407,DS34,,,,,,,,,,,,,,,,,
11335.16998,0,0,0,0,0,0,1,258141.407,DS34,,,,,,,,,,,,,,,,,
11336.16998,0,0,0,0,0,0,1,258141.407,DS34,,,,,,,,,,,,,,,,,
11337.16998,0,0,0,0,0,0,1,258141.407,DS34,,,,,,,,,,,,,,,,,
11338.16998,0,0,0,0,0,0,1,258141.407,DS34,,,,,,,,,,,,,,,,,
11339.16998,0,0,0,0,0,0,1,258141.407,DS34,,,,,,,,,,,,,,,,,
11340.16998,0,0,0,0,0,0,1,258141.407,DS34,,,,,,,,,,,,,,,,,
11341.16998,0,0,0,0,0,0,1,258141.407,DS34,,,,,,,,,,,,,,,,,
11342.16998,0,0,0,0,0,0,1,258141.407,DS34,,,,,,,,,,,,,,,,,
11343.16998,0,0,0,0,0,0,1,258141.407,DS34,,,,,,,,,,,,,,,,,
11344.16998,0,0,0,0,0,0,1,258141.407,DS34,,,,,,,,,,,,,,,,,
11345.16998,0,0,0,0,0,0,1,258141.407,DS34,,,,,,,,,,,,,,,,,
11346.16998,0,0,0,0,0,0,1,258141.407,DS34,,,,,,,,,,,,,,,,,
11347.16998,0,0,0,0,0,0,1,258141.407,DS34,,,,,,,,,,,,,,,,,
11348.16998,0,0,0,0,0,0,1,258141.407,DS34,,,,,,,,,,,,,,,,,
11349.16998,0,0,0,0,0,0,1,258141.407,DS34,,,,,,,,,,,,,,,,,
11350.16998,0,0,0,0,0,0,1,258141.407,DS34,,,,,,,,,,,,,,,,,
11351.16998,0,0,0,0,0,0,1,258141.407,DS34,,,,,,,,,,,,,,,,,
11352.16998,0,0,0,0,0,0,1,258141.407,DS34,,,,,,,,,,,,,,,,,
11353.16998,0,0,0,0,0,0,1,258141.407,DS34,,,,,,,,,,,,,,,,,
11354.16998,0,0,0,0,0,0,1,258141.407,DS34,,,,,,,,,,,,,,,,,
11355.16998,0,0,0,0,0,0,1,258141.407,DS34,,,,,,,,,,,,,,,,,
11356.16998,0,0,0,0,0,0,1,258141.407,DS34,,,,,,,,,,,,,,,,,
11357.16998,0,0,0,0,0,0,1,258141.407,DS34,,,,,,,,,,,,,,,,,
11358.16998,0,0,0,0,0,0,1,258141.407,DS34,,,,,,,,,,,,,,,,,
11359.16998,0,0,0,0,0,0,1,258141.407,DS34,,,,,,,,,,,,,,,,,
11360.16998,0,0,0,0,0,0,1,258141.407,DS34,,,,,,,,,,,,,,,,,
11361.16998,0,0,0,0,0,0,1,258141.407,DS34,,,,,,,,,,,,,,,,,
11362.16998,0,0,0,0,0,0,1,258141.407,DS34,,,,,,,,,,,,,,,,,
11363.16998,0,0,0,0,0,0,1,258141.407,DS34,,,,,,,,,,,,,,,,,
11364.16998,0,0,0,0,0,0,1,258141.407,DS34,,,,,,,,,,,,,,,,,
11365.16998,0,0,0,0,0,0,1,258141.407,DS34,,,,,,,,,,,,,,,,,
11366.16998,0,0,0,0,0,0,1,258141.407,DS34,,,,,,,,,,,,,,,,,
11367.16998,0,0,0,0,0,0,1,258141.407,DS34,,,,,,,,,,,,,,,,,
11368.16998,0,0,0,0,0,0,1,258141.407,DS34,,,,,,,,,,,,,,,,,
11369.16998,0,0,0,0,0,0,1,258141.407,DS34,,,,,,,,,,,,,,,,,
11370.16998,0,0,0,0,0,0,1,258141.407,DS34,,,,,,,,,,,,,,,,,
11371.16998,0,0,0,0,0,0,1,258141.407,DS34,,,,,,,,,,,,,,,,,
11372.16998,0,0,0,0,0,0,1,258141.407,DS34,,,,,,,,,,,,,,,,,
11373.16998,0,0,0,0,0,0,1,258141.407,DS34,,,,,,,,,,,,,,,,,
11374.16998,0,0,0,0,0,0,1,258141.407,DS34,,,,,,,,,,,,,,,,,
11375.16998,0,0,0,0,0,0,1,258141.407,DS34,,,,,,,,,,,,,,,,,
11376.16998,0,0,0,0,0,0,1,258141.407,DS34,,,,,,,,,,,,,,,,,
11377.16998,0,0,0,0,0,0,1,258141.407,DS34,,,,,,,,,,,,,,,,,
11378.16998,0,0,0,0,0,0,1,258141.407,DS34,,,,,,,,,,,,,,,,,
11379.16998,0,0,0,0,0,0,1,258141.407,DS34,,,,,,,,,,,,,,,,,
11380.16998,0,0,0,0,0,0,1,258141.407,DS34,,,,,,,,,,,,,,,,,
11381.16998,0,0,0,0,0,0,1,258141.407,DS34,,,,,,,,,,,,,,,,,
11382.16998,0,0,0,0,0,0,1,258141.407,DS34,,,,,,,,,,,,,,,,,
11383.16998,0,0,0,0,0,0,1,258141.407,DS34,,,,,,,,,,,,,,,,,
11384.16998,0,0,0,0,0,0,1,258141.407,DS34,,,,,,,,,,,,,,,,,
11385.16998,0,0,0,0,0,0,1,258141.407,DS34,,,,,,,,,,,,,,,,,
11386.16998,0,0,0,0,0,0,1,258141.407,DS34,,,,,,,,,,,,,,,,,
11387.16998,0,0,0,0,0,0,1,258141.407,DS34,,,,,,,,,,,,,,,,,
11388.16998,0,0,0,0,0,0,1,258141.407,DS34,,,,,,,,,,,,,,,,,
11389.16998,0,0,0,0,0,0,1,258141.407,DS34,,,,,,,,,,,,,,,,,
11390.16998,0,0,0,0,0,0,1,258141.407,DS34,,,,,,,,,,,,,,,,,
11391.16998,0,0,0,0,0,0,1,258141.407,DS34,,,,,,,,,,,,,,,,,
11392.16998,0,0,0,0,0,0,1,258141.407,DS34,,,,,,,,,,,,,,,,,
11393.16998,0,0,0,0,0,0,1,258141.407,DS34,,,,,,,,,,,,,,,,,
11394.16998,0,0,0,0,0,0,1,258141.407,DS34,,,,,,,,,,,,,,,,,
11395.16998,0,0,0,0,0,0,1,258141.407,DS34,,,,,,,,,,,,,,,,,
11396.16998,0,0,0,0,0,0,1,258141.407,DS34,,,,,,,,,,,,,,,,,
11397.16998,0,0,0,0,0,0,1,258141.407,DS34,,,,,,,,,,,,,,,,,
11398.16998,0,0,0,0,0,0,1,258141.407,DS34,,,,,,,,,,,,,,,,,
11399.16998,0,0,0,0,0,0,1,258141.407,DS34,,,,,,,,,,,,,,,,,
11400.16998,0,0,0,0,0,0,1,258141.407,DS34,,,,,,,,,,,,,,,,,
11401.16998,0,0,0,0,0,0,1,258141.407,DS34,,,,,,,,,,,,,,,,,
11402.16998,0,0,0,0,0,0,1,258141.407,DS34,,,,,,,,,,,,,,,,,
11403.16998,0,0,0,0,0,0,1,258141.407,DS34,,,,,,,,,,,,,,,,,
11404.16998,0,0,0,0,0,0,1,258141.407,DS34,,,,,,,,,,,,,,,,,
11405.16998,0,0,0,0,0,0,1,258141.407,DS34,,,,,,,,,,,,,,,,,
11406.16998,0,0,0,0,0,0,1,258141.407,DS34,,,,,,,,,,,,,,,,,
11407.16998,0,0,0,0,0,0,1,258141.407,DS34,,,,,,,,,,,,,,,,,
11408.16998,0,0,0,0,0,0,1,258141.407,DS34,,,,,,,,,,,,,,,,,
11409.16998,0,0,0,0,0,0,1,258141.407,DS34,,,,,,,,,,,,,,,,,
11410.16998,0,0,0,0,0,0,1,258141.407,DS34,,,,,,,,,,,,,,,,,
11411.16998,0,0,0,0,0,0,1,258141.407,DS34,,,,,,,,,,,,,,,,,
11412.16998,0,0,0,0,0,0,1,258141.407,DS34,,,,,,,,,,,,,,,,,
11413.16998,0,0,0,0,0,0,1,258141.407,DS34,,,,,,,,,,,,,,,,,
11414.16998,0,0,0,0,0,0,1,258141.407,DS34,,,,,,,,,,,,,,,,,
11415.16998,0,0,0,0,0,0,1,258141.407,DS34,,,,,,,,,,,,,,,,,
11416.16998,0,0,0,0,0,0,1,258141.407,DS34,,,,,,,,,,,,,,,,,
11417.16998,0,0,0,0,0,0,1,258141.407,DS34,,,,,,,,,,,,,,,,,
11418.16998,0,0,0,0,0,0,1,258141.407,DS34,,,,,,,,,,,,,,,,,
11419.16998,0,0,0,0,0,0,1,258141.407,DS34,,,,,,,,,,,,,,,,,
11420.16998,0,0,0,0,0,0,1,258141.407,DS34,,,,,,,,,,,,,,,,,
11421.16998,0,0,0,0,0,0,1,258141.407,DS34,,,,,,,,,,,,,,,,,
11422.16998,0,0,0,0,0,0,1,258141.407,DS34,,,,,,,,,,,,,,,,,
11423.16998,0,0,0,0,0,0,1,258141.407,DS34,,,,,,,,,,,,,,,,,
11424.16998,0,0,0,0,0,0,1,258141.407,DS34,,,,,,,,,,,,,,,,,
11425.16998,0,0,0,0,0,0,1,258141.407,DS34,,,,,,,,,,,,,,,,,
11426.16998,0,0,0,0,0,0,1,258141.407,DS34,,,,,,,,,,,,,,,,,
11427.16998,0,0,0,0,0,0,1,258141.407,DS34,,,,,,,,,,,,,,,,,
11428.16998,0,0,0,0,0,0,1,258141.407,DS34,,,,,,,,,,,,,,,,,
11429.16998,0,0,0,0,0,0,1,258141.407,DS34,,,,,,,,,,,,,,,,,
11430.16998,0,0,0,0,0,0,1,258141.407,DS34,,,,,,,,,,,,,,,,,
11431.16998,0,0,0,0,0,0,1,258141.407,DS34,,,,,,,,,,,,,,,,,
11432.16998,0,0,0,0,0,0,1,258141.407,DS34,,,,,,,,,,,,,,,,,
11433.16998,0,0,0,0,0,0,1,258141.407,DS34,,,,,,,,,,,,,,,,,
11434.16998,0,0,0,0,0,0,1,258141.407,DS34,,,,,,,,,,,,,,,,,
11435.16998,0,0,0,0,0,0,1,258141.407,DS34,,,,,,,,,,,,,,,,,
11436.16998,0,0,0,0,0,0,1,258141.407,DS34,,,,,,,,,,,,,,,,,
11437.16998,0,0,0,0,0,0,1,258141.407,DS34,,,,,,,,,,,,,,,,,
11438.16998,0,0,0,0,0,0,1,258141.407,DS34,,,,,,,,,,,,,,,,,
11439.16998,0,0,0,0,0,0,1,258141.407,DS34,,,,,,,,,,,,,,,,,
11440.16998,0,0,0,0,0,0,1,258141.407,DS34,,,,,,,,,,,,,,,,,
11441.16998,0,0,0,0,0,0,1,258141.407,DS34,,,,,,,,,,,,,,,,,
11442.16998,0,0,0,0,0,0,1,258141.407,DS34,,,,,,,,,,,,,,,,,
11443.16998,0,0,0,0,0,0,1,258141.407,DS34,,,,,,,,,,,,,,,,,
11444.16998,0,0,0,0,0,0,1,258141.407,DS34,,,,,,,,,,,,,,,,,
11445.16998,0,0,0,0,0,0,1,258141.407,DS34,,,,,,,,,,,,,,,,,
11446.16998,0,0,0,0,0,0,1,258141.407,DS34,,,,,,,,,,,,,,,,,
11447.16998,0,0,0,0,0,0,1,258141.407,DS34,,,,,,,,,,,,,,,,,
11448.16998,0,0,0,0,0,0,1,258141.407,DS34,,,,,,,,,,,,,,,,,
11449.16998,0,0,0,0,0,0,1,258141.407,DS34,,,,,,,,,,,,,,,,,
11450.16998,0,0,0,0,0,0,1,258141.407,DS34,,,,,,,,,,,,,,,,,
11451.16998,0,0,0,0,0,0,1,258141.407,DS34,,,,,,,,,,,,,,,,,
11452.16998,0,0,0,0,0,0,1,258141.407,DS34,,,,,,,,,,,,,,,,,
11453.16998,0,0,0,0,0,0,1,258141.407,DS34,,,,,,,,,,,,,,,,,
11454.16998,0,0,0,0,0,0,1,258141.407,DS34,,,,,,,,,,,,,,,,,
11455.16998,0,0,0,0,0,0,1,258141.407,DS34,,,,,,,,,,,,,,,,,
11456.16998,0,0,0,0,0,0,1,258141.407,DS34,,,,,,,,,,,,,,,,,
11457.16998,0,0,0,0,0,0,1,258141.407,DS34,,,,,,,,,,,,,,,,,
11458.16998,0,0,0,0,0,0,1,258141.407,DS34,,,,,,,,,,,,,,,,,
11459.16998,0,0,0,0,0,0,1,258141.407,DS34,,,,,,,,,,,,,,,,,
11460.16998,0,0,0,0,0,0,1,258141.407,DS34,,,,,,,,,,,,,,,,,
11461.16998,0,0,0,0,0,0,1,258141.407,DS34,,,,,,,,,,,,,,,,,
11462.16998,0,0,0,0,0,0,1,258141.407,DS34,,,,,,,,,,,,,,,,,
11463.16998,0,0,0,0,0,0,1,258141.407,DS34,,,,,,,,,,,,,,,,,
11464.16998,0,0,0,0,0,0,1,258141.407,DS34,,,,,,,,,,,,,,,,,
11465.16998,0,0,0,0,0,0,1,258141.407,DS34,,,,,,,,,,,,,,,,,
11466.16998,0,0,0,0,0,0,1,258141.407,DS34,,,,,,,,,,,,,,,,,
11467.16998,0,0,0,0,0,0,1,258141.407,DS34,,,,,,,,,,,,,,,,,
11468.16998,0,0,0,0,0,0,1,258141.407,DS34,,,,,,,,,,,,,,,,,
11469.16998,0,0,0,0,0,0,1,258141.407,DS34,,,,,,,,,,,,,,,,,
11470.16998,0,0,0,0,0,0,1,258141.407,DS34,,,,,,,,,,,,,,,,,
11471.16998,0,0,0,0,0,0,1,258141.407,DS34,,,,,,,,,,,,,,,,,
11472.16998,0,0,0,0,0,0,1,258141.407,DS34,,,,,,,,,,,,,,,,,
11473.16998,0,0,0,0,0,0,1,258141.407,DS34,,,,,,,,,,,,,,,,,
11474.16998,0,0,0,0,0,0,1,258141.407,DS34,,,,,,,,,,,,,,,,,
11475.16998,0,0,0,0,0,0,1,258141.407,DS34,,,,,,,,,,,,,,,,,
11476.16998,0,0,0,0,0,0,1,258141.407,DS34,,,,,,,,,,,,,,,,,
11477.16998,0,0,0,0,0,0,1,258141.407,DS34,,,,,,,,,,,,,,,,,
11478.16998,0,0,0,0,0,0,1,258141.407,DS34,,,,,,,,,,,,,,,,,
11479.16998,0,0,0,0,0,0,1,258141.407,DS34,,,,,,,,,,,,,,,,,
11480.16998,0,0,0,0,0,0,1,258141.407,DS34,,,,,,,,,,,,,,,,,
11481.16998,0,0,0,0,0,0,1,258141.407,DS34,,,,,,,,,,,,,,,,,
11482.16998,0,0,0,0,0,0,1,258141.407,DS34,,,,,,,,,,,,,,,,,
11483.16998,0,0,0,0,0,0,1,258141.407,DS34,,,,,,,,,,,,,,,,,
11484.16998,0,0,0,0,0,0,1,258141.407,DS34,,,,,,,,,,,,,,,,,
11485.16998,0,0,0,0,0,0,1,258141.407,DS34,,,,,,,,,,,,,,,,,
11486.16998,0,0,0,0,0,0,1,258141.407,DS34,,,,,,,,,,,,,,,,,
11487.16998,0,0,0,0,0,0,1,258141.407,DS34,,,,,,,,,,,,,,,,,
11488.16998,0,0,0,0,0,0,1,258141.407,DS34,,,,,,,,,,,,,,,,,
11489.16998,0,0,0,0,0,0,1,258141.407,DS34,,,,,,,,,,,,,,,,,
11490.16998,0,0,0,0,0,0,1,258141.407,DS34,,,,,,,,,,,,,,,,,
11491.16998,0,0,0,0,0,0,1,258141.407,DS34,,,,,,,,,,,,,,,,,
11492.16998,0,0,0,0,0,0,1,258141.407,DS34,,,,,,,,,,,,,,,,,
11493.16998,0,0,0,0,0,0,1,258141.407,DS34,,,,,,,,,,,,,,,,,
11494.16998,0,0,0,0,0,0,1,258141.407,DS34,,,,,,,,,,,,,,,,,
11495.16998,0,0,0,0,0,0,1,258141.407,DS34,,,,,,,,,,,,,,,,,
11496.16998,0,0,0,0,0,0,1,258141.407,DS34,,,,,,,,,,,,,,,,,
11497.16998,0,0,0,0,0,0,1,258141.407,DS34,,,,,,,,,,,,,,,,,
11498.16998,0,0,0,0,0,0,1,258141.407,DS34,,,,,,,,,,,,,,,,,
11499.16998,0,0,0,0,0,0,1,258141.407,DS34,,,,,,,,,,,,,,,,,
11500.16998,0,0,0,0,0,0,1,258141.407,DS34,,,,,,,,,,,,,,,,,
11501.16998,0,0,0,0,0,0,1,258141.407,DS34,,,,,,,,,,,,,,,,,
11502.16998,0,0,0,0,0,0,1,258141.407,DS34,,,,,,,,,,,,,,,,,
11503.16998,0,0,0,0,0,0,1,258141.407,DS34,,,,,,,,,,,,,,,,,
11504.16998,0,0,0,0,0,0,1,258141.407,DS34,,,,,,,,,,,,,,,,,
11505.16998,0,0,0,0,0,0,1,258141.407,DS34,,,,,,,,,,,,,,,,,
11506.16998,0,0,0,0,0,0,1,258141.407,DS34,,,,,,,,,,,,,,,,,
11507.16998,0,0,0,0,0,0,1,258141.407,DS34,,,,,,,,,,,,,,,,,
11508.16998,0,0,0,0,0,0,1,258141.407,DS34,,,,,,,,,,,,,,,,,
11509.16998,0,0,0,0,0,0,1,258141.407,DS34,,,,,,,,,,,,,,,,,
11510.16998,0,0,0,0,0,0,1,258141.407,DS34,,,,,,,,,,,,,,,,,
11511.16998,0,0,0,0,0,0,1,258141.407,DS34,,,,,,,,,,,,,,,,,
11512.16998,0,0,0,0,0,0,1,258141.407,DS34,,,,,,,,,,,,,,,,,
11513.16998,0,0,0,0,0,0,1,258141.407,DS34,,,,,,,,,,,,,,,,,
11514.16998,0,0,0,0,0,0,1,258141.407,DS34,,,,,,,,,,,,,,,,,
11515.16998,0,0,0,0,0,0,1,258141.407,DS34,,,,,,,,,,,,,,,,,
11516.16998,0,0,0,0,0,0,1,258141.407,DS34,,,,,,,,,,,,,,,,,
11517.16998,0,0,0,0,0,0,1,258141.407,DS34,,,,,,,,,,,,,,,,,
11518.16998,0,0,0,0,0,0,1,258141.407,DS34,,,,,,,,,,,,,,,,,
11519.16998,0,0,0,0,0,0,1,258141.407,DS34,,,,,,,,,,,,,,,,,
11520.16998,0,0,0,0,0,0,1,258141.407,DS34,,,,,,,,,,,,,,,,,
11521.16998,0,0,0,0,0,0,1,258141.407,DS34,,,,,,,,,,,,,,,,,
11522.16998,0,0,0,0,0,0,1,258141.407,DS34,,,,,,,,,,,,,,,,,
11523.16998,0,0,0,0,0,0,1,258141.407,DS34,,,,,,,,,,,,,,,,,
11524.16998,0,0,0,0,0,0,1,258141.407,DS34,,,,,,,,,,,,,,,,,
11525.16998,0,0,0,0,0,0,1,258141.407,DS34,,,,,,,,,,,,,,,,,
11526.16998,0,0,0,0,0,0,1,258141.407,DS34,,,,,,,,,,,,,,,,,
11527.16998,0,0,0,0,0,0,1,258141.407,DS34,,,,,,,,,,,,,,,,,
11528.16998,0,0,0,0,0,0,1,258141.407,DS34,,,,,,,,,,,,,,,,,
11529.16998,0,0,0,0,0,0,1,258141.407,DS34,,,,,,,,,,,,,,,,,
11530.16998,0,0,0,0,0,0,1,258141.407,DS34,,,,,,,,,,,,,,,,,
11531.16998,0,0,0,0,0,0,1,258141.407,DS34,,,,,,,,,,,,,,,,,
11532.16998,0,0,0,0,0,0,1,258141.407,DS34,,,,,,,,,,,,,,,,,
11533.16998,0,0,0,0,0,0,1,258141.407,DS34,,,,,,,,,,,,,,,,,
11534.16998,0,0,0,0,0,0,1,258141.407,DS34,,,,,,,,,,,,,,,,,
11535.16998,0,0,0,0,0,0,1,258141.407,DS34,,,,,,,,,,,,,,,,,
11536.16998,0,0,0,0,0,0,1,258141.407,DS34,,,,,,,,,,,,,,,,,
11537.16998,0,0,0,0,0,0,1,258141.407,DS34,,,,,,,,,,,,,,,,,
11538.16998,0,0,0,0,0,0,1,258141.407,DS34,,,,,,,,,,,,,,,,,
11539.16998,0,0,0,0,0,0,1,258141.407,DS34,,,,,,,,,,,,,,,,,
11540.16998,0,0,0,0,0,0,1,258141.407,DS34,,,,,,,,,,,,,,,,,
11541.16998,0,0,0,0,0,0,1,258141.407,DS34,,,,,,,,,,,,,,,,,
11542.16998,0,0,0,0,0,0,1,258141.407,DS34,,,,,,,,,,,,,,,,,
11543.16998,0,0,0,0,0,0,1,258141.407,DS34,,,,,,,,,,,,,,,,,
11544.16998,0,0,0,0,0,0,1,258141.407,DS34,,,,,,,,,,,,,,,,,
11545.16998,0,0,0,0,0,0,0,0,NONE,,,,,,,,,,,,,,,,,
11546.16998,0,0,0,0,0,0,0,0,NONE,,,,,,,,,,,,,,,,,
11547.16998,0,0,0,0,0,0,0,0,NONE,,,,,,,,,,,,,,,,,
11548.16998,0,0,1,203183.9709,0,0,0,0,DS54,,,,,,,,,,,,,,,,,
11549.16998,0,0,1,203183.9709,0,0,0,0,DS54,,,,,,,,,,,,,,,,,
11550.16998,0,0,1,203183.9709,0,0,0,0,DS54,,,,,,,,,,,,,,,,,
11551.16998,0,0,1,203183.9709,0,0,0,0,DS54,,,,,,,,,,,,,,,,,
11552.16998,0,0,1,203183.9709,0,0,0,0,DS54,,,,,,,,,,,,,,,,,
11553.16998,0,0,1,203183.9709,0,0,0,0,DS54,,,,,,,,,,,,,,,,,
11554.16998,0,0,1,203183.9709,0,0,0,0,DS54,,,,,,,,,,,,,,,,,
11555.16998,0,0,1,203183.9709,0,0,0,0,DS54,,,,,,,,,,,,,,,,,
11556.16998,0,0,1,203183.9709,0,0,0,0,DS54,,,,,,,,,,,,,,,,,
11557.16998,0,0,1,203183.9709,0,0,0,0,DS54,,,,,,,,,,,,,,,,,
11558.16998,0,0,1,203183.9709,0,0,0,0,DS54,,,,,,,,,,,,,,,,,
11559.16998,0,0,1,203183.9709,0,0,0,0,DS54,,,,,,,,,,,,,,,,,
11560.16998,0,0,1,203183.9709,0,0,0,0,DS54,,,,,,,,,,,,,,,,,
11561.16998,0,0,1,203183.9709,0,0,0,0,DS54,,,,,,,,,,,,,,,,,
11562.16998,0,0,1,203183.9709,0,0,0,0,DS54,,,,,,,,,,,,,,,,,
11563.16998,0,0,1,203183.9709,0,0,0,0,DS54,,,,,,,,,,,,,,,,,
11564.16998,0,0,1,203183.9709,0,0,0,0,DS54,,,,,,,,,,,,,,,,,
11565.16998,0,0,1,203183.9709,0,0,0,0,DS54,,,,,,,,,,,,,,,,,
11566.16998,0,0,1,203183.9709,0,0,0,0,DS54,,,,,,,,,,,,,,,,,
11567.16998,0,0,1,203183.9709,0,0,0,0,DS54,,,,,,,,,,,,,,,,,
11568.16998,0,0,1,203183.9709,0,0,0,0,DS54,,,,,,,,,,,,,,,,,
11569.16998,0,0,1,203183.9709,0,0,0,0,DS54,,,,,,,,,,,,,,,,,
11570.16998,0,0,1,203183.9709,0,0,0,0,DS54,,,,,,,,,,,,,,,,,
11571.16998,0,0,1,203183.9709,0,0,0,0,DS54,,,,,,,,,,,,,,,,,
11572.16998,0,0,1,203183.9709,0,0,0,0,DS54,,,,,,,,,,,,,,,,,
11573.16998,0,0,1,203183.9709,0,0,0,0,DS54,,,,,,,,,,,,,,,,,
11574.16998,0,0,1,203183.9709,0,0,0,0,DS54,,,,,,,,,,,,,,,,,
11575.16998,0,0,1,203183.9709,0,0,0,0,DS54,,,,,,,,,,,,,,,,,
11576.16998,0,0,1,203183.9709,0,0,0,0,DS54,,,,,,,,,,,,,,,,,
11577.16998,0,0,1,203183.9709,0,0,0,0,DS54,,,,,,,,,,,,,,,,,
11578.16998,0,0,1,203183.9709,0,0,0,0,DS54,,,,,,,,,,,,,,,,,
11579.16998,0,0,1,203183.9709,0,0,0,0,DS54,,,,,,,,,,,,,,,,,
11580.16998,0,0,1,203183.9709,0,0,0,0,DS54,,,,,,,,,,,,,,,,,
11581.16998,0,0,1,203183.9709,0,0,0,0,DS54,,,,,,,,,,,,,,,,,
11582.16998,0,0,1,203183.9709,0,0,0,0,DS54,,,,,,,,,,,,,,,,,
11583.16998,0,0,1,203183.9709,0,0,0,0,DS54,,,,,,,,,,,,,,,,,
11584.16998,0,0,1,203183.9709,0,0,0,0,DS54,,,,,,,,,,,,,,,,,
11585.16998,0,0,1,203183.9709,0,0,0,0,DS54,,,,,,,,,,,,,,,,,
11586.16998,0,0,1,203183.9709,0,0,0,0,DS54,,,,,,,,,,,,,,,,,
11587.16998,0,0,1,203183.9709,0,0,0,0,DS54,,,,,,,,,,,,,,,,,
11588.16998,0,0,1,203183.9709,0,0,0,0,DS54,,,,,,,,,,,,,,,,,
11589.16998,0,0,1,203183.9709,0,0,0,0,DS54,,,,,,,,,,,,,,,,,
11590.16998,0,0,1,203183.9709,0,0,0,0,DS54,,,,,,,,,,,,,,,,,
11591.16998,0,0,1,203183.9709,0,0,0,0,DS54,,,,,,,,,,,,,,,,,
11592.16998,0,0,1,203183.9709,0,0,0,0,DS54,,,,,,,,,,,,,,,,,
11593.16998,0,0,1,203183.9709,0,0,0,0,DS54,,,,,,,,,,,,,,,,,
11594.16998,0,0,1,203183.9709,0,0,0,0,DS54,,,,,,,,,,,,,,,,,
11595.16998,0,0,1,203183.9709,0,0,0,0,DS54,,,,,,,,,,,,,,,,,
11596.16998,0,0,1,203183.9709,0,0,0,0,DS54,,,,,,,,,,,,,,,,,
11597.16998,0,0,1,203183.9709,0,0,0,0,DS54,,,,,,,,,,,,,,,,,
11598.16998,0,0,1,203183.9709,0,0,0,0,DS54,,,,,,,,,,,,,,,,,
11599.16998,0,0,1,203183.9709,0,0,0,0,DS54,,,,,,,,,,,,,,,,,
11600.16998,0,0,1,203183.9709,0,0,0,0,DS54,,,,,,,,,,,,,,,,,
11601.16998,0,0,1,203183.9709,0,0,0,0,DS54,,,,,,,,,,,,,,,,,
11602.16998,0,0,1,203183.9709,0,0,0,0,DS54,,,,,,,,,,,,,,,,,
11603.16998,0,0,1,203183.9709,0,0,0,0,DS54,,,,,,,,,,,,,,,,,
11604.16998,0,0,1,203183.9709,0,0,0,0,DS54,,,,,,,,,,,,,,,,,
11605.16998,0,0,1,203183.9709,0,0,0,0,DS54,,,,,,,,,,,,,,,,,
11606.16998,0,0,1,203183.9709,0,0,0,0,DS54,,,,,,,,,,,,,,,,,
11607.16998,0,0,1,203183.9709,0,0,0,0,DS54,,,,,,,,,,,,,,,,,
11608.16998,0,0,1,203183.9709,0,0,0,0,DS54,,,,,,,,,,,,,,,,,
11609.16998,0,0,1,203183.9709,0,0,0,0,DS54,,,,,,,,,,,,,,,,,
11610.16998,0,0,1,203183.9709,0,0,0,0,DS54,,,,,,,,,,,,,,,,,
11611.16998,0,0,1,203183.9709,0,0,0,0,DS54,,,,,,,,,,,,,,,,,
11612.16998,0,0,1,203183.9709,0,0,0,0,DS54,,,,,,,,,,,,,,,,,
11613.16998,0,0,1,203183.9709,0,0,0,0,DS54,,,,,,,,,,,,,,,,,
11614.16998,0,0,1,203183.9709,0,0,0,0,DS54,,,,,,,,,,,,,,,,,
11615.16998,0,0,1,203183.9709,0,0,0,0,DS54,,,,,,,,,,,,,,,,,
11616.16998,0,0,1,203183.9709,0,0,0,0,DS54,,,,,,,,,,,,,,,,,
11617.16998,0,0,1,203183.9709,0,0,0,0,DS54,,,,,,,,,,,,,,,,,
11618.16998,0,0,1,203183.9709,0,0,0,0,DS54,,,,,,,,,,,,,,,,,
11619.16998,0,0,1,203183.9709,0,0,0,0,DS54,,,,,,,,,,,,,,,,,
11620.16998,0,0,1,203183.9709,0,0,0,0,DS54,,,,,,,,,,,,,,,,,
11621.16998,0,0,1,203183.9709,0,0,0,0,DS54,,,,,,,,,,,,,,,,,
11622.16998,0,0,1,203183.9709,0,0,0,0,DS54,,,,,,,,,,,,,,,,,
11623.16998,0,0,1,203183.9709,0,0,0,0,DS54,,,,,,,,,,,,,,,,,
11624.16998,0,0,1,203183.9709,0,0,0,0,DS54,,,,,,,,,,,,,,,,,
11625.16998,0,0,1,203183.9709,0,0,0,0,DS54,,,,,,,,,,,,,,,,,
11626.16998,0,0,1,203183.9709,0,0,0,0,DS54,,,,,,,,,,,,,,,,,
11627.16998,0,0,1,203183.9709,0,0,0,0,DS54,,,,,,,,,,,,,,,,,
11628.16998,0,0,1,203183.9709,0,0,0,0,DS54,,,,,,,,,,,,,,,,,
11629.16998,0,0,1,203183.9709,0,0,0,0,DS54,,,,,,,,,,,,,,,,,
11630.16998,0,0,1,203183.9709,0,0,0,0,DS54,,,,,,,,,,,,,,,,,
11631.16998,0,0,1,203183.9709,0,0,0,0,DS54,,,,,,,,,,,,,,,,,
11632.16998,0,0,1,203183.9709,0,0,0,0,DS54,,,,,,,,,,,,,,,,,
11633.16998,0,0,1,203183.9709,0,0,0,0,DS54,,,,,,,,,,,,,,,,,
11634.16998,0,0,1,203183.9709,0,0,0,0,DS54,,,,,,,,,,,,,,,,,
11635.16998,0,0,1,203183.9709,0,0,0,0,DS54,,,,,,,,,,,,,,,,,
11636.16998,0,0,1,203183.9709,0,0,0,0,DS54,,,,,,,,,,,,,,,,,
11637.16998,0,0,1,203183.9709,0,0,0,0,DS54,,,,,,,,,,,,,,,,,
11638.16998,0,0,1,203183.9709,0,0,0,0,DS54,,,,,,,,,,,,,,,,,
11639.16998,0,0,1,203183.9709,0,0,0,0,DS54,,,,,,,,,,,,,,,,,
11640.16998,0,0,1,203183.9709,0,0,0,0,DS54,,,,,,,,,,,,,,,,,
11641.16998,0,0,1,203183.9709,0,0,0,0,DS54,,,,,,,,,,,,,,,,,
11642.16998,0,0,1,203183.9709,0,0,0,0,DS54,,,,,,,,,,,,,,,,,
11643.16998,0,0,1,203183.9709,0,0,0,0,DS54,,,,,,,,,,,,,,,,,
11644.16998,0,0,1,203183.9709,0,0,0,0,DS54,,,,,,,,,,,,,,,,,
11645.16998,0,0,1,203183.9709,0,0,0,0,DS54,,,,,,,,,,,,,,,,,
11646.16998,0,0,1,203183.9709,0,0,0,0,DS54,,,,,,,,,,,,,,,,,
11647.16998,0,0,1,203183.9709,0,0,0,0,DS54,,,,,,,,,,,,,,,,,
11648.16998,0,0,1,203183.9709,0,0,0,0,DS54,,,,,,,,,,,,,,,,,
11649.16998,0,0,1,203183.9709,0,0,0,0,DS54,,,,,,,,,,,,,,,,,
11650.16998,0,0,1,203183.9709,0,0,0,0,DS54,,,,,,,,,,,,,,,,,
11651.16998,0,0,1,203183.9709,0,0,0,0,DS54,,,,,,,,,,,,,,,,,
11652.16998,0,0,1,203183.9709,0,0,0,0,DS54,,,,,,,,,,,,,,,,,
11653.16998,0,0,1,203183.9709,0,0,0,0,DS54,,,,,,,,,,,,,,,,,
11654.16998,0,0,1,203183.9709,0,0,0,0,DS54,,,,,,,,,,,,,,,,,
11655.16998,0,0,1,203183.9709,0,0,0,0,DS54,,,,,,,,,,,,,,,,,
11656.16998,0,0,1,203183.9709,0,0,0,0,DS54,,,,,,,,,,,,,,,,,
11657.16998,0,0,1,203183.9709,0,0,0,0,DS54,,,,,,,,,,,,,,,,,
11658.16998,0,0,1,203183.9709,0,0,0,0,DS54,,,,,,,,,,,,,,,,,
11659.16998,0,0,1,203183.9709,0,0,0,0,DS54,,,,,,,,,,,,,,,,,
11660.16998,0,0,1,203183.9709,0,0,0,0,DS54,,,,,,,,,,,,,,,,,
11661.16998,0,0,1,203183.9709,0,0,0,0,DS54,,,,,,,,,,,,,,,,,
11662.16998,0,0,1,203183.9709,0,0,0,0,DS54,,,,,,,,,,,,,,,,,
11663.16998,0,0,1,203183.9709,0,0,0,0,DS54,,,,,,,,,,,,,,,,,
11664.16998,0,0,1,203183.9709,0,0,0,0,DS54,,,,,,,,,,,,,,,,,
11665.16998,0,0,1,203183.9709,0,0,0,0,DS54,,,,,,,,,,,,,,,,,
11666.16998,0,0,1,203183.9709,0,0,0,0,DS54,,,,,,,,,,,,,,,,,
11667.16998,0,0,1,203183.9709,0,0,0,0,DS54,,,,,,,,,,,,,,,,,
11668.16998,0,0,1,203183.9709,0,0,0,0,DS54,,,,,,,,,,,,,,,,,
11669.16998,0,0,1,203183.9709,0,0,0,0,DS54,,,,,,,,,,,,,,,,,
11670.16998,0,0,1,203183.9709,0,0,0,0,DS54,,,,,,,,,,,,,,,,,
11671.16998,0,0,1,203183.9709,0,0,0,0,DS54,,,,,,,,,,,,,,,,,
11672.16998,0,0,1,203183.9709,0,0,0,0,DS54,,,,,,,,,,,,,,,,,
11673.16998,0,0,1,203183.9709,0,0,0,0,DS54,,,,,,,,,,,,,,,,,
11674.16998,0,0,1,203183.9709,0,0,0,0,DS54,,,,,,,,,,,,,,,,,
11675.16998,0,0,1,203183.9709,0,0,0,0,DS54,,,,,,,,,,,,,,,,,
11676.16998,0,0,1,203183.9709,0,0,0,0,DS54,,,,,,,,,,,,,,,,,
11677.16998,0,0,1,203183.9709,0,0,0,0,DS54,,,,,,,,,,,,,,,,,
11678.16998,0,0,1,203183.9709,0,0,0,0,DS54,,,,,,,,,,,,,,,,,
11679.16998,0,0,1,203183.9709,0,0,0,0,DS54,,,,,,,,,,,,,,,,,
11680.16998,0,0,1,203183.9709,0,0,0,0,DS54,,,,,,,,,,,,,,,,,
11681.16998,0,0,1,203183.9709,0,0,0,0,DS54,,,,,,,,,,,,,,,,,
11682.16998,0,0,1,203183.9709,0,0,0,0,DS54,,,,,,,,,,,,,,,,,
11683.16998,0,0,1,203183.9709,0,0,0,0,DS54,,,,,,,,,,,,,,,,,
11684.16998,0,0,1,203183.9709,0,0,0,0,DS54,,,,,,,,,,,,,,,,,
11685.16998,0,0,1,203183.9709,0,0,0,0,DS54,,,,,,,,,,,,,,,,,
11686.16998,0,0,1,203183.9709,0,0,0,0,DS54,,,,,,,,,,,,,,,,,
11687.16998,0,0,1,203183.9709,0,0,0,0,DS54,,,,,,,,,,,,,,,,,
11688.16998,0,0,1,203183.9709,0,0,0,0,DS54,,,,,,,,,,,,,,,,,
11689.16998,0,0,1,203183.9709,0,0,0,0,DS54,,,,,,,,,,,,,,,,,
11690.16998,0,0,1,203183.9709,0,0,0,0,DS54,,,,,,,,,,,,,,,,,
11691.16998,0,0,1,203183.9709,0,0,0,0,DS54,,,,,,,,,,,,,,,,,
11692.16998,0,0,1,203183.9709,0,0,0,0,DS54,,,,,,,,,,,,,,,,,
11693.16998,0,0,1,203183.9709,0,0,0,0,DS54,,,,,,,,,,,,,,,,,
11694.16998,0,0,1,203183.9709,0,0,0,0,DS54,,,,,,,,,,,,,,,,,
11695.16998,0,0,1,203183.9709,0,0,0,0,DS54,,,,,,,,,,,,,,,,,
11696.16998,0,0,1,203183.9709,0,0,0,0,DS54,,,,,,,,,,,,,,,,,
11697.16998,0,0,1,203183.9709,0,0,0,0,DS54,,,,,,,,,,,,,,,,,
11698.16998,0,0,1,203183.9709,0,0,0,0,DS54,,,,,,,,,,,,,,,,,
11699.16998,0,0,1,203183.9709,0,0,0,0,DS54,,,,,,,,,,,,,,,,,
11700.16998,0,0,1,203183.9709,0,0,0,0,DS54,,,,,,,,,,,,,,,,,
11701.16998,0,0,1,203183.9709,0,0,0,0,DS54,,,,,,,,,,,,,,,,,
11702.16998,0,0,1,203183.9709,0,0,0,0,DS54,,,,,,,,,,,,,,,,,
11703.16998,0,0,1,203183.9709,0,0,0,0,DS54,,,,,,,,,,,,,,,,,
11704.16998,0,0,1,203183.9709,0,0,0,0,DS54,,,,,,,,,,,,,,,,,
11705.16998,0,0,1,203183.9709,0,0,0,0,DS54,,,,,,,,,,,,,,,,,
11706.16998,0,0,1,203183.9709,0,0,0,0,DS54,,,,,,,,,,,,,,,,,
11707.16998,0,0,1,203183.9709,0,0,0,0,DS54,,,,,,,,,,,,,,,,,
11708.16998,0,0,1,203183.9709,0,0,0,0,DS54,,,,,,,,,,,,,,,,,
11709.16998,0,0,1,203183.9709,0,0,0,0,DS54,,,,,,,,,,,,,,,,,
11710.16998,0,0,1,203183.9709,0,0,0,0,DS54,,,,,,,,,,,,,,,,,
11711.16998,0,0,1,203183.9709,0,0,0,0,DS54,,,,,,,,,,,,,,,,,
11712.16998,0,0,1,203183.9709,0,0,0,0,DS54,,,,,,,,,,,,,,,,,
11713.16998,0,0,1,203183.9709,0,0,0,0,DS54,,,,,,,,,,,,,,,,,
11714.16998,0,0,1,203183.9709,0,0,0,0,DS54,,,,,,,,,,,,,,,,,
11715.16998,0,0,1,203183.9709,0,0,0,0,DS54,,,,,,,,,,,,,,,,,
11716.16998,0,0,1,203183.9709,0,0,0,0,DS54,,,,,,,,,,,,,,,,,
11717.16998,0,0,1,203183.9709,0,0,0,0,DS54,,,,,,,,,,,,,,,,,
11718.16998,0,0,1,203183.9709,0,0,0,0,DS54,,,,,,,,,,,,,,,,,
11719.16998,0,0,1,203183.9709,0,0,0,0,DS54,,,,,,,,,,,,,,,,,
11720.16998,0,0,1,203183.9709,0,0,0,0,DS54,,,,,,,,,,,,,,,,,
11721.16998,0,0,1,203183.9709,0,0,0,0,DS54,,,,,,,,,,,,,,,,,
11722.16998,0,0,1,203183.9709,0,0,0,0,DS54,,,,,,,,,,,,,,,,,
11723.16998,0,0,1,203183.9709,0,0,0,0,DS54,,,,,,,,,,,,,,,,,
11724.16998,0,0,1,203183.9709,0,0,0,0,DS54,,,,,,,,,,,,,,,,,
11725.16998,0,0,1,203183.9709,0,0,0,0,DS54,,,,,,,,,,,,,,,,,
11726.16998,0,0,1,203183.9709,0,0,0,0,DS54,,,,,,,,,,,,,,,,,
11727.16998,0,0,1,203183.9709,0,0,0,0,DS54,,,,,,,,,,,,,,,,,
11728.16998,0,0,1,203183.9709,0,0,0,0,DS54,,,,,,,,,,,,,,,,,
11729.16998,0,0,1,203183.9709,0,0,0,0,DS54,,,,,,,,,,,,,,,,,
11730.16998,0,0,1,203183.9709,0,0,0,0,DS54,,,,,,,,,,,,,,,,,
11731.16998,0,0,1,203183.9709,0,0,0,0,DS54,,,,,,,,,,,,,,,,,
11732.16998,0,0,1,203183.9709,0,0,0,0,DS54,,,,,,,,,,,,,,,,,
11733.16998,0,0,1,203183.9709,0,0,0,0,DS54,,,,,,,,,,,,,,,,,
11734.16998,0,0,1,203183.9709,0,0,0,0,DS54,,,,,,,,,,,,,,,,,
11735.16998,0,0,1,203183.9709,0,0,0,0,DS54,,,,,,,,,,,,,,,,,
11736.16998,0,0,1,203183.9709,0,0,0,0,DS54,,,,,,,,,,,,,,,,,
11737.16998,0,0,1,203183.9709,0,0,0,0,DS54,,,,,,,,,,,,,,,,,
11738.16998,0,0,1,203183.9709,0,0,0,0,DS54,,,,,,,,,,,,,,,,,
11739.16998,0,0,1,203183.9709,0,0,0,0,DS54,,,,,,,,,,,,,,,,,
11740.16998,0,0,1,203183.9709,0,0,0,0,DS54,,,,,,,,,,,,,,,,,
11741.16998,0,0,1,203183.9709,0,0,0,0,DS54,,,,,,,,,,,,,,,,,
11742.16998,0,0,1,203183.9709,0,0,0,0,DS54,,,,,,,,,,,,,,,,,
11743.16998,0,0,1,203183.9709,0,0,0,0,DS54,,,,,,,,,,,,,,,,,
11744.16998,0,0,1,203183.9709,0,0,0,0,DS54,,,,,,,,,,,,,,,,,
11745.16998,0,0,1,203183.9709,0,0,0,0,DS54,,,,,,,,,,,,,,,,,
11746.16998,0,0,1,203183.9709,0,0,0,0,DS54,,,,,,,,,,,,,,,,,
11747.16998,0,0,1,203183.9709,0,0,0,0,DS54,,,,,,,,,,,,,,,,,
11748.16998,0,0,1,203183.9709,0,0,0,0,DS54,,,,,,,,,,,,,,,,,
11749.16998,0,0,1,203183.9709,0,0,0,0,DS54,,,,,,,,,,,,,,,,,
11750.16998,0,0,1,203183.9709,0,0,0,0,DS54,,,,,,,,,,,,,,,,,
11751.16998,0,0,1,203183.9709,0,0,0,0,DS54,,,,,,,,,,,,,,,,,
11752.16998,0,0,1,203183.9709,0,0,0,0,DS54,,,,,,,,,,,,,,,,,
11753.16998,0,0,1,203183.9709,0,0,0,0,DS54,,,,,,,,,,,,,,,,,
11754.16998,0,0,1,203183.9709,0,0,0,0,DS54,,,,,,,,,,,,,,,,,
11755.16998,0,0,1,203183.9709,0,0,0,0,DS54,,,,,,,,,,,,,,,,,
11756.16998,0,0,1,203183.9709,0,0,0,0,DS54,,,,,,,,,,,,,,,,,
11757.16998,0,0,1,203183.9709,0,0,0,0,DS54,,,,,,,,,,,,,,,,,
11758.16998,0,0,1,203183.9709,0,0,0,0,DS54,,,,,,,,,,,,,,,,,
11759.16998,0,0,1,203183.9709,0,0,0,0,DS54,,,,,,,,,,,,,,,,,
11760.16998,0,0,1,203183.9709,0,0,0,0,DS54,,,,,,,,,,,,,,,,,
11761.16998,0,0,1,203183.9709,0,0,0,0,DS54,,,,,,,,,,,,,,,,,
11762.16998,0,0,1,203183.9709,0,0,0,0,DS54,,,,,,,,,,,,,,,,,
11763.16998,0,0,1,203183.9709,0,0,0,0,DS54,,,,,,,,,,,,,,,,,
11764.16998,0,0,1,203183.9709,0,0,0,0,DS54,,,,,,,,,,,,,,,,,
11765.16998,0,0,1,203183.9709,0,0,0,0,DS54,,,,,,,,,,,,,,,,,
11766.16998,0,0,1,203183.9709,0,0,0,0,DS54,,,,,,,,,,,,,,,,,
11767.16998,0,0,1,203183.9709,0,0,0,0,DS54,,,,,,,,,,,,,,,,,
11768.16998,0,0,1,203183.9709,0,0,0,0,DS54,,,,,,,,,,,,,,,,,
11769.16998,0,0,1,203183.9709,0,0,0,0,DS54,,,,,,,,,,,,,,,,,
11770.16998,0,0,1,203183.9709,0,0,0,0,DS54,,,,,,,,,,,,,,,,,
11771.16998,0,0,1,203183.9709,0,0,0,0,DS54,,,,,,,,,,,,,,,,,
11772.16998,0,0,1,203183.9709,0,0,0,0,DS54,,,,,,,,,,,,,,,,,
11773.16998,0,0,1,203183.9709,0,0,0,0,DS54,,,,,,,,,,,,,,,,,
11774.16998,0,0,1,203183.9709,0,0,0,0,DS54,,,,,,,,,,,,,,,,,
11775.16998,0,0,1,203183.9709,0,0,0,0,DS54,,,,,,,,,,,,,,,,,
11776.16998,0,0,1,203183.9709,0,0,0,0,DS54,,,,,,,,,,,,,,,,,
11777.16998,0,0,1,203183.9709,0,0,0,0,DS54,,,,,,,,,,,,,,,,,
11778.16998,0,0,1,203183.9709,0,0,0,0,DS54,,,,,,,,,,,,,,,,,
11779.16998,0,0,1,203183.9709,0,0,0,0,DS54,,,,,,,,,,,,,,,,,
11780.16998,0,0,1,203183.9709,0,0,0,0,DS54,,,,,,,,,,,,,,,,,
11781.16998,0,0,1,203183.9709,0,0,0,0,DS54,,,,,,,,,,,,,,,,,
11782.16998,0,0,1,203183.9709,0,0,0,0,DS54,,,,,,,,,,,,,,,,,
11783.16998,0,0,1,203183.9709,0,0,0,0,DS54,,,,,,,,,,,,,,,,,
11784.16998,0,0,1,203183.9709,0,0,0,0,DS54,,,,,,,,,,,,,,,,,
11785.16998,0,0,1,203183.9709,0,0,0,0,DS54,,,,,,,,,,,,,,,,,
11786.16998,0,0,1,203183.9709,0,0,0,0,DS54,,,,,,,,,,,,,,,,,
11787.16998,0,0,1,203183.9709,0,0,0,0,DS54,,,,,,,,,,,,,,,,,
11788.16998,0,0,1,203183.9709,0,0,0,0,DS54,,,,,,,,,,,,,,,,,
11789.16998,0,0,1,203183.9709,0,0,0,0,DS54,,,,,,,,,,,,,,,,,
11790.16998,0,0,1,203183.9709,0,0,0,0,DS54,,,,,,,,,,,,,,,,,
11791.16998,0,0,1,203183.9709,0,0,0,0,DS54,,,,,,,,,,,,,,,,,
11792.16998,0,0,1,203183.9709,0,0,0,0,DS54,,,,,,,,,,,,,,,,,
11793.16998,0,0,1,203183.9709,0,0,0,0,DS54,,,,,,,,,,,,,,,,,
11794.16998,0,0,1,203183.9709,0,0,0,0,DS54,,,,,,,,,,,,,,,,,
11795.16998,0,0,1,203183.9709,0,0,0,0,DS54,,,,,,,,,,,,,,,,,
11796.16998,0,0,1,203183.9709,0,0,0,0,DS54,,,,,,,,,,,,,,,,,
11797.16998,0,0,1,203183.9709,0,0,0,0,DS54,,,,,,,,,,,,,,,,,
11798.16998,0,0,1,203183.9709,0,0,0,0,DS54,,,,,,,,,,,,,,,,,
11799.16998,0,0,1,203183.9709,0,0,0,0,DS54,,,,,,,,,,,,,,,,,
11800.16998,0,0,1,203183.9709,0,0,0,0,DS54,,,,,,,,,,,,,,,,,
11801.16998,0,0,1,203183.9709,0,0,0,0,DS54,,,,,,,,,,,,,,,,,
11802.16998,0,0,1,203183.9709,0,0,0,0,DS54,,,,,,,,,,,,,,,,,
11803.16998,0,0,1,203183.9709,0,0,0,0,DS54,,,,,,,,,,,,,,,,,
11804.16998,0,0,1,203183.9709,0,0,0,0,DS54,,,,,,,,,,,,,,,,,
11805.16998,0,0,1,203183.9709,0,0,0,0,DS54,,,,,,,,,,,,,,,,,
11806.16998,0,0,1,203183.9709,0,0,0,0,DS54,,,,,,,,,,,,,,,,,
11807.16998,1,180454.7886,1,203183.9709,0,0,0,0,DS54,,,,,,,,,,,,,,,,,
11808.16998,1,180454.7886,1,203183.9709,0,0,0,0,DS54,,,,,,,,,,,,,,,,,
11809.16998,1,180454.7886,1,203183.9709,0,0,0,0,DS54,,,,,,,,,,,,,,,,,
11810.16998,1,180454.7886,1,203183.9709,0,0,0,0,DS54,,,,,,,,,,,,,,,,,
11811.16998,1,180454.7886,1,203183.9709,0,0,0,0,DS54,,,,,,,,,,,,,,,,,
11812.16998,1,180454.7886,1,203183.9709,0,0,0,0,DS54,,,,,,,,,,,,,,,,,
11813.16998,1,180454.7886,1,203183.9709,0,0,0,0,DS54,,,,,,,,,,,,,,,,,
11814.16998,1,180454.7886,1,203183.9709,0,0,0,0,DS54,,,,,,,,,,,,,,,,,
11815.16998,1,180454.7886,1,203183.9709,0,0,0,0,DS54,,,,,,,,,,,,,,,,,
11816.16998,1,180454.7886,1,203183.9709,0,0,0,0,DS54,,,,,,,,,,,,,,,,,
11817.16998,1,180454.7886,1,203183.9709,0,0,0,0,DS54,,,,,,,,,,,,,,,,,
11818.16998,1,180454.7886,1,203183.9709,0,0,0,0,DS54,,,,,,,,,,,,,,,,,
11819.16998,1,180454.7886,1,203183.9709,0,0,0,0,DS54,,,,,,,,,,,,,,,,,
11820.16998,1,180454.7886,1,203183.9709,0,0,0,0,DS54,,,,,,,,,,,,,,,,,
11821.16998,1,180454.7886,1,203183.9709,0,0,0,0,DS54,,,,,,,,,,,,,,,,,
11822.16998,1,180454.7886,1,203183.9709,0,0,0,0,DS54,,,,,,,,,,,,,,,,,
11823.16998,1,180454.7886,1,203183.9709,0,0,0,0,DS54,,,,,,,,,,,,,,,,,
11824.16998,1,180454.7886,1,203183.9709,0,0,0,0,DS54,,,,,,,,,,,,,,,,,
11825.16998,1,180454.7886,1,203183.9709,0,0,0,0,DS54,,,,,,,,,,,,,,,,,
11826.16998,1,180454.7886,1,203183.9709,0,0,0,0,DS54,,,,,,,,,,,,,,,,,
11827.16998,1,180454.7886,1,203183.9709,0,0,0,0,DS54,,,,,,,,,,,,,,,,,
11828.16998,1,180454.7886,1,203183.9709,0,0,0,0,DS54,,,,,,,,,,,,,,,,,
11829.16998,1,180454.7886,1,203183.9709,0,0,0,0,DS54,,,,,,,,,,,,,,,,,
11830.16998,1,180454.7886,1,203183.9709,0,0,0,0,DS54,,,,,,,,,,,,,,,,,
11831.16998,1,180454.7886,1,203183.9709,0,0,0,0,DS54,,,,,,,,,,,,,,,,,
11832.16998,1,180454.7886,1,203183.9709,0,0,0,0,DS54,,,,,,,,,,,,,,,,,
11833.16998,1,180454.7886,1,203183.9709,0,0,0,0,DS54,,,,,,,,,,,,,,,,,
11834.16998,1,180454.7886,1,203183.9709,0,0,0,0,DS54,,,,,,,,,,,,,,,,,
11835.16998,1,180454.7886,1,203183.9709,0,0,0,0,DS54,,,,,,,,,,,,,,,,,
11836.16998,1,180454.7886,1,203183.9709,0,0,0,0,DS54,,,,,,,,,,,,,,,,,
11837.16998,1,180454.7886,1,203183.9709,0,0,0,0,DS54,,,,,,,,,,,,,,,,,
11838.16998,1,180454.7886,1,203183.9709,0,0,0,0,DS54,,,,,,,,,,,,,,,,,
11839.16998,1,180454.7886,1,203183.9709,0,0,0,0,DS54,,,,,,,,,,,,,,,,,
11840.16998,1,180454.7886,1,203183.9709,0,0,0,0,DS54,,,,,,,,,,,,,,,,,
11841.16998,1,180454.7886,1,203183.9709,0,0,0,0,DS54,,,,,,,,,,,,,,,,,
11842.16998,1,180454.7886,1,203183.9709,0,0,0,0,DS54,,,,,,,,,,,,,,,,,
11843.16998,1,180454.7886,1,203183.9709,0,0,0,0,DS54,,,,,,,,,,,,,,,,,
11844.16998,1,180454.7886,1,203183.9709,0,0,0,0,DS54,,,,,,,,,,,,,,,,,
11845.16998,1,180454.7886,1,203183.9709,0,0,0,0,DS54,,,,,,,,,,,,,,,,,
11846.16998,1,180454.7886,1,203183.9709,0,0,0,0,DS54,,,,,,,,,,,,,,,,,
11847.16998,1,180454.7886,1,203183.9709,0,0,0,0,DS54,,,,,,,,,,,,,,,,,
11848.16998,1,180454.7886,1,203183.9709,0,0,0,0,DS54,,,,,,,,,,,,,,,,,
11849.16998,1,180454.7886,1,203183.9709,0,0,0,0,DS54,,,,,,,,,,,,,,,,,
11850.16998,1,180454.7886,1,203183.9709,0,0,0,0,DS54,,,,,,,,,,,,,,,,,
11851.16998,1,180454.7886,1,203183.9709,0,0,0,0,DS54,,,,,,,,,,,,,,,,,
11852.16998,1,180454.7886,1,203183.9709,0,0,0,0,DS54,,,,,,,,,,,,,,,,,
11853.16998,1,180454.7886,1,203183.9709,0,0,0,0,DS54,,,,,,,,,,,,,,,,,
11854.16998,1,180454.7886,1,203183.9709,0,0,0,0,DS54,,,,,,,,,,,,,,,,,
11855.16998,1,180454.7886,1,203183.9709,0,0,0,0,DS54,,,,,,,,,,,,,,,,,
11856.16998,1,180454.7886,1,203183.9709,0,0,0,0,DS54,,,,,,,,,,,,,,,,,
11857.16998,1,180454.7886,1,203183.9709,0,0,0,0,DS54,,,,,,,,,,,,,,,,,
11858.16998,1,180454.7886,1,203183.9709,0,0,0,0,DS54,,,,,,,,,,,,,,,,,
11859.16998,1,180454.7886,1,203183.9709,0,0,0,0,DS54,,,,,,,,,,,,,,,,,
11860.16998,1,180454.7886,1,203183.9709,0,0,0,0,DS54,,,,,,,,,,,,,,,,,
11861.16998,1,180454.7886,1,203183.9709,0,0,0,0,DS54,,,,,,,,,,,,,,,,,
11862.16998,1,180454.7886,1,203183.9709,0,0,0,0,DS54,,,,,,,,,,,,,,,,,
11863.16998,1,180454.7886,1,203183.9709,0,0,0,0,DS54,,,,,,,,,,,,,,,,,
11864.16998,1,180454.7886,1,203183.9709,0,0,0,0,DS54,,,,,,,,,,,,,,,,,
11865.16998,1,180454.7886,1,203183.9709,0,0,0,0,DS54,,,,,,,,,,,,,,,,,
11866.16998,1,180454.7886,1,203183.9709,0,0,0,0,DS54,,,,,,,,,,,,,,,,,
11867.16998,1,180454.7886,1,203183.9709,0,0,0,0,DS54,,,,,,,,,,,,,,,,,
11868.16998,1,180454.7886,1,203183.9709,0,0,0,0,DS54,,,,,,,,,,,,,,,,,
11869.16998,1,180454.7886,1,203183.9709,0,0,0,0,DS54,,,,,,,,,,,,,,,,,
11870.16998,1,180454.7886,1,203183.9709,0,0,0,0,DS54,,,,,,,,,,,,,,,,,
11871.16998,1,180454.7886,1,203183.9709,0,0,0,0,DS54,,,,,,,,,,,,,,,,,
11872.16998,1,180454.7886,1,203183.9709,0,0,0,0,DS54,,,,,,,,,,,,,,,,,
11873.16998,1,180454.7886,1,203183.9709,0,0,0,0,DS54,,,,,,,,,,,,,,,,,
11874.16998,1,180454.7886,1,203183.9709,0,0,0,0,DS54,,,,,,,,,,,,,,,,,
11875.16998,1,180454.7886,1,203183.9709,0,0,0,0,DS54,,,,,,,,,,,,,,,,,
11876.16998,1,180454.7886,1,203183.9709,0,0,0,0,DS54,,,,,,,,,,,,,,,,,
11877.16998,1,180454.7886,1,203183.9709,0,0,0,0,DS54,,,,,,,,,,,,,,,,,
11878.16998,1,180454.7886,1,203183.9709,0,0,0,0,DS54,,,,,,,,,,,,,,,,,
11879.16998,1,180454.7886,1,203183.9709,0,0,0,0,DS54,,,,,,,,,,,,,,,,,
11880.16998,1,180454.7886,1,203183.9709,0,0,0,0,DS54,,,,,,,,,,,,,,,,,
11881.16998,1,180454.7886,1,203183.9709,0,0,0,0,DS54,,,,,,,,,,,,,,,,,
11882.16998,1,180454.7886,1,203183.9709,0,0,0,0,DS54,,,,,,,,,,,,,,,,,
11883.16998,1,180454.7886,1,203183.9709,0,0,0,0,DS54,,,,,,,,,,,,,,,,,
11884.16998,1,180454.7886,1,203183.9709,0,0,0,0,DS54,,,,,,,,,,,,,,,,,
11885.16998,1,180454.7886,1,203183.9709,0,0,0,0,DS54,,,,,,,,,,,,,,,,,
11886.16998,1,180454.7886,1,203183.9709,0,0,0,0,DS54,,,,,,,,,,,,,,,,,
11887.16998,1,180454.7886,1,203183.9709,0,0,0,0,DS54,,,,,,,,,,,,,,,,,
11888.16998,1,180454.7886,1,203183.9709,0,0,0,0,DS54,,,,,,,,,,,,,,,,,
11889.16998,1,180454.7886,1,203183.9709,0,0,0,0,DS54,,,,,,,,,,,,,,,,,
11890.16998,1,180454.7886,1,203183.9709,0,0,0,0,DS54,,,,,,,,,,,,,,,,,
11891.16998,1,180454.7886,1,203183.9709,0,0,0,0,DS54,,,,,,,,,,,,,,,,,
11892.16998,1,180454.7886,1,203183.9709,0,0,0,0,DS54,,,,,,,,,,,,,,,,,
11893.16998,1,180454.7886,1,203183.9709,0,0,0,0,DS54,,,,,,,,,,,,,,,,,
11894.16998,1,180454.7886,1,203183.9709,0,0,0,0,DS54,,,,,,,,,,,,,,,,,
11895.16998,1,180454.7886,1,203183.9709,0,0,0,0,DS54,,,,,,,,,,,,,,,,,
11896.16998,1,180454.7886,1,203183.9709,0,0,0,0,DS54,,,,,,,,,,,,,,,,,
11897.16998,1,180454.7886,1,203183.9709,0,0,0,0,DS54,,,,,,,,,,,,,,,,,
11898.16998,1,180454.7886,1,203183.9709,0,0,0,0,DS54,,,,,,,,,,,,,,,,,
11899.16998,1,180454.7886,1,203183.9709,0,0,0,0,DS54,,,,,,,,,,,,,,,,,
11900.16998,1,180454.7886,1,203183.9709,0,0,0,0,DS54,,,,,,,,,,,,,,,,,
11901.16998,1,180454.7886,1,203183.9709,0,0,0,0,DS54,,,,,,,,,,,,,,,,,
11902.16998,1,180454.7886,1,203183.9709,0,0,0,0,DS54,,,,,,,,,,,,,,,,,
11903.16998,1,180454.7886,1,203183.9709,0,0,0,0,DS54,,,,,,,,,,,,,,,,,
11904.16998,1,180454.7886,1,203183.9709,0,0,0,0,DS54,,,,,,,,,,,,,,,,,
11905.16998,1,180454.7886,1,203183.9709,0,0,0,0,DS54,,,,,,,,,,,,,,,,,
11906.16998,1,180454.7886,1,203183.9709,0,0,0,0,DS54,,,,,,,,,,,,,,,,,
11907.16998,1,180454.7886,1,203183.9709,0,0,0,0,DS54,,,,,,,,,,,,,,,,,
11908.16998,1,180454.7886,1,203183.9709,0,0,0,0,DS54,,,,,,,,,,,,,,,,,
11909.16998,1,180454.7886,1,203183.9709,0,0,0,0,DS54,,,,,,,,,,,,,,,,,
11910.16998,1,180454.7886,1,203183.9709,0,0,0,0,DS54,,,,,,,,,,,,,,,,,
11911.16998,1,180454.7886,1,203183.9709,0,0,0,0,DS54,,,,,,,,,,,,,,,,,
11912.16998,1,180454.7886,1,203183.9709,0,0,0,0,DS54,,,,,,,,,,,,,,,,,
11913.16998,1,180454.7886,1,203183.9709,0,0,0,0,DS54,,,,,,,,,,,,,,,,,
11914.16998,1,180454.7886,1,203183.9709,0,0,0,0,DS54,,,,,,,,,,,,,,,,,
11915.16998,1,180454.7886,1,203183.9709,0,0,0,0,DS54,,,,,,,,,,,,,,,,,
11916.16998,1,180454.7886,1,203183.9709,0,0,0,0,DS54,,,,,,,,,,,,,,,,,
11917.16998,1,180454.7886,1,203183.9709,0,0,0,0,DS54,,,,,,,,,,,,,,,,,
11918.16998,1,180454.7886,1,203183.9709,0,0,0,0,DS54,,,,,,,,,,,,,,,,,
11919.16998,1,180454.7886,1,203183.9709,0,0,0,0,DS54,,,,,,,,,,,,,,,,,
11920.16998,1,180454.7886,1,203183.9709,0,0,0,0,DS54,,,,,,,,,,,,,,,,,
11921.16998,1,180454.7886,1,203183.9709,0,0,0,0,DS54,,,,,,,,,,,,,,,,,
11922.16998,1,180454.7886,1,203183.9709,0,0,0,0,DS54,,,,,,,,,,,,,,,,,
11923.16998,1,180454.7886,1,203183.9709,0,0,0,0,DS54,,,,,,,,,,,,,,,,,
11924.16998,1,180454.7886,1,203183.9709,0,0,0,0,DS54,,,,,,,,,,,,,,,,,
11925.16998,1,180454.7886,1,203183.9709,0,0,0,0,DS54,,,,,,,,,,,,,,,,,
11926.16998,1,180454.7886,1,203183.9709,0,0,0,0,DS54,,,,,,,,,,,,,,,,,
11927.16998,1,180454.7886,1,203183.9709,0,0,0,0,DS54,,,,,,,,,,,,,,,,,
11928.16998,1,180454.7886,1,203183.9709,0,0,0,0,DS54,,,,,,,,,,,,,,,,,
11929.16998,1,180454.7886,1,203183.9709,0,0,0,0,DS54,,,,,,,,,,,,,,,,,
11930.16998,1,180454.7886,1,203183.9709,0,0,0,0,DS54,,,,,,,,,,,,,,,,,
11931.16998,1,180454.7886,1,203183.9709,0,0,0,0,DS54,,,,,,,,,,,,,,,,,
11932.16998,1,180454.7886,1,203183.9709,0,0,0,0,DS54,,,,,,,,,,,,,,,,,
11933.16998,1,180454.7886,1,203183.9709,0,0,0,0,DS54,,,,,,,,,,,,,,,,,
11934.16998,1,180454.7886,1,203183.9709,0,0,0,0,DS54,,,,,,,,,,,,,,,,,
11935.16998,1,180454.7886,1,203183.9709,0,0,0,0,DS54,,,,,,,,,,,,,,,,,
11936.16998,1,180454.7886,1,203183.9709,0,0,0,0,DS54,,,,,,,,,,,,,,,,,
11937.16998,1,180454.7886,1,203183.9709,0,0,0,0,DS54,,,,,,,,,,,,,,,,,
11938.16998,1,180454.7886,1,203183.9709,0,0,0,0,DS54,,,,,,,,,,,,,,,,,
11939.16998,1,180454.7886,1,203183.9709,0,0,0,0,DS54,,,,,,,,,,,,,,,,,
11940.16998,1,180454.7886,1,203183.9709,0,0,0,0,DS54,,,,,,,,,,,,,,,,,
11941.16998,1,180454.7886,1,203183.9709,0,0,0,0,DS54,,,,,,,,,,,,,,,,,
11942.16998,1,180454.7886,1,203183.9709,0,0,0,0,DS54,,,,,,,,,,,,,,,,,
11943.16998,1,180454.7886,1,203183.9709,0,0,0,0,DS54,,,,,,,,,,,,,,,,,
11944.16998,1,180454.7886,1,203183.9709,0,0,0,0,DS54,,,,,,,,,,,,,,,,,
11945.16998,1,180454.7886,1,203183.9709,0,0,0,0,DS54,,,,,,,,,,,,,,,,,
11946.16998,1,180454.7886,1,203183.9709,0,0,0,0,DS54,,,,,,,,,,,,,,,,,
11947.16998,1,180454.7886,1,203183.9709,0,0,0,0,DS54,,,,,,,,,,,,,,,,,
11948.16998,1,180454.7886,1,203183.9709,0,0,0,0,DS54,,,,,,,,,,,,,,,,,
11949.16998,1,180454.7886,1,203183.9709,0,0,0,0,DS54,,,,,,,,,,,,,,,,,
11950.16998,1,180454.7886,1,203183.9709,0,0,0,0,DS54,,,,,,,,,,,,,,,,,
11951.16998,1,180454.7886,1,203183.9709,0,0,0,0,DS54,,,,,,,,,,,,,,,,,
11952.16998,1,180454.7886,1,203183.9709,0,0,0,0,DS54,,,,,,,,,,,,,,,,,
11953.16998,1,180454.7886,1,203183.9709,0,0,0,0,DS54,,,,,,,,,,,,,,,,,
11954.16998,1,180454.7886,1,203183.9709,0,0,0,0,DS54,,,,,,,,,,,,,,,,,
11955.16998,1,180454.7886,1,203183.9709,0,0,0,0,DS54,,,,,,,,,,,,,,,,,
11956.16998,1,180454.7886,1,203183.9709,0,0,0,0,DS54,,,,,,,,,,,,,,,,,
11957.16998,1,180454.7886,1,203183.9709,0,0,0,0,DS54,,,,,,,,,,,,,,,,,
11958.16998,1,180454.7886,1,203183.9709,0,0,0,0,DS54,,,,,,,,,,,,,,,,,
11959.16998,1,180454.7886,1,203183.9709,0,0,0,0,DS54,,,,,,,,,,,,,,,,,
11960.16998,1,180454.7886,1,203183.9709,0,0,0,0,DS54,,,,,,,,,,,,,,,,,
11961.16998,1,180454.7886,1,203183.9709,0,0,0,0,DS54,,,,,,,,,,,,,,,,,
11962.16998,1,180454.7886,1,203183.9709,0,0,0,0,DS54,,,,,,,,,,,,,,,,,
11963.16998,1,180454.7886,1,203183.9709,0,0,0,0,DS54,,,,,,,,,,,,,,,,,
11964.16998,1,180454.7886,1,203183.9709,0,0,0,0,DS54,,,,,,,,,,,,,,,,,
11965.16998,1,180454.7886,1,203183.9709,0,0,0,0,DS54,,,,,,,,,,,,,,,,,
11966.16998,1,180454.7886,1,203183.9709,0,0,0,0,DS54,,,,,,,,,,,,,,,,,
11967.16998,1,180454.7886,1,203183.9709,0,0,0,0,DS54,,,,,,,,,,,,,,,,,
11968.16998,1,180454.7886,1,203183.9709,0,0,0,0,DS54,,,,,,,,,,,,,,,,,
11969.16998,1,180454.7886,1,203183.9709,0,0,0,0,DS54,,,,,,,,,,,,,,,,,
11970.16998,1,180454.7886,1,203183.9709,0,0,0,0,DS54,,,,,,,,,,,,,,,,,
11971.16998,1,180454.7886,1,203183.9709,0,0,0,0,DS54,,,,,,,,,,,,,,,,,
11972.16998,1,180454.7886,1,203183.9709,0,0,0,0,DS54,,,,,,,,,,,,,,,,,
11973.16998,1,180454.7886,1,203183.9709,0,0,0,0,DS54,,,,,,,,,,,,,,,,,
11974.16998,1,180454.7886,1,203183.9709,0,0,0,0,DS54,,,,,,,,,,,,,,,,,
11975.16998,1,180454.7886,1,203183.9709,0,0,0,0,DS54,,,,,,,,,,,,,,,,,
11976.16998,1,180454.7886,1,203183.9709,0,0,0,0,DS54,,,,,,,,,,,,,,,,,
11977.16998,1,180454.7886,1,203183.9709,0,0,0,0,DS54,,,,,,,,,,,,,,,,,
11978.16998,1,180454.7886,1,203183.9709,0,0,0,0,DS54,,,,,,,,,,,,,,,,,
11979.16998,1,180454.7886,1,203183.9709,0,0,0,0,DS54,,,,,,,,,,,,,,,,,
11980.16998,1,180454.7886,1,203183.9709,0,0,0,0,DS54,,,,,,,,,,,,,,,,,
11981.16998,1,180454.7886,1,203183.9709,0,0,0,0,DS54,,,,,,,,,,,,,,,,,
11982.16998,1,180454.7886,1,203183.9709,0,0,0,0,DS54,,,,,,,,,,,,,,,,,
11983.16998,1,180454.7886,1,203183.9709,0,0,0,0,DS54,,,,,,,,,,,,,,,,,
11984.16998,1,180454.7886,1,203183.9709,0,0,0,0,DS54,,,,,,,,,,,,,,,,,
11985.16998,1,180454.7886,1,203183.9709,0,0,0,0,DS54,,,,,,,,,,,,,,,,,
11986.16998,1,180454.7886,1,203183.9709,0,0,0,0,DS54,,,,,,,,,,,,,,,,,
11987.16998,1,180454.7886,1,203183.9709,0,0,0,0,DS54,,,,,,,,,,,,,,,,,
11988.16998,1,180454.7886,1,203183.9709,0,0,0,0,DS54,,,,,,,,,,,,,,,,,
11989.16998,1,180454.7886,1,203183.9709,0,0,0,0,DS54,,,,,,,,,,,,,,,,,
11990.16998,1,180454.7886,1,203183.9709,0,0,0,0,DS54,,,,,,,,,,,,,,,,,
11991.16998,1,180454.7886,1,203183.9709,0,0,0,0,DS54,,,,,,,,,,,,,,,,,
11992.16998,1,180454.7886,1,203183.9709,0,0,0,0,DS54,,,,,,,,,,,,,,,,,
11993.16998,1,180454.7886,1,203183.9709,0,0,0,0,DS54,,,,,,,,,,,,,,,,,
11994.16998,1,180454.7886,1,203183.9709,0,0,0,0,DS54,,,,,,,,,,,,,,,,,
11995.16998,1,180454.7886,1,203183.9709,0,0,0,0,DS54,,,,,,,,,,,,,,,,,
11996.16998,1,180454.7886,1,203183.9709,0,0,0,0,DS54,,,,,,,,,,,,,,,,,
11997.16998,1,180454.7886,1,203183.9709,0,0,0,0,DS54,,,,,,,,,,,,,,,,,
11998.16998,1,180454.7886,1,203183.9709,0,0,0,0,DS54,,,,,,,,,,,,,,,,,
11999.16998,1,180454.7886,1,203183.9709,0,0,0,0,DS54,,,,,,,,,,,,,,,,,
12000.16998,1,180454.7886,1,203183.9709,0,0,0,0,DS54,,,,,,,,,,,,,,,,,
12001.16998,1,180454.7886,1,203183.9709,1,160804.5374,0,0,DS54,,,,,,,,,,,,,,,,,
12002.16998,1,180454.7886,1,203183.9709,1,160804.5374,0,0,DS54,,,,,,,,,,,,,,,,,
12003.16998,1,180454.7886,1,203183.9709,1,160804.5374,0,0,DS54,,,,,,,,,,,,,,,,,
12004.16998,1,180454.7886,1,203183.9709,1,160804.5374,0,0,DS54,,,,,,,,,,,,,,,,,
12005.16998,1,180454.7886,1,203183.9709,1,160804.5374,0,0,DS54,,,,,,,,,,,,,,,,,
12006.16998,1,180454.7886,1,203183.9709,1,160804.5374,0,0,DS54,,,,,,,,,,,,,,,,,
12007.16998,1,180454.7886,1,203183.9709,1,160804.5374,0,0,DS54,,,,,,,,,,,,,,,,,
12008.16998,1,180454.7886,1,203183.9709,1,160804.5374,0,0,DS54,,,,,,,,,,,,,,,,,
12009.16998,1,180454.7886,1,203183.9709,1,160804.5374,0,0,DS54,,,,,,,,,,,,,,,,,
12010.16998,1,180454.7886,1,203183.9709,1,160804.5374,0,0,DS54,,,,,,,,,,,,,,,,,
12011.16998,1,180454.7886,1,203183.9709,1,160804.5374,0,0,DS54,,,,,,,,,,,,,,,,,
12012.16998,1,180454.7886,1,203183.9709,1,160804.5374,0,0,DS54,,,,,,,,,,,,,,,,,
12013.16998,1,180454.7886,0,0,1,160804.5374,0,0,DS24,,,,,,,,,,,,,,,,,
12014.16998,1,180454.7886,0,0,1,160804.5374,0,0,DS24,,,,,,,,,,,,,,,,,
12015.16998,1,180454.7886,0,0,1,160804.5374,0,0,DS24,,,,,,,,,,,,,,,,,
12016.16998,1,180454.7886,0,0,1,160804.5374,0,0,DS24,,,,,,,,,,,,,,,,,
12017.16998,1,180454.7886,0,0,1,160804.5374,0,0,DS24,,,,,,,,,,,,,,,,,
12018.16998,1,180454.7886,0,0,1,160804.5374,0,0,DS24,,,,,,,,,,,,,,,,,
12019.16998,1,180454.7886,0,0,1,160804.5374,0,0,DS24,,,,,,,,,,,,,,,,,
12020.16998,1,180454.7886,0,0,1,160804.5374,0,0,DS24,,,,,,,,,,,,,,,,,
12021.16998,1,180454.7886,0,0,1,160804.5374,0,0,DS24,,,,,,,,,,,,,,,,,
12022.16998,1,180454.7886,0,0,1,160804.5374,0,0,DS24,,,,,,,,,,,,,,,,,
12023.16998,1,180454.7886,0,0,1,160804.5374,0,0,DS24,,,,,,,,,,,,,,,,,
12024.16998,1,180454.7886,0,0,1,160804.5374,0,0,DS24,,,,,,,,,,,,,,,,,
12025.16998,1,180454.7886,0,0,1,160804.5374,0,0,DS24,,,,,,,,,,,,,,,,,
12026.16998,1,180454.7886,0,0,1,160804.5374,0,0,DS24,,,,,,,,,,,,,,,,,
12027.16998,1,180454.7886,0,0,1,160804.5374,0,0,DS24,,,,,,,,,,,,,,,,,
12028.16998,1,180454.7886,0,0,1,160804.5374,0,0,DS24,,,,,,,,,,,,,,,,,
12029.16998,1,180454.7886,0,0,1,160804.5374,0,0,DS24,,,,,,,,,,,,,,,,,
12030.16998,1,180454.7886,0,0,1,160804.5374,0,0,DS24,,,,,,,,,,,,,,,,,
12031.16998,1,180454.7886,0,0,1,160804.5374,0,0,DS24,,,,,,,,,,,,,,,,,
12032.16998,1,180454.7886,0,0,1,160804.5374,0,0,DS24,,,,,,,,,,,,,,,,,
12033.16998,1,180454.7886,0,0,1,160804.5374,0,0,DS24,,,,,,,,,,,,,,,,,
12034.16998,1,180454.7886,0,0,1,160804.5374,0,0,DS24,,,,,,,,,,,,,,,,,
12035.16998,1,180454.7886,0,0,1,160804.5374,0,0,DS24,,,,,,,,,,,,,,,,,
12036.16998,1,180454.7886,0,0,1,160804.5374,0,0,DS24,,,,,,,,,,,,,,,,,
12037.16998,1,180454.7886,0,0,1,160804.5374,0,0,DS24,,,,,,,,,,,,,,,,,
12038.16998,1,180454.7886,0,0,1,160804.5374,0,0,DS24,,,,,,,,,,,,,,,,,
12039.16998,1,180454.7886,0,0,1,160804.5374,0,0,DS24,,,,,,,,,,,,,,,,,
12040.16998,1,180454.7886,0,0,1,160804.5374,0,0,DS24,,,,,,,,,,,,,,,,,
12041.16998,1,180454.7886,0,0,1,160804.5374,0,0,DS24,,,,,,,,,,,,,,,,,
12042.16998,1,180454.7886,0,0,1,160804.5374,0,0,DS24,,,,,,,,,,,,,,,,,
12043.16998,1,180454.7886,0,0,1,160804.5374,0,0,DS24,,,,,,,,,,,,,,,,,
12044.16998,1,180454.7886,0,0,1,160804.5374,0,0,DS24,,,,,,,,,,,,,,,,,
12045.16998,1,180454.7886,0,0,1,160804.5374,0,0,DS24,,,,,,,,,,,,,,,,,
12046.16998,1,180454.7886,0,0,1,160804.5374,0,0,DS24,,,,,,,,,,,,,,,,,
12047.16998,1,180454.7886,0,0,1,160804.5374,0,0,DS24,,,,,,,,,,,,,,,,,
12048.16998,1,180454.7886,0,0,1,160804.5374,0,0,DS24,,,,,,,,,,,,,,,,,
12049.16998,1,180454.7886,0,0,1,160804.5374,0,0,DS24,,,,,,,,,,,,,,,,,
12050.16998,1,180454.7886,0,0,1,160804.5374,0,0,DS24,,,,,,,,,,,,,,,,,
12051.16998,1,180454.7886,0,0,1,160804.5374,0,0,DS24,,,,,,,,,,,,,,,,,
12052.16998,1,180454.7886,0,0,1,160804.5374,0,0,DS24,,,,,,,,,,,,,,,,,
12053.16998,1,180454.7886,0,0,1,160804.5374,0,0,DS24,,,,,,,,,,,,,,,,,
12054.16998,1,180454.7886,0,0,1,160804.5374,0,0,DS24,,,,,,,,,,,,,,,,,
12055.16998,1,180454.7886,0,0,1,160804.5374,0,0,DS24,,,,,,,,,,,,,,,,,
12056.16998,1,180454.7886,0,0,1,160804.5374,0,0,DS24,,,,,,,,,,,,,,,,,
12057.16998,1,180454.7886,0,0,1,160804.5374,0,0,DS24,,,,,,,,,,,,,,,,,
12058.16998,1,180454.7886,0,0,1,160804.5374,0,0,DS24,,,,,,,,,,,,,,,,,
12059.16998,1,180454.7886,0,0,1,160804.5374,0,0,DS24,,,,,,,,,,,,,,,,,
12060.16998,1,180454.7886,0,0,1,160804.5374,0,0,DS24,,,,,,,,,,,,,,,,,
12061.16998,1,180454.7886,0,0,1,160804.5374,0,0,DS24,,,,,,,,,,,,,,,,,
12062.16998,1,180454.7886,0,0,1,160804.5374,0,0,DS24,,,,,,,,,,,,,,,,,
12063.16998,1,180454.7886,0,0,1,160804.5374,0,0,DS24,,,,,,,,,,,,,,,,,
12064.16998,1,180454.7886,0,0,1,160804.5374,0,0,DS24,,,,,,,,,,,,,,,,,
12065.16998,1,180454.7886,0,0,1,160804.5374,0,0,DS24,,,,,,,,,,,,,,,,,
12066.16998,1,180454.7886,0,0,1,160804.5374,0,0,DS24,,,,,,,,,,,,,,,,,
12067.16998,1,180454.7886,0,0,1,160804.5374,0,0,DS24,,,,,,,,,,,,,,,,,
12068.16998,1,180454.7886,0,0,1,160804.5374,0,0,DS24,,,,,,,,,,,,,,,,,
12069.16998,1,180454.7886,0,0,1,160804.5374,0,0,DS24,,,,,,,,,,,,,,,,,
12070.16998,1,180454.7886,0,0,1,160804.5374,0,0,DS24,,,,,,,,,,,,,,,,,
12071.16998,1,180454.7886,0,0,1,160804.5374,0,0,DS24,,,,,,,,,,,,,,,,,
12072.16998,1,180454.7886,0,0,1,160804.5374,0,0,DS24,,,,,,,,,,,,,,,,,
12073.16998,1,180454.7886,0,0,1,160804.5374,0,0,DS24,,,,,,,,,,,,,,,,,
12074.16998,1,180454.7886,0,0,1,160804.5374,0,0,DS24,,,,,,,,,,,,,,,,,
12075.16998,1,180454.7886,0,0,1,160804.5374,0,0,DS24,,,,,,,,,,,,,,,,,
12076.16998,1,180454.7886,0,0,1,160804.5374,0,0,DS24,,,,,,,,,,,,,,,,,
12077.16998,1,180454.7886,0,0,1,160804.5374,0,0,DS24,,,,,,,,,,,,,,,,,
12078.16998,1,180454.7886,0,0,1,160804.5374,0,0,DS24,,,,,,,,,,,,,,,,,
12079.16998,1,180454.7886,0,0,1,160804.5374,0,0,DS24,,,,,,,,,,,,,,,,,
12080.16998,1,180454.7886,0,0,1,160804.5374,0,0,DS24,,,,,,,,,,,,,,,,,
12081.16998,1,180454.7886,0,0,1,160804.5374,0,0,DS24,,,,,,,,,,,,,,,,,
12082.16998,1,180454.7886,0,0,1,160804.5374,0,0,DS24,,,,,,,,,,,,,,,,,
12083.16998,1,180454.7886,0,0,1,160804.5374,0,0,DS24,,,,,,,,,,,,,,,,,
12084.16998,1,180454.7886,0,0,1,160804.5374,0,0,DS24,,,,,,,,,,,,,,,,,
12085.16998,1,180454.7886,0,0,1,160804.5374,0,0,DS24,,,,,,,,,,,,,,,,,
12086.16998,1,180454.7886,0,0,1,160804.5374,0,0,DS24,,,,,,,,,,,,,,,,,
12087.16998,1,180454.7886,0,0,1,160804.5374,0,0,DS24,,,,,,,,,,,,,,,,,
12088.16998,1,180454.7886,0,0,1,160804.5374,0,0,DS24,,,,,,,,,,,,,,,,,
12089.16998,1,180454.7886,0,0,1,160804.5374,0,0,DS24,,,,,,,,,,,,,,,,,
12090.16998,1,180454.7886,0,0,1,160804.5374,0,0,DS24,,,,,,,,,,,,,,,,,
12091.16998,1,180454.7886,0,0,1,160804.5374,0,0,DS24,,,,,,,,,,,,,,,,,
12092.16998,1,180454.7886,0,0,1,160804.5374,0,0,DS24,,,,,,,,,,,,,,,,,
12093.16998,1,180454.7886,0,0,1,160804.5374,0,0,DS24,,,,,,,,,,,,,,,,,
12094.16998,1,180454.7886,0,0,1,160804.5374,0,0,DS24,,,,,,,,,,,,,,,,,
12095.16998,1,180454.7886,0,0,1,160804.5374,0,0,DS24,,,,,,,,,,,,,,,,,
12096.16998,1,180454.7886,0,0,1,160804.5374,0,0,DS24,,,,,,,,,,,,,,,,,
12097.16998,1,180454.7886,0,0,1,160804.5374,0,0,DS24,,,,,,,,,,,,,,,,,
12098.16998,1,180454.7886,0,0,1,160804.5374,0,0,DS24,,,,,,,,,,,,,,,,,
12099.16998,1,180454.7886,0,0,1,160804.5374,0,0,DS24,,,,,,,,,,,,,,,,,
12100.16998,1,180454.7886,0,0,1,160804.5374,0,0,DS24,,,,,,,,,,,,,,,,,
12101.16998,1,180454.7886,0,0,1,160804.5374,0,0,DS24,,,,,,,,,,,,,,,,,
12102.16998,1,180454.7886,0,0,1,160804.5374,0,0,DS24,,,,,,,,,,,,,,,,,
12103.16998,1,180454.7886,0,0,1,160804.5374,0,0,DS24,,,,,,,,,,,,,,,,,
12104.16998,1,180454.7886,0,0,1,160804.5374,0,0,DS24,,,,,,,,,,,,,,,,,
12105.16998,1,180454.7886,0,0,1,160804.5374,0,0,DS24,,,,,,,,,,,,,,,,,
12106.16998,1,180454.7886,0,0,1,160804.5374,0,0,DS24,,,,,,,,,,,,,,,,,
12107.16998,1,180454.7886,0,0,1,160804.5374,0,0,DS24,,,,,,,,,,,,,,,,,
12108.16998,1,180454.7886,0,0,1,160804.5374,0,0,DS24,,,,,,,,,,,,,,,,,
12109.16998,1,180454.7886,0,0,1,160804.5374,0,0,DS24,,,,,,,,,,,,,,,,,
12110.16998,1,180454.7886,0,0,1,160804.5374,0,0,DS24,,,,,,,,,,,,,,,,,
12111.16998,1,180454.7886,0,0,1,160804.5374,0,0,DS24,,,,,,,,,,,,,,,,,
12112.16998,1,180454.7886,0,0,1,160804.5374,0,0,DS24,,,,,,,,,,,,,,,,,
12113.16998,1,180454.7886,0,0,1,160804.5374,0,0,DS24,,,,,,,,,,,,,,,,,
12114.16998,1,180454.7886,0,0,1,160804.5374,0,0,DS24,,,,,,,,,,,,,,,,,
12115.16998,1,180454.7886,0,0,1,160804.5374,0,0,DS24,,,,,,,,,,,,,,,,,
12116.16998,1,180454.7886,0,0,1,160804.5374,0,0,DS24,,,,,,,,,,,,,,,,,
12117.16998,1,180454.7886,0,0,1,160804.5374,0,0,DS24,,,,,,,,,,,,,,,,,
12118.16998,1,180454.7886,0,0,1,160804.5374,0,0,DS24,,,,,,,,,,,,,,,,,
12119.16998,1,180454.7886,0,0,1,160804.5374,0,0,DS24,,,,,,,,,,,,,,,,,
12120.16998,1,180454.7886,0,0,1,160804.5374,0,0,DS24,,,,,,,,,,,,,,,,,
12121.16998,1,180454.7886,0,0,1,160804.5374,0,0,DS24,,,,,,,,,,,,,,,,,
12122.16998,1,180454.7886,0,0,1,160804.5374,0,0,DS24,,,,,,,,,,,,,,,,,
12123.16998,1,180454.7886,0,0,1,160804.5374,0,0,DS24,,,,,,,,,,,,,,,,,
12124.16998,1,180454.7886,0,0,1,160804.5374,0,0,DS24,,,,,,,,,,,,,,,,,
12125.16998,1,180454.7886,0,0,1,160804.5374,0,0,DS24,,,,,,,,,,,,,,,,,
12126.16998,1,180454.7886,0,0,1,160804.5374,0,0,DS24,,,,,,,,,,,,,,,,,
12127.16998,1,180454.7886,0,0,1,160804.5374,0,0,DS24,,,,,,,,,,,,,,,,,
12128.16998,1,180454.7886,0,0,1,160804.5374,0,0,DS24,,,,,,,,,,,,,,,,,
12129.16998,1,180454.7886,0,0,1,160804.5374,0,0,DS24,,,,,,,,,,,,,,,,,
12130.16998,1,180454.7886,0,0,1,160804.5374,0,0,DS24,,,,,,,,,,,,,,,,,
12131.16998,1,180454.7886,0,0,1,160804.5374,0,0,DS24,,,,,,,,,,,,,,,,,
12132.16998,1,180454.7886,0,0,1,160804.5374,0,0,DS24,,,,,,,,,,,,,,,,,
12133.16998,1,180454.7886,0,0,1,160804.5374,0,0,DS24,,,,,,,,,,,,,,,,,
12134.16998,1,180454.7886,0,0,1,160804.5374,0,0,DS24,,,,,,,,,,,,,,,,,
12135.16998,1,180454.7886,0,0,1,160804.5374,0,0,DS24,,,,,,,,,,,,,,,,,
12136.16998,1,180454.7886,0,0,1,160804.5374,0,0,DS24,,,,,,,,,,,,,,,,,
12137.16998,1,180454.7886,0,0,1,160804.5374,0,0,DS24,,,,,,,,,,,,,,,,,
12138.16998,1,180454.7886,0,0,1,160804.5374,0,0,DS24,,,,,,,,,,,,,,,,,
12139.16998,1,180454.7886,0,0,1,160804.5374,0,0,DS24,,,,,,,,,,,,,,,,,
12140.16998,1,180454.7886,0,0,1,160804.5374,0,0,DS24,,,,,,,,,,,,,,,,,
12141.16998,1,180454.7886,0,0,1,160804.5374,0,0,DS24,,,,,,,,,,,,,,,,,
12142.16998,1,180454.7886,0,0,1,160804.5374,0,0,DS24,,,,,,,,,,,,,,,,,
12143.16998,1,180454.7886,0,0,1,160804.5374,0,0,DS24,,,,,,,,,,,,,,,,,
12144.16998,1,180454.7886,0,0,1,160804.5374,0,0,DS24,,,,,,,,,,,,,,,,,
12145.16998,1,180454.7886,0,0,1,160804.5374,0,0,DS24,,,,,,,,,,,,,,,,,
12146.16998,1,180454.7886,0,0,1,160804.5374,0,0,DS24,,,,,,,,,,,,,,,,,
12147.16998,1,180454.7886,0,0,1,160804.5374,0,0,DS24,,,,,,,,,,,,,,,,,
12148.16998,1,180454.7886,0,0,1,160804.5374,0,0,DS24,,,,,,,,,,,,,,,,,
12149.16998,1,180454.7886,0,0,1,160804.5374,0,0,DS24,,,,,,,,,,,,,,,,,
12150.16998,1,180454.7886,0,0,1,160804.5374,0,0,DS24,,,,,,,,,,,,,,,,,
12151.16998,1,180454.7886,0,0,1,160804.5374,0,0,DS24,,,,,,,,,,,,,,,,,
12152.16998,1,180454.7886,0,0,1,160804.5374,0,0,DS24,,,,,,,,,,,,,,,,,
12153.16998,1,180454.7886,0,0,1,160804.5374,0,0,DS24,,,,,,,,,,,,,,,,,
12154.16998,1,180454.7886,0,0,1,160804.5374,0,0,DS24,,,,,,,,,,,,,,,,,
12155.16998,1,180454.7886,0,0,1,160804.5374,0,0,DS24,,,,,,,,,,,,,,,,,
12156.16998,1,180454.7886,0,0,1,160804.5374,0,0,DS24,,,,,,,,,,,,,,,,,
12157.16998,1,180454.7886,0,0,1,160804.5374,0,0,DS24,,,,,,,,,,,,,,,,,
12158.16998,1,180454.7886,0,0,1,160804.5374,0,0,DS24,,,,,,,,,,,,,,,,,
12159.16998,1,180454.7886,0,0,1,160804.5374,0,0,DS24,,,,,,,,,,,,,,,,,
12160.16998,1,180454.7886,0,0,1,160804.5374,0,0,DS24,,,,,,,,,,,,,,,,,
12161.16998,1,180454.7886,0,0,1,160804.5374,0,0,DS24,,,,,,,,,,,,,,,,,
12162.16998,1,180454.7886,0,0,1,160804.5374,0,0,DS24,,,,,,,,,,,,,,,,,
12163.16998,1,180454.7886,0,0,1,160804.5374,0,0,DS24,,,,,,,,,,,,,,,,,
12164.16998,1,180454.7886,0,0,1,160804.5374,0,0,DS24,,,,,,,,,,,,,,,,,
12165.16998,1,180454.7886,0,0,1,160804.5374,0,0,DS24,,,,,,,,,,,,,,,,,
12166.16998,1,180454.7886,0,0,1,160804.5374,0,0,DS24,,,,,,,,,,,,,,,,,
12167.16998,1,180454.7886,0,0,1,160804.5374,0,0,DS24,,,,,,,,,,,,,,,,,
12168.16998,1,180454.7886,0,0,1,160804.5374,0,0,DS24,,,,,,,,,,,,,,,,,
12169.16998,1,180454.7886,0,0,1,160804.5374,0,0,DS24,,,,,,,,,,,,,,,,,
12170.16998,1,180454.7886,0,0,1,160804.5374,0,0,DS24,,,,,,,,,,,,,,,,,
12171.16998,1,180454.7886,0,0,1,160804.5374,0,0,DS24,,,,,,,,,,,,,,,,,
12172.16998,1,180454.7886,0,0,1,160804.5374,0,0,DS24,,,,,,,,,,,,,,,,,
12173.16998,1,180454.7886,0,0,1,160804.5374,0,0,DS24,,,,,,,,,,,,,,,,,
12174.16998,1,180454.7886,0,0,1,160804.5374,0,0,DS24,,,,,,,,,,,,,,,,,
12175.16998,1,180454.7886,0,0,1,160804.5374,0,0,DS24,,,,,,,,,,,,,,,,,
12176.16998,1,180454.7886,0,0,1,160804.5374,0,0,DS24,,,,,,,,,,,,,,,,,
12177.16998,1,180454.7886,0,0,1,160804.5374,0,0,DS24,,,,,,,,,,,,,,,,,
12178.16998,1,180454.7886,0,0,1,160804.5374,0,0,DS24,,,,,,,,,,,,,,,,,
12179.16998,1,180454.7886,0,0,1,160804.5374,0,0,DS24,,,,,,,,,,,,,,,,,
12180.16998,1,180454.7886,0,0,1,160804.5374,0,0,DS24,,,,,,,,,,,,,,,,,
12181.16998,1,180454.7886,0,0,1,160804.5374,0,0,DS24,,,,,,,,,,,,,,,,,
12182.16998,1,180454.7886,0,0,1,160804.5374,0,0,DS24,,,,,,,,,,,,,,,,,
12183.16998,1,180454.7886,0,0,1,160804.5374,0,0,DS24,,,,,,,,,,,,,,,,,
12184.16998,1,180454.7886,0,0,1,160804.5374,0,0,DS24,,,,,,,,,,,,,,,,,
12185.16998,1,180454.7886,0,0,1,160804.5374,0,0,DS24,,,,,,,,,,,,,,,,,
12186.16998,1,180454.7886,0,0,1,160804.5374,0,0,DS24,,,,,,,,,,,,,,,,,
12187.16998,1,180454.7886,0,0,1,160804.5374,0,0,DS24,,,,,,,,,,,,,,,,,
12188.16998,1,180454.7886,0,0,1,160804.5374,0,0,DS24,,,,,,,,,,,,,,,,,
12189.16998,1,180454.7886,0,0,1,160804.5374,0,0,DS24,,,,,,,,,,,,,,,,,
12190.16998,1,180454.7886,0,0,1,160804.5374,0,0,DS24,,,,,,,,,,,,,,,,,
12191.16998,1,180454.7886,0,0,1,160804.5374,0,0,DS24,,,,,,,,,,,,,,,,,
12192.16998,1,180454.7886,0,0,1,160804.5374,0,0,DS24,,,,,,,,,,,,,,,,,
12193.16998,1,180454.7886,0,0,1,160804.5374,0,0,DS24,,,,,,,,,,,,,,,,,
12194.16998,1,180454.7886,0,0,1,160804.5374,0,0,DS24,,,,,,,,,,,,,,,,,
12195.16998,1,180454.7886,0,0,1,160804.5374,0,0,DS24,,,,,,,,,,,,,,,,,
12196.16998,1,180454.7886,0,0,1,160804.5374,0,0,DS24,,,,,,,,,,,,,,,,,
12197.16998,1,180454.7886,0,0,1,160804.5374,0,0,DS24,,,,,,,,,,,,,,,,,
12198.16998,1,180454.7886,0,0,1,160804.5374,0,0,DS24,,,,,,,,,,,,,,,,,
12199.16998,1,180454.7886,0,0,1,160804.5374,0,0,DS24,,,,,,,,,,,,,,,,,
12200.16998,1,180454.7886,0,0,1,160804.5374,0,0,DS24,,,,,,,,,,,,,,,,,
12201.16998,1,180454.7886,0,0,1,160804.5374,0,0,DS24,,,,,,,,,,,,,,,,,
12202.16998,1,180454.7886,0,0,1,160804.5374,0,0,DS24,,,,,,,,,,,,,,,,,
12203.16998,1,180454.7886,0,0,1,160804.5374,0,0,DS24,,,,,,,,,,,,,,,,,
12204.16998,1,180454.7886,0,0,1,160804.5374,0,0,DS24,,,,,,,,,,,,,,,,,
12205.16998,1,180454.7886,0,0,1,160804.5374,0,0,DS24,,,,,,,,,,,,,,,,,
12206.16998,1,180454.7886,0,0,1,160804.5374,0,0,DS24,,,,,,,,,,,,,,,,,
12207.16998,1,180454.7886,0,0,1,160804.5374,0,0,DS24,,,,,,,,,,,,,,,,,
12208.16998,1,180454.7886,0,0,1,160804.5374,0,0,DS24,,,,,,,,,,,,,,,,,
12209.16998,1,180454.7886,0,0,1,160804.5374,0,0,DS24,,,,,,,,,,,,,,,,,
12210.16998,1,180454.7886,0,0,1,160804.5374,0,0,DS24,,,,,,,,,,,,,,,,,
12211.16998,1,180454.7886,0,0,1,160804.5374,0,0,DS24,,,,,,,,,,,,,,,,,
12212.16998,1,180454.7886,0,0,1,160804.5374,0,0,DS24,,,,,,,,,,,,,,,,,
12213.16998,1,180454.7886,0,0,1,160804.5374,0,0,DS24,,,,,,,,,,,,,,,,,
12214.16998,1,180454.7886,0,0,1,160804.5374,0,0,DS24,,,,,,,,,,,,,,,,,
12215.16998,1,180454.7886,0,0,1,160804.5374,0,0,DS24,,,,,,,,,,,,,,,,,
12216.16998,1,180454.7886,0,0,1,160804.5374,0,0,DS24,,,,,,,,,,,,,,,,,
12217.16998,1,180454.7886,0,0,1,160804.5374,0,0,DS24,,,,,,,,,,,,,,,,,
12218.16998,1,180454.7886,0,0,1,160804.5374,0,0,DS24,,,,,,,,,,,,,,,,,
12219.16998,1,180454.7886,0,0,1,160804.5374,0,0,DS24,,,,,,,,,,,,,,,,,
12220.16998,1,180454.7886,0,0,1,160804.5374,0,0,DS24,,,,,,,,,,,,,,,,,
12221.16998,1,180454.7886,0,0,1,160804.5374,0,0,DS24,,,,,,,,,,,,,,,,,
12222.16998,1,180454.7886,0,0,1,160804.5374,0,0,DS24,,,,,,,,,,,,,,,,,
12223.16998,1,180454.7886,0,0,1,160804.5374,0,0,DS24,,,,,,,,,,,,,,,,,
12224.16998,1,180454.7886,0,0,1,160804.5374,0,0,DS24,,,,,,,,,,,,,,,,,
12225.16998,1,180454.7886,0,0,1,160804.5374,0,0,DS24,,,,,,,,,,,,,,,,,
12226.16998,1,180454.7886,0,0,1,160804.5374,0,0,DS24,,,,,,,,,,,,,,,,,
12227.16998,1,180454.7886,0,0,1,160804.5374,0,0,DS24,,,,,,,,,,,,,,,,,
12228.16998,1,180454.7886,0,0,1,160804.5374,0,0,DS24,,,,,,,,,,,,,,,,,
12229.16998,1,180454.7886,0,0,1,160804.5374,0,0,DS24,,,,,,,,,,,,,,,,,
12230.16998,1,180454.7886,0,0,1,160804.5374,0,0,DS24,,,,,,,,,,,,,,,,,
12231.16998,1,180454.7886,0,0,1,160804.5374,0,0,DS24,,,,,,,,,,,,,,,,,
12232.16998,1,180454.7886,0,0,1,160804.5374,0,0,DS24,,,,,,,,,,,,,,,,,
12233.16998,1,180454.7886,0,0,1,160804.5374,0,0,DS24,,,,,,,,,,,,,,,,,
12234.16998,1,180454.7886,0,0,1,160804.5374,0,0,DS24,,,,,,,,,,,,,,,,,
12235.16998,1,180454.7886,0,0,1,160804.5374,0,0,DS24,,,,,,,,,,,,,,,,,
12236.16998,1,180454.7886,0,0,1,160804.5374,0,0,DS24,,,,,,,,,,,,,,,,,
12237.16998,1,180454.7886,0,0,1,160804.5374,0,0,DS24,,,,,,,,,,,,,,,,,
12238.16998,1,180454.7886,0,0,1,160804.5374,0,0,DS24,,,,,,,,,,,,,,,,,
12239.16998,1,180454.7886,0,0,1,160804.5374,0,0,DS24,,,,,,,,,,,,,,,,,
12240.16998,1,180454.7886,0,0,1,160804.5374,0,0,DS24,,,,,,,,,,,,,,,,,
12241.16998,1,180454.7886,0,0,1,160804.5374,0,0,DS24,,,,,,,,,,,,,,,,,
12242.16998,1,180454.7886,0,0,1,160804.5374,0,0,DS24,,,,,,,,,,,,,,,,,
12243.16998,1,180454.7886,0,0,1,160804.5374,0,0,DS24,,,,,,,,,,,,,,,,,
12244.16998,1,180454.7886,0,0,1,160804.5374,0,0,DS24,,,,,,,,,,,,,,,,,
12245.16998,1,180454.7886,0,0,1,160804.5374,1,133931.1154,DS24,,,,,,,,,,,,,,,,,
12246.16998,1,180454.7886,0,0,1,160804.5374,1,133931.1154,DS24,,,,,,,,,,,,,,,,,
12247.16998,1,180454.7886,0,0,1,160804.5374,1,133931.1154,DS24,,,,,,,,,,,,,,,,,
12248.16998,1,180454.7886,0,0,1,160804.5374,1,133931.1154,DS24,,,,,,,,,,,,,,,,,
12249.16998,1,180454.7886,0,0,1,160804.5374,1,133931.1154,DS24,,,,,,,,,,,,,,,,,
12250.16998,1,180454.7886,0,0,1,160804.5374,1,133931.1154,DS24,,,,,,,,,,,,,,,,,
12251.16998,1,180454.7886,0,0,1,160804.5374,1,133931.1154,DS24,,,,,,,,,,,,,,,,,
12252.16998,1,180454.7886,0,0,1,160804.5374,1,133931.1154,DS24,,,,,,,,,,,,,,,,,
12253.16998,1,180454.7886,0,0,1,160804.5374,1,133931.1154,DS24,,,,,,,,,,,,,,,,,
12254.16998,1,180454.7886,0,0,1,160804.5374,1,133931.1154,DS24,,,,,,,,,,,,,,,,,
12255.16998,1,180454.7886,0,0,1,160804.5374,1,133931.1154,DS24,,,,,,,,,,,,,,,,,
12256.16998,1,180454.7886,0,0,1,160804.5374,1,133931.1154,DS24,,,,,,,,,,,,,,,,,
12257.16998,1,180454.7886,0,0,1,160804.5374,1,133931.1154,DS24,,,,,,,,,,,,,,,,,
12258.16998,1,180454.7886,0,0,1,160804.5374,1,133931.1154,DS24,,,,,,,,,,,,,,,,,
12259.16998,1,180454.7886,0,0,1,160804.5374,1,133931.1154,DS24,,,,,,,,,,,,,,,,,
12260.16998,1,180454.7886,0,0,1,160804.5374,1,133931.1154,DS24,,,,,,,,,,,,,,,,,
12261.16998,1,180454.7886,0,0,1,160804.5374,1,133931.1154,DS24,,,,,,,,,,,,,,,,,
12262.16998,1,180454.7886,0,0,1,160804.5374,1,133931.1154,DS24,,,,,,,,,,,,,,,,,
12263.16998,1,180454.7886,0,0,1,160804.5374,1,133931.1154,DS24,,,,,,,,,,,,,,,,,
12264.16998,1,180454.7886,0,0,1,160804.5374,1,133931.1154,DS24,,,,,,,,,,,,,,,,,
12265.16998,1,180454.7886,0,0,1,160804.5374,1,133931.1154,DS24,,,,,,,,,,,,,,,,,
12266.16998,1,180454.7886,0,0,1,160804.5374,1,133931.1154,DS24,,,,,,,,,,,,,,,,,
12267.16998,1,180454.7886,0,0,1,160804.5374,1,133931.1154,DS24,,,,,,,,,,,,,,,,,
12268.16998,1,180454.7886,0,0,1,160804.5374,1,133931.1154,DS24,,,,,,,,,,,,,,,,,
12269.16998,1,180454.7886,0,0,1,160804.5374,1,133931.1154,DS24,,,,,,,,,,,,,,,,,
12270.16998,1,180454.7886,0,0,1,160804.5374,1,133931.1154,DS24,,,,,,,,,,,,,,,,,
12271.16998,1,180454.7886,0,0,1,160804.5374,1,133931.1154,DS24,,,,,,,,,,,,,,,,,
12272.16998,1,180454.7886,0,0,1,160804.5374,1,133931.1154,DS24,,,,,,,,,,,,,,,,,
12273.16998,1,180454.7886,0,0,1,160804.5374,1,133931.1154,DS24,,,,,,,,,,,,,,,,,
12274.16998,1,180454.7886,0,0,1,160804.5374,1,133931.1154,DS24,,,,,,,,,,,,,,,,,
12275.16998,1,180454.7886,0,0,1,160804.5374,1,133931.1154,DS24,,,,,,,,,,,,,,,,,
12276.16998,1,180454.7886,0,0,1,160804.5374,1,133931.1154,DS24,,,,,,,,,,,,,,,,,
12277.16998,1,180454.7886,0,0,1,160804.5374,1,133931.1154,DS24,,,,,,,,,,,,,,,,,
12278.16998,1,180454.7886,0,0,1,160804.5374,1,133931.1154,DS24,,,,,,,,,,,,,,,,,
12279.16998,1,180454.7886,0,0,1,160804.5374,1,133931.1154,DS24,,,,,,,,,,,,,,,,,
12280.16998,1,180454.7886,0,0,1,160804.5374,1,133931.1154,DS24,,,,,,,,,,,,,,,,,
12281.16998,1,180454.7886,0,0,1,160804.5374,1,133931.1154,DS24,,,,,,,,,,,,,,,,,
12282.16998,1,180454.7886,0,0,1,160804.5374,1,133931.1154,DS24,,,,,,,,,,,,,,,,,
12283.16998,1,180454.7886,0,0,1,160804.5374,1,133931.1154,DS24,,,,,,,,,,,,,,,,,
12284.16998,1,180454.7886,0,0,1,160804.5374,1,133931.1154,DS24,,,,,,,,,,,,,,,,,
12285.16998,1,180454.7886,0,0,1,160804.5374,1,133931.1154,DS24,,,,,,,,,,,,,,,,,
12286.16998,1,180454.7886,0,0,1,160804.5374,1,133931.1154,DS24,,,,,,,,,,,,,,,,,
12287.16998,1,180454.7886,0,0,1,160804.5374,1,133931.1154,DS24,,,,,,,,,,,,,,,,,
12288.16998,1,180454.7886,0,0,1,160804.5374,1,133931.1154,DS24,,,,,,,,,,,,,,,,,
12289.16998,1,180454.7886,0,0,1,160804.5374,1,133931.1154,DS24,,,,,,,,,,,,,,,,,
12290.16998,1,180454.7886,0,0,1,160804.5374,1,133931.1154,DS24,,,,,,,,,,,,,,,,,
12291.16998,1,180454.7886,0,0,1,160804.5374,1,133931.1154,DS24,,,,,,,,,,,,,,,,,
12292.16998,1,180454.7886,0,0,1,160804.5374,1,133931.1154,DS24,,,,,,,,,,,,,,,,,
12293.16998,1,180454.7886,0,0,1,160804.5374,1,133931.1154,DS24,,,,,,,,,,,,,,,,,
12294.16998,1,180454.7886,0,0,1,160804.5374,1,133931.1154,DS24,,,,,,,,,,,,,,,,,
12295.16998,1,180454.7886,0,0,1,160804.5374,1,133931.1154,DS24,,,,,,,,,,,,,,,,,
12296.16998,1,180454.7886,0,0,1,160804.5374,1,133931.1154,DS24,,,,,,,,,,,,,,,,,
12297.16998,1,180454.7886,0,0,1,160804.5374,1,133931.1154,DS24,,,,,,,,,,,,,,,,,
12298.16998,1,180454.7886,0,0,1,160804.5374,1,133931.1154,DS24,,,,,,,,,,,,,,,,,
12299.16998,1,180454.7886,0,0,1,160804.5374,1,133931.1154,DS24,,,,,,,,,,,,,,,,,
12300.16998,1,180454.7886,0,0,1,160804.5374,1,133931.1154,DS24,,,,,,,,,,,,,,,,,
12301.16998,1,180454.7886,0,0,1,160804.5374,1,133931.1154,DS24,,,,,,,,,,,,,,,,,
12302.16998,1,180454.7886,0,0,1,160804.5374,1,133931.1154,DS24,,,,,,,,,,,,,,,,,
12303.16998,1,180454.7886,0,0,1,160804.5374,1,133931.1154,DS24,,,,,,,,,,,,,,,,,
12304.16998,1,180454.7886,0,0,1,160804.5374,1,133931.1154,DS24,,,,,,,,,,,,,,,,,
12305.16998,1,180454.7886,0,0,1,160804.5374,1,133931.1154,DS24,,,,,,,,,,,,,,,,,
12306.16998,1,180454.7886,0,0,1,160804.5374,1,133931.1154,DS24,,,,,,,,,,,,,,,,,
12307.16998,0,0,0,0,1,160804.5374,1,133931.1154,DS24,,,,,,,,,,,,,,,,,
12308.16998,0,0,0,0,1,160804.5374,1,133931.1154,DS24,,,,,,,,,,,,,,,,,
12309.16998,0,0,0,0,1,160804.5374,1,133931.1154,DS24,,,,,,,,,,,,,,,,,
12310.16998,0,0,0,0,1,160804.5374,1,133931.1154,DS24,,,,,,,,,,,,,,,,,
12311.16998,0,0,0,0,1,160804.5374,1,133931.1154,DS24,,,,,,,,,,,,,,,,,
12312.16998,0,0,0,0,1,160804.5374,1,133931.1154,DS24,,,,,,,,,,,,,,,,,
12313.16998,0,0,0,0,1,160804.5374,1,133931.1154,DS24,,,,,,,,,,,,,,,,,
12314.16998,0,0,0,0,1,160804.5374,1,133931.1154,DS24,,,,,,,,,,,,,,,,,
12315.16998,0,0,0,0,1,160804.5374,1,133931.1154,DS24,,,,,,,,,,,,,,,,,
12316.16998,0,0,0,0,1,160804.5374,1,133931.1154,DS24,,,,,,,,,,,,,,,,,
12317.16998,0,0,0,0,1,160804.5374,1,133931.1154,DS24,,,,,,,,,,,,,,,,,
12318.16998,0,0,0,0,1,160804.5374,1,133931.1154,DS24,,,,,,,,,,,,,,,,,
12319.16998,0,0,0,0,1,160804.5374,1,133931.1154,DS24,,,,,,,,,,,,,,,,,
12320.16998,0,0,0,0,1,160804.5374,1,133931.1154,DS24,,,,,,,,,,,,,,,,,
12321.16998,0,0,0,0,1,160804.5374,1,133931.1154,DS24,,,,,,,,,,,,,,,,,
12322.16998,0,0,0,0,1,160804.5374,1,133931.1154,DS24,,,,,,,,,,,,,,,,,
12323.16998,0,0,0,0,1,160804.5374,1,133931.1154,DS24,,,,,,,,,,,,,,,,,
12324.16998,0,0,0,0,1,160804.5374,1,133931.1154,DS24,,,,,,,,,,,,,,,,,
12325.16998,0,0,0,0,1,160804.5374,1,133931.1154,DS24,,,,,,,,,,,,,,,,,
12326.16998,0,0,0,0,1,160804.5374,1,133931.1154,DS24,,,,,,,,,,,,,,,,,
12327.16998,0,0,0,0,1,160804.5374,1,133931.1154,DS24,,,,,,,,,,,,,,,,,
12328.16998,0,0,0,0,1,160804.5374,1,133931.1154,DS24,,,,,,,,,,,,,,,,,
12329.16998,0,0,0,0,1,160804.5374,1,133931.1154,DS24,,,,,,,,,,,,,,,,,
12330.16998,0,0,0,0,1,160804.5374,1,133931.1154,DS24,,,,,,,,,,,,,,,,,
12331.16998,0,0,0,0,1,160804.5374,1,133931.1154,DS24,,,,,,,,,,,,,,,,,
12332.16998,0,0,0,0,1,160804.5374,1,133931.1154,DS24,,,,,,,,,,,,,,,,,
12333.16998,0,0,0,0,1,160804.5374,1,133931.1154,DS24,,,,,,,,,,,,,,,,,
12334.16998,0,0,0,0,1,160804.5374,1,133931.1154,DS24,,,,,,,,,,,,,,,,,
12335.16998,0,0,0,0,1,160804.5374,1,133931.1154,DS24,,,,,,,,,,,,,,,,,
12336.16998,0,0,0,0,1,160804.5374,1,133931.1154,DS24,,,,,,,,,,,,,,,,,
12337.16998,0,0,0,0,1,160804.5374,1,133931.1154,DS24,,,,,,,,,,,,,,,,,
12338.16998,0,0,0,0,1,160804.5374,1,133931.1154,DS24,,,,,,,,,,,,,,,,,
12339.16998,0,0,0,0,1,160804.5374,1,133931.1154,DS24,,,,,,,,,,,,,,,,,
12340.16998,0,0,0,0,1,160804.5374,1,133931.1154,DS24,,,,,,,,,,,,,,,,,
12341.16998,0,0,0,0,1,160804.5374,1,133931.1154,DS24,,,,,,,,,,,,,,,,,
12342.16998,0,0,0,0,1,160804.5374,1,133931.1154,DS24,,,,,,,,,,,,,,,,,
12343.16998,0,0,0,0,1,160804.5374,1,133931.1154,DS24,,,,,,,,,,,,,,,,,
12344.16998,0,0,0,0,1,160804.5374,1,133931.1154,DS24,,,,,,,,,,,,,,,,,
12345.16998,0,0,0,0,1,160804.5374,1,133931.1154,DS24,,,,,,,,,,,,,,,,,
12346.16998,0,0,0,0,1,160804.5374,1,133931.1154,DS24,,,,,,,,,,,,,,,,,
12347.16998,0,0,0,0,1,160804.5374,1,133931.1154,DS24,,,,,,,,,,,,,,,,,
12348.16998,0,0,0,0,1,160804.5374,1,133931.1154,DS24,,,,,,,,,,,,,,,,,
12349.16998,0,0,0,0,1,160804.5374,1,133931.1154,DS24,,,,,,,,,,,,,,,,,
12350.16998,0,0,0,0,1,160804.5374,1,133931.1154,DS24,,,,,,,,,,,,,,,,,
12351.16998,0,0,0,0,1,160804.5374,1,133931.1154,DS24,,,,,,,,,,,,,,,,,
12352.16998,0,0,0,0,1,160804.5374,1,133931.1154,DS24,,,,,,,,,,,,,,,,,
12353.16998,0,0,0,0,1,160804.5374,1,133931.1154,DS24,,,,,,,,,,,,,,,,,
12354.16998,0,0,0,0,1,160804.5374,1,133931.1154,DS24,,,,,,,,,,,,,,,,,
12355.16998,0,0,0,0,1,160804.5374,1,133931.1154,DS24,,,,,,,,,,,,,,,,,
12356.16998,0,0,0,0,1,160804.5374,1,133931.1154,DS24,,,,,,,,,,,,,,,,,
12357.16998,0,0,0,0,1,160804.5374,1,133931.1154,DS24,,,,,,,,,,,,,,,,,
12358.16998,0,0,0,0,1,160804.5374,1,133931.1154,DS24,,,,,,,,,,,,,,,,,
12359.16998,0,0,0,0,1,160804.5374,1,133931.1154,DS24,,,,,,,,,,,,,,,,,
12360.16998,0,0,0,0,1,160804.5374,1,133931.1154,DS24,,,,,,,,,,,,,,,,,
12361.16998,0,0,0,0,1,160804.5374,1,133931.1154,DS24,,,,,,,,,,,,,,,,,
12362.16998,0,0,0,0,1,160804.5374,1,133931.1154,DS24,,,,,,,,,,,,,,,,,
12363.16998,0,0,0,0,1,160804.5374,1,133931.1154,DS24,,,,,,,,,,,,,,,,,
12364.16998,0,0,0,0,1,160804.5374,1,133931.1154,DS24,,,,,,,,,,,,,,,,,
12365.16998,0,0,0,0,1,160804.5374,1,133931.1154,DS24,,,,,,,,,,,,,,,,,
12366.16998,0,0,0,0,1,160804.5374,1,133931.1154,DS24,,,,,,,,,,,,,,,,,
12367.16998,0,0,0,0,1,160804.5374,1,133931.1154,DS24,,,,,,,,,,,,,,,,,
12368.16998,0,0,0,0,1,160804.5374,1,133931.1154,DS24,,,,,,,,,,,,,,,,,
12369.16998,0,0,0,0,1,160804.5374,1,133931.1154,DS24,,,,,,,,,,,,,,,,,
12370.16998,0,0,0,0,1,160804.5374,1,133931.1154,DS24,,,,,,,,,,,,,,,,,
12371.16998,0,0,0,0,1,160804.5374,1,133931.1154,DS24,,,,,,,,,,,,,,,,,
12372.16998,0,0,0,0,1,160804.5374,1,133931.1154,DS24,,,,,,,,,,,,,,,,,
12373.16998,0,0,0,0,1,160804.5374,1,133931.1154,DS24,,,,,,,,,,,,,,,,,
12374.16998,0,0,0,0,1,160804.5374,1,133931.1154,DS24,,,,,,,,,,,,,,,,,
12375.16998,0,0,0,0,1,160804.5374,1,133931.1154,DS24,,,,,,,,,,,,,,,,,
12376.16998,0,0,0,0,1,160804.5374,1,133931.1154,DS24,,,,,,,,,,,,,,,,,
12377.16998,0,0,0,0,1,160804.5374,1,133931.1154,DS24,,,,,,,,,,,,,,,,,
12378.16998,0,0,0,0,1,160804.5374,1,133931.1154,DS24,,,,,,,,,,,,,,,,,
12379.16998,0,0,0,0,1,160804.5374,1,133931.1154,DS24,,,,,,,,,,,,,,,,,
12380.16998,0,0,0,0,1,160804.5374,1,133931.1154,DS24,,,,,,,,,,,,,,,,,
12381.16998,0,0,0,0,1,160804.5374,1,133931.1154,DS24,,,,,,,,,,,,,,,,,
12382.16998,0,0,0,0,1,160804.5374,1,133931.1154,DS24,,,,,,,,,,,,,,,,,
12383.16998,0,0,0,0,1,160804.5374,1,133931.1154,DS24,,,,,,,,,,,,,,,,,
12384.16998,0,0,0,0,1,160804.5374,1,133931.1154,DS24,,,,,,,,,,,,,,,,,
12385.16998,0,0,0,0,1,160804.5374,1,133931.1154,DS24,,,,,,,,,,,,,,,,,
12386.16998,0,0,0,0,1,160804.5374,1,133931.1154,DS24,,,,,,,,,,,,,,,,,
12387.16998,0,0,0,0,1,160804.5374,1,133931.1154,DS24,,,,,,,,,,,,,,,,,
12388.16998,0,0,0,0,1,160804.5374,1,133931.1154,DS24,,,,,,,,,,,,,,,,,
12389.16998,0,0,0,0,1,160804.5374,1,133931.1154,DS24,,,,,,,,,,,,,,,,,
12390.16998,0,0,0,0,1,160804.5374,1,133931.1154,DS24,,,,,,,,,,,,,,,,,
12391.16998,0,0,0,0,1,160804.5374,1,133931.1154,DS24,,,,,,,,,,,,,,,,,
12392.16998,0,0,0,0,1,160804.5374,1,133931.1154,DS24,,,,,,,,,,,,,,,,,
12393.16998,0,0,0,0,1,160804.5374,1,133931.1154,DS24,,,,,,,,,,,,,,,,,
12394.16998,0,0,0,0,1,160804.5374,1,133931.1154,DS24,,,,,,,,,,,,,,,,,
12395.16998,0,0,0,0,1,160804.5374,1,133931.1154,DS24,,,,,,,,,,,,,,,,,
12396.16998,0,0,0,0,1,160804.5374,1,133931.1154,DS24,,,,,,,,,,,,,,,,,
12397.16998,0,0,0,0,1,160804.5374,1,133931.1154,DS24,,,,,,,,,,,,,,,,,
12398.16998,0,0,0,0,1,160804.5374,1,133931.1154,DS24,,,,,,,,,,,,,,,,,
12399.16998,0,0,0,0,1,160804.5374,1,133931.1154,DS24,,,,,,,,,,,,,,,,,
12400.16998,0,0,0,0,1,160804.5374,1,133931.1154,DS24,,,,,,,,,,,,,,,,,
12401.16998,0,0,0,0,1,160804.5374,1,133931.1154,DS24,,,,,,,,,,,,,,,,,
12402.16998,0,0,0,0,1,160804.5374,1,133931.1154,DS24,,,,,,,,,,,,,,,,,
12403.16998,0,0,0,0,1,160804.5374,1,133931.1154,DS24,,,,,,,,,,,,,,,,,
12404.16998,0,0,0,0,1,160804.5374,1,133931.1154,DS24,,,,,,,,,,,,,,,,,
12405.16998,0,0,0,0,1,160804.5374,1,133931.1154,DS24,,,,,,,,,,,,,,,,,
12406.16998,0,0,0,0,1,160804.5374,1,133931.1154,DS24,,,,,,,,,,,,,,,,,
12407.16998,0,0,0,0,1,160804.5374,1,133931.1154,DS24,,,,,,,,,,,,,,,,,
12408.16998,0,0,0,0,1,160804.5374,1,133931.1154,DS24,,,,,,,,,,,,,,,,,
12409.16998,0,0,0,0,1,160804.5374,1,133931.1154,DS24,,,,,,,,,,,,,,,,,
12410.16998,0,0,0,0,1,160804.5374,1,133931.1154,DS24,,,,,,,,,,,,,,,,,
12411.16998,0,0,0,0,1,160804.5374,1,133931.1154,DS24,,,,,,,,,,,,,,,,,
12412.16998,0,0,0,0,1,160804.5374,1,133931.1154,DS24,,,,,,,,,,,,,,,,,
12413.16998,0,0,0,0,1,160804.5374,1,133931.1154,DS24,,,,,,,,,,,,,,,,,
12414.16998,0,0,0,0,1,160804.5374,1,133931.1154,DS24,,,,,,,,,,,,,,,,,
12415.16998,0,0,0,0,1,160804.5374,1,133931.1154,DS24,,,,,,,,,,,,,,,,,
12416.16998,0,0,0,0,1,160804.5374,1,133931.1154,DS24,,,,,,,,,,,,,,,,,
12417.16998,0,0,0,0,1,160804.5374,1,133931.1154,DS24,,,,,,,,,,,,,,,,,
12418.16998,0,0,0,0,1,160804.5374,1,133931.1154,DS24,,,,,,,,,,,,,,,,,
12419.16998,0,0,0,0,1,160804.5374,1,133931.1154,DS24,,,,,,,,,,,,,,,,,
12420.16998,0,0,0,0,1,160804.5374,1,133931.1154,DS24,,,,,,,,,,,,,,,,,
12421.16998,0,0,0,0,1,160804.5374,1,133931.1154,DS24,,,,,,,,,,,,,,,,,
12422.16998,0,0,0,0,1,160804.5374,1,133931.1154,DS24,,,,,,,,,,,,,,,,,
12423.16998,0,0,0,0,1,160804.5374,1,133931.1154,DS24,,,,,,,,,,,,,,,,,
12424.16998,0,0,0,0,1,160804.5374,1,133931.1154,DS24,,,,,,,,,,,,,,,,,
12425.16998,0,0,0,0,1,160804.5374,1,133931.1154,DS24,,,,,,,,,,,,,,,,,
12426.16998,0,0,0,0,1,160804.5374,1,133931.1154,DS24,,,,,,,,,,,,,,,,,
12427.16998,0,0,0,0,1,160804.5374,1,133931.1154,DS24,,,,,,,,,,,,,,,,,
12428.16998,0,0,0,0,1,160804.5374,1,133931.1154,DS24,,,,,,,,,,,,,,,,,
12429.16998,0,0,0,0,1,160804.5374,1,133931.1154,DS24,,,,,,,,,,,,,,,,,
12430.16998,0,0,0,0,1,160804.5374,1,133931.1154,DS24,,,,,,,,,,,,,,,,,
12431.16998,0,0,0,0,1,160804.5374,1,133931.1154,DS24,,,,,,,,,,,,,,,,,
12432.16998,0,0,0,0,1,160804.5374,1,133931.1154,DS24,,,,,,,,,,,,,,,,,
12433.16998,0,0,0,0,1,160804.5374,1,133931.1154,DS24,,,,,,,,,,,,,,,,,
12434.16998,0,0,0,0,1,160804.5374,1,133931.1154,DS24,,,,,,,,,,,,,,,,,
12435.16998,0,0,0,0,1,160804.5374,1,133931.1154,DS24,,,,,,,,,,,,,,,,,
12436.16998,0,0,0,0,1,160804.5374,1,133931.1154,DS24,,,,,,,,,,,,,,,,,
12437.16998,0,0,0,0,1,160804.5374,1,133931.1154,DS24,,,,,,,,,,,,,,,,,
12438.16998,0,0,0,0,1,160804.5374,1,133931.1154,DS24,,,,,,,,,,,,,,,,,
12439.16998,0,0,0,0,1,160804.5374,1,133931.1154,DS24,,,,,,,,,,,,,,,,,
12440.16998,0,0,0,0,1,160804.5374,1,133931.1154,DS24,,,,,,,,,,,,,,,,,
12441.16998,0,0,0,0,1,160804.5374,1,133931.1154,DS24,,,,,,,,,,,,,,,,,
12442.16998,0,0,0,0,1,160804.5374,1,133931.1154,DS24,,,,,,,,,,,,,,,,,
12443.16998,0,0,0,0,1,160804.5374,1,133931.1154,DS24,,,,,,,,,,,,,,,,,
12444.16998,0,0,0,0,1,160804.5374,1,133931.1154,DS24,,,,,,,,,,,,,,,,,
12445.16998,0,0,0,0,1,160804.5374,1,133931.1154,DS24,,,,,,,,,,,,,,,,,
12446.16998,0,0,0,0,1,160804.5374,1,133931.1154,DS24,,,,,,,,,,,,,,,,,
12447.16998,0,0,0,0,1,160804.5374,1,133931.1154,DS24,,,,,,,,,,,,,,,,,
12448.16998,0,0,0,0,1,160804.5374,1,133931.1154,DS24,,,,,,,,,,,,,,,,,
12449.16998,0,0,0,0,1,160804.5374,1,133931.1154,DS24,,,,,,,,,,,,,,,,,
12450.16998,0,0,0,0,1,160804.5374,1,133931.1154,DS24,,,,,,,,,,,,,,,,,
12451.16998,0,0,0,0,1,160804.5374,1,133931.1154,DS24,,,,,,,,,,,,,,,,,
12452.16998,0,0,0,0,1,160804.5374,1,133931.1154,DS24,,,,,,,,,,,,,,,,,
12453.16998,0,0,0,0,1,160804.5374,1,133931.1154,DS24,,,,,,,,,,,,,,,,,
12454.16998,0,0,0,0,1,160804.5374,1,133931.1154,DS24,,,,,,,,,,,,,,,,,
12455.16998,0,0,0,0,1,160804.5374,1,133931.1154,DS24,,,,,,,,,,,,,,,,,
12456.16998,0,0,0,0,1,160804.5374,1,133931.1154,DS24,,,,,,,,,,,,,,,,,
12457.16998,0,0,0,0,1,160804.5374,1,133931.1154,DS24,,,,,,,,,,,,,,,,,
12458.16998,0,0,0,0,1,160804.5374,1,133931.1154,DS24,,,,,,,,,,,,,,,,,
12459.16998,0,0,0,0,1,160804.5374,1,133931.1154,DS24,,,,,,,,,,,,,,,,,
12460.16998,0,0,0,0,0,0,1,133931.1154,DS34,,,,,,,,,,,,,,,,,
12461.16998,0,0,0,0,0,0,1,133931.1154,DS34,,,,,,,,,,,,,,,,,
12462.16998,0,0,0,0,0,0,1,133931.1154,DS34,,,,,,,,,,,,,,,,,
12463.16998,0,0,0,0,0,0,1,133931.1154,DS34,,,,,,,,,,,,,,,,,
12464.16998,0,0,0,0,0,0,1,133931.1154,DS34,,,,,,,,,,,,,,,,,
12465.16998,0,0,0,0,0,0,1,133931.1154,DS34,,,,,,,,,,,,,,,,,
12466.16998,0,0,0,0,0,0,1,133931.1154,DS34,,,,,,,,,,,,,,,,,
12467.16998,0,0,0,0,0,0,1,133931.1154,DS34,,,,,,,,,,,,,,,,,
12468.16998,0,0,0,0,0,0,1,133931.1154,DS34,,,,,,,,,,,,,,,,,
12469.16998,0,0,0,0,0,0,1,133931.1154,DS34,,,,,,,,,,,,,,,,,
12470.16998,0,0,0,0,0,0,1,133931.1154,DS34,,,,,,,,,,,,,,,,,
12471.16998,0,0,0,0,0,0,1,133931.1154,DS34,,,,,,,,,,,,,,,,,
12472.16998,0,0,0,0,0,0,1,133931.1154,DS34,,,,,,,,,,,,,,,,,
12473.16998,0,0,0,0,0,0,1,133931.1154,DS34,,,,,,,,,,,,,,,,,
12474.16998,0,0,0,0,0,0,1,133931.1154,DS34,,,,,,,,,,,,,,,,,
12475.16998,0,0,0,0,0,0,1,133931.1154,DS34,,,,,,,,,,,,,,,,,
12476.16998,0,0,0,0,0,0,1,133931.1154,DS34,,,,,,,,,,,,,,,,,
12477.16998,0,0,0,0,0,0,1,133931.1154,DS34,,,,,,,,,,,,,,,,,
12478.16998,0,0,0,0,0,0,1,133931.1154,DS34,,,,,,,,,,,,,,,,,
12479.16998,0,0,0,0,0,0,1,133931.1154,DS34,,,,,,,,,,,,,,,,,
12480.16998,0,0,0,0,0,0,1,133931.1154,DS34,,,,,,,,,,,,,,,,,
12481.16998,0,0,0,0,0,0,1,133931.1154,DS34,,,,,,,,,,,,,,,,,
12482.16998,0,0,0,0,0,0,1,133931.1154,DS34,,,,,,,,,,,,,,,,,
12483.16998,0,0,0,0,0,0,1,133931.1154,DS34,,,,,,,,,,,,,,,,,
12484.16998,0,0,0,0,0,0,1,133931.1154,DS34,,,,,,,,,,,,,,,,,
12485.16998,0,0,0,0,0,0,1,133931.1154,DS34,,,,,,,,,,,,,,,,,
12486.16998,0,0,0,0,0,0,1,133931.1154,DS34,,,,,,,,,,,,,,,,,
12487.16998,0,0,0,0,0,0,1,133931.1154,DS34,,,,,,,,,,,,,,,,,
12488.16998,0,0,0,0,0,0,1,133931.1154,DS34,,,,,,,,,,,,,,,,,
12489.16998,0,0,0,0,0,0,1,133931.1154,DS34,,,,,,,,,,,,,,,,,
12490.16998,0,0,0,0,0,0,1,133931.1154,DS34,,,,,,,,,,,,,,,,,
12491.16998,0,0,0,0,0,0,1,133931.1154,DS34,,,,,,,,,,,,,,,,,
12492.16998,0,0,0,0,0,0,1,133931.1154,DS34,,,,,,,,,,,,,,,,,
12493.16998,0,0,0,0,0,0,1,133931.1154,DS34,,,,,,,,,,,,,,,,,
12494.16998,0,0,0,0,0,0,1,133931.1154,DS34,,,,,,,,,,,,,,,,,
12495.16998,0,0,0,0,0,0,1,133931.1154,DS34,,,,,,,,,,,,,,,,,
12496.16998,0,0,0,0,0,0,1,133931.1154,DS34,,,,,,,,,,,,,,,,,
12497.16998,0,0,0,0,0,0,1,133931.1154,DS34,,,,,,,,,,,,,,,,,
12498.16998,0,0,0,0,0,0,1,133931.1154,DS34,,,,,,,,,,,,,,,,,
12499.16998,0,0,0,0,0,0,1,133931.1154,DS34,,,,,,,,,,,,,,,,,
12500.16998,0,0,0,0,0,0,1,133931.1154,DS34,,,,,,,,,,,,,,,,,
12501.16998,0,0,0,0,0,0,1,133931.1154,DS34,,,,,,,,,,,,,,,,,
12502.16998,0,0,0,0,0,0,1,133931.1154,DS34,,,,,,,,,,,,,,,,,
12503.16998,0,0,0,0,0,0,1,133931.1154,DS34,,,,,,,,,,,,,,,,,
12504.16998,0,0,0,0,0,0,1,133931.1154,DS34,,,,,,,,,,,,,,,,,
12505.16998,0,0,0,0,0,0,1,133931.1154,DS34,,,,,,,,,,,,,,,,,
12506.16998,0,0,0,0,0,0,1,133931.1154,DS34,,,,,,,,,,,,,,,,,
12507.16998,0,0,0,0,0,0,1,133931.1154,DS34,,,,,,,,,,,,,,,,,
12508.16998,0,0,0,0,0,0,1,133931.1154,DS34,,,,,,,,,,,,,,,,,
12509.16998,0,0,0,0,0,0,1,133931.1154,DS34,,,,,,,,,,,,,,,,,
12510.16998,0,0,0,0,0,0,1,133931.1154,DS34,,,,,,,,,,,,,,,,,
12511.16998,0,0,0,0,0,0,1,133931.1154,DS34,,,,,,,,,,,,,,,,,
12512.16998,0,0,0,0,0,0,1,133931.1154,DS34,,,,,,,,,,,,,,,,,
12513.16998,0,0,0,0,0,0,1,133931.1154,DS34,,,,,,,,,,,,,,,,,
12514.16998,0,0,0,0,0,0,1,133931.1154,DS34,,,,,,,,,,,,,,,,,
12515.16998,0,0,0,0,0,0,1,133931.1154,DS34,,,,,,,,,,,,,,,,,
12516.16998,0,0,0,0,0,0,1,133931.1154,DS34,,,,,,,,,,,,,,,,,
12517.16998,0,0,0,0,0,0,1,133931.1154,DS34,,,,,,,,,,,,,,,,,
12518.16998,0,0,0,0,0,0,1,133931.1154,DS34,,,,,,,,,,,,,,,,,
12519.16998,0,0,0,0,0,0,1,133931.1154,DS34,,,,,,,,,,,,,,,,,
12520.16998,0,0,0,0,0,0,1,133931.1154,DS34,,,,,,,,,,,,,,,,,
12521.16998,0,0,0,0,0,0,1,133931.1154,DS34,,,,,,,,,,,,,,,,,
12522.16998,0,0,0,0,0,0,1,133931.1154,DS34,,,,,,,,,,,,,,,,,
12523.16998,0,0,0,0,0,0,1,133931.1154,DS34,,,,,,,,,,,,,,,,,
12524.16998,0,0,0,0,0,0,1,133931.1154,DS34,,,,,,,,,,,,,,,,,
12525.16998,0,0,0,0,0,0,1,133931.1154,DS34,,,,,,,,,,,,,,,,,
12526.16998,0,0,0,0,0,0,1,133931.1154,DS34,,,,,,,,,,,,,,,,,
12527.16998,0,0,0,0,0,0,1,133931.1154,DS34,,,,,,,,,,,,,,,,,
12528.16998,0,0,0,0,0,0,1,133931.1154,DS34,,,,,,,,,,,,,,,,,
12529.16998,0,0,0,0,0,0,1,133931.1154,DS34,,,,,,,,,,,,,,,,,
12530.16998,0,0,0,0,0,0,1,133931.1154,DS34,,,,,,,,,,,,,,,,,
12531.16998,0,0,0,0,0,0,1,133931.1154,DS34,,,,,,,,,,,,,,,,,
12532.16998,0,0,0,0,0,0,1,133931.1154,DS34,,,,,,,,,,,,,,,,,
12533.16998,0,0,0,0,0,0,1,133931.1154,DS34,,,,,,,,,,,,,,,,,
12534.16998,0,0,0,0,0,0,1,133931.1154,DS34,,,,,,,,,,,,,,,,,
12535.16998,0,0,0,0,0,0,1,133931.1154,DS34,,,,,,,,,,,,,,,,,
12536.16998,0,0,0,0,0,0,1,133931.1154,DS34,,,,,,,,,,,,,,,,,
12537.16998,0,0,0,0,0,0,1,133931.1154,DS34,,,,,,,,,,,,,,,,,
12538.16998,0,0,0,0,0,0,1,133931.1154,DS34,,,,,,,,,,,,,,,,,
12539.16998,0,0,0,0,0,0,1,133931.1154,DS34,,,,,,,,,,,,,,,,,
12540.16998,0,0,0,0,0,0,1,133931.1154,DS34,,,,,,,,,,,,,,,,,
12541.16998,0,0,0,0,0,0,1,133931.1154,DS34,,,,,,,,,,,,,,,,,
12542.16998,0,0,0,0,0,0,1,133931.1154,DS34,,,,,,,,,,,,,,,,,
12543.16998,0,0,0,0,0,0,1,133931.1154,DS34,,,,,,,,,,,,,,,,,
12544.16998,0,0,0,0,0,0,1,133931.1154,DS34,,,,,,,,,,,,,,,,,
12545.16998,0,0,0,0,0,0,1,133931.1154,DS34,,,,,,,,,,,,,,,,,
12546.16998,0,0,0,0,0,0,1,133931.1154,DS34,,,,,,,,,,,,,,,,,
12547.16998,0,0,0,0,0,0,1,133931.1154,DS34,,,,,,,,,,,,,,,,,
12548.16998,0,0,0,0,0,0,1,133931.1154,DS34,,,,,,,,,,,,,,,,,
12549.16998,0,0,0,0,0,0,1,133931.1154,DS34,,,,,,,,,,,,,,,,,
12550.16998,0,0,0,0,0,0,1,133931.1154,DS34,,,,,,,,,,,,,,,,,
12551.16998,0,0,0,0,0,0,1,133931.1154,DS34,,,,,,,,,,,,,,,,,
12552.16998,0,0,0,0,0,0,1,133931.1154,DS34,,,,,,,,,,,,,,,,,
12553.16998,0,0,0,0,0,0,1,133931.1154,DS34,,,,,,,,,,,,,,,,,
12554.16998,0,0,0,0,0,0,1,133931.1154,DS34,,,,,,,,,,,,,,,,,
12555.16998,0,0,0,0,0,0,1,133931.1154,DS34,,,,,,,,,,,,,,,,,
12556.16998,0,0,0,0,0,0,1,133931.1154,DS34,,,,,,,,,,,,,,,,,
12557.16998,0,0,0,0,0,0,1,133931.1154,DS34,,,,,,,,,,,,,,,,,
12558.16998,0,0,0,0,0,0,1,133931.1154,DS34,,,,,,,,,,,,,,,,,
12559.16998,0,0,0,0,0,0,1,133931.1154,DS34,,,,,,,,,,,,,,,,,
12560.16998,0,0,0,0,0,0,1,133931.1154,DS34,,,,,,,,,,,,,,,,,
12561.16998,0,0,0,0,0,0,1,133931.1154,DS34,,,,,,,,,,,,,,,,,
12562.16998,0,0,0,0,0,0,1,133931.1154,DS34,,,,,,,,,,,,,,,,,
12563.16998,0,0,0,0,0,0,1,133931.1154,DS34,,,,,,,,,,,,,,,,,
12564.16998,0,0,0,0,0,0,1,133931.1154,DS34,,,,,,,,,,,,,,,,,
12565.16998,0,0,0,0,0,0,1,133931.1154,DS34,,,,,,,,,,,,,,,,,
12566.16998,0,0,0,0,0,0,1,133931.1154,DS34,,,,,,,,,,,,,,,,,
12567.16998,0,0,0,0,0,0,1,133931.1154,DS34,,,,,,,,,,,,,,,,,
12568.16998,0,0,0,0,0,0,1,133931.1154,DS34,,,,,,,,,,,,,,,,,
12569.16998,0,0,0,0,0,0,1,133931.1154,DS34,,,,,,,,,,,,,,,,,
12570.16998,0,0,0,0,0,0,1,133931.1154,DS34,,,,,,,,,,,,,,,,,
12571.16998,0,0,0,0,0,0,1,133931.1154,DS34,,,,,,,,,,,,,,,,,
12572.16998,0,0,0,0,0,0,1,133931.1154,DS34,,,,,,,,,,,,,,,,,
12573.16998,0,0,0,0,0,0,1,133931.1154,DS34,,,,,,,,,,,,,,,,,
12574.16998,0,0,0,0,0,0,1,133931.1154,DS34,,,,,,,,,,,,,,,,,
12575.16998,0,0,0,0,0,0,1,133931.1154,DS34,,,,,,,,,,,,,,,,,
12576.16998,0,0,0,0,0,0,1,133931.1154,DS34,,,,,,,,,,,,,,,,,
12577.16998,0,0,0,0,0,0,1,133931.1154,DS34,,,,,,,,,,,,,,,,,
12578.16998,0,0,0,0,0,0,1,133931.1154,DS34,,,,,,,,,,,,,,,,,
12579.16998,0,0,0,0,0,0,1,133931.1154,DS34,,,,,,,,,,,,,,,,,
12580.16998,0,0,0,0,0,0,1,133931.1154,DS34,,,,,,,,,,,,,,,,,
12581.16998,0,0,0,0,0,0,1,133931.1154,DS34,,,,,,,,,,,,,,,,,
12582.16998,0,0,0,0,0,0,1,133931.1154,DS34,,,,,,,,,,,,,,,,,
12583.16998,0,0,0,0,0,0,1,133931.1154,DS34,,,,,,,,,,,,,,,,,
12584.16998,0,0,0,0,0,0,1,133931.1154,DS34,,,,,,,,,,,,,,,,,
12585.16998,0,0,0,0,0,0,1,133931.1154,DS34,,,,,,,,,,,,,,,,,
12586.16998,0,0,0,0,0,0,1,133931.1154,DS34,,,,,,,,,,,,,,,,,
12587.16998,0,0,0,0,0,0,1,133931.1154,DS34,,,,,,,,,,,,,,,,,
12588.16998,0,0,0,0,0,0,1,133931.1154,DS34,,,,,,,,,,,,,,,,,
12589.16998,0,0,0,0,0,0,1,133931.1154,DS34,,,,,,,,,,,,,,,,,
12590.16998,0,0,0,0,0,0,1,133931.1154,DS34,,,,,,,,,,,,,,,,,
12591.16998,0,0,0,0,0,0,1,133931.1154,DS34,,,,,,,,,,,,,,,,,
12592.16998,0,0,0,0,0,0,1,133931.1154,DS34,,,,,,,,,,,,,,,,,
12593.16998,0,0,0,0,0,0,1,133931.1154,DS34,,,,,,,,,,,,,,,,,
12594.16998,0,0,0,0,0,0,1,133931.1154,DS34,,,,,,,,,,,,,,,,,
12595.16998,0,0,0,0,0,0,1,133931.1154,DS34,,,,,,,,,,,,,,,,,
12596.16998,0,0,0,0,0,0,1,133931.1154,DS34,,,,,,,,,,,,,,,,,
12597.16998,0,0,0,0,0,0,1,133931.1154,DS34,,,,,,,,,,,,,,,,,
12598.16998,0,0,0,0,0,0,1,133931.1154,DS34,,,,,,,,,,,,,,,,,
12599.16998,0,0,0,0,0,0,1,133931.1154,DS34,,,,,,,,,,,,,,,,,
12600.16998,0,0,0,0,0,0,1,133931.1154,DS34,,,,,,,,,,,,,,,,,
12601.16998,0,0,0,0,0,0,1,133931.1154,DS34,,,,,,,,,,,,,,,,,
12602.16998,0,0,0,0,0,0,1,133931.1154,DS34,,,,,,,,,,,,,,,,,
12603.16998,0,0,0,0,0,0,1,133931.1154,DS34,,,,,,,,,,,,,,,,,
12604.16998,0,0,0,0,0,0,1,133931.1154,DS34,,,,,,,,,,,,,,,,,
12605.16998,0,0,0,0,0,0,1,133931.1154,DS34,,,,,,,,,,,,,,,,,
12606.16998,0,0,0,0,0,0,1,133931.1154,DS34,,,,,,,,,,,,,,,,,
12607.16998,0,0,0,0,0,0,1,133931.1154,DS34,,,,,,,,,,,,,,,,,
12608.16998,0,0,0,0,0,0,1,133931.1154,DS34,,,,,,,,,,,,,,,,,
12609.16998,0,0,0,0,0,0,1,133931.1154,DS34,,,,,,,,,,,,,,,,,
12610.16998,0,0,0,0,0,0,1,133931.1154,DS34,,,,,,,,,,,,,,,,,
12611.16998,0,0,0,0,0,0,1,133931.1154,DS34,,,,,,,,,,,,,,,,,
12612.16998,0,0,0,0,0,0,1,133931.1154,DS34,,,,,,,,,,,,,,,,,
12613.16998,0,0,0,0,0,0,1,133931.1154,DS34,,,,,,,,,,,,,,,,,
12614.16998,0,0,0,0,0,0,1,133931.1154,DS34,,,,,,,,,,,,,,,,,
12615.16998,0,0,0,0,0,0,1,133931.1154,DS34,,,,,,,,,,,,,,,,,
12616.16998,0,0,0,0,0,0,1,133931.1154,DS34,,,,,,,,,,,,,,,,,
12617.16998,0,0,0,0,0,0,1,133931.1154,DS34,,,,,,,,,,,,,,,,,
12618.16998,0,0,0,0,0,0,1,133931.1154,DS34,,,,,,,,,,,,,,,,,
12619.16998,0,0,0,0,0,0,1,133931.1154,DS34,,,,,,,,,,,,,,,,,
12620.16998,0,0,0,0,0,0,1,133931.1154,DS34,,,,,,,,,,,,,,,,,
12621.16998,0,0,0,0,0,0,1,133931.1154,DS34,,,,,,,,,,,,,,,,,
12622.16998,0,0,0,0,0,0,1,133931.1154,DS34,,,,,,,,,,,,,,,,,
12623.16998,0,0,0,0,0,0,1,133931.1154,DS34,,,,,,,,,,,,,,,,,
12624.16998,0,0,0,0,0,0,1,133931.1154,DS34,,,,,,,,,,,,,,,,,
12625.16998,0,0,0,0,0,0,1,133931.1154,DS34,,,,,,,,,,,,,,,,,
12626.16998,0,0,0,0,0,0,1,133931.1154,DS34,,,,,,,,,,,,,,,,,
12627.16998,0,0,0,0,0,0,1,133931.1154,DS34,,,,,,,,,,,,,,,,,
12628.16998,0,0,0,0,0,0,1,133931.1154,DS34,,,,,,,,,,,,,,,,,
12629.16998,0,0,0,0,0,0,1,133931.1154,DS34,,,,,,,,,,,,,,,,,
12630.16998,0,0,0,0,0,0,1,133931.1154,DS34,,,,,,,,,,,,,,,,,
12631.16998,0,0,0,0,0,0,1,133931.1154,DS34,,,,,,,,,,,,,,,,,
12632.16998,0,0,0,0,0,0,1,133931.1154,DS34,,,,,,,,,,,,,,,,,
12633.16998,0,0,0,0,0,0,1,133931.1154,DS34,,,,,,,,,,,,,,,,,
12634.16998,0,0,0,0,0,0,1,133931.1154,DS34,,,,,,,,,,,,,,,,,
12635.16998,0,0,0,0,0,0,1,133931.1154,DS34,,,,,,,,,,,,,,,,,
12636.16998,0,0,0,0,0,0,1,133931.1154,DS34,,,,,,,,,,,,,,,,,
12637.16998,0,0,0,0,0,0,1,133931.1154,DS34,,,,,,,,,,,,,,,,,
12638.16998,0,0,0,0,0,0,1,133931.1154,DS34,,,,,,,,,,,,,,,,,
12639.16998,0,0,0,0,0,0,1,133931.1154,DS34,,,,,,,,,,,,,,,,,
12640.16998,0,0,0,0,0,0,1,133931.1154,DS34,,,,,,,,,,,,,,,,,
12641.16998,0,0,0,0,0,0,1,133931.1154,DS34,,,,,,,,,,,,,,,,,
12642.16998,0,0,0,0,0,0,1,133931.1154,DS34,,,,,,,,,,,,,,,,,
12643.16998,0,0,0,0,0,0,1,133931.1154,DS34,,,,,,,,,,,,,,,,,
12644.16998,0,0,0,0,0,0,1,133931.1154,DS34,,,,,,,,,,,,,,,,,
12645.16998,0,0,0,0,0,0,1,133931.1154,DS34,,,,,,,,,,,,,,,,,
12646.16998,0,0,0,0,0,0,1,133931.1154,DS34,,,,,,,,,,,,,,,,,
12647.16998,0,0,0,0,0,0,1,133931.1154,DS34,,,,,,,,,,,,,,,,,
12648.16998,0,0,0,0,0,0,1,133931.1154,DS34,,,,,,,,,,,,,,,,,
12649.16998,0,0,0,0,0,0,1,133931.1154,DS34,,,,,,,,,,,,,,,,,
12650.16998,0,0,0,0,0,0,1,133931.1154,DS34,,,,,,,,,,,,,,,,,
12651.16998,0,0,0,0,0,0,1,133931.1154,DS34,,,,,,,,,,,,,,,,,
12652.16998,0,0,0,0,0,0,1,133931.1154,DS34,,,,,,,,,,,,,,,,,
12653.16998,0,0,0,0,0,0,1,133931.1154,DS34,,,,,,,,,,,,,,,,,
12654.16998,0,0,0,0,0,0,1,133931.1154,DS34,,,,,,,,,,,,,,,,,
12655.16998,0,0,0,0,0,0,1,133931.1154,DS34,,,,,,,,,,,,,,,,,
12656.16998,0,0,0,0,0,0,1,133931.1154,DS34,,,,,,,,,,,,,,,,,
12657.16998,0,0,0,0,0,0,1,133931.1154,DS34,,,,,,,,,,,,,,,,,
12658.16998,0,0,0,0,0,0,1,133931.1154,DS34,,,,,,,,,,,,,,,,,
12659.16998,0,0,0,0,0,0,1,133931.1154,DS34,,,,,,,,,,,,,,,,,
12660.16998,0,0,0,0,0,0,1,133931.1154,DS34,,,,,,,,,,,,,,,,,
12661.16998,0,0,0,0,0,0,1,133931.1154,DS34,,,,,,,,,,,,,,,,,
12662.16998,0,0,0,0,0,0,1,133931.1154,DS34,,,,,,,,,,,,,,,,,
12663.16998,0,0,0,0,0,0,1,133931.1154,DS34,,,,,,,,,,,,,,,,,
12664.16998,0,0,0,0,0,0,1,133931.1154,DS34,,,,,,,,,,,,,,,,,
12665.16998,0,0,0,0,0,0,1,133931.1154,DS34,,,,,,,,,,,,,,,,,
12666.16998,0,0,0,0,0,0,1,133931.1154,DS34,,,,,,,,,,,,,,,,,
12667.16998,0,0,0,0,0,0,1,133931.1154,DS34,,,,,,,,,,,,,,,,,
12668.16998,0,0,0,0,0,0,1,133931.1154,DS34,,,,,,,,,,,,,,,,,
12669.16998,0,0,0,0,0,0,1,133931.1154,DS34,,,,,,,,,,,,,,,,,
12670.16998,0,0,0,0,0,0,1,133931.1154,DS34,,,,,,,,,,,,,,,,,
12671.16998,0,0,0,0,0,0,1,133931.1154,DS34,,,,,,,,,,,,,,,,,
12672.16998,0,0,0,0,0,0,1,133931.1154,DS34,,,,,,,,,,,,,,,,,
12673.16998,0,0,0,0,0,0,1,133931.1154,DS34,,,,,,,,,,,,,,,,,
12674.16998,0,0,0,0,0,0,1,133931.1154,DS34,,,,,,,,,,,,,,,,,
12675.16998,0,0,0,0,0,0,1,133931.1154,DS34,,,,,,,,,,,,,,,,,
12676.16998,0,0,0,0,0,0,1,133931.1154,DS34,,,,,,,,,,,,,,,,,
12677.16998,0,0,0,0,0,0,1,133931.1154,DS34,,,,,,,,,,,,,,,,,
12678.16998,0,0,0,0,0,0,1,133931.1154,DS34,,,,,,,,,,,,,,,,,
12679.16998,0,0,0,0,0,0,1,133931.1154,DS34,,,,,,,,,,,,,,,,,
12680.16998,0,0,0,0,0,0,1,133931.1154,DS34,,,,,,,,,,,,,,,,,
12681.16998,0,0,0,0,0,0,1,133931.1154,DS34,,,,,,,,,,,,,,,,,
12682.16998,0,0,0,0,0,0,1,133931.1154,DS34,,,,,,,,,,,,,,,,,
12683.16998,0,0,0,0,0,0,1,133931.1154,DS34,,,,,,,,,,,,,,,,,
12684.16998,0,0,0,0,0,0,1,133931.1154,DS34,,,,,,,,,,,,,,,,,
12685.16998,0,0,0,0,0,0,1,133931.1154,DS34,,,,,,,,,,,,,,,,,
12686.16998,0,0,0,0,0,0,1,133931.1154,DS34,,,,,,,,,,,,,,,,,
12687.16998,0,0,0,0,0,0,1,133931.1154,DS34,,,,,,,,,,,,,,,,,
12688.16998,0,0,0,0,0,0,1,133931.1154,DS34,,,,,,,,,,,,,,,,,
12689.16998,0,0,0,0,0,0,1,133931.1154,DS34,,,,,,,,,,,,,,,,,
12690.16998,0,0,0,0,0,0,1,133931.1154,DS34,,,,,,,,,,,,,,,,,
12691.16998,0,0,0,0,0,0,1,133931.1154,DS34,,,,,,,,,,,,,,,,,
12692.16998,0,0,0,0,0,0,1,133931.1154,DS34,,,,,,,,,,,,,,,,,
12693.16998,0,0,0,0,0,0,1,133931.1154,DS34,,,,,,,,,,,,,,,,,
12694.16998,0,0,0,0,0,0,1,133931.1154,DS34,,,,,,,,,,,,,,,,,
12695.16998,0,0,0,0,0,0,1,133931.1154,DS34,,,,,,,,,,,,,,,,,
12696.16998,0,0,0,0,0,0,1,133931.1154,DS34,,,,,,,,,,,,,,,,,
12697.16998,0,0,0,0,0,0,1,133931.1154,DS34,,,,,,,,,,,,,,,,,
12698.16998,0,0,0,0,0,0,1,133931.1154,DS34,,,,,,,,,,,,,,,,,
12699.16998,0,0,0,0,0,0,1,133931.1154,DS34,,,,,,,,,,,,,,,,,
12700.16998,0,0,0,0,0,0,1,133931.1154,DS34,,,,,,,,,,,,,,,,,
12701.16998,0,0,0,0,0,0,1,133931.1154,DS34,,,,,,,,,,,,,,,,,
12702.16998,0,0,0,0,0,0,1,133931.1154,DS34,,,,,,,,,,,,,,,,,
12703.16998,0,0,0,0,0,0,1,133931.1154,DS34,,,,,,,,,,,,,,,,,
12704.16998,0,0,0,0,0,0,1,133931.1154,DS34,,,,,,,,,,,,,,,,,
12705.16998,0,0,0,0,0,0,1,133931.1154,DS34,,,,,,,,,,,,,,,,,
12706.16998,0,0,0,0,0,0,1,133931.1154,DS34,,,,,,,,,,,,,,,,,
12707.16998,0,0,0,0,0,0,1,133931.1154,DS34,,,,,,,,,,,,,,,,,
12708.16998,0,0,0,0,0,0,1,133931.1154,DS34,,,,,,,,,,,,,,,,,
12709.16998,0,0,0,0,0,0,1,133931.1154,DS34,,,,,,,,,,,,,,,,,
12710.16998,0,0,0,0,0,0,1,133931.1154,DS34,,,,,,,,,,,,,,,,,
12711.16998,0,0,0,0,0,0,1,133931.1154,DS34,,,,,,,,,,,,,,,,,
12712.16998,0,0,0,0,0,0,1,133931.1154,DS34,,,,,,,,,,,,,,,,,
12713.16998,0,0,0,0,0,0,1,133931.1154,DS34,,,,,,,,,,,,,,,,,
12714.16998,0,0,0,0,0,0,1,133931.1154,DS34,,,,,,,,,,,,,,,,,
12715.16998,0,0,0,0,0,0,1,133931.1154,DS34,,,,,,,,,,,,,,,,,
12716.16998,0,0,0,0,0,0,1,133931.1154,DS34,,,,,,,,,,,,,,,,,
12717.16998,0,0,0,0,0,0,1,133931.1154,DS34,,,,,,,,,,,,,,,,,
12718.16998,0,0,0,0,0,0,1,133931.1154,DS34,,,,,,,,,,,,,,,,,
12719.16998,0,0,0,0,0,0,1,133931.1154,DS34,,,,,,,,,,,,,,,,,
12720.16998,0,0,0,0,0,0,1,133931.1154,DS34,,,,,,,,,,,,,,,,,
12721.16998,0,0,0,0,0,0,1,133931.1154,DS34,,,,,,,,,,,,,,,,,
12722.16998,0,0,0,0,0,0,1,133931.1154,DS34,,,,,,,,,,,,,,,,,
12723.16998,0,0,0,0,0,0,1,133931.1154,DS34,,,,,,,,,,,,,,,,,
12724.16998,0,0,0,0,0,0,1,133931.1154,DS34,,,,,,,,,,,,,,,,,
12725.16998,0,0,0,0,0,0,1,133931.1154,DS34,,,,,,,,,,,,,,,,,
12726.16998,0,0,0,0,0,0,1,133931.1154,DS34,,,,,,,,,,,,,,,,,
12727.16998,0,0,0,0,0,0,1,133931.1154,DS34,,,,,,,,,,,,,,,,,
12728.16998,0,0,0,0,0,0,1,133931.1154,DS34,,,,,,,,,,,,,,,,,
12729.16998,0,0,0,0,0,0,1,133931.1154,DS34,,,,,,,,,,,,,,,,,
12730.16998,0,0,0,0,0,0,1,133931.1154,DS34,,,,,,,,,,,,,,,,,
12731.16998,0,0,0,0,0,0,1,133931.1154,DS34,,,,,,,,,,,,,,,,,
12732.16998,0,0,0,0,0,0,1,133931.1154,DS34,,,,,,,,,,,,,,,,,
12733.16998,0,0,0,0,0,0,1,133931.1154,DS34,,,,,,,,,,,,,,,,,
12734.16998,0,0,0,0,0,0,1,133931.1154,DS34,,,,,,,,,,,,,,,,,
12735.16998,0,0,0,0,0,0,1,133931.1154,DS34,,,,,,,,,,,,,,,,,
12736.16998,0,0,0,0,0,0,1,133931.1154,DS34,,,,,,,,,,,,,,,,,
12737.16998,0,0,0,0,0,0,1,133931.1154,DS34,,,,,,,,,,,,,,,,,
12738.16998,0,0,0,0,0,0,1,133931.1154,DS34,,,,,,,,,,,,,,,,,
12739.16998,0,0,0,0,0,0,1,133931.1154,DS34,,,,,,,,,,,,,,,,,
12740.16998,0,0,0,0,0,0,1,133931.1154,DS34,,,,,,,,,,,,,,,,,
12741.16998,0,0,0,0,0,0,1,133931.1154,DS34,,,,,,,,,,,,,,,,,
12742.16998,0,0,0,0,0,0,1,133931.1154,DS34,,,,,,,,,,,,,,,,,
12743.16998,0,0,0,0,0,0,1,133931.1154,DS34,,,,,,,,,,,,,,,,,
12744.16998,0,0,0,0,0,0,1,133931.1154,DS34,,,,,,,,,,,,,,,,,
12745.16998,0,0,0,0,0,0,1,133931.1154,DS34,,,,,,,,,,,,,,,,,
12746.16998,0,0,0,0,0,0,1,133931.1154,DS34,,,,,,,,,,,,,,,,,
12747.16998,0,0,0,0,0,0,1,133931.1154,DS34,,,,,,,,,,,,,,,,,
12748.16998,0,0,0,0,0,0,1,133931.1154,DS34,,,,,,,,,,,,,,,,,
12749.16998,0,0,0,0,0,0,1,133931.1154,DS34,,,,,,,,,,,,,,,,,
12750.16998,0,0,0,0,0,0,1,133931.1154,DS34,,,,,,,,,,,,,,,,,
12751.16998,0,0,0,0,0,0,1,133931.1154,DS34,,,,,,,,,,,,,,,,,
12752.16998,0,0,0,0,0,0,1,133931.1154,DS34,,,,,,,,,,,,,,,,,
12753.16998,0,0,0,0,0,0,1,133931.1154,DS34,,,,,,,,,,,,,,,,,
12754.16998,0,0,0,0,0,0,1,133931.1154,DS34,,,,,,,,,,,,,,,,,
12755.16998,0,0,0,0,0,0,1,133931.1154,DS34,,,,,,,,,,,,,,,,,
12756.16998,0,0,0,0,0,0,1,133931.1154,DS34,,,,,,,,,,,,,,,,,
12757.16998,0,0,0,0,0,0,1,133931.1154,DS34,,,,,,,,,,,,,,,,,
12758.16998,0,0,0,0,0,0,1,133931.1154,DS34,,,,,,,,,,,,,,,,,
12759.16998,0,0,0,0,0,0,1,133931.1154,DS34,,,,,,,,,,,,,,,,,
12760.16998,0,0,0,0,0,0,1,133931.1154,DS34,,,,,,,,,,,,,,,,,
12761.16998,0,0,0,0,0,0,1,133931.1154,DS34,,,,,,,,,,,,,,,,,
12762.16998,0,0,0,0,0,0,1,133931.1154,DS34,,,,,,,,,,,,,,,,,
12763.16998,0,0,0,0,0,0,1,133931.1154,DS34,,,,,,,,,,,,,,,,,
12764.16998,0,0,0,0,0,0,1,133931.1154,DS34,,,,,,,,,,,,,,,,,
12765.16998,0,0,0,0,0,0,1,133931.1154,DS34,,,,,,,,,,,,,,,,,
12766.16998,0,0,0,0,0,0,1,133931.1154,DS34,,,,,,,,,,,,,,,,,
12767.16998,0,0,0,0,0,0,1,133931.1154,DS34,,,,,,,,,,,,,,,,,
12768.16998,0,0,0,0,0,0,1,133931.1154,DS34,,,,,,,,,,,,,,,,,
12769.16998,0,0,0,0,0,0,1,133931.1154,DS34,,,,,,,,,,,,,,,,,
12770.16998,0,0,0,0,0,0,1,133931.1154,DS34,,,,,,,,,,,,,,,,,
12771.16998,0,0,0,0,0,0,1,133931.1154,DS34,,,,,,,,,,,,,,,,,
12772.16998,0,0,0,0,0,0,1,133931.1154,DS34,,,,,,,,,,,,,,,,,
12773.16998,0,0,0,0,0,0,1,133931.1154,DS34,,,,,,,,,,,,,,,,,
12774.16998,0,0,0,0,0,0,1,133931.1154,DS34,,,,,,,,,,,,,,,,,
12775.16998,0,0,0,0,0,0,1,133931.1154,DS34,,,,,,,,,,,,,,,,,
12776.16998,0,0,0,0,0,0,1,133931.1154,DS34,,,,,,,,,,,,,,,,,
12777.16998,0,0,0,0,0,0,1,133931.1154,DS34,,,,,,,,,,,,,,,,,
12778.16998,0,0,0,0,0,0,1,133931.1154,DS34,,,,,,,,,,,,,,,,,
12779.16998,0,0,0,0,0,0,1,133931.1154,DS34,,,,,,,,,,,,,,,,,
12780.16998,0,0,0,0,0,0,1,133931.1154,DS34,,,,,,,,,,,,,,,,,
12781.16998,0,0,0,0,0,0,1,133931.1154,DS34,,,,,,,,,,,,,,,,,
12782.16998,0,0,0,0,0,0,1,133931.1154,DS34,,,,,,,,,,,,,,,,,
12783.16998,0,0,0,0,0,0,1,133931.1154,DS34,,,,,,,,,,,,,,,,,
12784.16998,0,0,0,0,0,0,1,133931.1154,DS34,,,,,,,,,,,,,,,,,
12785.16998,0,0,0,0,0,0,1,133931.1154,DS34,,,,,,,,,,,,,,,,,
12786.16998,0,0,0,0,0,0,1,133931.1154,DS34,,,,,,,,,,,,,,,,,
12787.16998,0,0,0,0,0,0,1,133931.1154,DS34,,,,,,,,,,,,,,,,,
12788.16998,0,0,0,0,0,0,1,133931.1154,DS34,,,,,,,,,,,,,,,,,
12789.16998,0,0,0,0,0,0,1,133931.1154,DS34,,,,,,,,,,,,,,,,,
12790.16998,0,0,0,0,0,0,1,133931.1154,DS34,,,,,,,,,,,,,,,,,
12791.16998,0,0,0,0,0,0,1,133931.1154,DS34,,,,,,,,,,,,,,,,,
12792.16998,0,0,0,0,0,0,1,133931.1154,DS34,,,,,,,,,,,,,,,,,
12793.16998,0,0,0,0,0,0,1,133931.1154,DS34,,,,,,,,,,,,,,,,,
12794.16998,0,0,0,0,0,0,1,133931.1154,DS34,,,,,,,,,,,,,,,,,
12795.16998,0,0,0,0,0,0,1,133931.1154,DS34,,,,,,,,,,,,,,,,,
12796.16998,0,0,0,0,0,0,1,133931.1154,DS34,,,,,,,,,,,,,,,,,
12797.16998,0,0,0,0,0,0,1,133931.1154,DS34,,,,,,,,,,,,,,,,,
12798.16998,0,0,0,0,0,0,1,133931.1154,DS34,,,,,,,,,,,,,,,,,
12799.16998,0,0,0,0,0,0,1,133931.1154,DS34,,,,,,,,,,,,,,,,,
12800.16998,0,0,0,0,0,0,1,133931.1154,DS34,,,,,,,,,,,,,,,,,
12801.16998,0,0,0,0,0,0,1,133931.1154,DS34,,,,,,,,,,,,,,,,,
12802.16998,0,0,0,0,0,0,1,133931.1154,DS34,,,,,,,,,,,,,,,,,
12803.16998,0,0,0,0,0,0,1,133931.1154,DS34,,,,,,,,,,,,,,,,,
12804.16998,0,0,0,0,0,0,1,133931.1154,DS34,,,,,,,,,,,,,,,,,
12805.16998,0,0,0,0,0,0,1,133931.1154,DS34,,,,,,,,,,,,,,,,,
12806.16998,0,0,0,0,0,0,1,133931.1154,DS34,,,,,,,,,,,,,,,,,
12807.16998,0,0,0,0,0,0,1,133931.1154,DS34,,,,,,,,,,,,,,,,,
12808.16998,0,0,0,0,0,0,1,133931.1154,DS34,,,,,,,,,,,,,,,,,
12809.16998,0,0,0,0,0,0,1,133931.1154,DS34,,,,,,,,,,,,,,,,,
12810.16998,0,0,0,0,0,0,1,133931.1154,DS34,,,,,,,,,,,,,,,,,
12811.16998,0,0,0,0,0,0,1,133931.1154,DS34,,,,,,,,,,,,,,,,,
12812.16998,0,0,0,0,0,0,1,133931.1154,DS34,,,,,,,,,,,,,,,,,
12813.16998,0,0,0,0,0,0,1,133931.1154,DS34,,,,,,,,,,,,,,,,,
12814.16998,0,0,0,0,0,0,1,133931.1154,DS34,,,,,,,,,,,,,,,,,
12815.16998,0,0,0,0,0,0,1,133931.1154,DS34,,,,,,,,,,,,,,,,,
12816.16998,0,0,0,0,0,0,1,133931.1154,DS34,,,,,,,,,,,,,,,,,
12817.16998,0,0,0,0,0,0,1,133931.1154,DS34,,,,,,,,,,,,,,,,,
12818.16998,0,0,0,0,0,0,1,133931.1154,DS34,,,,,,,,,,,,,,,,,
12819.16998,0,0,0,0,0,0,1,133931.1154,DS34,,,,,,,,,,,,,,,,,
12820.16998,0,0,0,0,0,0,1,133931.1154,DS34,,,,,,,,,,,,,,,,,
12821.16998,0,0,0,0,0,0,1,133931.1154,DS34,,,,,,,,,,,,,,,,,
12822.16998,0,0,0,0,0,0,1,133931.1154,DS34,,,,,,,,,,,,,,,,,
12823.16998,0,0,0,0,0,0,1,133931.1154,DS34,,,,,,,,,,,,,,,,,
12824.16998,0,0,0,0,0,0,1,133931.1154,DS34,,,,,,,,,,,,,,,,,
12825.16998,0,0,0,0,0,0,1,133931.1154,DS34,,,,,,,,,,,,,,,,,
12826.16998,0,0,0,0,0,0,1,133931.1154,DS34,,,,,,,,,,,,,,,,,
12827.16998,0,0,0,0,0,0,1,133931.1154,DS34,,,,,,,,,,,,,,,,,
12828.16998,0,0,0,0,0,0,1,133931.1154,DS34,,,,,,,,,,,,,,,,,
12829.16998,0,0,0,0,0,0,1,133931.1154,DS34,,,,,,,,,,,,,,,,,
12830.16998,0,0,0,0,0,0,1,133931.1154,DS34,,,,,,,,,,,,,,,,,
12831.16998,0,0,0,0,0,0,1,133931.1154,DS34,,,,,,,,,,,,,,,,,
12832.16998,0,0,0,0,0,0,1,133931.1154,DS34,,,,,,,,,,,,,,,,,
12833.16998,0,0,0,0,0,0,1,133931.1154,DS34,,,,,,,,,,,,,,,,,
12834.16998,0,0,0,0,0,0,1,133931.1154,DS34,,,,,,,,,,,,,,,,,
12835.16998,0,0,0,0,0,0,1,133931.1154,DS34,,,,,,,,,,,,,,,,,
12836.16998,0,0,0,0,0,0,1,133931.1154,DS34,,,,,,,,,,,,,,,,,
12837.16998,0,0,0,0,0,0,1,133931.1154,DS34,,,,,,,,,,,,,,,,,
12838.16998,0,0,0,0,0,0,1,133931.1154,DS34,,,,,,,,,,,,,,,,,
12839.16998,0,0,0,0,0,0,1,133931.1154,DS34,,,,,,,,,,,,,,,,,
12840.16998,0,0,0,0,0,0,1,133931.1154,DS34,,,,,,,,,,,,,,,,,
12841.16998,0,0,0,0,0,0,1,133931.1154,DS34,,,,,,,,,,,,,,,,,
12842.16998,0,0,0,0,0,0,1,133931.1154,DS34,,,,,,,,,,,,,,,,,
12843.16998,0,0,0,0,0,0,1,133931.1154,DS34,,,,,,,,,,,,,,,,,
12844.16998,0,0,0,0,0,0,1,133931.1154,DS34,,,,,,,,,,,,,,,,,
12845.16998,0,0,0,0,0,0,1,133931.1154,DS34,,,,,,,,,,,,,,,,,
12846.16998,0,0,0,0,0,0,1,133931.1154,DS34,,,,,,,,,,,,,,,,,
12847.16998,0,0,0,0,0,0,1,133931.1154,DS34,,,,,,,,,,,,,,,,,
12848.16998,0,0,0,0,0,0,1,133931.1154,DS34,,,,,,,,,,,,,,,,,
12849.16998,0,0,0,0,0,0,1,133931.1154,DS34,,,,,,,,,,,,,,,,,
12850.16998,0,0,0,0,0,0,1,133931.1154,DS34,,,,,,,,,,,,,,,,,
12851.16998,0,0,0,0,0,0,1,133931.1154,DS34,,,,,,,,,,,,,,,,,
12852.16998,0,0,0,0,0,0,1,133931.1154,DS34,,,,,,,,,,,,,,,,,
12853.16998,0,0,0,0,0,0,1,133931.1154,DS34,,,,,,,,,,,,,,,,,
12854.16998,0,0,0,0,0,0,1,133931.1154,DS34,,,,,,,,,,,,,,,,,
12855.16998,0,0,0,0,0,0,1,133931.1154,DS34,,,,,,,,,,,,,,,,,
12856.16998,0,0,0,0,0,0,1,133931.1154,DS34,,,,,,,,,,,,,,,,,
12857.16998,0,0,0,0,0,0,1,133931.1154,DS34,,,,,,,,,,,,,,,,,
12858.16998,0,0,0,0,0,0,1,133931.1154,DS34,,,,,,,,,,,,,,,,,
12859.16998,0,0,0,0,0,0,1,133931.1154,DS34,,,,,,,,,,,,,,,,,
12860.16998,0,0,0,0,0,0,1,133931.1154,DS34,,,,,,,,,,,,,,,,,
12861.16998,0,0,0,0,0,0,1,133931.1154,DS34,,,,,,,,,,,,,,,,,
12862.16998,0,0,0,0,0,0,1,133931.1154,DS34,,,,,,,,,,,,,,,,,
12863.16998,0,0,0,0,0,0,1,133931.1154,DS34,,,,,,,,,,,,,,,,,
12864.16998,0,0,0,0,0,0,1,133931.1154,DS34,,,,,,,,,,,,,,,,,
12865.16998,0,0,0,0,0,0,1,133931.1154,DS34,,,,,,,,,,,,,,,,,
12866.16998,0,0,0,0,0,0,1,133931.1154,DS34,,,,,,,,,,,,,,,,,
12867.16998,0,0,0,0,0,0,1,133931.1154,DS34,,,,,,,,,,,,,,,,,
12868.16998,0,0,0,0,0,0,1,133931.1154,DS34,,,,,,,,,,,,,,,,,
12869.16998,0,0,0,0,0,0,1,133931.1154,DS34,,,,,,,,,,,,,,,,,
12870.16998,0,0,0,0,0,0,1,133931.1154,DS34,,,,,,,,,,,,,,,,,
12871.16998,0,0,0,0,0,0,1,133931.1154,DS34,,,,,,,,,,,,,,,,,
12872.16998,0,0,0,0,0,0,1,133931.1154,DS34,,,,,,,,,,,,,,,,,
12873.16998,0,0,0,0,0,0,1,133931.1154,DS34,,,,,,,,,,,,,,,,,
12874.16998,0,0,0,0,0,0,1,133931.1154,DS34,,,,,,,,,,,,,,,,,
12875.16998,0,0,0,0,0,0,1,133931.1154,DS34,,,,,,,,,,,,,,,,,
12876.16998,0,0,0,0,0,0,1,133931.1154,DS34,,,,,,,,,,,,,,,,,
12877.16998,0,0,0,0,0,0,1,133931.1154,DS34,,,,,,,,,,,,,,,,,
12878.16998,0,0,0,0,0,0,1,133931.1154,DS34,,,,,,,,,,,,,,,,,
12879.16998,0,0,0,0,0,0,1,133931.1154,DS34,,,,,,,,,,,,,,,,,
12880.16998,0,0,0,0,0,0,1,133931.1154,DS34,,,,,,,,,,,,,,,,,
12881.16998,0,0,0,0,0,0,1,133931.1154,DS34,,,,,,,,,,,,,,,,,
12882.16998,0,0,0,0,0,0,1,133931.1154,DS34,,,,,,,,,,,,,,,,,
12883.16998,0,0,0,0,0,0,1,133931.1154,DS34,,,,,,,,,,,,,,,,,
12884.16998,0,0,0,0,0,0,1,133931.1154,DS34,,,,,,,,,,,,,,,,,
12885.16998,0,0,0,0,0,0,1,133931.1154,DS34,,,,,,,,,,,,,,,,,
12886.16998,0,0,0,0,0,0,1,133931.1154,DS34,,,,,,,,,,,,,,,,,
12887.16998,0,0,0,0,0,0,1,133931.1154,DS34,,,,,,,,,,,,,,,,,
12888.16998,0,0,0,0,0,0,1,133931.1154,DS34,,,,,,,,,,,,,,,,,
12889.16998,0,0,0,0,0,0,1,133931.1154,DS34,,,,,,,,,,,,,,,,,
12890.16998,0,0,0,0,0,0,1,133931.1154,DS34,,,,,,,,,,,,,,,,,
12891.16998,0,0,0,0,0,0,1,133931.1154,DS34,,,,,,,,,,,,,,,,,
12892.16998,0,0,0,0,0,0,1,133931.1154,DS34,,,,,,,,,,,,,,,,,
12893.16998,0,0,0,0,0,0,1,133931.1154,DS34,,,,,,,,,,,,,,,,,
12894.16998,0,0,0,0,0,0,1,133931.1154,DS34,,,,,,,,,,,,,,,,,
12895.16998,0,0,0,0,0,0,1,133931.1154,DS34,,,,,,,,,,,,,,,,,
12896.16998,0,0,0,0,0,0,1,133931.1154,DS34,,,,,,,,,,,,,,,,,
12897.16998,0,0,0,0,0,0,1,133931.1154,DS34,,,,,,,,,,,,,,,,,
12898.16998,0,0,0,0,0,0,1,133931.1154,DS34,,,,,,,,,,,,,,,,,
12899.16998,0,0,0,0,0,0,1,133931.1154,DS34,,,,,,,,,,,,,,,,,
12900.16998,0,0,0,0,0,0,1,133931.1154,DS34,,,,,,,,,,,,,,,,,
12901.16998,0,0,0,0,0,0,1,133931.1154,DS34,,,,,,,,,,,,,,,,,
12902.16998,0,0,0,0,0,0,1,133931.1154,DS34,,,,,,,,,,,,,,,,,
12903.16998,0,0,0,0,0,0,1,133931.1154,DS34,,,,,,,,,,,,,,,,,
12904.16998,0,0,0,0,0,0,1,133931.1154,DS34,,,,,,,,,,,,,,,,,
12905.16998,0,0,0,0,0,0,1,133931.1154,DS34,,,,,,,,,,,,,,,,,
12906.16998,0,0,0,0,0,0,1,133931.1154,DS34,,,,,,,,,,,,,,,,,
12907.16998,0,0,0,0,0,0,1,133931.1154,DS34,,,,,,,,,,,,,,,,,
12908.16998,0,0,0,0,0,0,1,133931.1154,DS34,,,,,,,,,,,,,,,,,
12909.16998,0,0,0,0,0,0,1,133931.1154,DS34,,,,,,,,,,,,,,,,,
12910.16998,0,0,0,0,0,0,1,133931.1154,DS34,,,,,,,,,,,,,,,,,
12911.16998,0,0,0,0,0,0,1,133931.1154,DS34,,,,,,,,,,,,,,,,,
12912.16998,0,0,0,0,0,0,1,133931.1154,DS34,,,,,,,,,,,,,,,,,
12913.16998,0,0,0,0,0,0,1,133931.1154,DS34,,,,,,,,,,,,,,,,,
12914.16998,0,0,0,0,0,0,1,133931.1154,DS34,,,,,,,,,,,,,,,,,
12915.16998,0,0,0,0,0,0,1,133931.1154,DS34,,,,,,,,,,,,,,,,,
12916.16998,0,0,0,0,0,0,1,133931.1154,DS34,,,,,,,,,,,,,,,,,
12917.16998,0,0,0,0,0,0,1,133931.1154,DS34,,,,,,,,,,,,,,,,,
12918.16998,0,0,0,0,0,0,1,133931.1154,DS34,,,,,,,,,,,,,,,,,
12919.16998,0,0,0,0,0,0,1,133931.1154,DS34,,,,,,,,,,,,,,,,,
12920.16998,0,0,0,0,0,0,1,133931.1154,DS34,,,,,,,,,,,,,,,,,
12921.16998,0,0,0,0,0,0,1,133931.1154,DS34,,,,,,,,,,,,,,,,,
12922.16998,0,0,0,0,0,0,1,133931.1154,DS34,,,,,,,,,,,,,,,,,
12923.16998,0,0,0,0,0,0,1,133931.1154,DS34,,,,,,,,,,,,,,,,,
12924.16998,0,0,0,0,0,0,1,133931.1154,DS34,,,,,,,,,,,,,,,,,
12925.16998,0,0,0,0,0,0,1,133931.1154,DS34,,,,,,,,,,,,,,,,,
12926.16998,0,0,0,0,0,0,1,133931.1154,DS34,,,,,,,,,,,,,,,,,
12927.16998,0,0,0,0,0,0,1,133931.1154,DS34,,,,,,,,,,,,,,,,,
12928.16998,0,0,0,0,0,0,1,133931.1154,DS34,,,,,,,,,,,,,,,,,
12929.16998,0,0,0,0,0,0,1,133931.1154,DS34,,,,,,,,,,,,,,,,,
12930.16998,0,0,0,0,0,0,1,133931.1154,DS34,,,,,,,,,,,,,,,,,
12931.16998,0,0,0,0,0,0,1,133931.1154,DS34,,,,,,,,,,,,,,,,,
12932.16998,0,0,0,0,0,0,1,133931.1154,DS34,,,,,,,,,,,,,,,,,
12933.16998,0,0,0,0,0,0,1,133931.1154,DS34,,,,,,,,,,,,,,,,,
12934.16998,0,0,0,0,0,0,1,133931.1154,DS34,,,,,,,,,,,,,,,,,
12935.16998,0,0,0,0,0,0,1,133931.1154,DS34,,,,,,,,,,,,,,,,,
12936.16998,0,0,0,0,0,0,1,133931.1154,DS34,,,,,,,,,,,,,,,,,
12937.16998,0,0,0,0,0,0,1,133931.1154,DS34,,,,,,,,,,,,,,,,,
12938.16998,0,0,0,0,0,0,1,133931.1154,DS34,,,,,,,,,,,,,,,,,
12939.16998,0,0,0,0,0,0,1,133931.1154,DS34,,,,,,,,,,,,,,,,,
12940.16998,0,0,0,0,0,0,1,133931.1154,DS34,,,,,,,,,,,,,,,,,
12941.16998,0,0,0,0,0,0,1,133931.1154,DS34,,,,,,,,,,,,,,,,,
12942.16998,0,0,0,0,0,0,1,133931.1154,DS34,,,,,,,,,,,,,,,,,
12943.16998,0,0,0,0,0,0,1,133931.1154,DS34,,,,,,,,,,,,,,,,,
12944.16998,0,0,0,0,0,0,1,133931.1154,DS34,,,,,,,,,,,,,,,,,
12945.16998,0,0,0,0,0,0,1,133931.1154,DS34,,,,,,,,,,,,,,,,,
12946.16998,0,0,0,0,0,0,1,133931.1154,DS34,,,,,,,,,,,,,,,,,
12947.16998,0,0,0,0,0,0,1,133931.1154,DS34,,,,,,,,,,,,,,,,,
12948.16998,0,0,0,0,0,0,1,133931.1154,DS34,,,,,,,,,,,,,,,,,
12949.16998,0,0,0,0,0,0,1,133931.1154,DS34,,,,,,,,,,,,,,,,,
12950.16998,0,0,0,0,0,0,1,133931.1154,DS34,,,,,,,,,,,,,,,,,
12951.16998,0,0,0,0,0,0,1,133931.1154,DS34,,,,,,,,,,,,,,,,,
12952.16998,0,0,0,0,0,0,1,133931.1154,DS34,,,,,,,,,,,,,,,,,
12953.16998,0,0,0,0,0,0,1,133931.1154,DS34,,,,,,,,,,,,,,,,,
12954.16998,0,0,0,0,0,0,1,133931.1154,DS34,,,,,,,,,,,,,,,,,
12955.16998,0,0,0,0,0,0,1,133931.1154,DS34,,,,,,,,,,,,,,,,,
12956.16998,0,0,0,0,0,0,1,133931.1154,DS34,,,,,,,,,,,,,,,,,
12957.16998,0,0,0,0,0,0,1,133931.1154,DS34,,,,,,,,,,,,,,,,,
12958.16998,0,0,0,0,0,0,1,133931.1154,DS34,,,,,,,,,,,,,,,,,
12959.16998,0,0,0,0,0,0,1,133931.1154,DS34,,,,,,,,,,,,,,,,,
12960.16998,0,0,0,0,0,0,1,133931.1154,DS34,,,,,,,,,,,,,,,,,
12961.16998,0,0,0,0,0,0,1,133931.1154,DS34,,,,,,,,,,,,,,,,,
12962.16998,0,0,0,0,0,0,1,133931.1154,DS34,,,,,,,,,,,,,,,,,
12963.16998,0,0,0,0,0,0,1,133931.1154,DS34,,,,,,,,,,,,,,,,,
12964.16998,0,0,0,0,0,0,1,133931.1154,DS34,,,,,,,,,,,,,,,,,
12965.16998,0,0,0,0,0,0,1,133931.1154,DS34,,,,,,,,,,,,,,,,,
12966.16998,0,0,0,0,0,0,0,0,NONE,,,,,,,,,,,,,,,,,
12967.16998,0,0,0,0,0,0,0,0,NONE,,,,,,,,,,,,,,,,,
12968.16998,0,0,0,0,0,0,0,0,NONE,,,,,,,,,,,,,,,,,
12969.16998,0,0,0,0,0,0,0,0,NONE,,,,,,,,,,,,,,,,,
12970.16998,0,0,0,0,0,0,0,0,NONE,,,,,,,,,,,,,,,,,
12971.16998,0,0,0,0,0,0,0,0,NONE,,,,,,,,,,,,,,,,,
12972.16998,0,0,0,0,0,0,0,0,NONE,,,,,,,,,,,,,,,,,
12973.16998,0,0,0,0,0,0,0,0,NONE,,,,,,,,,,,,,,,,,
12974.16998,0,0,0,0,0,0,0,0,NONE,,,,,,,,,,,,,,,,,
12975.16998,0,0,0,0,0,0,0,0,NONE,,,,,,,,,,,,,,,,,
12976.16998,0,0,0,0,0,0,0,0,NONE,,,,,,,,,,,,,,,,,
12977.16998,0,0,0,0,0,0,0,0,NONE,,,,,,,,,,,,,,,,,
12978.16998,0,0,0,0,0,0,0,0,NONE,,,,,,,,,,,,,,,,,
12979.16998,0,0,0,0,0,0,0,0,NONE,,,,,,,,,,,,,,,,,
12980.16998,0,0,0,0,0,0,0,0,NONE,,,,,,,,,,,,,,,,,
12981.16998,0,0,0,0,0,0,0,0,NONE,,,,,,,,,,,,,,,,,
12982.16998,0,0,0,0,0,0,0,0,NONE,,,,,,,,,,,,,,,,,
12983.16998,0,0,0,0,0,0,0,0,NONE,,,,,,,,,,,,,,,,,
,0,0,0,0,0,0,0,0,NONE,,,,,,,,,,,,,,,,,
,0,0,0,0,0,0,0,0,NONE,,,,,,,,,,,,,,,,,
,0,0,0,0,0,0,0,0,NONE,,,,,,,,,,,,,,,,,
