MISSION ELAPSED TIME (min),WPSA,WPSA Range,DS54,DS54 Range,DS24,Range DS24,DS34,Range DS34
0,1,1139.486313,0,0,0,0,0,0
8.236480545,0,0,0,0,0,0,0,0
9.236480545,0,0,1,3804.920572,0,0,0,0
10.23648055,0,0,1,3804.920572,0,0,0,0
11.23648055,0,0,1,3804.920572,0,0,0,0
12.23648055,0,0,1,3804.920572,0,0,0,0
13.23648055,0,0,1,3804.920572,0,0,0,0
14.23648055,0,0,1,3804.920572,0,0,0,0
15.23648055,0,0,1,3804.920572,0,0,0,0
16.23648055,0,0,1,3804.920572,0,0,0,0
17.23648055,0,0,1,3804.920572,0,0,0,0
18.23648055,0,0,1,3804.920572,0,0,0,0
19.23648055,0,0,1,3804.920572,0,0,0,0
20.23648055,0,0,1,3804.920572,0,0,0,0
21.23648055,0,0,1,3804.920572,0,0,0,0
22.23648055,0,0,0,0,0,0,0,0
23.23648055,0,0,0,0,0,0,0,0
24.23648055,0,0,0,0,0,0,0,0
25.23648055,0,0,0,0,0,0,0,0
26.23648055,0,0,0,0,0,0,0,0
27.23648055,0,0,0,0,0,0,0,0
28.23648055,0,0,0,0,0,0,0,0
29.23648055,0,0,0,0,0,0,0,0
30.23648055,0,0,0,0,0,0,0,0
31.23648055,0,0,0,0,0,0,0,0
32.23648055,0,0,0,0,0,0,0,0
33.23648055,0,0,0,0,0,0,0,0
34.23648055,0,0,0,0,0,0,0,0
35.23648055,0,0,0,0,0,0,0,0
36.23648055,0,0,0,0,0,0,0,0
37.23648055,0,0,0,0,0,0,0,0
38.23648055,0,0,0,0,0,0,0,0
39.23648055,0,0,0,0,0,0,0,0
40.23648055,0,0,0,0,0,0,0,0
41.23648055,0,0,0,0,0,0,0,0
42.23648055,0,0,0,0,0,0,0,0
43.23648055,0,0,0,0,0,0,0,0
44.23648055,0,0,0,0,0,0,0,0
45.23648055,0,0,0,0,0,0,0,0
46.23648055,0,0,0,0,0,0,0,0
47.23648055,0,0,0,0,0,0,0,0
48.63913203,0,0,0,0,0,0,0,0
49.63913203,0,0,0,0,0,0,0,0
50.63913203,0,0,0,0,0,0,0,0
51.63913203,0,0,0,0,0,0,0,0
52.63913203,0,0,0,0,0,0,0,0
53.63913203,0,0,0,0,0,0,0,0
54.63913203,0,0,0,0,0,0,0,0
55.63913203,0,0,0,0,0,0,0,0
56.63913203,0,0,0,0,0,0,0,0
57.63913203,0,0,0,0,0,0,0,0
58.63913203,0,0,0,0,0,0,0,0
59.63913203,0,0,0,0,0,0,0,0
60.63913203,0,0,0,0,0,0,0,0
61.63913203,0,0,0,0,0,0,0,0
62.63913203,0,0,0,0,0,0,0,0
63.63913203,0,0,0,0,0,0,1,4625.421092
64.63913203,0,0,0,0,0,0,1,4625.421092
65.63913203,0,0,0,0,0,0,1,4625.421092
66.63913203,0,0,0,0,0,0,1,4625.421092
67.63913203,0,0,0,0,0,0,1,4625.421092
68.63913203,0,0,0,0,0,0,1,4625.421092
69.63913203,0,0,0,0,0,0,1,4625.421092
70.63913203,0,0,0,0,0,0,1,4625.421092
71.63913203,0,0,0,0,0,0,1,4625.421092
72.63913203,0,0,0,0,0,0,1,4625.421092
73.63913203,0,0,0,0,0,0,1,4625.421092
74.63913203,0,0,0,0,0,0,1,4625.421092
75.63913203,0,0,0,0,0,0,1,4625.421092
76.63913203,0,0,0,0,0,0,1,4625.421092
77.63913203,0,0,0,0,0,0,1,4625.421092
78.63913203,0,0,0,0,0,0,1,4625.421092
79.63913203,0,0,0,0,0,0,1,4625.421092
80.63913203,0,0,0,0,0,0,1,4625.421092
81.63913203,0,0,0,0,0,0,1,4625.421092
82.63913203,0,0,0,0,0,0,0,0
83.63913203,0,0,0,0,0,0,0,0
84.63913203,0,0,0,0,0,0,0,0
85.63913203,0,0,0,0,0,0,0,0
86.63913203,0,0,0,0,0,0,0,0
87.63913203,0,0,0,0,0,0,0,0
88.63913203,0,0,0,0,0,0,0,0
89.63913203,0,0,0,0,0,0,0,0
90.63913203,0,0,0,0,0,0,0,0
91.63913203,0,0,0,0,0,0,0,0
92.63913203,0,0,0,0,0,0,0,0
93.63913203,0,0,0,0,0,0,0,0
94.63913203,0,0,0,0,0,0,0,0
95.63913203,0,0,0,0,0,0,0,0
96.63913203,0,0,0,0,0,0,0,0
97.63913203,0,0,0,0,0,0,0,0
98.63913203,0,0,0,0,0,0,0,0
99.63913203,0,0,0,0,0,0,0,0
100.1082326,0,0,0,0,0,0,0,0
101.1082326,0,0,0,0,0,0,0,0
102.1082326,0,0,0,0,0,0,0,0
103.1082326,0,0,0,0,0,0,0,0
104.1082326,0,0,0,0,1,4297.006633,0,0
105.1082326,0,0,0,0,1,4297.006633,0,0
106.1082326,0,0,0,0,1,4297.006633,0,0
107.1082326,0,0,0,0,1,4297.006633,0,0
108.1082326,1,74284.61081,0,0,1,4297.006633,0,0
109.1082326,1,74284.61081,0,0,1,4297.006633,0,0
110.1082326,1,74284.61081,0,0,1,4297.006633,0,0
111.1082326,1,74284.61081,0,0,1,4297.006633,0,0
112.1082326,1,74284.61081,0,0,1,4297.006633,0,0
113.1082326,1,74284.61081,0,0,0,0,0,0
114.1082326,1,74284.61081,0,0,0,0,0,0
115.1082326,1,74284.61081,0,0,0,0,0,0
116.1082326,1,74284.61081,0,0,0,0,0,0
117.1082326,1,74284.61081,0,0,0,0,0,0
118.094466,1,74284.61081,1,68027.60838,0,0,0,0
119.094466,1,74284.61081,1,68027.60838,0,0,0,0
120.094466,1,74284.61081,1,68027.60838,0,0,0,0
121.094466,1,74284.61081,1,68027.60838,0,0,0,0
122.094466,1,74284.61081,1,68027.60838,0,0,0,0
123.094466,1,74284.61081,1,68027.60838,0,0,0,0
124.094466,1,74284.61081,1,68027.60838,0,0,0,0
125.094466,1,74284.61081,1,68027.60838,0,0,0,0
126.094466,1,74284.61081,1,68027.60838,0,0,0,0
127.094466,1,74284.61081,1,68027.60838,0,0,0,0
128.094466,1,74284.61081,1,68027.60838,0,0,0,0
129.094466,1,74284.61081,1,68027.60838,0,0,0,0
130.094466,1,74284.61081,1,68027.60838,0,0,0,0
131.094466,1,74284.61081,1,68027.60838,0,0,0,0
132.094466,1,74284.61081,1,68027.60838,0,0,0,0
133.094466,1,74284.61081,1,68027.60838,0,0,0,0
134.094466,1,74284.61081,1,68027.60838,0,0,0,0
135.094466,1,74284.61081,1,68027.60838,0,0,0,0
136.094466,1,74284.61081,1,68027.60838,0,0,0,0
137.094466,1,74284.61081,1,68027.60838,0,0,0,0
138.094466,1,74284.61081,1,68027.60838,0,0,0,0
139.094466,1,74284.61081,1,68027.60838,0,0,0,0
140.094466,1,74284.61081,1,68027.60838,0,0,0,0
141.094466,1,74284.61081,1,68027.60838,0,0,0,0
142.094466,1,74284.61081,1,68027.60838,0,0,0,0
143.094466,1,74284.61081,1,68027.60838,0,0,0,0
144.094466,1,74284.61081,1,68027.60838,0,0,0,0
145.094466,1,74284.61081,1,68027.60838,0,0,0,0
146.094466,1,74284.61081,1,68027.60838,0,0,0,0
147.094466,1,74284.61081,1,68027.60838,0,0,0,0
148.094466,1,74284.61081,1,68027.60838,0,0,0,0
149.094466,1,74284.61081,1,68027.60838,0,0,0,0
150.094466,1,74284.61081,1,68027.60838,0,0,0,0
151.094466,1,74284.61081,1,68027.60838,0,0,0,0
152.094466,1,74284.61081,1,68027.60838,0,0,0,0
153.094466,1,74284.61081,1,68027.60838,0,0,0,0
154.094466,1,74284.61081,1,68027.60838,0,0,0,0
155.094466,1,74284.61081,1,68027.60838,0,0,0,0
156.094466,1,74284.61081,1,68027.60838,0,0,0,0
157.094466,1,74284.61081,1,68027.60838,0,0,0,0
158.094466,1,74284.61081,1,68027.60838,0,0,0,0
159.094466,1,74284.61081,1,68027.60838,0,0,0,0
160.094466,1,74284.61081,1,68027.60838,0,0,0,0
161.094466,1,74284.61081,1,68027.60838,0,0,0,0
162.094466,1,74284.61081,1,68027.60838,0,0,0,0
163.094466,1,74284.61081,1,68027.60838,0,0,0,0
164.094466,1,74284.61081,1,68027.60838,0,0,0,0
165.094466,1,74284.61081,1,68027.60838,0,0,0,0
166.094466,1,74284.61081,1,68027.60838,0,0,0,0
167.094466,1,74284.61081,1,68027.60838,0,0,0,0
168.094466,1,74284.61081,1,68027.60838,0,0,0,0
169.094466,1,74284.61081,1,68027.60838,0,0,0,0
170.094466,1,74284.61081,1,68027.60838,0,0,0,0
171.094466,1,74284.61081,1,68027.60838,0,0,0,0
172.094466,1,74284.61081,1,68027.60838,0,0,0,0
173.094466,1,74284.61081,1,68027.60838,0,0,0,0
174.094466,1,74284.61081,1,68027.60838,0,0,0,0
175.094466,1,74284.61081,1,68027.60838,0,0,0,0
176.094466,1,74284.61081,1,68027.60838,0,0,0,0
177.094466,1,74284.61081,1,68027.60838,0,0,0,0
178.094466,1,74284.61081,1,68027.60838,0,0,0,0
179.094466,1,74284.61081,1,68027.60838,0,0,0,0
180.094466,1,74284.61081,1,68027.60838,0,0,0,0
181.094466,1,74284.61081,1,68027.60838,0,0,0,0
182.094466,1,74284.61081,1,68027.60838,0,0,0,0
183.094466,1,74284.61081,1,68027.60838,0,0,0,0
184.094466,1,74284.61081,1,68027.60838,0,0,0,0
185.094466,1,74284.61081,1,68027.60838,0,0,0,0
186.094466,1,74284.61081,1,68027.60838,0,0,0,0
187.094466,1,74284.61081,1,68027.60838,0,0,0,0
188.094466,1,74284.61081,1,68027.60838,0,0,0,0
189.094466,1,74284.61081,1,68027.60838,0,0,0,0
190.094466,1,74284.61081,1,68027.60838,0,0,0,0
191.094466,1,74284.61081,1,68027.60838,0,0,0,0
192.094466,1,74284.61081,1,68027.60838,0,0,0,0
193.094466,1,74284.61081,1,68027.60838,0,0,0,0
194.094466,1,74284.61081,1,68027.60838,0,0,0,0
195.094466,1,74284.61081,1,68027.60838,0,0,0,0
196.094466,1,74284.61081,1,68027.60838,0,0,0,0
196.649466,1,74284.61081,1,68027.60838,0,0,0,0
197.649466,1,74284.61081,1,68027.60838,0,0,0,0
198.649466,1,74284.61081,1,68027.60838,0,0,0,0
199.649466,1,74284.61081,1,68027.60838,0,0,0,0
200.649466,1,74284.61081,1,68027.60838,0,0,0,0
201.649466,1,74284.61081,1,68027.60838,0,0,0,0
202.649466,1,74284.61081,1,68027.60838,0,0,0,0
203.649466,1,74284.61081,1,68027.60838,0,0,0,0
204.649466,1,74284.61081,1,68027.60838,0,0,0,0
205.649466,1,74284.61081,1,68027.60838,0,0,0,0
206.649466,1,74284.61081,1,68027.60838,0,0,0,0
207.649466,1,74284.61081,1,68027.60838,0,0,0,0
208.649466,1,74284.61081,1,68027.60838,0,0,0,0
209.649466,1,74284.61081,1,68027.60838,0,0,0,0
210.649466,1,74284.61081,1,68027.60838,0,0,0,0
211.649466,1,74284.61081,1,68027.60838,0,0,0,0
212.649466,1,74284.61081,1,68027.60838,0,0,0,0
213.649466,1,74284.61081,1,68027.60838,0,0,0,0
214.649466,1,74284.61081,1,68027.60838,0,0,0,0
215.649466,1,74284.61081,1,68027.60838,0,0,0,0
216.649466,1,74284.61081,1,68027.60838,0,0,0,0
217.649466,1,74284.61081,1,68027.60838,0,0,0,0
218.649466,1,74284.61081,1,68027.60838,0,0,0,0
219.649466,1,74284.61081,1,68027.60838,0,0,0,0
220.649466,1,74284.61081,1,68027.60838,0,0,0,0
221.649466,1,74284.61081,1,68027.60838,0,0,0,0
222.649466,1,74284.61081,1,68027.60838,0,0,0,0
223.649466,1,74284.61081,1,68027.60838,0,0,0,0
224.649466,1,74284.61081,1,68027.60838,0,0,0,0
225.649466,1,74284.61081,1,68027.60838,0,0,0,0
226.649466,1,74284.61081,1,68027.60838,0,0,0,0
227.649466,1,74284.61081,1,68027.60838,0,0,0,0
228.649466,1,74284.61081,1,68027.60838,0,0,0,0
229.649466,1,74284.61081,1,68027.60838,0,0,0,0
230.649466,1,74284.61081,1,68027.60838,0,0,0,0
231.649466,1,74284.61081,1,68027.60838,0,0,0,0
232.649466,1,74284.61081,1,68027.60838,0,0,0,0
233.649466,1,74284.61081,1,68027.60838,0,0,0,0
234.649466,1,74284.61081,1,68027.60838,0,0,0,0
235.649466,1,74284.61081,1,68027.60838,0,0,0,0
236.649466,1,74284.61081,1,68027.60838,0,0,0,0
237.649466,1,74284.61081,1,68027.60838,0,0,0,0
238.649466,1,74284.61081,1,68027.60838,0,0,0,0
239.649466,1,74284.61081,1,68027.60838,0,0,0,0
240.649466,1,74284.61081,1,68027.60838,0,0,0,0
241.649466,1,74284.61081,1,68027.60838,0,0,0,0
242.649466,1,74284.61081,1,68027.60838,0,0,0,0
243.649466,1,74284.61081,1,68027.60838,0,0,0,0
244.649466,1,74284.61081,1,68027.60838,0,0,0,0
245.649466,1,74284.61081,1,68027.60838,0,0,0,0
246.649466,1,74284.61081,1,68027.60838,0,0,0,0
247.649466,1,74284.61081,1,68027.60838,0,0,0,0
248.649466,1,74284.61081,1,68027.60838,0,0,0,0
249.649466,1,74284.61081,1,68027.60838,0,0,0,0
250.649466,1,74284.61081,1,68027.60838,0,0,0,0
251.649466,1,74284.61081,1,68027.60838,0,0,0,0
252.649466,1,74284.61081,1,68027.60838,0,0,0,0
253.649466,1,74284.61081,1,68027.60838,0,0,0,0
254.649466,1,74284.61081,1,68027.60838,0,0,0,0
255.649466,1,74284.61081,1,68027.60838,0,0,0,0
256.649466,1,74284.61081,1,68027.60838,0,0,0,0
257.649466,1,74284.61081,1,68027.60838,0,0,0,0
258.649466,1,74284.61081,1,68027.60838,0,0,0,0
259.649466,1,74284.61081,1,68027.60838,0,0,0,0
260.649466,1,74284.61081,1,68027.60838,0,0,0,0
261.649466,1,74284.61081,1,68027.60838,0,0,0,0
262.649466,1,74284.61081,1,68027.60838,0,0,0,0
263.649466,1,74284.61081,1,68027.60838,0,0,0,0
264.649466,1,74284.61081,1,68027.60838,0,0,0,0
265.649466,1,74284.61081,1,68027.60838,0,0,0,0
266.649466,1,74284.61081,1,68027.60838,0,0,0,0
267.649466,1,74284.61081,1,68027.60838,0,0,0,0
268.649466,1,74284.61081,1,68027.60838,0,0,0,0
269.649466,1,74284.61081,1,68027.60838,0,0,0,0
270.649466,1,74284.61081,1,68027.60838,0,0,0,0
271.649466,1,74284.61081,1,68027.60838,0,0,0,0
272.649466,1,74284.61081,1,68027.60838,0,0,0,0
273.649466,1,74284.61081,1,68027.60838,0,0,0,0
274.649466,1,74284.61081,1,68027.60838,0,0,0,0
275.649466,1,74284.61081,1,68027.60838,0,0,0,0
276.649466,1,74284.61081,1,68027.60838,0,0,0,0
277.649466,1,74284.61081,1,68027.60838,0,0,0,0
278.649466,1,74284.61081,1,68027.60838,0,0,0,0
279.649466,1,74284.61081,1,68027.60838,0,0,0,0
280.649466,1,74284.61081,1,68027.60838,0,0,0,0
281.649466,1,74284.61081,1,68027.60838,0,0,0,0
282.649466,1,74284.61081,1,68027.60838,0,0,0,0
283.649466,1,74284.61081,1,68027.60838,0,0,0,0
284.6427943,1,74284.61081,1,68027.60838,0,0,0,0
285.6427943,1,74284.61081,1,68027.60838,0,0,0,0
286.6427943,1,74284.61081,1,68027.60838,0,0,0,0
287.6427943,1,74284.61081,1,68027.60838,0,0,0,0
288.6427943,1,74284.61081,1,68027.60838,0,0,0,0
289.6427943,1,74284.61081,1,68027.60838,0,0,0,0
290.6427943,1,74284.61081,1,68027.60838,0,0,0,0
291.6427943,1,74284.61081,1,68027.60838,0,0,0,0
292.6427943,1,74284.61081,1,68027.60838,0,0,0,0
293.6427943,1,74284.61081,1,68027.60838,0,0,0,0
294.6427943,1,74284.61081,1,68027.60838,0,0,0,0
295.6427943,1,74284.61081,1,68027.60838,0,0,0,0
296.6427943,1,74284.61081,1,68027.60838,0,0,0,0
297.6427943,1,74284.61081,1,68027.60838,0,0,0,0
298.6427943,1,74284.61081,1,68027.60838,0,0,0,0
299.6427943,1,74284.61081,1,68027.60838,0,0,0,0
300.6427943,1,74284.61081,1,68027.60838,0,0,0,0
301.6427943,1,74284.61081,1,68027.60838,0,0,0,0
302.6427943,1,74284.61081,1,68027.60838,0,0,0,0
303.6427943,1,74284.61081,1,68027.60838,0,0,0,0
304.6427943,1,74284.61081,1,68027.60838,0,0,0,0
305.6427943,1,74284.61081,1,68027.60838,0,0,0,0
306.6427943,1,74284.61081,1,68027.60838,0,0,0,0
307.6427943,1,74284.61081,1,68027.60838,0,0,0,0
308.6427943,1,74284.61081,1,68027.60838,0,0,0,0
309.6427943,1,74284.61081,1,68027.60838,0,0,0,0
310.6427943,1,74284.61081,1,68027.60838,0,0,0,0
311.6427943,1,74284.61081,1,68027.60838,0,0,0,0
312.6427943,1,74284.61081,1,68027.60838,0,0,0,0
313.6427943,1,74284.61081,1,68027.60838,0,0,0,0
314.6427943,1,74284.61081,1,68027.60838,0,0,0,0
315.6427943,1,74284.61081,1,68027.60838,0,0,0,0
316.6427943,1,74284.61081,1,68027.60838,0,0,0,0
317.6427943,1,74284.61081,1,68027.60838,0,0,0,0
318.6427943,1,74284.61081,1,68027.60838,0,0,0,0
319.6427943,1,74284.61081,1,68027.60838,0,0,0,0
320.6427943,1,74284.61081,1,68027.60838,0,0,0,0
321.6427943,1,74284.61081,1,68027.60838,0,0,0,0
322.6427943,1,74284.61081,1,68027.60838,0,0,0,0
323.6427943,1,74284.61081,1,68027.60838,0,0,0,0
324.6427943,1,74284.61081,1,68027.60838,0,0,0,0
325.6427943,1,74284.61081,1,68027.60838,0,0,0,0
326.6427943,1,74284.61081,1,68027.60838,0,0,0,0
327.6427943,1,74284.61081,1,68027.60838,0,0,0,0
328.6427943,1,74284.61081,1,68027.60838,0,0,0,0
329.6427943,1,74284.61081,1,68027.60838,0,0,0,0
330.6427943,1,74284.61081,1,68027.60838,0,0,0,0
331.6427943,1,74284.61081,1,68027.60838,0,0,0,0
332.6427943,1,74284.61081,1,68027.60838,0,0,0,0
333.6427943,1,74284.61081,1,68027.60838,0,0,0,0
334.6427943,1,74284.61081,1,68027.60838,0,0,0,0
335.6427943,1,74284.61081,1,68027.60838,0,0,0,0
336.6427943,1,74284.61081,1,68027.60838,0,0,0,0
337.6427943,1,74284.61081,1,68027.60838,0,0,0,0
338.6427943,1,74284.61081,1,68027.60838,0,0,0,0
339.6427943,1,74284.61081,1,68027.60838,0,0,0,0
340.6427943,1,74284.61081,1,68027.60838,0,0,0,0
341.6427943,1,74284.61081,1,68027.60838,0,0,0,0
342.6427943,1,74284.61081,1,68027.60838,0,0,0,0
343.6427943,1,74284.61081,1,68027.60838,0,0,0,0
344.6427943,1,74284.61081,1,68027.60838,0,0,0,0
345.6427943,1,74284.61081,1,68027.60838,0,0,0,0
346.6427943,1,74284.61081,1,68027.60838,0,0,0,0
347.6427943,1,74284.61081,1,68027.60838,0,0,0,0
348.6427943,1,74284.61081,1,68027.60838,0,0,0,0
349.6427943,1,74284.61081,1,68027.60838,0,0,0,0
350.6427943,1,74284.61081,1,68027.60838,0,0,0,0
351.6427943,1,74284.61081,1,68027.60838,0,0,0,0
352.6427943,1,74284.61081,1,68027.60838,0,0,0,0
353.6427943,1,74284.61081,1,68027.60838,0,0,0,0
354.6427943,1,74284.61081,1,68027.60838,0,0,0,0
355.6427943,1,74284.61081,1,68027.60838,0,0,0,0
356.6427943,1,74284.61081,1,68027.60838,0,0,0,0
357.6427943,1,74284.61081,1,68027.60838,0,0,0,0
358.6427943,1,74284.61081,1,68027.60838,0,0,0,0
359.6427943,1,74284.61081,1,68027.60838,0,0,0,0
360.6427943,1,74284.61081,1,68027.60838,0,0,0,0
361.6427943,1,74284.61081,1,68027.60838,0,0,0,0
362.6427943,1,74284.61081,1,68027.60838,0,0,0,0
363.6427943,1,74284.61081,1,68027.60838,0,0,0,0
364.6427943,1,74284.61081,1,68027.60838,0,0,0,0
365.6427943,1,74284.61081,1,68027.60838,0,0,0,0
366.6427943,1,74284.61081,1,68027.60838,0,0,0,0
367.6427943,1,74284.61081,1,68027.60838,0,0,0,0
368.6427943,1,74284.61081,1,68027.60838,0,0,0,0
369.6427943,1,74284.61081,1,68027.60838,0,0,0,0
370.6427943,1,74284.61081,1,68027.60838,0,0,0,0
371.6427943,1,74284.61081,1,68027.60838,0,0,0,0
372.6427943,1,74284.61081,1,68027.60838,0,0,0,0
373.6427943,1,74284.61081,1,68027.60838,0,0,0,0
374.6427943,1,74284.61081,1,68027.60838,0,0,0,0
375.6427943,1,74284.61081,1,68027.60838,0,0,0,0
376.6427943,1,74284.61081,1,68027.60838,0,0,0,0
377.6427943,1,74284.61081,1,68027.60838,0,0,0,0
378.6427943,1,74284.61081,1,68027.60838,0,0,0,0
379.6427943,1,74284.61081,1,68027.60838,0,0,0,0
380.6427943,1,74284.61081,1,68027.60838,0,0,0,0
381.6427943,1,74284.61081,1,68027.60838,0,0,0,0
382.6427943,1,74284.61081,1,68027.60838,0,0,0,0
383.6427943,1,74284.61081,1,68027.60838,0,0,0,0
384.6427943,1,74284.61081,1,68027.60838,0,0,0,0
385.6427943,1,74284.61081,1,68027.60838,0,0,0,0
386.6427943,1,74284.61081,1,68027.60838,0,0,0,0
387.6427943,1,74284.61081,1,68027.60838,0,0,0,0
388.6427943,1,74284.61081,1,68027.60838,0,0,0,0
389.6427943,1,74284.61081,1,68027.60838,0,0,0,0
390.6427943,1,74284.61081,1,68027.60838,0,0,0,0
391.6427943,1,74284.61081,1,68027.60838,0,0,0,0
392.6427943,1,74284.61081,1,68027.60838,0,0,0,0
393.6427943,1,74284.61081,1,68027.60838,0,0,0,0
394.6427943,1,74284.61081,1,68027.60838,0,0,0,0
395.6427943,1,74284.61081,1,68027.60838,0,0,0,0
396.6427943,1,74284.61081,1,68027.60838,0,0,0,0
397.6427943,1,74284.61081,1,68027.60838,0,0,0,0
398.6427943,1,74284.61081,1,68027.60838,0,0,0,0
399.6427943,1,74284.61081,1,68027.60838,0,0,0,0
400.6427943,1,74284.61081,1,68027.60838,0,0,0,0
401.6427943,1,74284.61081,1,68027.60838,0,0,0,0
402.6427943,1,74284.61081,1,68027.60838,0,0,0,0
403.6427943,1,74284.61081,1,68027.60838,0,0,0,0
404.6427943,1,74284.61081,1,68027.60838,1,68425.73844,0,0
405.6427943,1,74284.61081,1,68027.60838,1,68425.73844,0,0
406.6427943,1,74284.61081,1,68027.60838,1,68425.73844,0,0
407.6427943,1,74284.61081,1,68027.60838,1,68425.73844,0,0
408.6427943,1,74284.61081,1,68027.60838,1,68425.73844,0,0
409.6427943,1,74284.61081,1,68027.60838,1,68425.73844,0,0
410.6427943,1,74284.61081,1,68027.60838,1,68425.73844,0,0
411.6427943,1,74284.61081,1,68027.60838,1,68425.73844,0,0
412.6427943,1,74284.61081,1,68027.60838,1,68425.73844,0,0
413.6427943,1,74284.61081,1,68027.60838,1,68425.73844,0,0
414.6427943,1,74284.61081,1,68027.60838,1,68425.73844,0,0
415.6427943,1,74284.61081,1,68027.60838,1,68425.73844,0,0
416.6427943,1,74284.61081,1,68027.60838,1,68425.73844,0,0
417.6427943,1,74284.61081,1,68027.60838,1,68425.73844,0,0
418.6427943,1,74284.61081,1,68027.60838,1,68425.73844,0,0
419.6427943,1,74284.61081,1,68027.60838,1,68425.73844,0,0
420.6427943,1,74284.61081,1,68027.60838,1,68425.73844,0,0
421.6427943,1,74284.61081,1,68027.60838,1,68425.73844,0,0
422.6427943,1,74284.61081,1,68027.60838,1,68425.73844,0,0
423.6427943,1,74284.61081,1,68027.60838,1,68425.73844,0,0
424.6427943,1,74284.61081,1,68027.60838,1,68425.73844,0,0
425.6427943,1,74284.61081,1,68027.60838,1,68425.73844,0,0
426.6427943,1,74284.61081,1,68027.60838,1,68425.73844,0,0
427.6427943,1,74284.61081,1,68027.60838,1,68425.73844,0,0
428.6427943,1,74284.61081,1,68027.60838,1,68425.73844,0,0
429.6427943,1,74284.61081,1,68027.60838,1,68425.73844,0,0
430.6427943,1,74284.61081,1,68027.60838,1,68425.73844,0,0
431.6427943,1,74284.61081,1,68027.60838,1,68425.73844,0,0
432.6427943,1,74284.61081,1,68027.60838,1,68425.73844,0,0
433.6427943,1,74284.61081,1,68027.60838,1,68425.73844,0,0
434.6427943,1,74284.61081,1,68027.60838,1,68425.73844,0,0
435.6427943,1,74284.61081,1,68027.60838,1,68425.73844,0,0
436.6427943,1,74284.61081,1,68027.60838,1,68425.73844,0,0
437.6427943,1,74284.61081,1,68027.60838,1,68425.73844,0,0
438.6427943,1,74284.61081,1,68027.60838,1,68425.73844,0,0
439.6427943,1,74284.61081,1,68027.60838,1,68425.73844,0,0
440.6427943,1,74284.61081,1,68027.60838,1,68425.73844,0,0
441.6427943,1,74284.61081,1,68027.60838,1,68425.73844,0,0
442.6427943,1,74284.61081,1,68027.60838,1,68425.73844,0,0
443.6427943,1,74284.61081,1,68027.60838,1,68425.73844,0,0
444.6427943,1,74284.61081,1,68027.60838,1,68425.73844,0,0
445.6427943,1,74284.61081,1,68027.60838,1,68425.73844,0,0
446.6427943,1,74284.61081,1,68027.60838,1,68425.73844,0,0
447.6427943,1,74284.61081,1,68027.60838,1,68425.73844,0,0
448.6427943,1,74284.61081,1,68027.60838,1,68425.73844,0,0
449.6427943,1,74284.61081,1,68027.60838,1,68425.73844,0,0
450.6427943,1,74284.61081,1,68027.60838,1,68425.73844,0,0
451.6427943,1,74284.61081,1,68027.60838,1,68425.73844,0,0
452.6427943,1,74284.61081,1,68027.60838,1,68425.73844,0,0
453.6427943,1,74284.61081,1,68027.60838,1,68425.73844,0,0
454.6427943,1,74284.61081,1,68027.60838,1,68425.73844,0,0
455.6427943,1,74284.61081,1,68027.60838,1,68425.73844,0,0
456.6427943,1,74284.61081,1,68027.60838,1,68425.73844,0,0
457.6427943,1,74284.61081,1,68027.60838,1,68425.73844,0,0
458.6427943,1,74284.61081,1,68027.60838,1,68425.73844,0,0
459.6427943,1,74284.61081,1,68027.60838,1,68425.73844,0,0
460.6427943,1,74284.61081,1,68027.60838,1,68425.73844,0,0
461.6427943,1,74284.61081,1,68027.60838,1,68425.73844,0,0
462.6427943,1,74284.61081,1,68027.60838,1,68425.73844,0,0
463.6427943,1,74284.61081,1,68027.60838,1,68425.73844,0,0
464.6427943,1,74284.61081,1,68027.60838,1,68425.73844,0,0
465.6427943,1,74284.61081,1,68027.60838,1,68425.73844,0,0
466.6427943,1,74284.61081,1,68027.60838,1,68425.73844,0,0
467.6427943,1,74284.61081,1,68027.60838,1,68425.73844,0,0
468.6427943,1,74284.61081,1,68027.60838,1,68425.73844,0,0
469.6427943,1,74284.61081,1,68027.60838,1,68425.73844,0,0
470.6427943,1,74284.61081,1,68027.60838,1,68425.73844,0,0
471.6427943,1,74284.61081,1,68027.60838,1,68425.73844,0,0
472.6427943,1,74284.61081,1,68027.60838,1,68425.73844,0,0
473.6427943,1,74284.61081,1,68027.60838,1,68425.73844,0,0
474.6427943,1,74284.61081,1,68027.60838,1,68425.73844,0,0
475.6427943,1,74284.61081,1,68027.60838,1,68425.73844,0,0
476.6427943,1,74284.61081,1,68027.60838,1,68425.73844,0,0
477.6427943,1,74284.61081,1,68027.60838,1,68425.73844,0,0
478.6427943,1,74284.61081,1,68027.60838,1,68425.73844,0,0
479.6427943,1,74284.61081,1,68027.60838,1,68425.73844,0,0
480.6427943,1,74284.61081,1,68027.60838,1,68425.73844,0,0
481.6427943,1,74284.61081,1,68027.60838,1,68425.73844,0,0
482.6427943,1,74284.61081,1,68027.60838,1,68425.73844,0,0
483.6427943,1,74284.61081,1,68027.60838,1,68425.73844,0,0
484.6427943,1,74284.61081,1,68027.60838,1,68425.73844,0,0
485.6427943,1,74284.61081,1,68027.60838,1,68425.73844,0,0
486.6427943,1,74284.61081,1,68027.60838,1,68425.73844,0,0
487.6427943,1,74284.61081,1,68027.60838,1,68425.73844,0,0
488.6427943,1,74284.61081,1,68027.60838,1,68425.73844,0,0
489.6427943,1,74284.61081,1,68027.60838,1,68425.73844,0,0
490.6427943,1,74284.61081,1,68027.60838,1,68425.73844,0,0
491.6427943,1,74284.61081,1,68027.60838,1,68425.73844,0,0
492.6427943,1,74284.61081,1,68027.60838,1,68425.73844,0,0
493.6427943,1,74284.61081,1,68027.60838,1,68425.73844,0,0
494.6427943,1,74284.61081,1,68027.60838,1,68425.73844,0,0
495.6427943,1,74284.61081,1,68027.60838,1,68425.73844,0,0
496.6427943,1,74284.61081,1,68027.60838,1,68425.73844,0,0
497.6427943,1,74284.61081,1,68027.60838,1,68425.73844,0,0
498.6427943,1,74284.61081,1,68027.60838,1,68425.73844,0,0
499.6427943,1,74284.61081,1,68027.60838,1,68425.73844,0,0
500.6427943,1,74284.61081,1,68027.60838,1,68425.73844,0,0
501.6427943,1,74284.61081,1,68027.60838,1,68425.73844,0,0
502.6427943,1,74284.61081,1,68027.60838,1,68425.73844,0,0
503.6427943,1,74284.61081,1,68027.60838,1,68425.73844,0,0
504.6427943,1,74284.61081,1,68027.60838,1,68425.73844,0,0
505.6427943,1,74284.61081,1,68027.60838,1,68425.73844,0,0
506.6427943,1,74284.61081,1,68027.60838,1,68425.73844,0,0
507.6427943,1,74284.61081,1,68027.60838,1,68425.73844,0,0
508.6427943,1,74284.61081,1,68027.60838,1,68425.73844,0,0
509.6427943,1,74284.61081,1,68027.60838,1,68425.73844,0,0
510.6427943,1,74284.61081,1,68027.60838,1,68425.73844,0,0
511.6427943,1,74284.61081,1,68027.60838,1,68425.73844,0,0
512.6427943,1,74284.61081,1,68027.60838,1,68425.73844,0,0
513.6427943,1,74284.61081,1,68027.60838,1,68425.73844,0,0
514.6427943,1,74284.61081,1,68027.60838,1,68425.73844,0,0
515.6427943,1,74284.61081,1,68027.60838,1,68425.73844,0,0
516.6427943,1,74284.61081,1,68027.60838,1,68425.73844,0,0
517.6427943,1,74284.61081,1,68027.60838,1,68425.73844,0,0
518.6427943,1,74284.61081,1,68027.60838,1,68425.73844,0,0
519.6427943,1,74284.61081,1,68027.60838,1,68425.73844,0,0
520.6427943,1,74284.61081,1,68027.60838,1,68425.73844,0,0
521.6427943,1,74284.61081,1,68027.60838,1,68425.73844,0,0
522.6427943,1,74284.61081,1,68027.60838,1,68425.73844,0,0
523.6427943,1,74284.61081,1,68027.60838,1,68425.73844,0,0
524.6427943,1,74284.61081,1,68027.60838,1,68425.73844,0,0
525.6427943,1,74284.61081,1,68027.60838,1,68425.73844,0,0
526.6427943,1,74284.61081,1,68027.60838,1,68425.73844,0,0
527.6427943,1,74284.61081,1,68027.60838,1,68425.73844,0,0
528.6427943,1,74284.61081,1,68027.60838,1,68425.73844,0,0
529.6427943,1,74284.61081,1,68027.60838,1,68425.73844,0,0
530.6427943,1,74284.61081,1,68027.60838,1,68425.73844,0,0
531.6427943,1,74284.61081,1,68027.60838,1,68425.73844,0,0
532.6427943,1,74284.61081,1,68027.60838,1,68425.73844,0,0
533.6427943,1,74284.61081,1,68027.60838,1,68425.73844,0,0
534.6427943,1,74284.61081,1,68027.60838,1,68425.73844,0,0
535.6427943,1,74284.61081,1,68027.60838,1,68425.73844,0,0
536.6427943,1,74284.61081,1,68027.60838,1,68425.73844,0,0
537.6427943,1,74284.61081,1,68027.60838,1,68425.73844,0,0
538.6427943,1,74284.61081,1,68027.60838,1,68425.73844,0,0
539.6427943,1,74284.61081,1,68027.60838,1,68425.73844,0,0
540.6427943,1,74284.61081,1,68027.60838,1,68425.73844,0,0
541.6427943,1,74284.61081,1,68027.60838,1,68425.73844,0,0
542.6427943,1,74284.61081,1,68027.60838,1,68425.73844,0,0
543.6427943,1,74284.61081,1,68027.60838,1,68425.73844,0,0
544.6427943,1,74284.61081,0,0,1,68425.73844,0,0
545.6427943,1,74284.61081,0,0,1,68425.73844,0,0
546.6427943,1,74284.61081,0,0,1,68425.73844,0,0
547.6427943,1,74284.61081,0,0,1,68425.73844,0,0
548.6427943,1,74284.61081,0,0,1,68425.73844,0,0
549.6427943,1,74284.61081,0,0,1,68425.73844,0,0
550.6427943,1,74284.61081,0,0,1,68425.73844,0,0
551.6427943,1,74284.61081,0,0,1,68425.73844,0,0
552.6427943,1,74284.61081,0,0,1,68425.73844,0,0
553.6427943,1,74284.61081,0,0,1,68425.73844,0,0
554.6427943,1,74284.61081,0,0,1,68425.73844,0,0
555.6427943,1,74284.61081,0,0,1,68425.73844,0,0
556.6427943,1,74284.61081,0,0,1,68425.73844,0,0
557.6427943,1,74284.61081,0,0,1,68425.73844,0,0
558.6427943,1,74284.61081,0,0,1,68425.73844,0,0
559.6427943,1,74284.61081,0,0,1,68425.73844,0,0
560.6427943,1,74284.61081,0,0,1,68425.73844,0,0
561.6427943,1,74284.61081,0,0,1,68425.73844,0,0
562.6427943,1,74284.61081,0,0,1,68425.73844,0,0
563.6427943,1,74284.61081,0,0,1,68425.73844,0,0
564.6427943,1,74284.61081,0,0,1,68425.73844,0,0
565.6427943,1,74284.61081,0,0,1,68425.73844,0,0
566.6427943,1,74284.61081,0,0,1,68425.73844,0,0
567.6427943,1,74284.61081,0,0,1,68425.73844,0,0
568.6427943,1,74284.61081,0,0,1,68425.73844,0,0
569.6427943,1,74284.61081,0,0,1,68425.73844,0,0
570.6427943,1,74284.61081,0,0,1,68425.73844,0,0
571.6427943,1,74284.61081,0,0,1,68425.73844,0,0
572.6427943,1,74284.61081,0,0,1,68425.73844,0,0
573.449368,1,74284.61081,0,0,1,68425.73844,0,0
574.449368,1,74284.61081,0,0,1,68425.73844,0,0
575.449368,1,74284.61081,0,0,1,68425.73844,0,0
576.449368,1,74284.61081,0,0,1,68425.73844,0,0
577.449368,1,74284.61081,0,0,1,68425.73844,0,0
578.449368,1,74284.61081,0,0,1,68425.73844,0,0
579.449368,1,74284.61081,0,0,1,68425.73844,0,0
580.449368,1,74284.61081,0,0,1,68425.73844,0,0
581.449368,1,74284.61081,0,0,1,68425.73844,0,0
582.449368,1,74284.61081,0,0,1,68425.73844,0,0
583.449368,1,74284.61081,0,0,1,68425.73844,0,0
584.449368,1,74284.61081,0,0,1,68425.73844,0,0
585.449368,1,74284.61081,0,0,1,68425.73844,0,0
586.449368,1,74284.61081,0,0,1,68425.73844,0,0
587.449368,1,74284.61081,0,0,1,68425.73844,0,0
588.449368,1,74284.61081,0,0,1,68425.73844,0,0
589.449368,1,74284.61081,0,0,1,68425.73844,0,0
590.449368,1,74284.61081,0,0,1,68425.73844,0,0
591.449368,1,74284.61081,0,0,1,68425.73844,0,0
592.449368,1,74284.61081,0,0,1,68425.73844,0,0
593.449368,1,74284.61081,0,0,1,68425.73844,0,0
594.449368,1,74284.61081,0,0,1,68425.73844,0,0
595.449368,1,74284.61081,0,0,1,68425.73844,0,0
596.449368,1,74284.61081,0,0,1,68425.73844,0,0
597.449368,1,74284.61081,0,0,1,68425.73844,0,0
598.449368,1,74284.61081,0,0,1,68425.73844,0,0
599.449368,1,74284.61081,0,0,1,68425.73844,0,0
600.449368,1,74284.61081,0,0,1,68425.73844,0,0
601.449368,1,74284.61081,0,0,1,68425.73844,0,0
602.449368,1,74284.61081,0,0,1,68425.73844,0,0
603.449368,1,74284.61081,0,0,1,68425.73844,0,0
604.449368,1,74284.61081,0,0,1,68425.73844,0,0
605.449368,1,74284.61081,0,0,1,68425.73844,0,0
606.449368,1,74284.61081,0,0,1,68425.73844,0,0
607.449368,1,74284.61081,0,0,1,68425.73844,0,0
608.449368,1,74284.61081,0,0,1,68425.73844,0,0
609.449368,1,74284.61081,0,0,1,68425.73844,0,0
610.449368,1,74284.61081,0,0,1,68425.73844,0,0
611.449368,1,74284.61081,0,0,1,68425.73844,0,0
612.449368,1,74284.61081,0,0,1,68425.73844,0,0
613.449368,1,74284.61081,0,0,1,68425.73844,0,0
614.449368,1,74284.61081,0,0,1,68425.73844,0,0
615.449368,1,74284.61081,0,0,1,68425.73844,0,0
616.449368,1,74284.61081,0,0,1,68425.73844,0,0
617.449368,1,74284.61081,0,0,1,68425.73844,0,0
618.449368,1,74284.61081,0,0,1,68425.73844,0,0
619.449368,1,74284.61081,0,0,1,68425.73844,0,0
620.449368,1,74284.61081,0,0,1,68425.73844,0,0
621.449368,1,74284.61081,0,0,1,68425.73844,0,0
622.449368,1,74284.61081,0,0,1,68425.73844,0,0
623.449368,1,74284.61081,0,0,1,68425.73844,0,0
624.449368,1,74284.61081,0,0,1,68425.73844,0,0
625.449368,1,74284.61081,0,0,1,68425.73844,0,0
626.449368,1,74284.61081,0,0,1,68425.73844,0,0
627.449368,1,74284.61081,0,0,1,68425.73844,0,0
628.449368,1,74284.61081,0,0,1,68425.73844,0,0
629.449368,1,74284.61081,0,0,1,68425.73844,0,0
630.449368,1,74284.61081,0,0,1,68425.73844,0,0
631.449368,1,74284.61081,0,0,1,68425.73844,0,0
632.449368,1,74284.61081,0,0,1,68425.73844,0,0
633.449368,1,74284.61081,0,0,1,68425.73844,0,0
634.449368,1,74284.61081,0,0,1,68425.73844,0,0
635.449368,1,74284.61081,0,0,1,68425.73844,0,0
636.449368,1,74284.61081,0,0,1,68425.73844,0,0
637.449368,1,74284.61081,0,0,1,68425.73844,0,0
638.449368,1,74284.61081,0,0,1,68425.73844,0,0
639.449368,1,74284.61081,0,0,1,68425.73844,0,0
640.449368,1,74284.61081,0,0,1,68425.73844,0,0
641.449368,1,74284.61081,0,0,1,68425.73844,0,0
642.449368,1,74284.61081,0,0,1,68425.73844,0,0
643.449368,1,74284.61081,0,0,1,68425.73844,0,0
644.449368,1,74284.61081,0,0,1,68425.73844,0,0
645.449368,1,74284.61081,0,0,1,68425.73844,0,0
646.449368,1,74284.61081,0,0,1,68425.73844,0,0
647.449368,1,74284.61081,0,0,1,68425.73844,0,0
648.449368,1,74284.61081,0,0,1,68425.73844,0,0
649.449368,1,74284.61081,0,0,1,68425.73844,0,0
650.449368,1,74284.61081,0,0,1,68425.73844,0,0
651.449368,1,74284.61081,0,0,1,68425.73844,0,0
652.449368,1,74284.61081,0,0,1,68425.73844,0,0
653.449368,1,74284.61081,0,0,1,68425.73844,0,0
654.449368,1,74284.61081,0,0,1,68425.73844,0,0
655.449368,1,74284.61081,0,0,1,68425.73844,0,0
656.449368,1,74284.61081,0,0,1,68425.73844,0,0
657.449368,1,74284.61081,0,0,1,68425.73844,0,0
658.449368,1,74284.61081,0,0,1,68425.73844,0,0
659.449368,1,74284.61081,0,0,1,68425.73844,0,0
660.449368,1,74284.61081,0,0,1,68425.73844,0,0
661.449368,1,74284.61081,0,0,1,68425.73844,0,0
662.449368,1,74284.61081,0,0,1,68425.73844,0,0
663.449368,1,74284.61081,0,0,1,68425.73844,0,0
664.449368,1,74284.61081,0,0,1,68425.73844,0,0
665.449368,1,74284.61081,0,0,1,68425.73844,0,0
666.449368,1,74284.61081,0,0,1,68425.73844,0,0
667.449368,1,74284.61081,0,0,1,68425.73844,0,0
668.449368,1,74284.61081,0,0,1,68425.73844,0,0
669.449368,1,74284.61081,0,0,1,68425.73844,0,0
670.449368,1,74284.61081,0,0,1,68425.73844,0,0
671.449368,1,74284.61081,0,0,1,68425.73844,0,0
672.449368,1,74284.61081,0,0,1,68425.73844,0,0
673.449368,1,74284.61081,0,0,1,68425.73844,0,0
674.449368,1,74284.61081,0,0,1,68425.73844,0,0
675.449368,1,74284.61081,0,0,1,68425.73844,0,0
676.449368,1,74284.61081,0,0,1,68425.73844,0,0
677.449368,1,74284.61081,0,0,1,68425.73844,0,0
678.449368,1,74284.61081,0,0,1,68425.73844,0,0
679.449368,1,74284.61081,0,0,1,68425.73844,0,0
680.449368,1,74284.61081,0,0,1,68425.73844,0,0
681.449368,1,74284.61081,0,0,1,68425.73844,0,0
682.449368,1,74284.61081,0,0,1,68425.73844,0,0
683.449368,1,74284.61081,0,0,1,68425.73844,0,0
684.449368,1,74284.61081,0,0,1,68425.73844,0,0
685.449368,1,74284.61081,0,0,1,68425.73844,0,0
686.449368,1,74284.61081,0,0,1,68425.73844,0,0
687.449368,1,74284.61081,0,0,1,68425.73844,0,0
688.449368,1,74284.61081,0,0,1,68425.73844,0,0
689.449368,1,74284.61081,0,0,1,68425.73844,0,0
690.449368,1,74284.61081,0,0,1,68425.73844,0,0
691.449368,1,74284.61081,0,0,1,68425.73844,0,0
692.449368,1,74284.61081,0,0,1,68425.73844,0,0
693.449368,1,74284.61081,0,0,1,68425.73844,0,0
694.449368,1,74284.61081,0,0,1,68425.73844,0,0
695.449368,1,74284.61081,0,0,1,68425.73844,0,0
696.449368,1,74284.61081,0,0,1,68425.73844,0,0
697.449368,1,74284.61081,0,0,1,68425.73844,0,0
698.449368,1,74284.61081,0,0,1,68425.73844,0,0
699.449368,1,74284.61081,0,0,1,68425.73844,0,0
700.449368,1,74284.61081,0,0,1,68425.73844,0,0
701.449368,1,74284.61081,0,0,1,68425.73844,0,0
702.449368,1,74284.61081,0,0,1,68425.73844,0,0
703.449368,1,74284.61081,0,0,1,68425.73844,0,0
704.449368,1,74284.61081,0,0,1,68425.73844,0,0
705.449368,1,74284.61081,0,0,1,68425.73844,0,0
706.449368,1,74284.61081,0,0,1,68425.73844,0,0
707.449368,1,74284.61081,0,0,1,68425.73844,0,0
708.449368,1,74284.61081,0,0,1,68425.73844,0,0
709.449368,1,74284.61081,0,0,1,68425.73844,0,0
710.449368,1,74284.61081,0,0,1,68425.73844,0,0
711.449368,1,74284.61081,0,0,1,68425.73844,0,0
712.449368,1,74284.61081,0,0,1,68425.73844,0,0
713.449368,1,74284.61081,0,0,1,68425.73844,0,0
714.449368,1,74284.61081,0,0,1,68425.73844,0,0
715.449368,1,74284.61081,0,0,1,68425.73844,0,0
716.449368,1,74284.61081,0,0,1,68425.73844,0,0
717.449368,1,74284.61081,0,0,1,68425.73844,0,0
718.449368,1,74284.61081,0,0,1,68425.73844,0,0
719.449368,1,74284.61081,0,0,1,68425.73844,0,0
720.449368,1,74284.61081,0,0,1,68425.73844,0,0
721.449368,1,74284.61081,0,0,1,68425.73844,0,0
722.449368,1,74284.61081,0,0,1,68425.73844,0,0
723.449368,1,74284.61081,0,0,1,68425.73844,0,0
724.449368,1,74284.61081,0,0,1,68425.73844,0,0
725.449368,1,74284.61081,0,0,1,68425.73844,0,0
726.449368,1,74284.61081,0,0,1,68425.73844,0,0
727.449368,1,74284.61081,0,0,1,68425.73844,0,0
728.449368,1,74284.61081,0,0,1,68425.73844,0,0
729.449368,1,74284.61081,0,0,1,68425.73844,0,0
730.449368,1,74284.61081,0,0,1,68425.73844,0,0
731.449368,1,74284.61081,0,0,1,68425.73844,0,0
732.449368,1,74284.61081,0,0,1,68425.73844,0,0
733.449368,1,74284.61081,0,0,1,68425.73844,0,0
734.449368,1,74284.61081,0,0,1,68425.73844,0,0
735.449368,1,74284.61081,0,0,1,68425.73844,0,0
736.449368,1,74284.61081,0,0,1,68425.73844,0,0
737.449368,1,74284.61081,0,0,1,68425.73844,0,0
738.449368,1,74284.61081,0,0,1,68425.73844,0,0
739.449368,1,74284.61081,0,0,1,68425.73844,0,0
740.449368,1,74284.61081,0,0,1,68425.73844,0,0
741.449368,1,74284.61081,0,0,1,68425.73844,0,0
742.449368,1,74284.61081,0,0,1,68425.73844,0,0
743.449368,1,74284.61081,0,0,1,68425.73844,0,0
744.449368,1,74284.61081,0,0,1,68425.73844,0,0
745.449368,1,74284.61081,0,0,1,68425.73844,0,0
746.449368,1,74284.61081,0,0,1,68425.73844,0,0
747.449368,1,74284.61081,0,0,1,68425.73844,0,0
748.449368,1,74284.61081,0,0,1,68425.73844,0,0
749.449368,1,74284.61081,0,0,1,68425.73844,0,0
750.449368,1,74284.61081,0,0,1,68425.73844,0,0
751.449368,1,74284.61081,0,0,1,68425.73844,0,0
752.449368,1,74284.61081,0,0,1,68425.73844,0,0
753.449368,1,74284.61081,0,0,1,68425.73844,0,0
754.449368,1,74284.61081,0,0,1,68425.73844,0,0
755.449368,1,74284.61081,0,0,1,68425.73844,0,0
756.449368,1,74284.61081,0,0,1,68425.73844,0,0
757.449368,1,74284.61081,0,0,1,68425.73844,0,0
758.449368,1,74284.61081,0,0,1,68425.73844,0,0
759.449368,1,74284.61081,0,0,1,68425.73844,0,0
760.449368,1,74284.61081,0,0,1,68425.73844,0,0
761.449368,1,74284.61081,0,0,1,68425.73844,0,0
762.449368,1,74284.61081,0,0,1,68425.73844,0,0
763.449368,1,74284.61081,0,0,1,68425.73844,0,0
764.449368,1,74284.61081,0,0,1,68425.73844,0,0
765.449368,1,74284.61081,0,0,1,68425.73844,0,0
766.449368,1,74284.61081,0,0,1,68425.73844,0,0
767.449368,1,74284.61081,0,0,1,68425.73844,0,0
768.449368,1,74284.61081,0,0,1,68425.73844,0,0
769.449368,1,74284.61081,0,0,1,68425.73844,0,0
770.449368,1,74284.61081,0,0,1,68425.73844,0,0
771.449368,1,74284.61081,0,0,1,68425.73844,0,0
772.449368,1,74284.61081,0,0,1,68425.73844,0,0
773.449368,1,74284.61081,0,0,1,68425.73844,0,0
774.449368,1,74284.61081,0,0,1,68425.73844,0,0
775.449368,1,74284.61081,0,0,1,68425.73844,0,0
776.449368,1,74284.61081,0,0,1,68425.73844,0,0
777.449368,1,74284.61081,0,0,1,68425.73844,0,0
778.449368,1,74284.61081,0,0,1,68425.73844,0,0
779.449368,1,74284.61081,0,0,1,68425.73844,0,0
780.449368,1,74284.61081,0,0,1,68425.73844,0,0
781.449368,1,74284.61081,0,0,1,68425.73844,0,0
782.449368,1,74284.61081,0,0,1,68425.73844,0,0
783.449368,1,74284.61081,0,0,1,68425.73844,0,0
784.449368,1,74284.61081,0,0,1,68425.73844,0,0
785.449368,1,74284.61081,0,0,1,68425.73844,0,0
786.449368,1,74284.61081,0,0,1,68425.73844,0,0
787.449368,1,74284.61081,0,0,1,68425.73844,0,0
788.449368,1,74284.61081,0,0,1,68425.73844,0,0
789.449368,1,74284.61081,0,0,1,68425.73844,0,0
790.449368,1,74284.61081,0,0,1,68425.73844,0,0
791.449368,1,74284.61081,0,0,1,68425.73844,0,0
792.449368,1,74284.61081,0,0,1,68425.73844,0,0
793.449368,1,74284.61081,0,0,1,68425.73844,0,0
794.449368,1,74284.61081,0,0,1,68425.73844,0,0
795.282716,1,74284.61081,0,0,1,68425.73844,0,0
796.282716,1,74284.61081,0,0,1,68425.73844,0,0
797.282716,1,74284.61081,0,0,1,68425.73844,0,0
798.282716,1,74284.61081,0,0,1,68425.73844,0,0
799.282716,1,74284.61081,0,0,1,68425.73844,1,74605.05452
800.282716,1,74284.61081,0,0,1,68425.73844,1,74605.05452
801.282716,1,74284.61081,0,0,1,68425.73844,1,74605.05452
802.282716,1,74284.61081,0,0,1,68425.73844,1,74605.05452
803.282716,1,74284.61081,0,0,1,68425.73844,1,74605.05452
804.282716,1,74284.61081,0,0,1,68425.73844,1,74605.05452
805.282716,1,74284.61081,0,0,1,68425.73844,1,74605.05452
806.282716,1,74284.61081,0,0,1,68425.73844,1,74605.05452
807.282716,1,74284.61081,0,0,1,68425.73844,1,74605.05452
808.282716,1,74284.61081,0,0,1,68425.73844,1,74605.05452
809.282716,1,74284.61081,0,0,1,68425.73844,1,74605.05452
810.282716,1,74284.61081,0,0,1,68425.73844,1,74605.05452
811.282716,1,74284.61081,0,0,1,68425.73844,1,74605.05452
812.282716,1,74284.61081,0,0,1,68425.73844,1,74605.05452
813.282716,1,74284.61081,0,0,1,68425.73844,1,74605.05452
814.282716,1,74284.61081,0,0,1,68425.73844,1,74605.05452
815.282716,1,74284.61081,0,0,1,68425.73844,1,74605.05452
816.282716,1,74284.61081,0,0,1,68425.73844,1,74605.05452
817.282716,1,74284.61081,0,0,1,68425.73844,1,74605.05452
818.282716,1,74284.61081,0,0,1,68425.73844,1,74605.05452
819.282716,1,74284.61081,0,0,1,68425.73844,1,74605.05452
820.282716,1,74284.61081,0,0,1,68425.73844,1,74605.05452
821.282716,1,74284.61081,0,0,1,68425.73844,1,74605.05452
822.282716,1,74284.61081,0,0,1,68425.73844,1,74605.05452
823.282716,1,74284.61081,0,0,1,68425.73844,1,74605.05452
824.282716,1,74284.61081,0,0,1,68425.73844,1,74605.05452
825.282716,1,74284.61081,0,0,1,68425.73844,1,74605.05452
826.282716,1,74284.61081,0,0,1,68425.73844,1,74605.05452
827.282716,1,74284.61081,0,0,1,68425.73844,1,74605.05452
828.282716,1,74284.61081,0,0,1,68425.73844,1,74605.05452
829.282716,1,74284.61081,0,0,1,68425.73844,1,74605.05452
830.282716,1,74284.61081,0,0,1,68425.73844,1,74605.05452
831.282716,1,74284.61081,0,0,1,68425.73844,1,74605.05452
832.282716,1,74284.61081,0,0,1,68425.73844,1,74605.05452
833.282716,1,74284.61081,0,0,1,68425.73844,1,74605.05452
834.282716,1,74284.61081,0,0,1,68425.73844,1,74605.05452
835.282716,1,74284.61081,0,0,1,68425.73844,1,74605.05452
836.282716,1,74284.61081,0,0,1,68425.73844,1,74605.05452
837.282716,1,74284.61081,0,0,1,68425.73844,1,74605.05452
838.282716,1,74284.61081,0,0,1,68425.73844,1,74605.05452
839.282716,1,74284.61081,0,0,1,68425.73844,1,74605.05452
840.282716,1,74284.61081,0,0,1,68425.73844,1,74605.05452
841.282716,1,74284.61081,0,0,1,68425.73844,1,74605.05452
842.282716,1,74284.61081,0,0,1,68425.73844,1,74605.05452
843.282716,1,74284.61081,0,0,1,68425.73844,1,74605.05452
844.282716,1,74284.61081,0,0,1,68425.73844,1,74605.05452
845.282716,1,74284.61081,0,0,1,68425.73844,1,74605.05452
846.282716,1,74284.61081,0,0,1,68425.73844,1,74605.05452
847.282716,1,74284.61081,0,0,1,68425.73844,1,74605.05452
848.282716,1,74284.61081,0,0,1,68425.73844,1,74605.05452
849.282716,1,74284.61081,0,0,1,68425.73844,1,74605.05452
850.282716,1,74284.61081,0,0,1,68425.73844,1,74605.05452
851.282716,1,74284.61081,0,0,1,68425.73844,1,74605.05452
852.282716,1,74284.61081,0,0,1,68425.73844,1,74605.05452
853.282716,1,74284.61081,0,0,1,68425.73844,1,74605.05452
854.282716,1,74284.61081,0,0,1,68425.73844,1,74605.05452
855.282716,1,74284.61081,0,0,1,68425.73844,1,74605.05452
856.282716,1,74284.61081,0,0,1,68425.73844,1,74605.05452
857.282716,1,74284.61081,0,0,1,68425.73844,1,74605.05452
858.282716,1,74284.61081,0,0,1,68425.73844,1,74605.05452
859.282716,1,74284.61081,0,0,1,68425.73844,1,74605.05452
860.282716,1,74284.61081,0,0,1,68425.73844,1,74605.05452
861.282716,1,74284.61081,0,0,1,68425.73844,1,74605.05452
862.282716,0,0,0,0,1,68425.73844,1,74605.05452
863.282716,0,0,0,0,1,68425.73844,1,74605.05452
864.282716,0,0,0,0,1,68425.73844,1,74605.05452
865.282716,0,0,0,0,1,68425.73844,1,74605.05452
866.282716,0,0,0,0,1,68425.73844,1,74605.05452
867.282716,0,0,0,0,1,68425.73844,1,74605.05452
868.282716,0,0,0,0,1,68425.73844,1,74605.05452
869.282716,0,0,0,0,1,68425.73844,1,74605.05452
870.282716,0,0,0,0,1,68425.73844,1,74605.05452
871.282716,0,0,0,0,1,68425.73844,1,74605.05452
872.282716,0,0,0,0,1,68425.73844,1,74605.05452
873.282716,0,0,0,0,1,68425.73844,1,74605.05452
874.282716,0,0,0,0,1,68425.73844,1,74605.05452
875.282716,0,0,0,0,1,68425.73844,1,74605.05452
876.282716,0,0,0,0,1,68425.73844,1,74605.05452
877.282716,0,0,0,0,1,68425.73844,1,74605.05452
878.282716,0,0,0,0,1,68425.73844,1,74605.05452
879.282716,0,0,0,0,1,68425.73844,1,74605.05452
880.282716,0,0,0,0,1,68425.73844,1,74605.05452
881.282716,0,0,0,0,1,68425.73844,1,74605.05452
882.282716,0,0,0,0,1,68425.73844,1,74605.05452
883.282716,0,0,0,0,1,68425.73844,1,74605.05452
884.282716,0,0,0,0,1,68425.73844,1,74605.05452
885.282716,0,0,0,0,1,68425.73844,1,74605.05452
886.282716,0,0,0,0,1,68425.73844,1,74605.05452
887.282716,0,0,0,0,1,68425.73844,1,74605.05452
888.282716,0,0,0,0,1,68425.73844,1,74605.05452
889.282716,0,0,0,0,1,68425.73844,1,74605.05452
890.282716,0,0,0,0,1,68425.73844,1,74605.05452
891.282716,0,0,0,0,1,68425.73844,1,74605.05452
892.282716,0,0,0,0,1,68425.73844,1,74605.05452
893.282716,0,0,0,0,1,68425.73844,1,74605.05452
894.282716,0,0,0,0,1,68425.73844,1,74605.05452
895.282716,0,0,0,0,1,68425.73844,1,74605.05452
896.282716,0,0,0,0,1,68425.73844,1,74605.05452
897.282716,0,0,0,0,1,68425.73844,1,74605.05452
898.282716,0,0,0,0,1,68425.73844,1,74605.05452
899.282716,0,0,0,0,1,68425.73844,1,74605.05452
900.282716,0,0,0,0,1,68425.73844,1,74605.05452
901.282716,0,0,0,0,1,68425.73844,1,74605.05452
902.282716,0,0,0,0,1,68425.73844,1,74605.05452
903.282716,0,0,0,0,1,68425.73844,1,74605.05452
904.282716,0,0,0,0,1,68425.73844,1,74605.05452
905.282716,0,0,0,0,1,68425.73844,1,74605.05452
906.282716,0,0,0,0,1,68425.73844,1,74605.05452
907.282716,0,0,0,0,1,68425.73844,1,74605.05452
908.282716,0,0,0,0,1,68425.73844,1,74605.05452
909.282716,0,0,0,0,1,68425.73844,1,74605.05452
910.282716,0,0,0,0,1,68425.73844,1,74605.05452
911.282716,0,0,0,0,1,68425.73844,1,74605.05452
912.282716,0,0,0,0,1,68425.73844,1,74605.05452
913.282716,0,0,0,0,1,68425.73844,1,74605.05452
914.282716,0,0,0,0,1,68425.73844,1,74605.05452
915.282716,0,0,0,0,1,68425.73844,1,74605.05452
916.282716,0,0,0,0,1,68425.73844,1,74605.05452
917.282716,0,0,0,0,1,68425.73844,1,74605.05452
918.282716,0,0,0,0,1,68425.73844,1,74605.05452
919.282716,0,0,0,0,1,68425.73844,1,74605.05452
920.282716,0,0,0,0,1,68425.73844,1,74605.05452
921.282716,0,0,0,0,1,68425.73844,1,74605.05452
922.282716,0,0,0,0,1,68425.73844,1,74605.05452
923.282716,0,0,0,0,1,68425.73844,1,74605.05452
924.282716,0,0,0,0,1,68425.73844,1,74605.05452
925.282716,0,0,0,0,1,68425.73844,1,74605.05452
926.282716,0,0,0,0,1,68425.73844,1,74605.05452
927.282716,0,0,0,0,1,68425.73844,1,74605.05452
928.282716,0,0,0,0,1,68425.73844,1,74605.05452
929.282716,0,0,0,0,1,68425.73844,1,74605.05452
930.282716,0,0,0,0,1,68425.73844,1,74605.05452
931.282716,0,0,0,0,1,68425.73844,1,74605.05452
932.282716,0,0,0,0,1,68425.73844,1,74605.05452
933.282716,0,0,0,0,1,68425.73844,1,74605.05452
934.282716,0,0,0,0,1,68425.73844,1,74605.05452
935.282716,0,0,0,0,1,68425.73844,1,74605.05452
936.282716,0,0,0,0,1,68425.73844,1,74605.05452
937.282716,0,0,0,0,1,68425.73844,1,74605.05452
938.282716,0,0,0,0,1,68425.73844,1,74605.05452
939.282716,0,0,0,0,1,68425.73844,1,74605.05452
940.282716,0,0,0,0,1,68425.73844,1,74605.05452
941.282716,0,0,0,0,1,68425.73844,1,74605.05452
942.282716,0,0,0,0,1,68425.73844,1,74605.05452
943.282716,0,0,0,0,1,68425.73844,1,74605.05452
944.282716,0,0,0,0,1,68425.73844,1,74605.05452
945.282716,0,0,0,0,1,68425.73844,1,74605.05452
946.282716,0,0,0,0,1,68425.73844,1,74605.05452
947.282716,0,0,0,0,1,68425.73844,1,74605.05452
948.282716,0,0,0,0,1,68425.73844,1,74605.05452
949.282716,0,0,0,0,1,68425.73844,1,74605.05452
950.282716,0,0,0,0,1,68425.73844,1,74605.05452
951.282716,0,0,0,0,1,68425.73844,1,74605.05452
952.282716,0,0,0,0,1,68425.73844,1,74605.05452
953.282716,0,0,0,0,1,68425.73844,1,74605.05452
954.282716,0,0,0,0,1,68425.73844,1,74605.05452
955.282716,0,0,0,0,1,68425.73844,1,74605.05452
956.282716,0,0,0,0,1,68425.73844,1,74605.05452
957.282716,0,0,0,0,1,68425.73844,1,74605.05452
958.282716,0,0,0,0,1,68425.73844,1,74605.05452
959.282716,0,0,0,0,1,68425.73844,1,74605.05452
960.282716,0,0,0,0,1,68425.73844,1,74605.05452
961.282716,0,0,0,0,1,68425.73844,1,74605.05452
962.282716,0,0,0,0,1,68425.73844,1,74605.05452
963.282716,0,0,0,0,1,68425.73844,1,74605.05452
964.282716,0,0,0,0,1,68425.73844,1,74605.05452
965.282716,0,0,0,0,1,68425.73844,1,74605.05452
966.282716,0,0,0,0,1,68425.73844,1,74605.05452
967.282716,0,0,0,0,1,68425.73844,1,74605.05452
968.282716,0,0,0,0,1,68425.73844,1,74605.05452
969.282716,0,0,0,0,1,68425.73844,1,74605.05452
970.282716,0,0,0,0,1,68425.73844,1,74605.05452
971.282716,0,0,0,0,1,68425.73844,1,74605.05452
972.282716,0,0,0,0,1,68425.73844,1,74605.05452
973.282716,0,0,0,0,1,68425.73844,1,74605.05452
974.282716,0,0,0,0,1,68425.73844,1,74605.05452
975.282716,0,0,0,0,1,68425.73844,1,74605.05452
976.282716,0,0,0,0,1,68425.73844,1,74605.05452
977.282716,0,0,0,0,1,68425.73844,1,74605.05452
978.282716,0,0,0,0,1,68425.73844,1,74605.05452
979.282716,0,0,0,0,1,68425.73844,1,74605.05452
980.282716,0,0,0,0,1,68425.73844,1,74605.05452
981.282716,0,0,0,0,1,68425.73844,1,74605.05452
982.282716,0,0,0,0,1,68425.73844,1,74605.05452
983.282716,0,0,0,0,1,68425.73844,1,74605.05452
984.282716,0,0,0,0,1,68425.73844,1,74605.05452
985.282716,0,0,0,0,1,68425.73844,1,74605.05452
986.282716,0,0,0,0,1,68425.73844,1,74605.05452
987.282716,0,0,0,0,1,68425.73844,1,74605.05452
988.282716,0,0,0,0,1,68425.73844,1,74605.05452
989.282716,0,0,0,0,1,68425.73844,1,74605.05452
990.282716,0,0,0,0,1,68425.73844,1,74605.05452
991.282716,0,0,0,0,1,68425.73844,1,74605.05452
992.282716,0,0,0,0,1,68425.73844,1,74605.05452
993.282716,0,0,0,0,1,68425.73844,1,74605.05452
994.282716,0,0,0,0,1,68425.73844,1,74605.05452
995.282716,0,0,0,0,1,68425.73844,1,74605.05452
996.282716,0,0,0,0,1,68425.73844,1,74605.05452
997.282716,0,0,0,0,1,68425.73844,1,74605.05452
998.282716,0,0,0,0,1,68425.73844,1,74605.05452
999.282716,0,0,0,0,1,68425.73844,1,74605.05452
1000.282716,0,0,0,0,1,68425.73844,1,74605.05452
1001.282716,0,0,0,0,1,68425.73844,1,74605.05452
1002.282716,0,0,0,0,1,68425.73844,1,74605.05452
1003.282716,0,0,0,0,1,68425.73844,1,74605.05452
1004.282716,0,0,0,0,1,68425.73844,1,74605.05452
1005.282716,0,0,0,0,1,68425.73844,1,74605.05452
1006.282716,0,0,0,0,1,68425.73844,1,74605.05452
1007.282716,0,0,0,0,1,68425.73844,1,74605.05452
1008.282716,0,0,0,0,1,68425.73844,1,74605.05452
1009.282716,0,0,0,0,1,68425.73844,1,74605.05452
1010.282716,0,0,0,0,1,68425.73844,1,74605.05452
1011.282716,0,0,0,0,1,68425.73844,1,74605.05452
1012.282716,0,0,0,0,1,68425.73844,1,74605.05452
1013.282716,0,0,0,0,1,68425.73844,1,74605.05452
1014.282716,0,0,0,0,1,68425.73844,1,74605.05452
1015.282716,0,0,0,0,1,68425.73844,1,74605.05452
1016.282716,0,0,0,0,1,68425.73844,1,74605.05452
1017.282716,0,0,0,0,1,68425.73844,1,74605.05452
1018.282716,0,0,0,0,1,68425.73844,1,74605.05452
1019.282716,0,0,0,0,1,68425.73844,1,74605.05452
1020.282716,0,0,0,0,1,68425.73844,1,74605.05452
1021.282716,0,0,0,0,1,68425.73844,1,74605.05452
1022.282716,0,0,0,0,1,68425.73844,1,74605.05452
1023.282716,0,0,0,0,1,68425.73844,1,74605.05452
1024.282716,0,0,0,0,1,68425.73844,1,74605.05452
1025.282716,0,0,0,0,1,68425.73844,1,74605.05452
1026.282716,0,0,0,0,1,68425.73844,1,74605.05452
1027.282716,0,0,0,0,0,0,1,74605.05452
1028.282716,0,0,0,0,0,0,1,74605.05452
1029.282716,0,0,0,0,0,0,1,74605.05452
1030.282716,0,0,0,0,0,0,1,74605.05452
1031.282716,0,0,0,0,0,0,1,74605.05452
1032.282716,0,0,0,0,0,0,1,74605.05452
1033.282716,0,0,0,0,0,0,1,74605.05452
1034.282716,0,0,0,0,0,0,1,74605.05452
1035.282716,0,0,0,0,0,0,1,74605.05452
1036.282716,0,0,0,0,0,0,1,74605.05452
1037.282716,0,0,0,0,0,0,1,74605.05452
1038.282716,0,0,0,0,0,0,1,74605.05452
1039.282716,0,0,0,0,0,0,1,74605.05452
1040.282716,0,0,0,0,0,0,1,74605.05452
1041.282716,0,0,0,0,0,0,1,74605.05452
1042.282716,0,0,0,0,0,0,1,74605.05452
1043.282716,0,0,0,0,0,0,1,74605.05452
1044.282716,0,0,0,0,0,0,1,74605.05452
1045.282716,0,0,0,0,0,0,1,74605.05452
1046.282716,0,0,0,0,0,0,1,74605.05452
1047.282716,0,0,0,0,0,0,1,74605.05452
1048.282716,0,0,0,0,0,0,1,74605.05452
1049.282716,0,0,0,0,0,0,1,74605.05452
1050.282716,0,0,0,0,0,0,1,74605.05452
1051.282716,0,0,0,0,0,0,1,74605.05452
1052.282716,0,0,0,0,0,0,1,74605.05452
1053.282716,0,0,0,0,0,0,1,74605.05452
1054.282716,0,0,0,0,0,0,1,74605.05452
1055.282716,0,0,0,0,0,0,1,74605.05452
1056.282716,0,0,0,0,0,0,1,74605.05452
1057.282716,0,0,0,0,0,0,1,74605.05452
1058.282716,0,0,0,0,0,0,1,74605.05452
1059.282716,0,0,0,0,0,0,1,74605.05452
1060.282716,0,0,0,0,0,0,1,74605.05452
1061.282716,0,0,0,0,0,0,1,74605.05452
1062.282716,0,0,0,0,0,0,1,74605.05452
1063.282716,0,0,0,0,0,0,1,74605.05452
1064.282716,0,0,0,0,0,0,1,74605.05452
1065.282716,0,0,0,0,0,0,1,74605.05452
1066.282716,0,0,0,0,0,0,1,74605.05452
1067.282716,0,0,0,0,0,0,1,74605.05452
1068.282716,0,0,0,0,0,0,1,74605.05452
1069.282716,0,0,0,0,0,0,1,74605.05452
1070.282716,0,0,0,0,0,0,1,74605.05452
1071.282716,0,0,0,0,0,0,1,74605.05452
1072.282716,0,0,0,0,0,0,1,74605.05452
1073.282716,0,0,0,0,0,0,1,74605.05452
1074.282716,0,0,0,0,0,0,1,74605.05452
1075.282716,0,0,0,0,0,0,1,74605.05452
1076.282716,0,0,0,0,0,0,1,74605.05452
1077.282716,0,0,0,0,0,0,1,74605.05452
1078.282716,0,0,0,0,0,0,1,74605.05452
1079.282716,0,0,0,0,0,0,1,74605.05452
1080.282716,0,0,0,0,0,0,1,74605.05452
1081.282716,0,0,0,0,0,0,1,74605.05452
1082.282716,0,0,0,0,0,0,1,74605.05452
1083.282716,0,0,0,0,0,0,1,74605.05452
1084.282716,0,0,0,0,0,0,1,74605.05452
1085.282716,0,0,0,0,0,0,1,74605.05452
1086.282716,0,0,0,0,0,0,1,74605.05452
1087.282716,0,0,0,0,0,0,1,74605.05452
1088.282716,0,0,0,0,0,0,1,74605.05452
1089.282716,0,0,0,0,0,0,1,74605.05452
1090.282716,0,0,0,0,0,0,1,74605.05452
1091.282716,0,0,0,0,0,0,1,74605.05452
1092.282716,0,0,0,0,0,0,1,74605.05452
1093.282716,0,0,0,0,0,0,1,74605.05452
1094.282716,0,0,0,0,0,0,1,74605.05452
1095.282716,0,0,0,0,0,0,1,74605.05452
1096.282716,0,0,0,0,0,0,1,74605.05452
1097.282716,0,0,0,0,0,0,1,74605.05452
1098.282716,0,0,0,0,0,0,1,74605.05452
1099.282716,0,0,0,0,0,0,1,74605.05452
1100.282716,0,0,0,0,0,0,1,74605.05452
1101.282716,0,0,0,0,0,0,1,74605.05452
1102.282716,0,0,0,0,0,0,1,74605.05452
1103.282716,0,0,0,0,0,0,1,74605.05452
1104.282716,0,0,0,0,0,0,1,74605.05452
1105.282716,0,0,0,0,0,0,1,74605.05452
1106.282716,0,0,0,0,0,0,1,74605.05452
1107.282716,0,0,0,0,0,0,1,74605.05452
1108.282716,0,0,0,0,0,0,1,74605.05452
1109.282716,0,0,0,0,0,0,1,74605.05452
1110.282716,0,0,0,0,0,0,1,74605.05452
1111.282716,0,0,0,0,0,0,1,74605.05452
1112.282716,0,0,0,0,0,0,1,74605.05452
1113.282716,0,0,0,0,0,0,1,74605.05452
1114.282716,0,0,0,0,0,0,1,74605.05452
1115.282716,0,0,0,0,0,0,1,74605.05452
1116.282716,0,0,0,0,0,0,1,74605.05452
1117.282716,0,0,0,0,0,0,1,74605.05452
1118.282716,0,0,0,0,0,0,1,74605.05452
1119.282716,0,0,0,0,0,0,1,74605.05452
1120.282716,0,0,0,0,0,0,1,74605.05452
1121.282716,0,0,0,0,0,0,1,74605.05452
1122.282716,0,0,0,0,0,0,1,74605.05452
1123.282716,0,0,0,0,0,0,1,74605.05452
1124.282716,0,0,0,0,0,0,1,74605.05452
1125.282716,0,0,0,0,0,0,1,74605.05452
1126.282716,0,0,0,0,0,0,1,74605.05452
1127.282716,0,0,0,0,0,0,1,74605.05452
1128.282716,0,0,0,0,0,0,1,74605.05452
1129.282716,0,0,0,0,0,0,1,74605.05452
1130.282716,0,0,0,0,0,0,1,74605.05452
1131.282716,0,0,0,0,0,0,1,74605.05452
1132.282716,0,0,0,0,0,0,1,74605.05452
1133.282716,0,0,0,0,0,0,1,74605.05452
1134.282716,0,0,0,0,0,0,1,74605.05452
1135.282716,0,0,0,0,0,0,1,74605.05452
1136.282716,0,0,0,0,0,0,1,74605.05452
1137.282716,0,0,0,0,0,0,1,74605.05452
1138.282716,0,0,0,0,0,0,1,74605.05452
1139.282716,0,0,0,0,0,0,1,74605.05452
1140.282716,0,0,0,0,0,0,1,74605.05452
1141.282716,0,0,0,0,0,0,1,74605.05452
1142.282716,0,0,0,0,0,0,1,74605.05452
1143.282716,0,0,0,0,0,0,1,74605.05452
1144.282716,0,0,0,0,0,0,1,74605.05452
1145.282716,0,0,0,0,0,0,1,74605.05452
1146.282716,0,0,0,0,0,0,1,74605.05452
1147.282716,0,0,0,0,0,0,1,74605.05452
1148.282716,0,0,0,0,0,0,1,74605.05452
1149.282716,0,0,0,0,0,0,1,74605.05452
1150.282716,0,0,0,0,0,0,1,74605.05452
1151.282716,0,0,0,0,0,0,1,74605.05452
1152.282716,0,0,0,0,0,0,1,74605.05452
1153.282716,0,0,0,0,0,0,1,74605.05452
1154.282716,0,0,0,0,0,0,1,74605.05452
1155.650291,0,0,0,0,0,0,1,74605.05452
1156.650291,0,0,0,0,0,0,1,74605.05452
1157.650291,0,0,0,0,0,0,1,74605.05452
1158.650291,0,0,0,0,0,0,1,74605.05452
1159.650291,0,0,0,0,0,0,1,74605.05452
1160.650291,0,0,0,0,0,0,1,74605.05452
1161.650291,0,0,0,0,0,0,1,74605.05452
1162.650291,0,0,0,0,0,0,1,74605.05452
1163.650291,0,0,0,0,0,0,1,74605.05452
1164.650291,0,0,0,0,0,0,1,74605.05452
1165.650291,0,0,0,0,0,0,1,74605.05452
1166.650291,0,0,0,0,0,0,1,74605.05452
1167.650291,0,0,0,0,0,0,1,74605.05452
1168.650291,0,0,0,0,0,0,1,74605.05452
1169.650291,0,0,0,0,0,0,1,74605.05452
1170.650291,0,0,0,0,0,0,1,74605.05452
1171.650291,0,0,0,0,0,0,1,74605.05452
1172.650291,0,0,0,0,0,0,1,74605.05452
1173.650291,0,0,0,0,0,0,1,74605.05452
1174.650291,0,0,0,0,0,0,1,74605.05452
1175.650291,0,0,0,0,0,0,1,74605.05452
1176.650291,0,0,0,0,0,0,1,74605.05452
1177.650291,0,0,0,0,0,0,1,74605.05452
1178.650291,0,0,0,0,0,0,1,74605.05452
1179.650291,0,0,0,0,0,0,1,74605.05452
1180.650291,0,0,0,0,0,0,1,74605.05452
1181.650291,0,0,0,0,0,0,1,74605.05452
1182.650291,0,0,0,0,0,0,1,74605.05452
1183.650291,0,0,0,0,0,0,1,74605.05452
1184.650291,0,0,0,0,0,0,1,74605.05452
1185.650291,0,0,0,0,0,0,1,74605.05452
1186.650291,0,0,0,0,0,0,1,74605.05452
1187.650291,0,0,0,0,0,0,1,74605.05452
1188.650291,0,0,0,0,0,0,1,74605.05452
1189.650291,0,0,0,0,0,0,1,74605.05452
1190.650291,0,0,0,0,0,0,1,74605.05452
1191.650291,0,0,0,0,0,0,1,74605.05452
1192.650291,0,0,0,0,0,0,1,74605.05452
1193.650291,0,0,0,0,0,0,1,74605.05452
1194.650291,0,0,0,0,0,0,1,74605.05452
1195.650291,0,0,0,0,0,0,1,74605.05452
1196.650291,0,0,0,0,0,0,1,74605.05452
1197.650291,0,0,0,0,0,0,1,74605.05452
1198.650291,0,0,0,0,0,0,1,74605.05452
1199.650291,0,0,0,0,0,0,1,74605.05452
1200.650291,0,0,0,0,0,0,1,74605.05452
1201.650291,0,0,0,0,0,0,1,74605.05452
1202.650291,0,0,0,0,0,0,1,74605.05452
1203.650291,0,0,0,0,0,0,1,74605.05452
1204.650291,0,0,0,0,0,0,1,74605.05452
1205.650291,0,0,0,0,0,0,1,74605.05452
1206.650291,0,0,0,0,0,0,1,74605.05452
1207.650291,0,0,0,0,0,0,1,74605.05452
1208.650291,0,0,0,0,0,0,1,74605.05452
1209.650291,0,0,0,0,0,0,1,74605.05452
1210.650291,0,0,0,0,0,0,1,74605.05452
1211.650291,0,0,0,0,0,0,1,74605.05452
1212.650291,0,0,0,0,0,0,1,74605.05452
1213.650291,0,0,0,0,0,0,1,74605.05452
1214.650291,0,0,0,0,0,0,1,74605.05452
1215.650291,0,0,0,0,0,0,1,74605.05452
1216.650291,0,0,0,0,0,0,1,74605.05452
1217.650291,0,0,0,0,0,0,1,74605.05452
1218.650291,0,0,0,0,0,0,1,74605.05452
1219.650291,0,0,0,0,0,0,1,74605.05452
1220.650291,0,0,0,0,0,0,1,74605.05452
1221.650291,0,0,0,0,0,0,1,74605.05452
1222.650291,0,0,0,0,0,0,1,74605.05452
1223.650291,0,0,0,0,0,0,1,74605.05452
1224.650291,0,0,0,0,0,0,1,74605.05452
1225.650291,0,0,0,0,0,0,1,74605.05452
1226.650291,0,0,0,0,0,0,1,74605.05452
1227.650291,0,0,0,0,0,0,1,74605.05452
1228.650291,0,0,0,0,0,0,1,74605.05452
1229.650291,0,0,0,0,0,0,1,74605.05452
1230.650291,0,0,0,0,0,0,1,74605.05452
1231.650291,0,0,0,0,0,0,1,74605.05452
1232.650291,0,0,0,0,0,0,1,74605.05452
1233.650291,0,0,0,0,0,0,1,74605.05452
1234.650291,0,0,0,0,0,0,1,74605.05452
1235.650291,0,0,0,0,0,0,1,74605.05452
1236.650291,0,0,0,0,0,0,1,74605.05452
1237.650291,0,0,0,0,0,0,1,74605.05452
1238.650291,0,0,0,0,0,0,1,74605.05452
1239.650291,0,0,0,0,0,0,1,74605.05452
1240.650291,0,0,0,0,0,0,1,74605.05452
1241.650291,0,0,0,0,0,0,1,74605.05452
1242.650291,0,0,0,0,0,0,1,74605.05452
1243.650291,0,0,0,0,0,0,1,74605.05452
1244.650291,0,0,0,0,0,0,1,74605.05452
1245.650291,0,0,0,0,0,0,1,74605.05452
1246.650291,0,0,0,0,0,0,1,74605.05452
1247.650291,0,0,0,0,0,0,1,74605.05452
1248.650291,0,0,0,0,0,0,1,74605.05452
1249.650291,0,0,0,0,0,0,1,74605.05452
1250.650291,0,0,0,0,0,0,1,74605.05452
1251.650291,0,0,0,0,0,0,1,74605.05452
1252.650291,0,0,0,0,0,0,1,74605.05452
1253.650291,0,0,0,0,0,0,1,74605.05452
1254.650291,0,0,0,0,0,0,1,74605.05452
1255.650291,0,0,0,0,0,0,1,74605.05452
1256.650291,0,0,0,0,0,0,1,74605.05452
1257.650291,0,0,0,0,0,0,1,74605.05452
1258.650291,0,0,0,0,0,0,1,74605.05452
1259.650291,0,0,0,0,0,0,1,74605.05452
1260.650291,0,0,0,0,0,0,1,74605.05452
1261.650291,0,0,0,0,0,0,1,74605.05452
1262.650291,0,0,0,0,0,0,1,74605.05452
1263.650291,0,0,0,0,0,0,1,74605.05452
1264.650291,0,0,0,0,0,0,1,74605.05452
1265.650291,0,0,0,0,0,0,1,74605.05452
1266.650291,0,0,0,0,0,0,1,74605.05452
1267.650291,0,0,0,0,0,0,1,74605.05452
1268.650291,0,0,0,0,0,0,1,74605.05452
1269.650291,0,0,0,0,0,0,1,74605.05452
1270.650291,0,0,0,0,0,0,1,74605.05452
1271.650291,0,0,0,0,0,0,1,74605.05452
1272.650291,0,0,0,0,0,0,1,74605.05452
1273.650291,0,0,0,0,0,0,1,74605.05452
1274.650291,0,0,0,0,0,0,1,74605.05452
1275.650291,0,0,0,0,0,0,1,74605.05452
1276.650291,0,0,0,0,0,0,1,74605.05452
1277.650291,0,0,0,0,0,0,1,74605.05452
1278.650291,0,0,0,0,0,0,1,74605.05452
1279.650291,0,0,0,0,0,0,1,74605.05452
1280.650291,0,0,0,0,0,0,1,74605.05452
1281.650291,0,0,0,0,0,0,1,74605.05452
1282.650291,0,0,0,0,0,0,1,74605.05452
1283.650291,0,0,0,0,0,0,1,74605.05452
1284.650291,0,0,0,0,0,0,1,74605.05452
1285.650291,0,0,0,0,0,0,1,74605.05452
1286.650291,0,0,0,0,0,0,1,74605.05452
1287.650291,0,0,0,0,0,0,1,74605.05452
1288.650291,0,0,0,0,0,0,1,74605.05452
1289.650291,0,0,0,0,0,0,1,74605.05452
1290.650291,0,0,0,0,0,0,1,74605.05452
1291.650291,0,0,0,0,0,0,1,74605.05452
1292.650291,0,0,0,0,0,0,1,74605.05452
1293.650291,0,0,0,0,0,0,1,74605.05452
1294.650291,0,0,0,0,0,0,1,74605.05452
1295.650291,0,0,0,0,0,0,1,74605.05452
1296.650291,0,0,0,0,0,0,1,74605.05452
1297.650291,0,0,0,0,0,0,1,74605.05452
1298.650291,0,0,0,0,0,0,1,74605.05452
1299.650291,0,0,0,0,0,0,1,74605.05452
1300.650291,0,0,0,0,0,0,1,74605.05452
1301.650291,0,0,0,0,0,0,1,74605.05452
1302.650291,0,0,0,0,0,0,1,74605.05452
1303.650291,0,0,0,0,0,0,1,74605.05452
1304.650291,0,0,0,0,0,0,1,74605.05452
1305.650291,0,0,0,0,0,0,1,74605.05452
1306.650291,0,0,0,0,0,0,1,74605.05452
1307.650291,0,0,0,0,0,0,1,74605.05452
1308.650291,0,0,0,0,0,0,1,74605.05452
1309.650291,0,0,0,0,0,0,1,74605.05452
1310.650291,0,0,0,0,0,0,1,74605.05452
1311.650291,0,0,0,0,0,0,1,74605.05452
1312.650291,0,0,0,0,0,0,1,74605.05452
1313.650291,0,0,0,0,0,0,1,74605.05452
1314.650291,0,0,0,0,0,0,1,74605.05452
1315.650291,0,0,0,0,0,0,1,74605.05452
1316.650291,0,0,0,0,0,0,1,74605.05452
1317.650291,0,0,0,0,0,0,1,74605.05452
1318.650291,0,0,0,0,0,0,1,74605.05452
1319.650291,0,0,0,0,0,0,1,74605.05452
1320.650291,0,0,0,0,0,0,1,74605.05452
1321.650291,0,0,0,0,0,0,1,74605.05452
1322.650291,0,0,0,0,0,0,1,74605.05452
1323.650291,0,0,0,0,0,0,1,74605.05452
1324.650291,0,0,0,0,0,0,1,74605.05452
1325.650291,0,0,0,0,0,0,1,74605.05452
1326.650291,0,0,0,0,0,0,1,74605.05452
1327.650291,0,0,0,0,0,0,1,74605.05452
1328.650291,0,0,0,0,0,0,1,74605.05452
1329.650291,0,0,0,0,0,0,1,74605.05452
1330.650291,0,0,0,0,0,0,1,74605.05452
1331.650291,0,0,0,0,0,0,1,74605.05452
1332.650291,0,0,0,0,0,0,1,74605.05452
1333.650291,0,0,0,0,0,0,1,74605.05452
1334.650291,0,0,0,0,0,0,1,74605.05452
1335.650291,0,0,0,0,0,0,1,74605.05452
1336.650291,0,0,0,0,0,0,1,74605.05452
1337.650291,0,0,0,0,0,0,1,74605.05452
1338.650291,0,0,0,0,0,0,1,74605.05452
1339.650291,0,0,0,0,0,0,1,74605.05452
1340.650291,0,0,0,0,0,0,1,74605.05452
1341.650291,0,0,0,0,0,0,1,74605.05452
1342.650291,0,0,0,0,0,0,1,74605.05452
1343.650291,0,0,0,0,0,0,1,74605.05452
1344.650291,0,0,0,0,0,0,1,74605.05452
1345.650291,0,0,0,0,0,0,1,74605.05452
1346.650291,0,0,0,0,0,0,1,74605.05452
1347.650291,0,0,0,0,0,0,1,74605.05452
1348.650291,0,0,0,0,0,0,1,74605.05452
1349.650291,0,0,0,0,0,0,1,74605.05452
1350.650291,0,0,0,0,0,0,1,74605.05452
1351.650291,0,0,0,0,0,0,1,74605.05452
1352.650291,0,0,0,0,0,0,1,74605.05452
1353.650291,0,0,0,0,0,0,1,74605.05452
1354.650291,0,0,0,0,0,0,1,74605.05452
1355.650291,0,0,0,0,0,0,1,74605.05452
1356.650291,0,0,0,0,0,0,1,74605.05452
1357.650291,0,0,0,0,0,0,1,74605.05452
1358.650291,0,0,0,0,0,0,1,74605.05452
1359.650291,0,0,0,0,0,0,1,74605.05452
1360.650291,0,0,0,0,0,0,1,74605.05452
1361.650291,0,0,0,0,0,0,1,74605.05452
1362.650291,0,0,0,0,0,0,1,74605.05452
1363.650291,0,0,0,0,0,0,1,74605.05452
1364.650291,0,0,0,0,0,0,1,74605.05452
1365.650291,0,0,0,0,0,0,1,74605.05452
1366.650291,0,0,0,0,0,0,1,74605.05452
1367.650291,0,0,0,0,0,0,1,74605.05452
1368.650291,0,0,0,0,0,0,1,74605.05452
1369.650291,0,0,0,0,0,0,1,74605.05452
1370.650291,0,0,0,0,0,0,1,74605.05452
1371.650291,0,0,0,0,0,0,1,74605.05452
1372.650291,0,0,0,0,0,0,1,74605.05452
1373.650291,0,0,0,0,0,0,1,74605.05452
1374.650291,0,0,0,0,0,0,1,74605.05452
1375.650291,0,0,0,0,0,0,1,74605.05452
1376.650291,0,0,0,0,0,0,1,74605.05452
1377.650291,0,0,0,0,0,0,1,74605.05452
1378.650291,0,0,0,0,0,0,1,74605.05452
1379.650291,0,0,0,0,0,0,1,74605.05452
1380.650291,0,0,0,0,0,0,1,74605.05452
1381.650291,0,0,0,0,0,0,1,74605.05452
1382.650291,0,0,0,0,0,0,1,74605.05452
1383.650291,0,0,0,0,0,0,1,74605.05452
1384.650291,0,0,0,0,0,0,1,74605.05452
1385.650291,0,0,0,0,0,0,1,74605.05452
1386.650291,0,0,0,0,0,0,1,74605.05452
1387.650291,0,0,0,0,0,0,1,74605.05452
1388.650291,0,0,0,0,0,0,1,74605.05452
1389.650291,0,0,0,0,0,0,1,74605.05452
1390.650291,0,0,0,0,0,0,1,74605.05452
1391.650291,0,0,0,0,0,0,1,74605.05452
1392.650291,0,0,0,0,0,0,1,74605.05452
1393.650291,0,0,0,0,0,0,1,74605.05452
1394.650291,0,0,0,0,0,0,1,74605.05452
1395.650291,0,0,0,0,0,0,1,74605.05452
1396.650291,0,0,0,0,0,0,1,74605.05452
1397.650291,0,0,0,0,0,0,1,74605.05452
1398.650291,0,0,0,0,0,0,1,74605.05452
1399.650291,0,0,0,0,0,0,1,74605.05452
1400.650291,0,0,0,0,0,0,1,74605.05452
1401.650291,0,0,0,0,0,0,1,74605.05452
1402.650291,0,0,0,0,0,0,1,74605.05452
1403.650291,0,0,0,0,0,0,1,74605.05452
1404.650291,0,0,0,0,0,0,1,74605.05452
1405.650291,0,0,0,0,0,0,1,74605.05452
1406.650291,0,0,0,0,0,0,1,74605.05452
1407.650291,0,0,0,0,0,0,1,74605.05452
1408.650291,0,0,0,0,0,0,1,74605.05452
1409.650291,0,0,0,0,0,0,1,74605.05452
1410.650291,0,0,0,0,0,0,1,74605.05452
1411.650291,0,0,0,0,0,0,1,74605.05452
1412.650291,0,0,0,0,0,0,1,74605.05452
1413.650291,0,0,0,0,0,0,1,74605.05452
1414.650291,0,0,0,0,0,0,1,74605.05452
1415.650291,0,0,0,0,0,0,1,74605.05452
1416.650291,0,0,0,0,0,0,1,74605.05452
1417.650291,0,0,0,0,0,0,1,74605.05452
1418.650291,0,0,0,0,0,0,1,74605.05452
1419.650291,0,0,0,0,0,0,1,74605.05452
1420.650291,0,0,0,0,0,0,1,74605.05452
1421.650291,0,0,0,0,0,0,1,74605.05452
1422.650291,0,0,0,0,0,0,1,74605.05452
1423.650291,0,0,0,0,0,0,1,74605.05452
1424.650291,0,0,0,0,0,0,1,74605.05452
1425.650291,0,0,0,0,0,0,1,74605.05452
1426.650291,0,0,0,0,0,0,1,74605.05452
1427.650291,0,0,0,0,0,0,1,74605.05452
1428.650291,0,0,0,0,0,0,1,74605.05452
1429.650291,0,0,0,0,0,0,1,74605.05452
1430.650291,0,0,0,0,0,0,1,74605.05452
1431.650291,0,0,0,0,0,0,1,74605.05452
1432.650291,0,0,0,0,0,0,1,74605.05452
1433.650291,0,0,0,0,0,0,1,74605.05452
1434.650291,0,0,0,0,0,0,1,74605.05452
1435.650291,0,0,0,0,0,0,1,74605.05452
1436.650291,0,0,0,0,0,0,1,74605.05452
1437.650291,0,0,0,0,0,0,1,74605.05452
1438.650291,0,0,0,0,0,0,1,74605.05452
1439.650291,0,0,0,0,0,0,1,74605.05452
1440.650291,0,0,0,0,0,0,1,74605.05452
1441.650291,0,0,0,0,0,0,1,74605.05452
1442.650291,0,0,0,0,0,0,1,74605.05452
1443.650291,0,0,0,0,0,0,1,74605.05452
1444.650291,0,0,0,0,0,0,1,74605.05452
1445.650291,0,0,0,0,0,0,1,74605.05452
1446.650291,0,0,0,0,0,0,1,74605.05452
1447.650291,0,0,0,0,0,0,1,74605.05452
1448.650291,0,0,0,0,0,0,1,74605.05452
1449.650291,0,0,0,0,0,0,1,74605.05452
1450.650291,0,0,0,0,0,0,1,74605.05452
1451.650291,0,0,0,0,0,0,1,74605.05452
1452.650291,0,0,0,0,0,0,1,74605.05452
1453.650291,0,0,0,0,0,0,1,74605.05452
1454.650291,0,0,0,0,0,0,1,74605.05452
1455.650291,0,0,0,0,0,0,1,74605.05452
1456.650291,0,0,0,0,0,0,1,74605.05452
1457.650291,0,0,0,0,0,0,1,74605.05452
1458.650291,0,0,0,0,0,0,1,74605.05452
1459.650291,0,0,0,0,0,0,1,74605.05452
1460.650291,0,0,0,0,0,0,1,74605.05452
1461.650291,0,0,0,0,0,0,1,74605.05452
1462.650291,0,0,0,0,0,0,1,74605.05452
1463.650291,0,0,0,0,0,0,1,74605.05452
1464.650291,0,0,0,0,0,0,1,74605.05452
1465.650291,0,0,0,0,0,0,1,74605.05452
1466.650291,0,0,0,0,0,0,0,0
1467.650291,0,0,0,0,0,0,0,0
1468.650291,0,0,0,0,0,0,0,0
1469.650291,0,0,0,0,0,0,0,0
1470.650291,0,0,0,0,0,0,0,0
1471.650291,0,0,0,0,0,0,0,0
1472.650291,0,0,0,0,0,0,0,0
1473.650291,0,0,0,0,0,0,0,0
1474.650291,0,0,0,0,0,0,0,0
1475.650291,0,0,0,0,0,0,0,0
1476.650291,0,0,0,0,0,0,0,0
1477.650291,0,0,0,0,0,0,0,0
1478.650291,0,0,0,0,0,0,0,0
1479.650291,0,0,0,0,0,0,0,0
1480.650291,0,0,0,0,0,0,0,0
1481.650291,0,0,0,0,0,0,0,0
1482.650291,0,0,0,0,0,0,0,0
1483.650291,0,0,0,0,0,0,0,0
1484.650291,0,0,0,0,0,0,0,0
1485.650291,1,140245.8894,0,0,0,0,0,0
1486.650291,1,140245.8894,0,0,0,0,0,0
1487.650291,1,140245.8894,0,0,0,0,0,0
1488.650291,1,140245.8894,0,0,0,0,0,0
1489.650291,1,140245.8894,0,0,0,0,0,0
1490.650291,1,140245.8894,0,0,0,0,0,0
1491.650291,1,140245.8894,0,0,0,0,0,0
1492.276718,1,140245.8894,0,0,0,0,0,0
1493.276718,1,140245.8894,0,0,0,0,0,0
1494.276718,1,140245.8894,0,0,0,0,0,0
1495.276718,1,140245.8894,1,103150.453,0,0,0,0
1496.276718,1,140245.8894,1,103150.453,0,0,0,0
1497.276718,1,140245.8894,1,103150.453,0,0,0,0
1498.276718,1,140245.8894,1,103150.453,0,0,0,0
1499.276718,1,140245.8894,1,103150.453,0,0,0,0
1500.276718,1,140245.8894,1,103150.453,0,0,0,0
1501.276718,1,140245.8894,1,103150.453,0,0,0,0
1502.276718,1,140245.8894,1,103150.453,0,0,0,0
1503.276718,1,140245.8894,1,103150.453,0,0,0,0
1504.276718,1,140245.8894,1,103150.453,0,0,0,0
1505.276718,1,140245.8894,1,103150.453,0,0,0,0
1506.276718,1,140245.8894,1,103150.453,0,0,0,0
1507.276718,1,140245.8894,1,103150.453,0,0,0,0
1508.276718,1,140245.8894,1,103150.453,0,0,0,0
1509.276718,1,140245.8894,1,103150.453,0,0,0,0
1510.276718,1,140245.8894,1,103150.453,0,0,0,0
1511.276718,1,140245.8894,1,103150.453,0,0,0,0
1512.276718,1,140245.8894,1,103150.453,0,0,0,0
1513.276718,1,140245.8894,1,103150.453,0,0,0,0
1514.276718,1,140245.8894,1,103150.453,0,0,0,0
1515.276718,1,140245.8894,1,103150.453,0,0,0,0
1516.276718,1,140245.8894,1,103150.453,0,0,0,0
1517.276718,1,140245.8894,1,103150.453,0,0,0,0
1518.276718,1,140245.8894,1,103150.453,0,0,0,0
1519.276718,1,140245.8894,1,103150.453,0,0,0,0
1520.276718,1,140245.8894,1,103150.453,0,0,0,0
1521.276718,1,140245.8894,1,103150.453,0,0,0,0
1522.276718,1,140245.8894,1,103150.453,0,0,0,0
1523.276718,1,140245.8894,1,103150.453,0,0,0,0
1524.276718,1,140245.8894,1,103150.453,0,0,0,0
1525.276718,1,140245.8894,1,103150.453,0,0,0,0
1526.276718,1,140245.8894,1,103150.453,0,0,0,0
1527.276718,1,140245.8894,1,103150.453,0,0,0,0
1528.276718,1,140245.8894,1,103150.453,0,0,0,0
1529.276718,1,140245.8894,1,103150.453,0,0,0,0
1530.276718,1,140245.8894,1,103150.453,0,0,0,0
1531.276718,1,140245.8894,1,103150.453,0,0,0,0
1532.276718,1,140245.8894,1,103150.453,0,0,0,0
1533.276718,1,140245.8894,1,103150.453,0,0,0,0
1534.276718,1,140245.8894,1,103150.453,0,0,0,0
1535.276718,1,140245.8894,1,103150.453,0,0,0,0
1536.276718,1,140245.8894,1,103150.453,0,0,0,0
1537.276718,1,140245.8894,1,103150.453,0,0,0,0
1538.276718,1,140245.8894,1,103150.453,0,0,0,0
1539.276718,1,140245.8894,1,103150.453,0,0,0,0
1540.276718,1,140245.8894,1,103150.453,0,0,0,0
1541.276718,1,140245.8894,1,103150.453,0,0,0,0
1542.276718,1,140245.8894,1,103150.453,0,0,0,0
1543.276718,1,140245.8894,1,103150.453,0,0,0,0
1544.276718,1,140245.8894,1,103150.453,0,0,0,0
1545.276718,1,140245.8894,1,103150.453,0,0,0,0
1546.276718,1,140245.8894,1,103150.453,0,0,0,0
1547.276718,1,140245.8894,1,103150.453,0,0,0,0
1548.276718,1,140245.8894,1,103150.453,0,0,0,0
1549.276718,1,140245.8894,1,103150.453,0,0,0,0
1550.276718,1,140245.8894,1,103150.453,0,0,0,0
1551.276718,1,140245.8894,1,103150.453,0,0,0,0
1552.276718,1,140245.8894,1,103150.453,0,0,0,0
1553.276718,1,140245.8894,1,103150.453,0,0,0,0
1554.276718,1,140245.8894,1,103150.453,0,0,0,0
1555.276718,1,140245.8894,1,103150.453,0,0,0,0
1556.276718,1,140245.8894,1,103150.453,0,0,0,0
1557.276718,1,140245.8894,1,103150.453,0,0,0,0
1558.276718,1,140245.8894,1,103150.453,0,0,0,0
1559.276718,1,140245.8894,1,103150.453,0,0,0,0
1560.276718,1,140245.8894,1,103150.453,0,0,0,0
1561.276718,1,140245.8894,1,103150.453,0,0,0,0
1562.276718,1,140245.8894,1,103150.453,0,0,0,0
1563.276718,1,140245.8894,1,103150.453,0,0,0,0
1564.276718,1,140245.8894,1,103150.453,0,0,0,0
1565.276718,1,140245.8894,1,103150.453,0,0,0,0
1566.276718,1,140245.8894,1,103150.453,0,0,0,0
1567.276718,1,140245.8894,1,103150.453,0,0,0,0
1568.276718,1,140245.8894,1,103150.453,0,0,0,0
1569.276718,1,140245.8894,1,103150.453,0,0,0,0
1570.276718,1,140245.8894,1,103150.453,0,0,0,0
1571.276718,1,140245.8894,1,103150.453,0,0,0,0
1572.276718,1,140245.8894,1,103150.453,0,0,0,0
1573.276718,1,140245.8894,1,103150.453,0,0,0,0
1574.276718,1,140245.8894,1,103150.453,0,0,0,0
1575.276718,1,140245.8894,1,103150.453,0,0,0,0
1576.276718,1,140245.8894,1,103150.453,0,0,0,0
1577.276718,1,140245.8894,1,103150.453,0,0,0,0
1578.276718,1,140245.8894,1,103150.453,0,0,0,0
1579.276718,1,140245.8894,1,103150.453,0,0,0,0
1580.276718,1,140245.8894,1,103150.453,0,0,0,0
1581.276718,1,140245.8894,1,103150.453,0,0,0,0
1582.276718,1,140245.8894,1,103150.453,0,0,0,0
1583.276718,1,140245.8894,1,103150.453,0,0,0,0
1584.276718,1,140245.8894,1,103150.453,0,0,0,0
1585.276718,1,140245.8894,1,103150.453,0,0,0,0
1586.276718,1,140245.8894,1,103150.453,0,0,0,0
1587.276718,1,140245.8894,1,103150.453,0,0,0,0
1588.276718,1,140245.8894,1,103150.453,0,0,0,0
1589.276718,1,140245.8894,1,103150.453,0,0,0,0
1590.276718,1,140245.8894,1,103150.453,0,0,0,0
1591.276718,1,140245.8894,1,103150.453,0,0,0,0
1592.276718,1,140245.8894,1,103150.453,0,0,0,0
1593.276718,1,140245.8894,1,103150.453,0,0,0,0
1594.276718,1,140245.8894,1,103150.453,0,0,0,0
1595.276718,1,140245.8894,1,103150.453,0,0,0,0
1596.276718,1,140245.8894,1,103150.453,0,0,0,0
1597.276718,1,140245.8894,1,103150.453,0,0,0,0
1598.276718,1,140245.8894,1,103150.453,0,0,0,0
1599.276718,1,140245.8894,1,103150.453,0,0,0,0
1600.276718,1,140245.8894,1,103150.453,0,0,0,0
1601.276718,1,140245.8894,1,103150.453,0,0,0,0
1602.276718,1,140245.8894,1,103150.453,0,0,0,0
1603.276718,1,140245.8894,1,103150.453,0,0,0,0
1604.276718,1,140245.8894,1,103150.453,0,0,0,0
1605.276718,1,140245.8894,1,103150.453,0,0,0,0
1606.276718,1,140245.8894,1,103150.453,0,0,0,0
1607.276718,1,140245.8894,1,103150.453,0,0,0,0
1608.276718,1,140245.8894,1,103150.453,0,0,0,0
1609.276718,1,140245.8894,1,103150.453,0,0,0,0
1610.276718,1,140245.8894,1,103150.453,0,0,0,0
1611.276718,1,140245.8894,1,103150.453,0,0,0,0
1612.276718,1,140245.8894,1,103150.453,0,0,0,0
1613.276718,1,140245.8894,1,103150.453,0,0,0,0
1614.276718,1,140245.8894,1,103150.453,0,0,0,0
1615.276718,1,140245.8894,1,103150.453,0,0,0,0
1616.276718,1,140245.8894,1,103150.453,0,0,0,0
1617.276718,1,140245.8894,1,103150.453,0,0,0,0
1618.276718,1,140245.8894,1,103150.453,0,0,0,0
1619.276718,1,140245.8894,1,103150.453,0,0,0,0
1620.276718,1,140245.8894,1,103150.453,0,0,0,0
1621.276718,1,140245.8894,1,103150.453,0,0,0,0
1622.276718,1,140245.8894,1,103150.453,0,0,0,0
1623.276718,1,140245.8894,1,103150.453,0,0,0,0
1624.276718,1,140245.8894,1,103150.453,0,0,0,0
1625.276718,1,140245.8894,1,103150.453,0,0,0,0
1626.276718,1,140245.8894,1,103150.453,0,0,0,0
1627.276718,1,140245.8894,1,103150.453,0,0,0,0
1628.276718,1,140245.8894,1,103150.453,0,0,0,0
1629.276718,1,140245.8894,1,103150.453,0,0,0,0
1630.276718,1,140245.8894,1,103150.453,0,0,0,0
1631.276718,1,140245.8894,1,103150.453,0,0,0,0
1632.276718,1,140245.8894,1,103150.453,0,0,0,0
1633.276718,1,140245.8894,1,103150.453,0,0,0,0
1634.276718,1,140245.8894,1,103150.453,0,0,0,0
1635.276718,1,140245.8894,1,103150.453,0,0,0,0
1636.276718,1,140245.8894,1,103150.453,0,0,0,0
1637.276718,1,140245.8894,1,103150.453,0,0,0,0
1638.276718,1,140245.8894,1,103150.453,0,0,0,0
1639.276718,1,140245.8894,1,103150.453,0,0,0,0
1640.276718,1,140245.8894,1,103150.453,0,0,0,0
1641.276718,1,140245.8894,1,103150.453,0,0,0,0
1642.276718,1,140245.8894,1,103150.453,0,0,0,0
1643.276718,1,140245.8894,1,103150.453,0,0,0,0
1644.276718,1,140245.8894,1,103150.453,0,0,0,0
1645.276718,1,140245.8894,1,103150.453,0,0,0,0
1646.276718,1,140245.8894,1,103150.453,0,0,0,0
1647.276718,1,140245.8894,1,103150.453,0,0,0,0
1648.276718,1,140245.8894,1,103150.453,0,0,0,0
1649.276718,1,140245.8894,1,103150.453,0,0,0,0
1650.276718,1,140245.8894,1,103150.453,0,0,0,0
1651.276718,1,140245.8894,1,103150.453,0,0,0,0
1652.276718,1,140245.8894,1,103150.453,0,0,0,0
1653.276718,1,140245.8894,1,103150.453,0,0,0,0
1654.276718,1,140245.8894,1,103150.453,0,0,0,0
1655.276718,1,140245.8894,1,103150.453,0,0,0,0
1656.276718,1,140245.8894,1,103150.453,0,0,0,0
1657.276718,1,140245.8894,1,103150.453,0,0,0,0
1658.276718,1,140245.8894,1,103150.453,0,0,0,0
1659.276718,1,140245.8894,1,103150.453,0,0,0,0
1660.276718,1,140245.8894,1,103150.453,0,0,0,0
1661.276718,1,140245.8894,1,103150.453,0,0,0,0
1662.276718,1,140245.8894,1,103150.453,0,0,0,0
1663.276718,1,140245.8894,1,103150.453,0,0,0,0
1664.276718,1,140245.8894,1,103150.453,0,0,0,0
1665.276718,1,140245.8894,1,103150.453,0,0,0,0
1666.276718,1,140245.8894,1,103150.453,0,0,0,0
1667.276718,1,140245.8894,1,103150.453,0,0,0,0
1668.276718,1,140245.8894,1,103150.453,0,0,0,0
1669.276718,1,140245.8894,1,103150.453,0,0,0,0
1670.276718,1,140245.8894,1,103150.453,0,0,0,0
1671.276718,1,140245.8894,1,103150.453,0,0,0,0
1672.276718,1,140245.8894,1,103150.453,0,0,0,0
1673.276718,1,140245.8894,1,103150.453,0,0,0,0
1674.276718,1,140245.8894,1,103150.453,0,0,0,0
1675.276718,1,140245.8894,1,103150.453,0,0,0,0
1676.276718,1,140245.8894,1,103150.453,0,0,0,0
1677.276718,1,140245.8894,1,103150.453,0,0,0,0
1678.276718,1,140245.8894,1,103150.453,0,0,0,0
1679.276718,1,140245.8894,1,103150.453,0,0,0,0
1680.276718,1,140245.8894,1,103150.453,0,0,0,0
1681.276718,1,140245.8894,1,103150.453,0,0,0,0
1682.276718,1,140245.8894,1,103150.453,0,0,0,0
1683.276718,1,140245.8894,1,103150.453,0,0,0,0
1684.276718,1,140245.8894,1,103150.453,0,0,0,0
1685.276718,1,140245.8894,1,103150.453,0,0,0,0
1686.276718,1,140245.8894,1,103150.453,0,0,0,0
1687.276718,1,140245.8894,1,103150.453,0,0,0,0
1688.276718,1,140245.8894,1,103150.453,0,0,0,0
1689.276718,1,140245.8894,1,103150.453,0,0,0,0
1690.276718,1,140245.8894,1,103150.453,0,0,0,0
1691.276718,1,140245.8894,1,103150.453,0,0,0,0
1692.276718,1,140245.8894,1,103150.453,0,0,0,0
1693.276718,1,140245.8894,1,103150.453,0,0,0,0
1694.276718,1,140245.8894,1,103150.453,0,0,0,0
1695.276718,1,140245.8894,1,103150.453,0,0,0,0
1696.276718,1,140245.8894,1,103150.453,0,0,0,0
1697.276718,1,140245.8894,1,103150.453,0,0,0,0
1698.276718,1,140245.8894,1,103150.453,0,0,0,0
1699.276718,1,140245.8894,1,103150.453,0,0,0,0
1700.276718,1,140245.8894,1,103150.453,0,0,0,0
1701.276718,1,140245.8894,1,103150.453,0,0,0,0
1702.276718,1,140245.8894,1,103150.453,0,0,0,0
1703.276718,1,140245.8894,1,103150.453,0,0,0,0
1704.276718,1,140245.8894,1,103150.453,0,0,0,0
1705.276718,1,140245.8894,1,103150.453,0,0,0,0
1706.276718,1,140245.8894,1,103150.453,0,0,0,0
1707.276718,1,140245.8894,1,103150.453,0,0,0,0
1708.276718,1,140245.8894,1,103150.453,0,0,0,0
1709.276718,1,140245.8894,1,103150.453,0,0,0,0
1710.276718,1,140245.8894,1,103150.453,0,0,0,0
1711.276718,1,140245.8894,1,103150.453,0,0,0,0
1712.276718,1,140245.8894,1,103150.453,0,0,0,0
1713.276718,1,140245.8894,1,103150.453,0,0,0,0
1714.276718,1,140245.8894,1,103150.453,0,0,0,0
1715.276718,1,140245.8894,1,103150.453,0,0,0,0
1716.276718,1,140245.8894,1,103150.453,0,0,0,0
1717.276718,1,140245.8894,1,103150.453,0,0,0,0
1718.276718,1,140245.8894,1,103150.453,0,0,0,0
1719.276718,1,140245.8894,1,103150.453,0,0,0,0
1720.276718,1,140245.8894,1,103150.453,0,0,0,0
1721.276718,1,140245.8894,1,103150.453,0,0,0,0
1722.276718,1,140245.8894,1,103150.453,0,0,0,0
1723.276718,1,140245.8894,1,103150.453,0,0,0,0
1724.276718,1,140245.8894,1,103150.453,0,0,0,0
1725.276718,1,140245.8894,1,103150.453,0,0,0,0
1726.276718,1,140245.8894,1,103150.453,0,0,0,0
1727.276718,1,140245.8894,1,103150.453,0,0,0,0
1728.276718,1,140245.8894,1,103150.453,0,0,0,0
1729.276718,1,140245.8894,1,103150.453,0,0,0,0
1730.276718,1,140245.8894,1,103150.453,0,0,0,0
1731.276718,1,140245.8894,1,103150.453,0,0,0,0
1732.276718,1,140245.8894,1,103150.453,0,0,0,0
1733.276718,1,140245.8894,1,103150.453,0,0,0,0
1734.276718,1,140245.8894,1,103150.453,0,0,0,0
1735.276718,1,140245.8894,1,103150.453,0,0,0,0
1736.276718,1,140245.8894,1,103150.453,0,0,0,0
1737.276718,1,140245.8894,1,103150.453,0,0,0,0
1738.276718,1,140245.8894,1,103150.453,0,0,0,0
1739.276718,1,140245.8894,1,103150.453,0,0,0,0
1740.276718,1,140245.8894,1,103150.453,0,0,0,0
1741.276718,1,140245.8894,1,103150.453,0,0,0,0
1742.276718,1,140245.8894,1,103150.453,0,0,0,0
1743.276718,1,140245.8894,1,103150.453,0,0,0,0
1744.276718,1,140245.8894,1,103150.453,0,0,0,0
1745.276718,1,140245.8894,1,103150.453,0,0,0,0
1746.276718,1,140245.8894,1,103150.453,0,0,0,0
1747.276718,1,140245.8894,1,103150.453,0,0,0,0
1748.276718,1,140245.8894,1,103150.453,0,0,0,0
1749.276718,1,140245.8894,1,103150.453,0,0,0,0
1750.276718,1,140245.8894,1,103150.453,0,0,0,0
1751.276718,1,140245.8894,1,103150.453,0,0,0,0
1752.276718,1,140245.8894,1,103150.453,0,0,0,0
1753.276718,1,140245.8894,1,103150.453,0,0,0,0
1754.276718,1,140245.8894,1,103150.453,0,0,0,0
1755.276718,1,140245.8894,1,103150.453,0,0,0,0
1756.276718,1,140245.8894,1,103150.453,0,0,0,0
1757.276718,1,140245.8894,1,103150.453,0,0,0,0
1758.276718,1,140245.8894,1,103150.453,0,0,0,0
1759.276718,1,140245.8894,1,103150.453,0,0,0,0
1760.276718,1,140245.8894,1,103150.453,0,0,0,0
1761.276718,1,140245.8894,1,103150.453,0,0,0,0
1762.276718,1,140245.8894,1,103150.453,0,0,0,0
1763.276718,1,140245.8894,1,103150.453,0,0,0,0
1764.276718,1,140245.8894,1,103150.453,0,0,0,0
1765.276718,1,140245.8894,1,103150.453,0,0,0,0
1766.276718,1,140245.8894,1,103150.453,0,0,0,0
1767.276718,1,140245.8894,1,103150.453,0,0,0,0
1768.276718,1,140245.8894,1,103150.453,0,0,0,0
1769.276718,1,140245.8894,1,103150.453,0,0,0,0
1770.276718,1,140245.8894,1,103150.453,0,0,0,0
1771.276718,1,140245.8894,1,103150.453,0,0,0,0
1772.276718,1,140245.8894,1,103150.453,0,0,0,0
1773.276718,1,140245.8894,1,103150.453,0,0,0,0
1774.276718,1,140245.8894,1,103150.453,1,159802.4909,0,0
1775.276718,1,140245.8894,1,103150.453,1,159802.4909,0,0
1776.276718,1,140245.8894,1,103150.453,1,159802.4909,0,0
1777.276718,1,140245.8894,1,103150.453,1,159802.4909,0,0
1778.276718,1,140245.8894,1,103150.453,1,159802.4909,0,0
1779.276718,1,140245.8894,1,103150.453,1,159802.4909,0,0
1780.276718,1,140245.8894,1,103150.453,1,159802.4909,0,0
1781.276718,1,140245.8894,1,103150.453,1,159802.4909,0,0
1782.276718,1,140245.8894,1,103150.453,1,159802.4909,0,0
1783.276718,1,140245.8894,1,103150.453,1,159802.4909,0,0
1784.276718,1,140245.8894,1,103150.453,1,159802.4909,0,0
1785.276718,1,140245.8894,1,103150.453,1,159802.4909,0,0
1786.276718,1,140245.8894,1,103150.453,1,159802.4909,0,0
1787.276718,1,140245.8894,1,103150.453,1,159802.4909,0,0
1788.276718,1,140245.8894,1,103150.453,1,159802.4909,0,0
1789.276718,1,140245.8894,1,103150.453,1,159802.4909,0,0
1790.276718,1,140245.8894,1,103150.453,1,159802.4909,0,0
1791.276718,1,140245.8894,1,103150.453,1,159802.4909,0,0
1792.276718,1,140245.8894,1,103150.453,1,159802.4909,0,0
1793.276718,1,140245.8894,1,103150.453,1,159802.4909,0,0
1794.276718,1,140245.8894,1,103150.453,1,159802.4909,0,0
1795.276718,1,140245.8894,1,103150.453,1,159802.4909,0,0
1796.276718,1,140245.8894,1,103150.453,1,159802.4909,0,0
1797.276718,1,140245.8894,1,103150.453,1,159802.4909,0,0
1798.276718,1,140245.8894,1,103150.453,1,159802.4909,0,0
1799.276718,1,140245.8894,1,103150.453,1,159802.4909,0,0
1800.276718,1,140245.8894,1,103150.453,1,159802.4909,0,0
1801.276718,1,140245.8894,1,103150.453,1,159802.4909,0,0
1802.276718,1,140245.8894,1,103150.453,1,159802.4909,0,0
1803.276718,1,140245.8894,1,103150.453,1,159802.4909,0,0
1804.276718,1,140245.8894,1,103150.453,1,159802.4909,0,0
1805.276718,1,140245.8894,1,103150.453,1,159802.4909,0,0
1806.276718,1,140245.8894,1,103150.453,1,159802.4909,0,0
1807.276718,1,140245.8894,1,103150.453,1,159802.4909,0,0
1808.276718,1,140245.8894,1,103150.453,1,159802.4909,0,0
1809.276718,1,140245.8894,1,103150.453,1,159802.4909,0,0
1810.276718,1,140245.8894,1,103150.453,1,159802.4909,0,0
1811.276718,1,140245.8894,1,103150.453,1,159802.4909,0,0
1812.276718,1,140245.8894,1,103150.453,1,159802.4909,0,0
1813.276718,1,140245.8894,1,103150.453,1,159802.4909,0,0
1814.276718,1,140245.8894,1,103150.453,1,159802.4909,0,0
1815.276718,1,140245.8894,1,103150.453,1,159802.4909,0,0
1816.276718,1,140245.8894,1,103150.453,1,159802.4909,0,0
1817.276718,1,140245.8894,1,103150.453,1,159802.4909,0,0
1818.276718,1,140245.8894,1,103150.453,1,159802.4909,0,0
1819.276718,1,140245.8894,1,103150.453,1,159802.4909,0,0
1820.276718,1,140245.8894,1,103150.453,1,159802.4909,0,0
1821.276718,1,140245.8894,1,103150.453,1,159802.4909,0,0
1822.276718,1,140245.8894,1,103150.453,1,159802.4909,0,0
1823.276718,1,140245.8894,1,103150.453,1,159802.4909,0,0
1824.276718,1,140245.8894,1,103150.453,1,159802.4909,0,0
1825.276718,1,140245.8894,1,103150.453,1,159802.4909,0,0
1826.276718,1,140245.8894,1,103150.453,1,159802.4909,0,0
1827.276718,1,140245.8894,1,103150.453,1,159802.4909,0,0
1828.276718,1,140245.8894,1,103150.453,1,159802.4909,0,0
1829.276718,1,140245.8894,1,103150.453,1,159802.4909,0,0
1830.276718,1,140245.8894,1,103150.453,1,159802.4909,0,0
1831.276718,1,140245.8894,1,103150.453,1,159802.4909,0,0
1832.276718,1,140245.8894,1,103150.453,1,159802.4909,0,0
1833.276718,1,140245.8894,1,103150.453,1,159802.4909,0,0
1834.276718,1,140245.8894,1,103150.453,1,159802.4909,0,0
1835.276718,1,140245.8894,1,103150.453,1,159802.4909,0,0
1836.276718,1,140245.8894,1,103150.453,1,159802.4909,0,0
1837.276718,1,140245.8894,1,103150.453,1,159802.4909,0,0
1838.276718,1,140245.8894,1,103150.453,1,159802.4909,0,0
1839.276718,1,140245.8894,1,103150.453,1,159802.4909,0,0
1840.276718,1,140245.8894,1,103150.453,1,159802.4909,0,0
1841.276718,1,140245.8894,1,103150.453,1,159802.4909,0,0
1842.276718,1,140245.8894,1,103150.453,1,159802.4909,0,0
1843.276718,1,140245.8894,1,103150.453,1,159802.4909,0,0
1844.276718,1,140245.8894,1,103150.453,1,159802.4909,0,0
1845.276718,1,140245.8894,1,103150.453,1,159802.4909,0,0
1846.276718,1,140245.8894,1,103150.453,1,159802.4909,0,0
1847.276718,1,140245.8894,1,103150.453,1,159802.4909,0,0
1848.276718,1,140245.8894,1,103150.453,1,159802.4909,0,0
1849.276718,1,140245.8894,1,103150.453,1,159802.4909,0,0
1850.276718,1,140245.8894,1,103150.453,1,159802.4909,0,0
1851.276718,1,140245.8894,1,103150.453,1,159802.4909,0,0
1852.276718,1,140245.8894,1,103150.453,1,159802.4909,0,0
1853.276718,1,140245.8894,1,103150.453,1,159802.4909,0,0
1854.276718,1,140245.8894,1,103150.453,1,159802.4909,0,0
1855.276718,1,140245.8894,1,103150.453,1,159802.4909,0,0
1856.276718,1,140245.8894,1,103150.453,1,159802.4909,0,0
1857.276718,1,140245.8894,1,103150.453,1,159802.4909,0,0
1858.276718,1,140245.8894,1,103150.453,1,159802.4909,0,0
1859.276718,1,140245.8894,1,103150.453,1,159802.4909,0,0
1860.276718,1,140245.8894,1,103150.453,1,159802.4909,0,0
1861.276718,1,140245.8894,1,103150.453,1,159802.4909,0,0
1862.276718,1,140245.8894,1,103150.453,1,159802.4909,0,0
1863.276718,1,140245.8894,1,103150.453,1,159802.4909,0,0
1864.276718,1,140245.8894,1,103150.453,1,159802.4909,0,0
1865.276718,1,140245.8894,1,103150.453,1,159802.4909,0,0
1866.276718,1,140245.8894,1,103150.453,1,159802.4909,0,0
1867.276718,1,140245.8894,1,103150.453,1,159802.4909,0,0
1868.276718,1,140245.8894,1,103150.453,1,159802.4909,0,0
1869.276718,1,140245.8894,1,103150.453,1,159802.4909,0,0
1870.276718,1,140245.8894,1,103150.453,1,159802.4909,0,0
1871.276718,1,140245.8894,1,103150.453,1,159802.4909,0,0
1872.276718,1,140245.8894,1,103150.453,1,159802.4909,0,0
1873.276718,1,140245.8894,1,103150.453,1,159802.4909,0,0
1874.276718,1,140245.8894,1,103150.453,1,159802.4909,0,0
1875.276718,1,140245.8894,1,103150.453,1,159802.4909,0,0
1876.276718,1,140245.8894,1,103150.453,1,159802.4909,0,0
1877.276718,1,140245.8894,1,103150.453,1,159802.4909,0,0
1878.276718,1,140245.8894,1,103150.453,1,159802.4909,0,0
1879.276718,1,140245.8894,1,103150.453,1,159802.4909,0,0
1880.276718,1,140245.8894,1,103150.453,1,159802.4909,0,0
1881.276718,1,140245.8894,1,103150.453,1,159802.4909,0,0
1882.276718,1,140245.8894,1,103150.453,1,159802.4909,0,0
1883.276718,1,140245.8894,1,103150.453,1,159802.4909,0,0
1884.276718,1,140245.8894,1,103150.453,1,159802.4909,0,0
1885.276718,1,140245.8894,1,103150.453,1,159802.4909,0,0
1886.276718,1,140245.8894,1,103150.453,1,159802.4909,0,0
1887.276718,1,140245.8894,1,103150.453,1,159802.4909,0,0
1888.276718,1,140245.8894,1,103150.453,1,159802.4909,0,0
1889.276718,1,140245.8894,1,103150.453,1,159802.4909,0,0
1890.276718,1,140245.8894,1,103150.453,1,159802.4909,0,0
1891.276718,1,140245.8894,1,103150.453,1,159802.4909,0,0
1892.276718,1,140245.8894,1,103150.453,1,159802.4909,0,0
1893.276718,1,140245.8894,1,103150.453,1,159802.4909,0,0
1894.276718,1,140245.8894,1,103150.453,1,159802.4909,0,0
1895.276718,1,140245.8894,1,103150.453,1,159802.4909,0,0
1896.276718,1,140245.8894,1,103150.453,1,159802.4909,0,0
1897.276718,1,140245.8894,1,103150.453,1,159802.4909,0,0
1898.276718,1,140245.8894,1,103150.453,1,159802.4909,0,0
1899.276718,1,140245.8894,1,103150.453,1,159802.4909,0,0
1900.276718,1,140245.8894,1,103150.453,1,159802.4909,0,0
1901.276718,1,140245.8894,1,103150.453,1,159802.4909,0,0
1902.276718,1,140245.8894,1,103150.453,1,159802.4909,0,0
1903.276718,1,140245.8894,1,103150.453,1,159802.4909,0,0
1904.276718,1,140245.8894,1,103150.453,1,159802.4909,0,0
1905.276718,1,140245.8894,1,103150.453,1,159802.4909,0,0
1906.276718,1,140245.8894,1,103150.453,1,159802.4909,0,0
1907.276718,1,140245.8894,1,103150.453,1,159802.4909,0,0
1908.276718,1,140245.8894,1,103150.453,1,159802.4909,0,0
1909.276718,1,140245.8894,1,103150.453,1,159802.4909,0,0
1910.276718,1,140245.8894,1,103150.453,1,159802.4909,0,0
1911.276718,1,140245.8894,1,103150.453,1,159802.4909,0,0
1912.276718,1,140245.8894,1,103150.453,1,159802.4909,0,0
1913.276718,1,140245.8894,1,103150.453,1,159802.4909,0,0
1914.276718,1,140245.8894,1,103150.453,1,159802.4909,0,0
1915.276718,1,140245.8894,1,103150.453,1,159802.4909,0,0
1916.276718,1,140245.8894,1,103150.453,1,159802.4909,0,0
1917.276718,1,140245.8894,1,103150.453,1,159802.4909,0,0
1918.276718,1,140245.8894,1,103150.453,1,159802.4909,0,0
1919.276718,1,140245.8894,1,103150.453,1,159802.4909,0,0
1920.276718,1,140245.8894,1,103150.453,1,159802.4909,0,0
1921.276718,1,140245.8894,1,103150.453,1,159802.4909,0,0
1922.276718,1,140245.8894,1,103150.453,1,159802.4909,0,0
1923.276718,1,140245.8894,1,103150.453,1,159802.4909,0,0
1924.276718,1,140245.8894,1,103150.453,1,159802.4909,0,0
1925.276718,1,140245.8894,1,103150.453,1,159802.4909,0,0
1926.276718,1,140245.8894,1,103150.453,1,159802.4909,0,0
1927.276718,1,140245.8894,1,103150.453,1,159802.4909,0,0
1928.276718,1,140245.8894,1,103150.453,1,159802.4909,0,0
1929.276718,1,140245.8894,1,103150.453,1,159802.4909,0,0
1930.276718,1,140245.8894,1,103150.453,1,159802.4909,0,0
1931.276718,1,140245.8894,1,103150.453,1,159802.4909,0,0
1932.276718,1,140245.8894,1,103150.453,1,159802.4909,0,0
1933.276718,1,140245.8894,1,103150.453,1,159802.4909,0,0
1934.276718,1,140245.8894,1,103150.453,1,159802.4909,0,0
1935.276718,1,140245.8894,1,103150.453,1,159802.4909,0,0
1936.276718,1,140245.8894,1,103150.453,1,159802.4909,0,0
1937.276718,1,140245.8894,1,103150.453,1,159802.4909,0,0
1938.276718,1,140245.8894,1,103150.453,1,159802.4909,0,0
1939.276718,1,140245.8894,1,103150.453,1,159802.4909,0,0
1940.276718,1,140245.8894,1,103150.453,1,159802.4909,0,0
1941.276718,1,140245.8894,1,103150.453,1,159802.4909,0,0
1942.276718,1,140245.8894,1,103150.453,1,159802.4909,0,0
1943.276718,1,140245.8894,1,103150.453,1,159802.4909,0,0
1944.276718,1,140245.8894,1,103150.453,1,159802.4909,0,0
1945.276718,1,140245.8894,1,103150.453,1,159802.4909,0,0
1946.276718,1,140245.8894,1,103150.453,1,159802.4909,0,0
1947.276718,1,140245.8894,1,103150.453,1,159802.4909,0,0
1948.276718,1,140245.8894,1,103150.453,1,159802.4909,0,0
1949.276718,1,140245.8894,1,103150.453,1,159802.4909,0,0
1950.276718,1,140245.8894,1,103150.453,1,159802.4909,0,0
1951.276718,1,140245.8894,1,103150.453,1,159802.4909,0,0
1952.276718,1,140245.8894,1,103150.453,1,159802.4909,0,0
1953.276718,1,140245.8894,1,103150.453,1,159802.4909,0,0
1954.276718,1,140245.8894,1,103150.453,1,159802.4909,0,0
1955.276718,1,140245.8894,1,103150.453,1,159802.4909,0,0
1956.276718,1,140245.8894,1,103150.453,1,159802.4909,0,0
1957.276718,1,140245.8894,1,103150.453,1,159802.4909,0,0
1958.276718,1,140245.8894,1,103150.453,1,159802.4909,0,0
1959.276718,1,140245.8894,1,103150.453,1,159802.4909,0,0
1960.276718,1,140245.8894,1,103150.453,1,159802.4909,0,0
1961.276718,1,140245.8894,1,103150.453,1,159802.4909,0,0
1962.276718,1,140245.8894,1,103150.453,1,159802.4909,0,0
1963.276718,1,140245.8894,1,103150.453,1,159802.4909,0,0
1964.276718,1,140245.8894,1,103150.453,1,159802.4909,0,0
1965.276718,1,140245.8894,1,103150.453,1,159802.4909,0,0
1966.276718,1,140245.8894,1,103150.453,1,159802.4909,0,0
1967.276718,1,140245.8894,1,103150.453,1,159802.4909,0,0
1968.276718,1,140245.8894,1,103150.453,1,159802.4909,0,0
1969.276718,1,140245.8894,1,103150.453,1,159802.4909,0,0
1970.276718,1,140245.8894,1,103150.453,1,159802.4909,0,0
1971.276718,1,140245.8894,1,103150.453,1,159802.4909,0,0
1972.276718,1,140245.8894,1,103150.453,1,159802.4909,0,0
1973.276718,1,140245.8894,1,103150.453,1,159802.4909,0,0
1974.276718,1,140245.8894,1,103150.453,1,159802.4909,0,0
1975.276718,1,140245.8894,1,103150.453,1,159802.4909,0,0
1976.276718,1,140245.8894,1,103150.453,1,159802.4909,0,0
1977.276718,1,140245.8894,0,0,1,159802.4909,0,0
1978.276718,1,140245.8894,0,0,1,159802.4909,0,0
1979.276718,1,140245.8894,0,0,1,159802.4909,0,0
1980.276718,1,140245.8894,0,0,1,159802.4909,0,0
1981.276718,1,140245.8894,0,0,1,159802.4909,0,0
1982.276718,1,140245.8894,0,0,1,159802.4909,0,0
1983.276718,1,140245.8894,0,0,1,159802.4909,0,0
1984.276718,1,140245.8894,0,0,1,159802.4909,0,0
1985.276718,1,140245.8894,0,0,1,159802.4909,0,0
1986.276718,1,140245.8894,0,0,1,159802.4909,0,0
1987.276718,1,140245.8894,0,0,1,159802.4909,0,0
1988.276718,1,140245.8894,0,0,1,159802.4909,0,0
1989.276718,1,140245.8894,0,0,1,159802.4909,0,0
1990.276718,1,140245.8894,0,0,1,159802.4909,0,0
1991.276718,1,140245.8894,0,0,1,159802.4909,0,0
1992.276718,1,140245.8894,0,0,1,159802.4909,0,0
1993.276718,1,140245.8894,0,0,1,159802.4909,0,0
1994.276718,1,140245.8894,0,0,1,159802.4909,0,0
1995.276718,1,140245.8894,0,0,1,159802.4909,0,0
1996.276718,1,140245.8894,0,0,1,159802.4909,0,0
1997.276718,1,140245.8894,0,0,1,159802.4909,0,0
1998.276718,1,140245.8894,0,0,1,159802.4909,0,0
1999.276718,1,140245.8894,0,0,1,159802.4909,0,0
2000.276718,1,140245.8894,0,0,1,159802.4909,0,0
2001.276718,1,140245.8894,0,0,1,159802.4909,0,0
2002.276718,1,140245.8894,0,0,1,159802.4909,0,0
2003.276718,1,140245.8894,0,0,1,159802.4909,0,0
2004.276718,1,140245.8894,0,0,1,159802.4909,0,0
2005.276718,1,140245.8894,0,0,1,159802.4909,0,0
2006.276718,1,140245.8894,0,0,1,159802.4909,0,0
2007.276718,1,140245.8894,0,0,1,159802.4909,0,0
2008.276718,1,140245.8894,0,0,1,159802.4909,0,0
2009.276718,1,140245.8894,0,0,1,159802.4909,0,0
2010.276718,1,140245.8894,0,0,1,159802.4909,0,0
2011.276718,1,140245.8894,0,0,1,159802.4909,0,0
2012.276718,1,140245.8894,0,0,1,159802.4909,0,0
2013.276718,1,140245.8894,0,0,1,159802.4909,0,0
2014.276718,1,140245.8894,0,0,1,159802.4909,0,0
2015.276718,1,140245.8894,0,0,1,159802.4909,0,0
2016.276718,1,140245.8894,0,0,1,159802.4909,0,0
2017.276718,1,140245.8894,0,0,1,159802.4909,0,0
2018.276718,1,140245.8894,0,0,1,159802.4909,0,0
2019.276718,1,140245.8894,0,0,1,159802.4909,0,0
2020.276718,1,140245.8894,0,0,1,159802.4909,0,0
2021.276718,1,140245.8894,0,0,1,159802.4909,0,0
2022.276718,1,140245.8894,0,0,1,159802.4909,0,0
2023.276718,1,140245.8894,0,0,1,159802.4909,0,0
2024.276718,1,140245.8894,0,0,1,159802.4909,0,0
2025.276718,1,140245.8894,0,0,1,159802.4909,0,0
2026.276718,1,140245.8894,0,0,1,159802.4909,0,0
2027.276718,1,140245.8894,0,0,1,159802.4909,0,0
2028.276718,1,140245.8894,0,0,1,159802.4909,0,0
2029.276718,1,140245.8894,0,0,1,159802.4909,0,0
2030.276718,1,140245.8894,0,0,1,159802.4909,0,0
2031.276718,1,140245.8894,0,0,1,159802.4909,0,0
2032.276718,1,140245.8894,0,0,1,159802.4909,0,0
2033.276718,1,140245.8894,0,0,1,159802.4909,0,0
2034.276718,1,140245.8894,0,0,1,159802.4909,0,0
2035.276718,1,140245.8894,0,0,1,159802.4909,0,0
2036.276718,1,140245.8894,0,0,1,159802.4909,0,0
2037.276718,1,140245.8894,0,0,1,159802.4909,0,0
2038.276718,1,140245.8894,0,0,1,159802.4909,0,0
2039.276718,1,140245.8894,0,0,1,159802.4909,0,0
2040.276718,1,140245.8894,0,0,1,159802.4909,0,0
2041.276718,1,140245.8894,0,0,1,159802.4909,0,0
2042.276718,1,140245.8894,0,0,1,159802.4909,0,0
2043.276718,1,140245.8894,0,0,1,159802.4909,0,0
2044.276718,1,140245.8894,0,0,1,159802.4909,0,0
2045.276718,1,140245.8894,0,0,1,159802.4909,0,0
2046.276718,1,140245.8894,0,0,1,159802.4909,0,0
2047.276718,1,140245.8894,0,0,1,159802.4909,0,0
2048.276718,1,140245.8894,0,0,1,159802.4909,0,0
2049.276718,1,140245.8894,0,0,1,159802.4909,0,0
2050.276718,1,140245.8894,0,0,1,159802.4909,0,0
2051.276718,1,140245.8894,0,0,1,159802.4909,0,0
2052.276718,1,140245.8894,0,0,1,159802.4909,0,0
2053.276718,1,140245.8894,0,0,1,159802.4909,0,0
2054.276718,1,140245.8894,0,0,1,159802.4909,0,0
2055.276718,1,140245.8894,0,0,1,159802.4909,0,0
2056.276718,1,140245.8894,0,0,1,159802.4909,0,0
2057.276718,1,140245.8894,0,0,1,159802.4909,0,0
2058.276718,1,140245.8894,0,0,1,159802.4909,0,0
2059.276718,1,140245.8894,0,0,1,159802.4909,0,0
2060.276718,1,140245.8894,0,0,1,159802.4909,0,0
2061.276718,1,140245.8894,0,0,1,159802.4909,0,0
2062.276718,1,140245.8894,0,0,1,159802.4909,0,0
2063.276718,1,140245.8894,0,0,1,159802.4909,0,0
2064.276718,1,140245.8894,0,0,1,159802.4909,0,0
2065.276718,1,140245.8894,0,0,1,159802.4909,0,0
2066.276718,1,140245.8894,0,0,1,159802.4909,0,0
2067.276718,1,140245.8894,0,0,1,159802.4909,0,0
2068.276718,1,140245.8894,0,0,1,159802.4909,0,0
2069.276718,1,140245.8894,0,0,1,159802.4909,0,0
2070.276718,1,140245.8894,0,0,1,159802.4909,0,0
2071.276718,1,140245.8894,0,0,1,159802.4909,0,0
2072.276718,1,140245.8894,0,0,1,159802.4909,0,0
2073.276718,1,140245.8894,0,0,1,159802.4909,0,0
2074.276718,1,140245.8894,0,0,1,159802.4909,0,0
2075.276718,1,140245.8894,0,0,1,159802.4909,0,0
2076.276718,1,140245.8894,0,0,1,159802.4909,0,0
2077.276718,1,140245.8894,0,0,1,159802.4909,0,0
2078.276718,1,140245.8894,0,0,1,159802.4909,0,0
2079.276718,1,140245.8894,0,0,1,159802.4909,0,0
2080.276718,1,140245.8894,0,0,1,159802.4909,0,0
2081.276718,1,140245.8894,0,0,1,159802.4909,0,0
2082.276718,1,140245.8894,0,0,1,159802.4909,0,0
2083.276718,1,140245.8894,0,0,1,159802.4909,0,0
2084.276718,1,140245.8894,0,0,1,159802.4909,0,0
2085.276718,1,140245.8894,0,0,1,159802.4909,0,0
2086.276718,1,140245.8894,0,0,1,159802.4909,0,0
2087.276718,1,140245.8894,0,0,1,159802.4909,0,0
2088.276718,1,140245.8894,0,0,1,159802.4909,0,0
2089.276718,1,140245.8894,0,0,1,159802.4909,0,0
2090.276718,1,140245.8894,0,0,1,159802.4909,0,0
2091.276718,1,140245.8894,0,0,1,159802.4909,0,0
2092.276718,1,140245.8894,0,0,1,159802.4909,0,0
2093.276718,1,140245.8894,0,0,1,159802.4909,0,0
2094.276718,1,140245.8894,0,0,1,159802.4909,0,0
2095.276718,1,140245.8894,0,0,1,159802.4909,0,0
2096.276718,1,140245.8894,0,0,1,159802.4909,0,0
2097.276718,1,140245.8894,0,0,1,159802.4909,0,0
2098.276718,1,140245.8894,0,0,1,159802.4909,0,0
2099.276718,1,140245.8894,0,0,1,159802.4909,0,0
2100.276718,1,140245.8894,0,0,1,159802.4909,0,0
2101.276718,1,140245.8894,0,0,1,159802.4909,0,0
2102.276718,1,140245.8894,0,0,1,159802.4909,0,0
2103.276718,1,140245.8894,0,0,1,159802.4909,0,0
2104.276718,1,140245.8894,0,0,1,159802.4909,0,0
2105.276718,1,140245.8894,0,0,1,159802.4909,0,0
2106.276718,1,140245.8894,0,0,1,159802.4909,0,0
2107.276718,1,140245.8894,0,0,1,159802.4909,0,0
2108.276718,1,140245.8894,0,0,1,159802.4909,0,0
2109.276718,1,140245.8894,0,0,1,159802.4909,0,0
2110.276718,1,140245.8894,0,0,1,159802.4909,0,0
2111.276718,1,140245.8894,0,0,1,159802.4909,0,0
2112.276718,1,140245.8894,0,0,1,159802.4909,0,0
2113.276718,1,140245.8894,0,0,1,159802.4909,0,0
2114.276718,1,140245.8894,0,0,1,159802.4909,0,0
2115.276718,1,140245.8894,0,0,1,159802.4909,0,0
2116.276718,1,140245.8894,0,0,1,159802.4909,0,0
2117.276718,1,140245.8894,0,0,1,159802.4909,0,0
2118.276718,1,140245.8894,0,0,1,159802.4909,0,0
2119.276718,1,140245.8894,0,0,1,159802.4909,0,0
2120.276718,1,140245.8894,0,0,1,159802.4909,0,0
2121.276718,1,140245.8894,0,0,1,159802.4909,0,0
2122.276718,1,140245.8894,0,0,1,159802.4909,0,0
2123.276718,1,140245.8894,0,0,1,159802.4909,0,0
2124.276718,1,140245.8894,0,0,1,159802.4909,0,0
2125.276718,1,140245.8894,0,0,1,159802.4909,0,0
2126.276718,1,140245.8894,0,0,1,159802.4909,0,0
2127.276718,1,140245.8894,0,0,1,159802.4909,0,0
2128.276718,1,140245.8894,0,0,1,159802.4909,0,0
2129.276718,1,140245.8894,0,0,1,159802.4909,0,0
2130.276718,1,140245.8894,0,0,1,159802.4909,0,0
2131.276718,1,140245.8894,0,0,1,159802.4909,0,0
2132.276718,1,140245.8894,0,0,1,159802.4909,0,0
2133.276718,1,140245.8894,0,0,1,159802.4909,0,0
2134.276718,1,140245.8894,0,0,1,159802.4909,0,0
2135.276718,1,140245.8894,0,0,1,159802.4909,0,0
2136.276718,1,140245.8894,0,0,1,159802.4909,0,0
2137.276718,1,140245.8894,0,0,1,159802.4909,0,0
2138.276718,1,140245.8894,0,0,1,159802.4909,0,0
2139.276718,1,140245.8894,0,0,1,159802.4909,0,0
2140.276718,1,140245.8894,0,0,1,159802.4909,0,0
2141.276718,1,140245.8894,0,0,1,159802.4909,0,0
2142.276718,1,140245.8894,0,0,1,159802.4909,0,0
2143.276718,1,140245.8894,0,0,1,159802.4909,0,0
2144.276718,1,140245.8894,0,0,1,159802.4909,0,0
2145.276718,1,140245.8894,0,0,1,159802.4909,0,0
2146.276718,1,140245.8894,0,0,1,159802.4909,0,0
2147.276718,1,140245.8894,0,0,1,159802.4909,0,0
2148.276718,1,140245.8894,0,0,1,159802.4909,0,0
2149.276718,1,140245.8894,0,0,1,159802.4909,0,0
2150.276718,1,140245.8894,0,0,1,159802.4909,0,0
2151.276718,1,140245.8894,0,0,1,159802.4909,0,0
2152.276718,1,140245.8894,0,0,1,159802.4909,0,0
2153.276718,1,140245.8894,0,0,1,159802.4909,0,0
2154.276718,1,140245.8894,0,0,1,159802.4909,0,0
2155.276718,1,140245.8894,0,0,1,159802.4909,0,0
2156.276718,1,140245.8894,0,0,1,159802.4909,0,0
2157.276718,1,140245.8894,0,0,1,159802.4909,0,0
2158.276718,1,140245.8894,0,0,1,159802.4909,0,0
2159.276718,1,140245.8894,0,0,1,159802.4909,0,0
2160.276718,1,140245.8894,0,0,1,159802.4909,0,0
2161.276718,1,140245.8894,0,0,1,159802.4909,0,0
2162.276718,1,140245.8894,0,0,1,159802.4909,0,0
2163.276718,1,140245.8894,0,0,1,159802.4909,0,0
2164.276718,1,140245.8894,0,0,1,159802.4909,0,0
2165.276718,1,140245.8894,0,0,1,159802.4909,0,0
2166.276718,1,140245.8894,0,0,1,159802.4909,0,0
2167.276718,1,140245.8894,0,0,1,159802.4909,0,0
2168.276718,1,140245.8894,0,0,1,159802.4909,0,0
2169.276718,1,140245.8894,0,0,1,159802.4909,0,0
2170.276718,1,140245.8894,0,0,1,159802.4909,0,0
2171.276718,1,140245.8894,0,0,1,159802.4909,0,0
2172.276718,1,140245.8894,0,0,1,159802.4909,0,0
2173.276718,1,140245.8894,0,0,1,159802.4909,0,0
2174.276718,1,140245.8894,0,0,1,159802.4909,0,0
2175.276718,1,140245.8894,0,0,1,159802.4909,0,0
2176.276718,1,140245.8894,0,0,1,159802.4909,0,0
2177.276718,1,140245.8894,0,0,1,159802.4909,0,0
2178.276718,1,140245.8894,0,0,1,159802.4909,0,0
2179.276718,1,140245.8894,0,0,1,159802.4909,0,0
2180.276718,1,140245.8894,0,0,1,159802.4909,0,0
2181.276718,1,140245.8894,0,0,1,159802.4909,0,0
2182.276718,1,140245.8894,0,0,1,159802.4909,0,0
2183.276718,1,140245.8894,0,0,1,159802.4909,0,0
2184.276718,1,140245.8894,0,0,1,159802.4909,0,0
2185.276718,1,140245.8894,0,0,1,159802.4909,0,0
2186.276718,1,140245.8894,0,0,1,159802.4909,0,0
2187.276718,1,140245.8894,0,0,1,159802.4909,0,0
2188.276718,1,140245.8894,0,0,1,159802.4909,0,0
2189.276718,1,140245.8894,0,0,1,159802.4909,0,0
2190.276718,1,140245.8894,0,0,1,159802.4909,0,0
2191.276718,1,140245.8894,0,0,1,159802.4909,0,0
2192.276718,1,140245.8894,0,0,1,159802.4909,0,0
2193.276718,1,140245.8894,0,0,1,159802.4909,0,0
2194.276718,1,140245.8894,0,0,1,159802.4909,0,0
2195.276718,1,140245.8894,0,0,1,159802.4909,0,0
2196.276718,1,140245.8894,0,0,1,159802.4909,0,0
2197.276718,1,140245.8894,0,0,1,159802.4909,0,0
2198.276718,1,140245.8894,0,0,1,159802.4909,0,0
2199.276718,1,140245.8894,0,0,1,159802.4909,0,0
2200.276718,1,140245.8894,0,0,1,159802.4909,0,0
2201.276718,1,140245.8894,0,0,1,159802.4909,0,0
2202.276718,1,140245.8894,0,0,1,159802.4909,0,0
2203.276718,1,140245.8894,0,0,1,159802.4909,0,0
2204.276718,1,140245.8894,0,0,1,159802.4909,0,0
2205.276718,1,140245.8894,0,0,1,159802.4909,0,0
2206.276718,1,140245.8894,0,0,1,159802.4909,0,0
2207.276718,1,140245.8894,0,0,1,159802.4909,0,0
2208.276718,1,140245.8894,0,0,1,159802.4909,0,0
2209.276718,1,140245.8894,0,0,1,159802.4909,1,197805.1554
2210.276718,1,140245.8894,0,0,1,159802.4909,1,197805.1554
2211.276718,1,140245.8894,0,0,1,159802.4909,1,197805.1554
2212.276718,1,140245.8894,0,0,1,159802.4909,1,197805.1554
2213.276718,1,140245.8894,0,0,1,159802.4909,1,197805.1554
2214.276718,1,140245.8894,0,0,1,159802.4909,1,197805.1554
2215.276718,1,140245.8894,0,0,1,159802.4909,1,197805.1554
2216.276718,1,140245.8894,0,0,1,159802.4909,1,197805.1554
2217.276718,1,140245.8894,0,0,1,159802.4909,1,197805.1554
2218.276718,1,140245.8894,0,0,1,159802.4909,1,197805.1554
2219.276718,1,140245.8894,0,0,1,159802.4909,1,197805.1554
2220.276718,1,140245.8894,0,0,1,159802.4909,1,197805.1554
2221.276718,1,140245.8894,0,0,1,159802.4909,1,197805.1554
2222.276718,1,140245.8894,0,0,1,159802.4909,1,197805.1554
2223.276718,1,140245.8894,0,0,1,159802.4909,1,197805.1554
2224.276718,1,140245.8894,0,0,1,159802.4909,1,197805.1554
2225.276718,1,140245.8894,0,0,1,159802.4909,1,197805.1554
2226.276718,1,140245.8894,0,0,1,159802.4909,1,197805.1554
2227.276718,1,140245.8894,0,0,1,159802.4909,1,197805.1554
2228.276718,1,140245.8894,0,0,1,159802.4909,1,197805.1554
2229.276718,1,140245.8894,0,0,1,159802.4909,1,197805.1554
2230.276718,1,140245.8894,0,0,1,159802.4909,1,197805.1554
2231.276718,1,140245.8894,0,0,1,159802.4909,1,197805.1554
2232.276718,1,140245.8894,0,0,1,159802.4909,1,197805.1554
2233.276718,1,140245.8894,0,0,1,159802.4909,1,197805.1554
2234.276718,1,140245.8894,0,0,1,159802.4909,1,197805.1554
2235.276718,1,140245.8894,0,0,1,159802.4909,1,197805.1554
2236.276718,1,140245.8894,0,0,1,159802.4909,1,197805.1554
2237.276718,1,140245.8894,0,0,1,159802.4909,1,197805.1554
2238.276718,1,140245.8894,0,0,1,159802.4909,1,197805.1554
2239.276718,1,140245.8894,0,0,1,159802.4909,1,197805.1554
2240.276718,1,140245.8894,0,0,1,159802.4909,1,197805.1554
2241.276718,1,140245.8894,0,0,1,159802.4909,1,197805.1554
2242.276718,1,140245.8894,0,0,1,159802.4909,1,197805.1554
2243.276718,1,140245.8894,0,0,1,159802.4909,1,197805.1554
2244.276718,1,140245.8894,0,0,1,159802.4909,1,197805.1554
2245.276718,1,140245.8894,0,0,1,159802.4909,1,197805.1554
2246.276718,1,140245.8894,0,0,1,159802.4909,1,197805.1554
2247.276718,1,140245.8894,0,0,1,159802.4909,1,197805.1554
2248.276718,1,140245.8894,0,0,1,159802.4909,1,197805.1554
2249.276718,1,140245.8894,0,0,1,159802.4909,1,197805.1554
2250.276718,1,140245.8894,0,0,1,159802.4909,1,197805.1554
2251.276718,1,140245.8894,0,0,1,159802.4909,1,197805.1554
2252.276718,1,140245.8894,0,0,1,159802.4909,1,197805.1554
2253.276718,1,140245.8894,0,0,1,159802.4909,1,197805.1554
2254.276718,1,140245.8894,0,0,1,159802.4909,1,197805.1554
2255.276718,1,140245.8894,0,0,1,159802.4909,1,197805.1554
2256.276718,1,140245.8894,0,0,1,159802.4909,1,197805.1554
2257.276718,1,140245.8894,0,0,1,159802.4909,1,197805.1554
2258.276718,1,140245.8894,0,0,1,159802.4909,1,197805.1554
2259.276718,1,140245.8894,0,0,1,159802.4909,1,197805.1554
2260.276718,1,140245.8894,0,0,1,159802.4909,1,197805.1554
2261.276718,1,140245.8894,0,0,1,159802.4909,1,197805.1554
2262.276718,1,140245.8894,0,0,1,159802.4909,1,197805.1554
2263.276718,1,140245.8894,0,0,1,159802.4909,1,197805.1554
2264.276718,1,140245.8894,0,0,1,159802.4909,1,197805.1554
2265.276718,1,140245.8894,0,0,1,159802.4909,1,197805.1554
2266.276718,1,140245.8894,0,0,1,159802.4909,1,197805.1554
2267.276718,1,140245.8894,0,0,1,159802.4909,1,197805.1554
2268.276718,1,140245.8894,0,0,1,159802.4909,1,197805.1554
2269.276718,1,140245.8894,0,0,1,159802.4909,1,197805.1554
2270.276718,1,140245.8894,0,0,1,159802.4909,1,197805.1554
2271.276718,0,0,0,0,1,159802.4909,1,197805.1554
2272.276718,0,0,0,0,1,159802.4909,1,197805.1554
2273.276718,0,0,0,0,1,159802.4909,1,197805.1554
2274.276718,0,0,0,0,1,159802.4909,1,197805.1554
2275.276718,0,0,0,0,1,159802.4909,1,197805.1554
2276.276718,0,0,0,0,1,159802.4909,1,197805.1554
2277.276718,0,0,0,0,1,159802.4909,1,197805.1554
2278.276718,0,0,0,0,1,159802.4909,1,197805.1554
2279.276718,0,0,0,0,1,159802.4909,1,197805.1554
2280.276718,0,0,0,0,1,159802.4909,1,197805.1554
2281.276718,0,0,0,0,1,159802.4909,1,197805.1554
2282.276718,0,0,0,0,1,159802.4909,1,197805.1554
2283.276718,0,0,0,0,1,159802.4909,1,197805.1554
2284.276718,0,0,0,0,1,159802.4909,1,197805.1554
2285.276718,0,0,0,0,1,159802.4909,1,197805.1554
2286.276718,0,0,0,0,1,159802.4909,1,197805.1554
2287.276718,0,0,0,0,1,159802.4909,1,197805.1554
2288.276718,0,0,0,0,1,159802.4909,1,197805.1554
2289.276718,0,0,0,0,1,159802.4909,1,197805.1554
2290.276718,0,0,0,0,1,159802.4909,1,197805.1554
2291.276718,0,0,0,0,1,159802.4909,1,197805.1554
2292.276718,0,0,0,0,1,159802.4909,1,197805.1554
2293.276718,0,0,0,0,1,159802.4909,1,197805.1554
2294.276718,0,0,0,0,1,159802.4909,1,197805.1554
2295.276718,0,0,0,0,1,159802.4909,1,197805.1554
2296.276718,0,0,0,0,1,159802.4909,1,197805.1554
2297.276718,0,0,0,0,1,159802.4909,1,197805.1554
2298.276718,0,0,0,0,1,159802.4909,1,197805.1554
2299.276718,0,0,0,0,1,159802.4909,1,197805.1554
2300.276718,0,0,0,0,1,159802.4909,1,197805.1554
2301.276718,0,0,0,0,1,159802.4909,1,197805.1554
2302.276718,0,0,0,0,1,159802.4909,1,197805.1554
2303.276718,0,0,0,0,1,159802.4909,1,197805.1554
2304.276718,0,0,0,0,1,159802.4909,1,197805.1554
2305.276718,0,0,0,0,1,159802.4909,1,197805.1554
2306.276718,0,0,0,0,1,159802.4909,1,197805.1554
2307.276718,0,0,0,0,1,159802.4909,1,197805.1554
2308.276718,0,0,0,0,1,159802.4909,1,197805.1554
2309.276718,0,0,0,0,1,159802.4909,1,197805.1554
2310.276718,0,0,0,0,1,159802.4909,1,197805.1554
2311.276718,0,0,0,0,1,159802.4909,1,197805.1554
2312.276718,0,0,0,0,1,159802.4909,1,197805.1554
2313.276718,0,0,0,0,1,159802.4909,1,197805.1554
2314.276718,0,0,0,0,1,159802.4909,1,197805.1554
2315.276718,0,0,0,0,1,159802.4909,1,197805.1554
2316.276718,0,0,0,0,1,159802.4909,1,197805.1554
2317.276718,0,0,0,0,1,159802.4909,1,197805.1554
2318.276718,0,0,0,0,1,159802.4909,1,197805.1554
2319.276718,0,0,0,0,1,159802.4909,1,197805.1554
2320.276718,0,0,0,0,1,159802.4909,1,197805.1554
2321.276718,0,0,0,0,1,159802.4909,1,197805.1554
2322.276718,0,0,0,0,1,159802.4909,1,197805.1554
2323.276718,0,0,0,0,1,159802.4909,1,197805.1554
2324.276718,0,0,0,0,1,159802.4909,1,197805.1554
2325.276718,0,0,0,0,1,159802.4909,1,197805.1554
2326.276718,0,0,0,0,1,159802.4909,1,197805.1554
2327.276718,0,0,0,0,1,159802.4909,1,197805.1554
2328.276718,0,0,0,0,1,159802.4909,1,197805.1554
2329.276718,0,0,0,0,1,159802.4909,1,197805.1554
2330.276718,0,0,0,0,1,159802.4909,1,197805.1554
2331.276718,0,0,0,0,1,159802.4909,1,197805.1554
2332.276718,0,0,0,0,1,159802.4909,1,197805.1554
2333.276718,0,0,0,0,1,159802.4909,1,197805.1554
2334.276718,0,0,0,0,1,159802.4909,1,197805.1554
2335.276718,0,0,0,0,1,159802.4909,1,197805.1554
2336.276718,0,0,0,0,1,159802.4909,1,197805.1554
2337.276718,0,0,0,0,1,159802.4909,1,197805.1554
2338.276718,0,0,0,0,1,159802.4909,1,197805.1554
2339.276718,0,0,0,0,1,159802.4909,1,197805.1554
2340.276718,0,0,0,0,1,159802.4909,1,197805.1554
2341.276718,0,0,0,0,1,159802.4909,1,197805.1554
2342.276718,0,0,0,0,1,159802.4909,1,197805.1554
2343.276718,0,0,0,0,1,159802.4909,1,197805.1554
2344.276718,0,0,0,0,1,159802.4909,1,197805.1554
2345.276718,0,0,0,0,1,159802.4909,1,197805.1554
2346.276718,0,0,0,0,1,159802.4909,1,197805.1554
2347.276718,0,0,0,0,1,159802.4909,1,197805.1554
2348.276718,0,0,0,0,1,159802.4909,1,197805.1554
2349.276718,0,0,0,0,1,159802.4909,1,197805.1554
2350.276718,0,0,0,0,1,159802.4909,1,197805.1554
2351.276718,0,0,0,0,1,159802.4909,1,197805.1554
2352.276718,0,0,0,0,1,159802.4909,1,197805.1554
2353.276718,0,0,0,0,1,159802.4909,1,197805.1554
2354.276718,0,0,0,0,1,159802.4909,1,197805.1554
2355.276718,0,0,0,0,1,159802.4909,1,197805.1554
2356.276718,0,0,0,0,1,159802.4909,1,197805.1554
2357.276718,0,0,0,0,1,159802.4909,1,197805.1554
2358.276718,0,0,0,0,1,159802.4909,1,197805.1554
2359.276718,0,0,0,0,1,159802.4909,1,197805.1554
2360.276718,0,0,0,0,1,159802.4909,1,197805.1554
2361.276718,0,0,0,0,1,159802.4909,1,197805.1554
2362.276718,0,0,0,0,1,159802.4909,1,197805.1554
2363.276718,0,0,0,0,1,159802.4909,1,197805.1554
2364.276718,0,0,0,0,1,159802.4909,1,197805.1554
2365.276718,0,0,0,0,1,159802.4909,1,197805.1554
2366.276718,0,0,0,0,1,159802.4909,1,197805.1554
2367.276718,0,0,0,0,1,159802.4909,1,197805.1554
2368.276718,0,0,0,0,1,159802.4909,1,197805.1554
2369.276718,0,0,0,0,1,159802.4909,1,197805.1554
2370.276718,0,0,0,0,1,159802.4909,1,197805.1554
2371.276718,0,0,0,0,1,159802.4909,1,197805.1554
2372.276718,0,0,0,0,1,159802.4909,1,197805.1554
2373.276718,0,0,0,0,1,159802.4909,1,197805.1554
2374.276718,0,0,0,0,1,159802.4909,1,197805.1554
2375.276718,0,0,0,0,1,159802.4909,1,197805.1554
2376.276718,0,0,0,0,1,159802.4909,1,197805.1554
2377.276718,0,0,0,0,1,159802.4909,1,197805.1554
2378.276718,0,0,0,0,1,159802.4909,1,197805.1554
2379.276718,0,0,0,0,1,159802.4909,1,197805.1554
2380.276718,0,0,0,0,1,159802.4909,1,197805.1554
2381.276718,0,0,0,0,1,159802.4909,1,197805.1554
2382.276718,0,0,0,0,1,159802.4909,1,197805.1554
2383.276718,0,0,0,0,1,159802.4909,1,197805.1554
2384.276718,0,0,0,0,1,159802.4909,1,197805.1554
2385.276718,0,0,0,0,1,159802.4909,1,197805.1554
2386.276718,0,0,0,0,1,159802.4909,1,197805.1554
2387.276718,0,0,0,0,1,159802.4909,1,197805.1554
2388.276718,0,0,0,0,1,159802.4909,1,197805.1554
2389.276718,0,0,0,0,1,159802.4909,1,197805.1554
2390.276718,0,0,0,0,1,159802.4909,1,197805.1554
2391.276718,0,0,0,0,1,159802.4909,1,197805.1554
2392.276718,0,0,0,0,1,159802.4909,1,197805.1554
2393.276718,0,0,0,0,1,159802.4909,1,197805.1554
2394.276718,0,0,0,0,1,159802.4909,1,197805.1554
2395.276718,0,0,0,0,1,159802.4909,1,197805.1554
2396.276718,0,0,0,0,1,159802.4909,1,197805.1554
2397.276718,0,0,0,0,1,159802.4909,1,197805.1554
2398.276718,0,0,0,0,1,159802.4909,1,197805.1554
2399.276718,0,0,0,0,1,159802.4909,1,197805.1554
2400.276718,0,0,0,0,1,159802.4909,1,197805.1554
2401.276718,0,0,0,0,1,159802.4909,1,197805.1554
2402.276718,0,0,0,0,1,159802.4909,1,197805.1554
2403.276718,0,0,0,0,1,159802.4909,1,197805.1554
2404.276718,0,0,0,0,1,159802.4909,1,197805.1554
2405.276718,0,0,0,0,1,159802.4909,1,197805.1554
2406.276718,0,0,0,0,1,159802.4909,1,197805.1554
2407.276718,0,0,0,0,1,159802.4909,1,197805.1554
2408.276718,0,0,0,0,1,159802.4909,1,197805.1554
2409.276718,0,0,0,0,1,159802.4909,1,197805.1554
2410.276718,0,0,0,0,1,159802.4909,1,197805.1554
2411.276718,0,0,0,0,1,159802.4909,1,197805.1554
2412.276718,0,0,0,0,1,159802.4909,1,197805.1554
2413.276718,0,0,0,0,1,159802.4909,1,197805.1554
2414.276718,0,0,0,0,1,159802.4909,1,197805.1554
2415.276718,0,0,0,0,1,159802.4909,1,197805.1554
2416.276718,0,0,0,0,1,159802.4909,1,197805.1554
2417.276718,0,0,0,0,1,159802.4909,1,197805.1554
2418.276718,0,0,0,0,1,159802.4909,1,197805.1554
2419.276718,0,0,0,0,1,159802.4909,1,197805.1554
2420.276718,0,0,0,0,1,159802.4909,1,197805.1554
2421.276718,0,0,0,0,1,159802.4909,1,197805.1554
2422.276718,0,0,0,0,1,159802.4909,1,197805.1554
2423.276718,0,0,0,0,1,159802.4909,1,197805.1554
2424.276718,0,0,0,0,1,159802.4909,1,197805.1554
2425.276718,0,0,0,0,1,159802.4909,1,197805.1554
2426.276718,0,0,0,0,1,159802.4909,1,197805.1554
2427.276718,0,0,0,0,1,159802.4909,1,197805.1554
2428.276718,0,0,0,0,1,159802.4909,1,197805.1554
2429.276718,0,0,0,0,1,159802.4909,1,197805.1554
2430.276718,0,0,0,0,1,159802.4909,1,197805.1554
2431.276718,0,0,0,0,1,159802.4909,1,197805.1554
2432.276718,0,0,0,0,1,159802.4909,1,197805.1554
2433.276718,0,0,0,0,1,159802.4909,1,197805.1554
2434.276718,0,0,0,0,1,159802.4909,1,197805.1554
2435.276718,0,0,0,0,1,159802.4909,1,197805.1554
2436.276718,0,0,0,0,1,159802.4909,1,197805.1554
2437.276718,0,0,0,0,1,159802.4909,1,197805.1554
2438.276718,0,0,0,0,1,159802.4909,1,197805.1554
2439.276718,0,0,0,0,1,159802.4909,1,197805.1554
2440.276718,0,0,0,0,1,159802.4909,1,197805.1554
2441.276718,0,0,0,0,1,159802.4909,1,197805.1554
2442.276718,0,0,0,0,1,159802.4909,1,197805.1554
2443.276718,0,0,0,0,1,159802.4909,1,197805.1554
2444.276718,0,0,0,0,1,159802.4909,1,197805.1554
2445.276718,0,0,0,0,1,159802.4909,1,197805.1554
2446.276718,0,0,0,0,1,159802.4909,1,197805.1554
2447.276718,0,0,0,0,1,159802.4909,1,197805.1554
2448.276718,0,0,0,0,0,0,1,197805.1554
2449.276718,0,0,0,0,0,0,1,197805.1554
2450.276718,0,0,0,0,0,0,1,197805.1554
2451.276718,0,0,0,0,0,0,1,197805.1554
2452.276718,0,0,0,0,0,0,1,197805.1554
2453.276718,0,0,0,0,0,0,1,197805.1554
2454.276718,0,0,0,0,0,0,1,197805.1554
2455.276718,0,0,0,0,0,0,1,197805.1554
2456.276718,0,0,0,0,0,0,1,197805.1554
2457.276718,0,0,0,0,0,0,1,197805.1554
2458.276718,0,0,0,0,0,0,1,197805.1554
2459.276718,0,0,0,0,0,0,1,197805.1554
2460.276718,0,0,0,0,0,0,1,197805.1554
2461.276718,0,0,0,0,0,0,1,197805.1554
2462.276718,0,0,0,0,0,0,1,197805.1554
2463.276718,0,0,0,0,0,0,1,197805.1554
2464.276718,0,0,0,0,0,0,1,197805.1554
2465.276718,0,0,0,0,0,0,1,197805.1554
2466.276718,0,0,0,0,0,0,1,197805.1554
2467.276718,0,0,0,0,0,0,1,197805.1554
2468.276718,0,0,0,0,0,0,1,197805.1554
2469.276718,0,0,0,0,0,0,1,197805.1554
2470.276718,0,0,0,0,0,0,1,197805.1554
2471.276718,0,0,0,0,0,0,1,197805.1554
2472.276718,0,0,0,0,0,0,1,197805.1554
2473.276718,0,0,0,0,0,0,1,197805.1554
2474.276718,0,0,0,0,0,0,1,197805.1554
2475.276718,0,0,0,0,0,0,1,197805.1554
2476.276718,0,0,0,0,0,0,1,197805.1554
2477.276718,0,0,0,0,0,0,1,197805.1554
2478.276718,0,0,0,0,0,0,1,197805.1554
2479.276718,0,0,0,0,0,0,1,197805.1554
2480.276718,0,0,0,0,0,0,1,197805.1554
2481.276718,0,0,0,0,0,0,1,197805.1554
2482.276718,0,0,0,0,0,0,1,197805.1554
2483.276718,0,0,0,0,0,0,1,197805.1554
2484.276718,0,0,0,0,0,0,1,197805.1554
2485.276718,0,0,0,0,0,0,1,197805.1554
2486.276718,0,0,0,0,0,0,1,197805.1554
2487.276718,0,0,0,0,0,0,1,197805.1554
2488.276718,0,0,0,0,0,0,1,197805.1554
2489.276718,0,0,0,0,0,0,1,197805.1554
2490.276718,0,0,0,0,0,0,1,197805.1554
2491.276718,0,0,0,0,0,0,1,197805.1554
2492.276718,0,0,0,0,0,0,1,197805.1554
2493.276718,0,0,0,0,0,0,1,197805.1554
2494.276718,0,0,0,0,0,0,1,197805.1554
2495.276718,0,0,0,0,0,0,1,197805.1554
2496.276718,0,0,0,0,0,0,1,197805.1554
2497.276718,0,0,0,0,0,0,1,197805.1554
2498.276718,0,0,0,0,0,0,1,197805.1554
2499.276718,0,0,0,0,0,0,1,197805.1554
2500.276718,0,0,0,0,0,0,1,197805.1554
2501.276718,0,0,0,0,0,0,1,197805.1554
2502.276718,0,0,0,0,0,0,1,197805.1554
2503.276718,0,0,0,0,0,0,1,197805.1554
2504.276718,0,0,0,0,0,0,1,197805.1554
2505.276718,0,0,0,0,0,0,1,197805.1554
2506.276718,0,0,0,0,0,0,1,197805.1554
2507.276718,0,0,0,0,0,0,1,197805.1554
2508.276718,0,0,0,0,0,0,1,197805.1554
2509.276718,0,0,0,0,0,0,1,197805.1554
2510.276718,0,0,0,0,0,0,1,197805.1554
2511.276718,0,0,0,0,0,0,1,197805.1554
2512.276718,0,0,0,0,0,0,1,197805.1554
2513.276718,0,0,0,0,0,0,1,197805.1554
2514.276718,0,0,0,0,0,0,1,197805.1554
2515.276718,0,0,0,0,0,0,1,197805.1554
2516.276718,0,0,0,0,0,0,1,197805.1554
2517.276718,0,0,0,0,0,0,1,197805.1554
2518.276718,0,0,0,0,0,0,1,197805.1554
2519.276718,0,0,0,0,0,0,1,197805.1554
2520.276718,0,0,0,0,0,0,1,197805.1554
2521.276718,0,0,0,0,0,0,1,197805.1554
2522.276718,0,0,0,0,0,0,1,197805.1554
2523.276718,0,0,0,0,0,0,1,197805.1554
2524.276718,0,0,0,0,0,0,1,197805.1554
2525.276718,0,0,0,0,0,0,1,197805.1554
2526.276718,0,0,0,0,0,0,1,197805.1554
2527.276718,0,0,0,0,0,0,1,197805.1554
2528.276718,0,0,0,0,0,0,1,197805.1554
2529.276718,0,0,0,0,0,0,1,197805.1554
2530.276718,0,0,0,0,0,0,1,197805.1554
2531.276718,0,0,0,0,0,0,1,197805.1554
2532.276718,0,0,0,0,0,0,1,197805.1554
2533.276718,0,0,0,0,0,0,1,197805.1554
2534.276718,0,0,0,0,0,0,1,197805.1554
2535.276718,0,0,0,0,0,0,1,197805.1554
2536.276718,0,0,0,0,0,0,1,197805.1554
2537.276718,0,0,0,0,0,0,1,197805.1554
2538.276718,0,0,0,0,0,0,1,197805.1554
2539.276718,0,0,0,0,0,0,1,197805.1554
2540.276718,0,0,0,0,0,0,1,197805.1554
2541.276718,0,0,0,0,0,0,1,197805.1554
2542.276718,0,0,0,0,0,0,1,197805.1554
2543.276718,0,0,0,0,0,0,1,197805.1554
2544.276718,0,0,0,0,0,0,1,197805.1554
2545.276718,0,0,0,0,0,0,1,197805.1554
2546.276718,0,0,0,0,0,0,1,197805.1554
2547.276718,0,0,0,0,0,0,1,197805.1554
2548.276718,0,0,0,0,0,0,1,197805.1554
2549.276718,0,0,0,0,0,0,1,197805.1554
2550.276718,0,0,0,0,0,0,1,197805.1554
2551.276718,0,0,0,0,0,0,1,197805.1554
2552.276718,0,0,0,0,0,0,1,197805.1554
2553.276718,0,0,0,0,0,0,1,197805.1554
2554.276718,0,0,0,0,0,0,1,197805.1554
2555.276718,0,0,0,0,0,0,1,197805.1554
2556.276718,0,0,0,0,0,0,1,197805.1554
2557.276718,0,0,0,0,0,0,1,197805.1554
2558.276718,0,0,0,0,0,0,1,197805.1554
2559.276718,0,0,0,0,0,0,1,197805.1554
2560.276718,0,0,0,0,0,0,1,197805.1554
2561.276718,0,0,0,0,0,0,1,197805.1554
2562.276718,0,0,0,0,0,0,1,197805.1554
2563.276718,0,0,0,0,0,0,1,197805.1554
2564.276718,0,0,0,0,0,0,1,197805.1554
2565.276718,0,0,0,0,0,0,1,197805.1554
2566.276718,0,0,0,0,0,0,1,197805.1554
2567.276718,0,0,0,0,0,0,1,197805.1554
2568.276718,0,0,0,0,0,0,1,197805.1554
2569.276718,0,0,0,0,0,0,1,197805.1554
2570.276718,0,0,0,0,0,0,1,197805.1554
2571.276718,0,0,0,0,0,0,1,197805.1554
2572.276718,0,0,0,0,0,0,1,197805.1554
2573.276718,0,0,0,0,0,0,1,197805.1554
2574.276718,0,0,0,0,0,0,1,197805.1554
2575.276718,0,0,0,0,0,0,1,197805.1554
2576.276718,0,0,0,0,0,0,1,197805.1554
2577.276718,0,0,0,0,0,0,1,197805.1554
2578.276718,0,0,0,0,0,0,1,197805.1554
2579.276718,0,0,0,0,0,0,1,197805.1554
2580.276718,0,0,0,0,0,0,1,197805.1554
2581.276718,0,0,0,0,0,0,1,197805.1554
2582.276718,0,0,0,0,0,0,1,197805.1554
2583.276718,0,0,0,0,0,0,1,197805.1554
2584.276718,0,0,0,0,0,0,1,197805.1554
2585.276718,0,0,0,0,0,0,1,197805.1554
2586.276718,0,0,0,0,0,0,1,197805.1554
2587.276718,0,0,0,0,0,0,1,197805.1554
2588.276718,0,0,0,0,0,0,1,197805.1554
2589.276718,0,0,0,0,0,0,1,197805.1554
2590.276718,0,0,0,0,0,0,1,197805.1554
2591.276718,0,0,0,0,0,0,1,197805.1554
2592.276718,0,0,0,0,0,0,1,197805.1554
2593.276718,0,0,0,0,0,0,1,197805.1554
2594.276718,0,0,0,0,0,0,1,197805.1554
2595.276718,0,0,0,0,0,0,1,197805.1554
2596.276718,0,0,0,0,0,0,1,197805.1554
2597.276718,0,0,0,0,0,0,1,197805.1554
2598.276718,0,0,0,0,0,0,1,197805.1554
2599.276718,0,0,0,0,0,0,1,197805.1554
2600.276718,0,0,0,0,0,0,1,197805.1554
2601.276718,0,0,0,0,0,0,1,197805.1554
2602.276718,0,0,0,0,0,0,1,197805.1554
2603.276718,0,0,0,0,0,0,1,197805.1554
2604.276718,0,0,0,0,0,0,1,197805.1554
2605.276718,0,0,0,0,0,0,1,197805.1554
2606.276718,0,0,0,0,0,0,1,197805.1554
2607.276718,0,0,0,0,0,0,1,197805.1554
2608.276718,0,0,0,0,0,0,1,197805.1554
2609.276718,0,0,0,0,0,0,1,197805.1554
2610.276718,0,0,0,0,0,0,1,197805.1554
2611.276718,0,0,0,0,0,0,1,197805.1554
2612.276718,0,0,0,0,0,0,1,197805.1554
2613.276718,0,0,0,0,0,0,1,197805.1554
2614.276718,0,0,0,0,0,0,1,197805.1554
2615.276718,0,0,0,0,0,0,1,197805.1554
2616.276718,0,0,0,0,0,0,1,197805.1554
2617.276718,0,0,0,0,0,0,1,197805.1554
2618.276718,0,0,0,0,0,0,1,197805.1554
2619.276718,0,0,0,0,0,0,1,197805.1554
2620.276718,0,0,0,0,0,0,1,197805.1554
2621.276718,0,0,0,0,0,0,1,197805.1554
2622.276718,0,0,0,0,0,0,1,197805.1554
2623.276718,0,0,0,0,0,0,1,197805.1554
2624.276718,0,0,0,0,0,0,1,197805.1554
2625.276718,0,0,0,0,0,0,1,197805.1554
2626.276718,0,0,0,0,0,0,1,197805.1554
2627.276718,0,0,0,0,0,0,1,197805.1554
2628.276718,0,0,0,0,0,0,1,197805.1554
2629.276718,0,0,0,0,0,0,1,197805.1554
2630.276718,0,0,0,0,0,0,1,197805.1554
2631.276718,0,0,0,0,0,0,1,197805.1554
2632.276718,0,0,0,0,0,0,1,197805.1554
2633.276718,0,0,0,0,0,0,1,197805.1554
2634.276718,0,0,0,0,0,0,1,197805.1554
2635.276718,0,0,0,0,0,0,1,197805.1554
2636.276718,0,0,0,0,0,0,1,197805.1554
2637.276718,0,0,0,0,0,0,1,197805.1554
2638.276718,0,0,0,0,0,0,1,197805.1554
2639.276718,0,0,0,0,0,0,1,197805.1554
2640.276718,0,0,0,0,0,0,1,197805.1554
2641.276718,0,0,0,0,0,0,1,197805.1554
2642.276718,0,0,0,0,0,0,1,197805.1554
2643.276718,0,0,0,0,0,0,1,197805.1554
2644.276718,0,0,0,0,0,0,1,197805.1554
2645.276718,0,0,0,0,0,0,1,197805.1554
2646.276718,0,0,0,0,0,0,1,197805.1554
2647.276718,0,0,0,0,0,0,1,197805.1554
2648.276718,0,0,0,0,0,0,1,197805.1554
2649.276718,0,0,0,0,0,0,1,197805.1554
2650.276718,0,0,0,0,0,0,1,197805.1554
2651.276718,0,0,0,0,0,0,1,197805.1554
2652.276718,0,0,0,0,0,0,1,197805.1554
2653.276718,0,0,0,0,0,0,1,197805.1554
2654.276718,0,0,0,0,0,0,1,197805.1554
2655.276718,0,0,0,0,0,0,1,197805.1554
2656.276718,0,0,0,0,0,0,1,197805.1554
2657.276718,0,0,0,0,0,0,1,197805.1554
2658.276718,0,0,0,0,0,0,1,197805.1554
2659.276718,0,0,0,0,0,0,1,197805.1554
2660.276718,0,0,0,0,0,0,1,197805.1554
2661.276718,0,0,0,0,0,0,1,197805.1554
2662.276718,0,0,0,0,0,0,1,197805.1554
2663.276718,0,0,0,0,0,0,1,197805.1554
2664.276718,0,0,0,0,0,0,1,197805.1554
2665.276718,0,0,0,0,0,0,1,197805.1554
2666.276718,0,0,0,0,0,0,1,197805.1554
2667.276718,0,0,0,0,0,0,1,197805.1554
2668.276718,0,0,0,0,0,0,1,197805.1554
2669.276718,0,0,0,0,0,0,1,197805.1554
2670.276718,0,0,0,0,0,0,1,197805.1554
2671.276718,0,0,0,0,0,0,1,197805.1554
2672.276718,0,0,0,0,0,0,1,197805.1554
2673.276718,0,0,0,0,0,0,1,197805.1554
2674.276718,0,0,0,0,0,0,1,197805.1554
2675.276718,0,0,0,0,0,0,1,197805.1554
2676.276718,0,0,0,0,0,0,1,197805.1554
2677.276718,0,0,0,0,0,0,1,197805.1554
2678.276718,0,0,0,0,0,0,1,197805.1554
2679.276718,0,0,0,0,0,0,1,197805.1554
2680.276718,0,0,0,0,0,0,1,197805.1554
2681.276718,0,0,0,0,0,0,1,197805.1554
2682.276718,0,0,0,0,0,0,1,197805.1554
2683.276718,0,0,0,0,0,0,1,197805.1554
2684.276718,0,0,0,0,0,0,1,197805.1554
2685.276718,0,0,0,0,0,0,1,197805.1554
2686.276718,0,0,0,0,0,0,1,197805.1554
2687.276718,0,0,0,0,0,0,1,197805.1554
2688.276718,0,0,0,0,0,0,1,197805.1554
2689.276718,0,0,0,0,0,0,1,197805.1554
2690.276718,0,0,0,0,0,0,1,197805.1554
2691.276718,0,0,0,0,0,0,1,197805.1554
2692.276718,0,0,0,0,0,0,1,197805.1554
2693.276718,0,0,0,0,0,0,1,197805.1554
2694.276718,0,0,0,0,0,0,1,197805.1554
2695.276718,0,0,0,0,0,0,1,197805.1554
2696.276718,0,0,0,0,0,0,1,197805.1554
2697.276718,0,0,0,0,0,0,1,197805.1554
2698.276718,0,0,0,0,0,0,1,197805.1554
2699.276718,0,0,0,0,0,0,1,197805.1554
2700.276718,0,0,0,0,0,0,1,197805.1554
2701.276718,0,0,0,0,0,0,1,197805.1554
2702.276718,0,0,0,0,0,0,1,197805.1554
2703.276718,0,0,0,0,0,0,1,197805.1554
2704.276718,0,0,0,0,0,0,1,197805.1554
2705.276718,0,0,0,0,0,0,1,197805.1554
2706.276718,0,0,0,0,0,0,1,197805.1554
2707.276718,0,0,0,0,0,0,1,197805.1554
2708.276718,0,0,0,0,0,0,1,197805.1554
2709.276718,0,0,0,0,0,0,1,197805.1554
2710.276718,0,0,0,0,0,0,1,197805.1554
2711.276718,0,0,0,0,0,0,1,197805.1554
2712.276718,0,0,0,0,0,0,1,197805.1554
2713.276718,0,0,0,0,0,0,1,197805.1554
2714.276718,0,0,0,0,0,0,1,197805.1554
2715.276718,0,0,0,0,0,0,1,197805.1554
2716.276718,0,0,0,0,0,0,1,197805.1554
2717.276718,0,0,0,0,0,0,1,197805.1554
2718.276718,0,0,0,0,0,0,1,197805.1554
2719.276718,0,0,0,0,0,0,1,197805.1554
2720.276718,0,0,0,0,0,0,1,197805.1554
2721.276718,0,0,0,0,0,0,1,197805.1554
2722.276718,0,0,0,0,0,0,1,197805.1554
2723.276718,0,0,0,0,0,0,1,197805.1554
2724.276718,0,0,0,0,0,0,1,197805.1554
2725.276718,0,0,0,0,0,0,1,197805.1554
2726.276718,0,0,0,0,0,0,1,197805.1554
2727.276718,0,0,0,0,0,0,1,197805.1554
2728.276718,0,0,0,0,0,0,1,197805.1554
2729.276718,0,0,0,0,0,0,1,197805.1554
2730.276718,0,0,0,0,0,0,1,197805.1554
2731.276718,0,0,0,0,0,0,1,197805.1554
2732.276718,0,0,0,0,0,0,1,197805.1554
2733.276718,0,0,0,0,0,0,1,197805.1554
2734.276718,0,0,0,0,0,0,1,197805.1554
2735.276718,0,0,0,0,0,0,1,197805.1554
2736.276718,0,0,0,0,0,0,1,197805.1554
2737.276718,0,0,0,0,0,0,1,197805.1554
2738.276718,0,0,0,0,0,0,1,197805.1554
2739.276718,0,0,0,0,0,0,1,197805.1554
2740.276718,0,0,0,0,0,0,1,197805.1554
2741.276718,0,0,0,0,0,0,1,197805.1554
2742.276718,0,0,0,0,0,0,1,197805.1554
2743.276718,0,0,0,0,0,0,1,197805.1554
2744.276718,0,0,0,0,0,0,1,197805.1554
2745.276718,0,0,0,0,0,0,1,197805.1554
2746.276718,0,0,0,0,0,0,1,197805.1554
2747.276718,0,0,0,0,0,0,1,197805.1554
2748.276718,0,0,0,0,0,0,1,197805.1554
2749.276718,0,0,0,0,0,0,1,197805.1554
2750.276718,0,0,0,0,0,0,1,197805.1554
2751.276718,0,0,0,0,0,0,1,197805.1554
2752.276718,0,0,0,0,0,0,1,197805.1554
2753.276718,0,0,0,0,0,0,1,197805.1554
2754.276718,0,0,0,0,0,0,1,197805.1554
2755.276718,0,0,0,0,0,0,1,197805.1554
2756.276718,0,0,0,0,0,0,1,197805.1554
2757.276718,0,0,0,0,0,0,1,197805.1554
2758.276718,0,0,0,0,0,0,1,197805.1554
2759.276718,0,0,0,0,0,0,1,197805.1554
2760.276718,0,0,0,0,0,0,1,197805.1554
2761.276718,0,0,0,0,0,0,1,197805.1554
2762.276718,0,0,0,0,0,0,1,197805.1554
2763.276718,0,0,0,0,0,0,1,197805.1554
2764.276718,0,0,0,0,0,0,1,197805.1554
2765.276718,0,0,0,0,0,0,1,197805.1554
2766.276718,0,0,0,0,0,0,1,197805.1554
2767.276718,0,0,0,0,0,0,1,197805.1554
2768.276718,0,0,0,0,0,0,1,197805.1554
2769.276718,0,0,0,0,0,0,1,197805.1554
2770.276718,0,0,0,0,0,0,1,197805.1554
2771.276718,0,0,0,0,0,0,1,197805.1554
2772.276718,0,0,0,0,0,0,1,197805.1554
2773.276718,0,0,0,0,0,0,1,197805.1554
2774.276718,0,0,0,0,0,0,1,197805.1554
2775.276718,0,0,0,0,0,0,1,197805.1554
2776.276718,0,0,0,0,0,0,1,197805.1554
2777.276718,0,0,0,0,0,0,1,197805.1554
2778.276718,0,0,0,0,0,0,1,197805.1554
2779.276718,0,0,0,0,0,0,1,197805.1554
2780.276718,0,0,0,0,0,0,1,197805.1554
2781.276718,0,0,0,0,0,0,1,197805.1554
2782.276718,0,0,0,0,0,0,1,197805.1554
2783.276718,0,0,0,0,0,0,1,197805.1554
2784.276718,0,0,0,0,0,0,1,197805.1554
2785.276718,0,0,0,0,0,0,1,197805.1554
2786.276718,0,0,0,0,0,0,1,197805.1554
2787.276718,0,0,0,0,0,0,1,197805.1554
2788.276718,0,0,0,0,0,0,1,197805.1554
2789.276718,0,0,0,0,0,0,1,197805.1554
2790.276718,0,0,0,0,0,0,1,197805.1554
2791.276718,0,0,0,0,0,0,1,197805.1554
2792.276718,0,0,0,0,0,0,1,197805.1554
2793.276718,0,0,0,0,0,0,1,197805.1554
2794.276718,0,0,0,0,0,0,1,197805.1554
2795.276718,0,0,0,0,0,0,1,197805.1554
2796.276718,0,0,0,0,0,0,1,197805.1554
2797.276718,0,0,0,0,0,0,1,197805.1554
2798.276718,0,0,0,0,0,0,1,197805.1554
2799.276718,0,0,0,0,0,0,1,197805.1554
2800.276718,0,0,0,0,0,0,1,197805.1554
2801.276718,0,0,0,0,0,0,1,197805.1554
2802.276718,0,0,0,0,0,0,1,197805.1554
2803.276718,0,0,0,0,0,0,1,197805.1554
2804.276718,0,0,0,0,0,0,1,197805.1554
2805.276718,0,0,0,0,0,0,1,197805.1554
2806.276718,0,0,0,0,0,0,1,197805.1554
2807.276718,0,0,0,0,0,0,1,197805.1554
2808.276718,0,0,0,0,0,0,1,197805.1554
2809.276718,0,0,0,0,0,0,1,197805.1554
2810.276718,0,0,0,0,0,0,1,197805.1554
2811.276718,0,0,0,0,0,0,1,197805.1554
2812.276718,0,0,0,0,0,0,1,197805.1554
2813.276718,0,0,0,0,0,0,1,197805.1554
2814.276718,0,0,0,0,0,0,1,197805.1554
2815.276718,0,0,0,0,0,0,1,197805.1554
2816.276718,0,0,0,0,0,0,1,197805.1554
2817.276718,0,0,0,0,0,0,1,197805.1554
2818.276718,0,0,0,0,0,0,1,197805.1554
2819.276718,0,0,0,0,0,0,1,197805.1554
2820.276718,0,0,0,0,0,0,1,197805.1554
2821.276718,0,0,0,0,0,0,1,197805.1554
2822.276718,0,0,0,0,0,0,1,197805.1554
2823.276718,0,0,0,0,0,0,1,197805.1554
2824.276718,0,0,0,0,0,0,1,197805.1554
2825.276718,0,0,0,0,0,0,1,197805.1554
2826.276718,0,0,0,0,0,0,1,197805.1554
2827.276718,0,0,0,0,0,0,1,197805.1554
2828.276718,0,0,0,0,0,0,1,197805.1554
2829.276718,0,0,1,244216.9176,0,0,1,197805.1554
2830.276718,0,0,1,244216.9176,0,0,1,197805.1554
2831.276718,0,0,1,244216.9176,0,0,1,197805.1554
2832.276718,0,0,1,244216.9176,0,0,1,197805.1554
2833.276718,0,0,1,244216.9176,0,0,1,197805.1554
2834.276718,0,0,1,244216.9176,0,0,1,197805.1554
2835.276718,0,0,1,244216.9176,0,0,1,197805.1554
2836.276718,0,0,1,244216.9176,0,0,1,197805.1554
2837.276718,0,0,1,244216.9176,0,0,1,197805.1554
2838.276718,0,0,1,244216.9176,0,0,1,197805.1554
2839.276718,0,0,1,244216.9176,0,0,1,197805.1554
2840.276718,0,0,1,244216.9176,0,0,1,197805.1554
2841.276718,0,0,1,244216.9176,0,0,1,197805.1554
2842.276718,0,0,1,244216.9176,0,0,1,197805.1554
2843.276718,0,0,1,244216.9176,0,0,1,197805.1554
2844.276718,0,0,1,244216.9176,0,0,1,197805.1554
2845.276718,0,0,1,244216.9176,0,0,0,0
2846.276718,0,0,1,244216.9176,0,0,0,0
2847.276718,0,0,1,244216.9176,0,0,0,0
2848.276718,0,0,1,244216.9176,0,0,0,0
2849.276718,0,0,1,244216.9176,0,0,0,0
2850.276718,0,0,1,244216.9176,0,0,0,0
2851.276718,0,0,1,244216.9176,0,0,0,0
2852.276718,0,0,1,244216.9176,0,0,0,0
2853.276718,0,0,1,244216.9176,0,0,0,0
2854.276718,0,0,1,244216.9176,0,0,0,0
2855.276718,0,0,1,244216.9176,0,0,0,0
2856.276718,0,0,1,244216.9176,0,0,0,0
2857.276718,0,0,1,244216.9176,0,0,0,0
2858.276718,0,0,1,244216.9176,0,0,0,0
2859.276718,0,0,1,244216.9176,0,0,0,0
2860.276718,0,0,1,244216.9176,0,0,0,0
2861.276718,0,0,1,244216.9176,0,0,0,0
2862.276718,0,0,1,244216.9176,0,0,0,0
2863.276718,0,0,1,244216.9176,0,0,0,0
2864.276718,0,0,1,244216.9176,0,0,0,0
2865.276718,0,0,1,244216.9176,0,0,0,0
2866.276718,0,0,1,244216.9176,0,0,0,0
2867.276718,0,0,1,244216.9176,0,0,0,0
2868.276718,0,0,1,244216.9176,0,0,0,0
2869.276718,0,0,1,244216.9176,0,0,0,0
2870.276718,0,0,1,244216.9176,0,0,0,0
2871.276718,0,0,1,244216.9176,0,0,0,0
2872.276718,0,0,1,244216.9176,0,0,0,0
2873.276718,0,0,1,244216.9176,0,0,0,0
2874.276718,0,0,1,244216.9176,0,0,0,0
2875.276718,0,0,1,244216.9176,0,0,0,0
2876.276718,0,0,1,244216.9176,0,0,0,0
2877.276718,0,0,1,244216.9176,0,0,0,0
2878.276718,0,0,1,244216.9176,0,0,0,0
2879.276718,0,0,1,244216.9176,0,0,0,0
2880.276718,0,0,1,244216.9176,0,0,0,0
2881.276718,0,0,1,244216.9176,0,0,0,0
2882.276718,0,0,1,244216.9176,0,0,0,0
2883.276718,0,0,1,244216.9176,0,0,0,0
2884.276718,0,0,1,244216.9176,0,0,0,0
2885.276718,0,0,1,244216.9176,0,0,0,0
2886.276718,0,0,1,244216.9176,0,0,0,0
2887.276718,0,0,1,244216.9176,0,0,0,0
2888.276718,0,0,1,244216.9176,0,0,0,0
2889.276718,0,0,1,244216.9176,0,0,0,0
2890.276718,0,0,1,244216.9176,0,0,0,0
2891.276718,0,0,1,244216.9176,0,0,0,0
2892.276718,0,0,1,244216.9176,0,0,0,0
2893.276718,0,0,1,244216.9176,0,0,0,0
2894.276718,0,0,1,244216.9176,0,0,0,0
2895.276718,0,0,1,244216.9176,0,0,0,0
2896.276718,0,0,1,244216.9176,0,0,0,0
2897.276718,0,0,1,244216.9176,0,0,0,0
2898.276718,0,0,1,244216.9176,0,0,0,0
2899.276718,0,0,1,244216.9176,0,0,0,0
2900.276718,0,0,1,244216.9176,0,0,0,0
2901.276718,0,0,1,244216.9176,0,0,0,0
2902.276718,0,0,1,244216.9176,0,0,0,0
2903.276718,0,0,1,244216.9176,0,0,0,0
2904.276718,0,0,1,244216.9176,0,0,0,0
2905.276718,0,0,1,244216.9176,0,0,0,0
2906.276718,0,0,1,244216.9176,0,0,0,0
2907.276718,0,0,1,244216.9176,0,0,0,0
2908.276718,0,0,1,244216.9176,0,0,0,0
2909.276718,0,0,1,244216.9176,0,0,0,0
2910.276718,0,0,1,244216.9176,0,0,0,0
2911.276718,0,0,1,244216.9176,0,0,0,0
2912.276718,0,0,1,244216.9176,0,0,0,0
2913.276718,0,0,1,244216.9176,0,0,0,0
2914.276718,0,0,1,244216.9176,0,0,0,0
2915.276718,0,0,1,244216.9176,0,0,0,0
2916.276718,0,0,1,244216.9176,0,0,0,0
2917.276718,0,0,1,244216.9176,0,0,0,0
2918.276718,0,0,1,244216.9176,0,0,0,0
2919.276718,0,0,1,244216.9176,0,0,0,0
2920.276718,0,0,1,244216.9176,0,0,0,0
2921.276718,0,0,1,244216.9176,0,0,0,0
2922.276718,0,0,1,244216.9176,0,0,0,0
2923.276718,0,0,1,244216.9176,0,0,0,0
2924.276718,0,0,1,244216.9176,0,0,0,0
2925.276718,0,0,1,244216.9176,0,0,0,0
2926.276718,0,0,1,244216.9176,0,0,0,0
2927.650291,0,0,1,244216.9176,0,0,0,0
2928.650291,0,0,1,244216.9176,0,0,0,0
2929.650291,0,0,1,244216.9176,0,0,0,0
2930.650291,0,0,1,244216.9176,0,0,0,0
2931.650291,0,0,1,244216.9176,0,0,0,0
2932.650291,0,0,1,244216.9176,0,0,0,0
2933.650291,0,0,1,244216.9176,0,0,0,0
2934.650291,0,0,1,244216.9176,0,0,0,0
2935.650291,0,0,1,244216.9176,0,0,0,0
2936.650291,0,0,1,244216.9176,0,0,0,0
2937.650291,0,0,1,244216.9176,0,0,0,0
2938.650291,0,0,1,244216.9176,0,0,0,0
2939.650291,0,0,1,244216.9176,0,0,0,0
2940.650291,0,0,1,244216.9176,0,0,0,0
2941.650291,0,0,1,244216.9176,0,0,0,0
2942.650291,0,0,1,244216.9176,0,0,0,0
2943.650291,0,0,1,244216.9176,0,0,0,0
2944.650291,0,0,1,244216.9176,0,0,0,0
2945.650291,0,0,1,244216.9176,0,0,0,0
2946.650291,0,0,1,244216.9176,0,0,0,0
2947.650291,0,0,1,244216.9176,0,0,0,0
2948.650291,0,0,1,244216.9176,0,0,0,0
2949.650291,0,0,1,244216.9176,0,0,0,0
2950.650291,0,0,1,244216.9176,0,0,0,0
2951.650291,0,0,1,244216.9176,0,0,0,0
2952.650291,0,0,1,244216.9176,0,0,0,0
2953.650291,0,0,1,244216.9176,0,0,0,0
2954.650291,0,0,1,244216.9176,0,0,0,0
2955.650291,0,0,1,244216.9176,0,0,0,0
2956.650291,0,0,1,244216.9176,0,0,0,0
2957.650291,0,0,1,244216.9176,0,0,0,0
2958.650291,0,0,1,244216.9176,0,0,0,0
2959.650291,0,0,1,244216.9176,0,0,0,0
2960.650291,0,0,1,244216.9176,0,0,0,0
2961.650291,0,0,1,244216.9176,0,0,0,0
2962.650291,0,0,1,244216.9176,0,0,0,0
2963.650291,0,0,1,244216.9176,0,0,0,0
2964.650291,0,0,1,244216.9176,0,0,0,0
2965.650291,0,0,1,244216.9176,0,0,0,0
2966.650291,0,0,1,244216.9176,0,0,0,0
2967.650291,0,0,1,244216.9176,0,0,0,0
2968.650291,0,0,1,244216.9176,0,0,0,0
2969.650291,0,0,1,244216.9176,0,0,0,0
2970.650291,0,0,1,244216.9176,0,0,0,0
2971.650291,0,0,1,244216.9176,0,0,0,0
2972.650291,0,0,1,244216.9176,0,0,0,0
2973.650291,0,0,1,244216.9176,0,0,0,0
2974.650291,0,0,1,244216.9176,0,0,0,0
2975.650291,0,0,1,244216.9176,0,0,0,0
2976.650291,0,0,1,244216.9176,0,0,0,0
2977.650291,0,0,1,244216.9176,0,0,0,0
2978.650291,0,0,1,244216.9176,0,0,0,0
2979.650291,0,0,1,244216.9176,0,0,0,0
2980.650291,0,0,1,244216.9176,0,0,0,0
2981.650291,0,0,1,244216.9176,0,0,0,0
2982.650291,0,0,1,244216.9176,0,0,0,0
2983.650291,0,0,1,244216.9176,0,0,0,0
2984.650291,0,0,1,244216.9176,0,0,0,0
2985.650291,0,0,1,244216.9176,0,0,0,0
2986.650291,0,0,1,244216.9176,0,0,0,0
2987.650291,0,0,1,244216.9176,0,0,0,0
2988.650291,0,0,1,244216.9176,0,0,0,0
2989.650291,0,0,1,244216.9176,0,0,0,0
2990.650291,0,0,1,244216.9176,0,0,0,0
2991.650291,0,0,1,244216.9176,0,0,0,0
2992.650291,0,0,1,244216.9176,0,0,0,0
2993.650291,0,0,1,244216.9176,0,0,0,0
2994.650291,0,0,1,244216.9176,0,0,0,0
2995.650291,0,0,1,244216.9176,0,0,0,0
2996.650291,0,0,1,244216.9176,0,0,0,0
2997.650291,0,0,1,244216.9176,0,0,0,0
2998.650291,0,0,1,244216.9176,0,0,0,0
2999.650291,0,0,1,244216.9176,0,0,0,0
3000.650291,0,0,1,244216.9176,0,0,0,0
3001.650291,0,0,1,244216.9176,0,0,0,0
3002.650291,0,0,1,244216.9176,0,0,0,0
3003.650291,0,0,1,244216.9176,0,0,0,0
3004.650291,0,0,1,244216.9176,0,0,0,0
3005.650291,0,0,1,244216.9176,0,0,0,0
3006.650291,0,0,1,244216.9176,0,0,0,0
3007.650291,0,0,1,244216.9176,0,0,0,0
3008.650291,0,0,1,244216.9176,0,0,0,0
3009.650291,0,0,1,244216.9176,0,0,0,0
3010.650291,0,0,1,244216.9176,0,0,0,0
3011.650291,0,0,1,244216.9176,0,0,0,0
3012.650291,0,0,1,244216.9176,0,0,0,0
3013.650291,0,0,1,244216.9176,0,0,0,0
3014.650291,0,0,1,244216.9176,0,0,0,0
3015.650291,0,0,1,244216.9176,0,0,0,0
3016.650291,0,0,1,244216.9176,0,0,0,0
3017.650291,0,0,1,244216.9176,0,0,0,0
3018.650291,0,0,1,244216.9176,0,0,0,0
3019.650291,0,0,1,244216.9176,0,0,0,0
3020.650291,0,0,1,244216.9176,0,0,0,0
3021.650291,0,0,1,244216.9176,0,0,0,0
3022.650291,0,0,1,244216.9176,0,0,0,0
3023.650291,0,0,1,244216.9176,0,0,0,0
3024.650291,0,0,1,244216.9176,0,0,0,0
3025.650291,0,0,1,244216.9176,0,0,0,0
3026.650291,0,0,1,244216.9176,0,0,0,0
3027.650291,0,0,1,244216.9176,0,0,0,0
3028.650291,0,0,1,244216.9176,0,0,0,0
3029.650291,0,0,1,244216.9176,0,0,0,0
3030.650291,0,0,1,244216.9176,0,0,0,0
3031.650291,0,0,1,244216.9176,0,0,0,0
3032.650291,0,0,1,244216.9176,0,0,0,0
3033.650291,0,0,1,244216.9176,0,0,0,0
3034.650291,0,0,1,244216.9176,0,0,0,0
3035.650291,0,0,1,244216.9176,0,0,0,0
3036.650291,0,0,1,244216.9176,0,0,0,0
3037.650291,0,0,1,244216.9176,0,0,0,0
3038.650291,0,0,1,244216.9176,0,0,0,0
3039.650291,0,0,1,244216.9176,0,0,0,0
3040.650291,0,0,1,244216.9176,0,0,0,0
3041.650291,0,0,1,244216.9176,0,0,0,0
3042.650291,0,0,1,244216.9176,0,0,0,0
3043.650291,0,0,1,244216.9176,0,0,0,0
3044.650291,0,0,1,244216.9176,0,0,0,0
3045.650291,0,0,1,244216.9176,0,0,0,0
3046.650291,0,0,1,244216.9176,0,0,0,0
3047.650291,0,0,1,244216.9176,0,0,0,0
3048.650291,0,0,1,244216.9176,0,0,0,0
3049.650291,0,0,1,244216.9176,0,0,0,0
3050.650291,0,0,1,244216.9176,0,0,0,0
3051.650291,0,0,1,244216.9176,0,0,0,0
3052.650291,0,0,1,244216.9176,0,0,0,0
3053.650291,0,0,1,244216.9176,0,0,0,0
3054.650291,0,0,1,244216.9176,0,0,0,0
3055.650291,0,0,1,244216.9176,0,0,0,0
3056.650291,0,0,1,244216.9176,0,0,0,0
3057.650291,0,0,1,244216.9176,0,0,0,0
3058.650291,0,0,1,244216.9176,0,0,0,0
3059.650291,0,0,1,244216.9176,0,0,0,0
3060.650291,0,0,1,244216.9176,0,0,0,0
3061.650291,0,0,1,244216.9176,0,0,0,0
3062.650291,0,0,1,244216.9176,0,0,0,0
3063.650291,0,0,1,244216.9176,0,0,0,0
3064.650291,0,0,1,244216.9176,0,0,0,0
3065.650291,0,0,1,244216.9176,0,0,0,0
3066.650291,0,0,1,244216.9176,0,0,0,0
3067.650291,0,0,1,244216.9176,0,0,0,0
3068.650291,0,0,1,244216.9176,0,0,0,0
3069.650291,0,0,1,244216.9176,0,0,0,0
3070.650291,0,0,1,244216.9176,0,0,0,0
3071.650291,0,0,1,244216.9176,0,0,0,0
3072.650291,0,0,1,244216.9176,0,0,0,0
3073.650291,0,0,1,244216.9176,0,0,0,0
3074.650291,0,0,1,244216.9176,0,0,0,0
3075.650291,0,0,1,244216.9176,0,0,0,0
3076.650291,0,0,1,244216.9176,0,0,0,0
3077.650291,0,0,1,244216.9176,0,0,0,0
3078.650291,0,0,1,244216.9176,0,0,0,0
3079.650291,0,0,1,244216.9176,0,0,0,0
3080.650291,0,0,1,244216.9176,0,0,0,0
3081.650291,0,0,1,244216.9176,0,0,0,0
3082.650291,0,0,1,244216.9176,0,0,0,0
3083.650291,0,0,1,244216.9176,0,0,0,0
3084.650291,0,0,1,244216.9176,0,0,0,0
3085.650291,0,0,1,244216.9176,0,0,0,0
3086.650291,0,0,1,244216.9176,0,0,0,0
3087.650291,0,0,1,244216.9176,0,0,0,0
3088.650291,0,0,1,244216.9176,0,0,0,0
3089.650291,0,0,1,244216.9176,0,0,0,0
3090.650291,0,0,1,244216.9176,0,0,0,0
3091.650291,0,0,1,244216.9176,0,0,0,0
3092.650291,0,0,1,244216.9176,0,0,0,0
3093.650291,0,0,1,244216.9176,0,0,0,0
3094.650291,0,0,1,244216.9176,0,0,0,0
3095.650291,0,0,1,244216.9176,0,0,0,0
3096.650291,0,0,1,244216.9176,0,0,0,0
3097.650291,0,0,1,244216.9176,0,0,0,0
3098.650291,0,0,1,244216.9176,0,0,0,0
3099.650291,0,0,1,244216.9176,0,0,0,0
3100.650291,0,0,1,244216.9176,0,0,0,0
3101.650291,0,0,1,244216.9176,0,0,0,0
3102.650291,0,0,1,244216.9176,0,0,0,0
3103.650291,1,265308.2569,1,244216.9176,0,0,0,0
3104.650291,1,265308.2569,1,244216.9176,0,0,0,0
3105.650291,1,265308.2569,1,244216.9176,0,0,0,0
3106.650291,1,265308.2569,1,244216.9176,0,0,0,0
3107.650291,1,265308.2569,1,244216.9176,0,0,0,0
3108.650291,1,265308.2569,1,244216.9176,0,0,0,0
3109.650291,1,265308.2569,1,244216.9176,0,0,0,0
3110.650291,1,265308.2569,1,244216.9176,0,0,0,0
3111.650291,1,265308.2569,1,244216.9176,0,0,0,0
3112.650291,1,265308.2569,1,244216.9176,0,0,0,0
3113.650291,1,265308.2569,1,244216.9176,0,0,0,0
3114.650291,1,265308.2569,1,244216.9176,0,0,0,0
3115.650291,1,265308.2569,1,244216.9176,0,0,0,0
3116.650291,1,265308.2569,1,244216.9176,0,0,0,0
3117.650291,1,265308.2569,1,244216.9176,0,0,0,0
3118.650291,1,265308.2569,1,244216.9176,0,0,0,0
3119.650291,1,265308.2569,1,244216.9176,0,0,0,0
3120.650291,1,265308.2569,1,244216.9176,0,0,0,0
3121.650291,1,265308.2569,1,244216.9176,0,0,0,0
3122.650291,1,265308.2569,1,244216.9176,0,0,0,0
3123.650291,1,265308.2569,1,244216.9176,0,0,0,0
3124.650291,1,265308.2569,1,244216.9176,0,0,0,0
3125.650291,1,265308.2569,1,244216.9176,0,0,0,0
3126.650291,1,265308.2569,1,244216.9176,0,0,0,0
3127.650291,1,265308.2569,1,244216.9176,0,0,0,0
3128.650291,1,265308.2569,1,244216.9176,0,0,0,0
3129.650291,1,265308.2569,1,244216.9176,0,0,0,0
3130.650291,1,265308.2569,1,244216.9176,0,0,0,0
3131.650291,1,265308.2569,1,244216.9176,0,0,0,0
3132.650291,1,265308.2569,1,244216.9176,0,0,0,0
3133.650291,1,265308.2569,1,244216.9176,0,0,0,0
3134.650291,1,265308.2569,1,244216.9176,0,0,0,0
3135.650291,1,265308.2569,1,244216.9176,0,0,0,0
3136.650291,1,265308.2569,1,244216.9176,0,0,0,0
3137.650291,1,265308.2569,1,244216.9176,0,0,0,0
3138.650291,1,265308.2569,1,244216.9176,0,0,0,0
3139.650291,1,265308.2569,1,244216.9176,0,0,0,0
3140.650291,1,265308.2569,1,244216.9176,0,0,0,0
3141.650291,1,265308.2569,1,244216.9176,0,0,0,0
3142.650291,1,265308.2569,1,244216.9176,0,0,0,0
3143.650291,1,265308.2569,1,244216.9176,0,0,0,0
3144.650291,1,265308.2569,1,244216.9176,0,0,0,0
3145.650291,1,265308.2569,1,244216.9176,0,0,0,0
3146.650291,1,265308.2569,1,244216.9176,0,0,0,0
3147.650291,1,265308.2569,1,244216.9176,0,0,0,0
3148.650291,1,265308.2569,1,244216.9176,0,0,0,0
3149.650291,1,265308.2569,1,244216.9176,0,0,0,0
3150.650291,1,265308.2569,1,244216.9176,0,0,0,0
3151.650291,1,265308.2569,1,244216.9176,0,0,0,0
3152.650291,1,265308.2569,1,244216.9176,0,0,0,0
3153.650291,1,265308.2569,1,244216.9176,0,0,0,0
3154.650291,1,265308.2569,1,244216.9176,0,0,0,0
3155.650291,1,265308.2569,1,244216.9176,0,0,0,0
3156.650291,1,265308.2569,1,244216.9176,0,0,0,0
3157.650291,1,265308.2569,1,244216.9176,0,0,0,0
3158.650291,1,265308.2569,1,244216.9176,0,0,0,0
3159.650291,1,265308.2569,1,244216.9176,0,0,0,0
3160.650291,1,265308.2569,1,244216.9176,0,0,0,0
3161.650291,1,265308.2569,1,244216.9176,0,0,0,0
3162.650291,1,265308.2569,1,244216.9176,0,0,0,0
3163.650291,1,265308.2569,1,244216.9176,0,0,0,0
3164.650291,1,265308.2569,1,244216.9176,0,0,0,0
3165.650291,1,265308.2569,1,244216.9176,0,0,0,0
3166.650291,1,265308.2569,1,244216.9176,0,0,0,0
3167.650291,1,265308.2569,1,244216.9176,0,0,0,0
3168.650291,1,265308.2569,1,244216.9176,0,0,0,0
3169.650291,1,265308.2569,1,244216.9176,0,0,0,0
3170.650291,1,265308.2569,1,244216.9176,0,0,0,0
3171.650291,1,265308.2569,1,244216.9176,0,0,0,0
3172.650291,1,265308.2569,1,244216.9176,0,0,0,0
3173.650291,1,265308.2569,1,244216.9176,0,0,0,0
3174.650291,1,265308.2569,1,244216.9176,0,0,0,0
3175.650291,1,265308.2569,1,244216.9176,0,0,0,0
3176.650291,1,265308.2569,1,244216.9176,0,0,0,0
3177.650291,1,265308.2569,1,244216.9176,0,0,0,0
3178.650291,1,265308.2569,1,244216.9176,0,0,0,0
3179.650291,1,265308.2569,1,244216.9176,0,0,0,0
3180.650291,1,265308.2569,1,244216.9176,0,0,0,0
3181.650291,1,265308.2569,1,244216.9176,0,0,0,0
3182.650291,1,265308.2569,1,244216.9176,0,0,0,0
3183.650291,1,265308.2569,1,244216.9176,0,0,0,0
3184.650291,1,265308.2569,1,244216.9176,0,0,0,0
3185.650291,1,265308.2569,1,244216.9176,0,0,0,0
3186.650291,1,265308.2569,1,244216.9176,0,0,0,0
3187.650291,1,265308.2569,1,244216.9176,0,0,0,0
3188.650291,1,265308.2569,1,244216.9176,0,0,0,0
3189.650291,1,265308.2569,1,244216.9176,0,0,0,0
3190.650291,1,265308.2569,1,244216.9176,0,0,0,0
3191.650291,1,265308.2569,1,244216.9176,0,0,0,0
3192.650291,1,265308.2569,1,244216.9176,0,0,0,0
3193.650291,1,265308.2569,1,244216.9176,0,0,0,0
3194.650291,1,265308.2569,1,244216.9176,0,0,0,0
3195.650291,1,265308.2569,1,244216.9176,0,0,0,0
3196.650291,1,265308.2569,1,244216.9176,0,0,0,0
3197.650291,1,265308.2569,1,244216.9176,0,0,0,0
3198.650291,1,265308.2569,1,244216.9176,0,0,0,0
3199.650291,1,265308.2569,1,244216.9176,0,0,0,0
3200.650291,1,265308.2569,1,244216.9176,0,0,0,0
3201.650291,1,265308.2569,1,244216.9176,0,0,0,0
3202.650291,1,265308.2569,1,244216.9176,0,0,0,0
3203.650291,1,265308.2569,1,244216.9176,0,0,0,0
3204.650291,1,265308.2569,1,244216.9176,0,0,0,0
3205.650291,1,265308.2569,1,244216.9176,0,0,0,0
3206.650291,1,265308.2569,1,244216.9176,0,0,0,0
3207.650291,1,265308.2569,1,244216.9176,0,0,0,0
3208.650291,1,265308.2569,1,244216.9176,0,0,0,0
3209.650291,1,265308.2569,1,244216.9176,0,0,0,0
3210.650291,1,265308.2569,1,244216.9176,0,0,0,0
3211.650291,1,265308.2569,1,244216.9176,0,0,0,0
3212.650291,1,265308.2569,1,244216.9176,0,0,0,0
3213.650291,1,265308.2569,1,244216.9176,0,0,0,0
3214.650291,1,265308.2569,1,244216.9176,0,0,0,0
3215.650291,1,265308.2569,1,244216.9176,0,0,0,0
3216.650291,1,265308.2569,1,244216.9176,0,0,0,0
3217.650291,1,265308.2569,1,244216.9176,0,0,0,0
3218.650291,1,265308.2569,1,244216.9176,0,0,0,0
3219.650291,1,265308.2569,1,244216.9176,0,0,0,0
3220.650291,1,265308.2569,1,244216.9176,0,0,0,0
3221.650291,1,265308.2569,1,244216.9176,0,0,0,0
3222.650291,1,265308.2569,1,244216.9176,0,0,0,0
3223.650291,1,265308.2569,1,244216.9176,0,0,0,0
3224.650291,1,265308.2569,1,244216.9176,0,0,0,0
3225.650291,1,265308.2569,1,244216.9176,0,0,0,0
3226.650291,1,265308.2569,1,244216.9176,0,0,0,0
3227.650291,1,265308.2569,1,244216.9176,0,0,0,0
3228.650291,1,265308.2569,1,244216.9176,0,0,0,0
3229.650291,1,265308.2569,1,244216.9176,0,0,0,0
3230.650291,1,265308.2569,1,244216.9176,0,0,0,0
3231.650291,1,265308.2569,1,244216.9176,0,0,0,0
3232.650291,1,265308.2569,1,244216.9176,0,0,0,0
3233.650291,1,265308.2569,1,244216.9176,0,0,0,0
3234.650291,1,265308.2569,1,244216.9176,0,0,0,0
3235.650291,1,265308.2569,1,244216.9176,0,0,0,0
3236.650291,1,265308.2569,1,244216.9176,0,0,0,0
3237.650291,1,265308.2569,1,244216.9176,0,0,0,0
3238.650291,1,265308.2569,1,244216.9176,0,0,0,0
3239.650291,1,265308.2569,1,244216.9176,0,0,0,0
3240.650291,1,265308.2569,1,244216.9176,0,0,0,0
3241.650291,1,265308.2569,1,244216.9176,0,0,0,0
3242.650291,1,265308.2569,1,244216.9176,0,0,0,0
3243.650291,1,265308.2569,1,244216.9176,0,0,0,0
3244.650291,1,265308.2569,1,244216.9176,0,0,0,0
3245.650291,1,265308.2569,1,244216.9176,0,0,0,0
3246.650291,1,265308.2569,1,244216.9176,0,0,0,0
3247.650291,1,265308.2569,1,244216.9176,0,0,0,0
3248.650291,1,265308.2569,1,244216.9176,0,0,0,0
3249.650291,1,265308.2569,1,244216.9176,0,0,0,0
3250.650291,1,265308.2569,1,244216.9176,0,0,0,0
3251.650291,1,265308.2569,1,244216.9176,0,0,0,0
3252.650291,1,265308.2569,1,244216.9176,0,0,0,0
3253.650291,1,265308.2569,1,244216.9176,0,0,0,0
3254.650291,1,265308.2569,1,244216.9176,0,0,0,0
3255.650291,1,265308.2569,1,244216.9176,0,0,0,0
3256.650291,1,265308.2569,1,244216.9176,0,0,0,0
3257.650291,1,265308.2569,1,244216.9176,0,0,0,0
3258.650291,1,265308.2569,1,244216.9176,0,0,0,0
3259.650291,1,265308.2569,1,244216.9176,0,0,0,0
3260.650291,1,265308.2569,1,244216.9176,0,0,0,0
3261.650291,1,265308.2569,1,244216.9176,0,0,0,0
3262.650291,1,265308.2569,1,244216.9176,0,0,0,0
3263.650291,1,265308.2569,1,244216.9176,0,0,0,0
3264.650291,1,265308.2569,1,244216.9176,0,0,0,0
3265.650291,1,265308.2569,1,244216.9176,0,0,0,0
3266.650291,1,265308.2569,1,244216.9176,0,0,0,0
3267.650291,1,265308.2569,1,244216.9176,0,0,0,0
3268.650291,1,265308.2569,1,244216.9176,0,0,0,0
3269.650291,1,265308.2569,1,244216.9176,0,0,0,0
3270.650291,1,265308.2569,1,244216.9176,0,0,0,0
3271.650291,1,265308.2569,1,244216.9176,0,0,0,0
3272.650291,1,265308.2569,1,244216.9176,0,0,0,0
3273.650291,1,265308.2569,1,244216.9176,0,0,0,0
3274.650291,1,265308.2569,1,244216.9176,0,0,0,0
3275.650291,1,265308.2569,1,244216.9176,0,0,0,0
3276.650291,1,265308.2569,1,244216.9176,0,0,0,0
3277.650291,1,265308.2569,1,244216.9176,0,0,0,0
3278.650291,1,265308.2569,1,244216.9176,0,0,0,0
3279.650291,1,265308.2569,1,244216.9176,0,0,0,0
3280.650291,1,265308.2569,1,244216.9176,0,0,0,0
3281.650291,1,265308.2569,1,244216.9176,0,0,0,0
3282.650291,1,265308.2569,1,244216.9176,0,0,0,0
3283.650291,1,265308.2569,1,244216.9176,0,0,0,0
3284.650291,1,265308.2569,1,244216.9176,0,0,0,0
3285.650291,1,265308.2569,1,244216.9176,1,275676.0158,0,0
3286.650291,1,265308.2569,1,244216.9176,1,275676.0158,0,0
3287.650291,1,265308.2569,1,244216.9176,1,275676.0158,0,0
3288.650291,1,265308.2569,1,244216.9176,1,275676.0158,0,0
3289.650291,1,265308.2569,1,244216.9176,1,275676.0158,0,0
3290.650291,1,265308.2569,1,244216.9176,1,275676.0158,0,0
3291.650291,1,265308.2569,1,244216.9176,1,275676.0158,0,0
3292.650291,1,265308.2569,1,244216.9176,1,275676.0158,0,0
3293.650291,1,265308.2569,1,244216.9176,1,275676.0158,0,0
3294.650291,1,265308.2569,1,244216.9176,1,275676.0158,0,0
3295.650291,1,265308.2569,1,244216.9176,1,275676.0158,0,0
3296.650291,1,265308.2569,1,244216.9176,1,275676.0158,0,0
3297.650291,1,265308.2569,1,244216.9176,1,275676.0158,0,0
3298.650291,1,265308.2569,1,244216.9176,1,275676.0158,0,0
3299.650291,1,265308.2569,1,244216.9176,1,275676.0158,0,0
3300.650291,1,265308.2569,1,244216.9176,1,275676.0158,0,0
3301.650291,1,265308.2569,1,244216.9176,1,275676.0158,0,0
3302.650291,1,265308.2569,1,244216.9176,1,275676.0158,0,0
3303.650291,1,265308.2569,1,244216.9176,1,275676.0158,0,0
3304.650291,1,265308.2569,1,244216.9176,1,275676.0158,0,0
3305.650291,1,265308.2569,1,244216.9176,1,275676.0158,0,0
3306.650291,1,265308.2569,1,244216.9176,1,275676.0158,0,0
3307.650291,1,265308.2569,1,244216.9176,1,275676.0158,0,0
3308.650291,1,265308.2569,1,244216.9176,1,275676.0158,0,0
3309.650291,1,265308.2569,1,244216.9176,1,275676.0158,0,0
3310.650291,1,265308.2569,1,244216.9176,1,275676.0158,0,0
3311.650291,1,265308.2569,1,244216.9176,1,275676.0158,0,0
3312.650291,1,265308.2569,1,244216.9176,1,275676.0158,0,0
3313.650291,1,265308.2569,1,244216.9176,1,275676.0158,0,0
3314.650291,1,265308.2569,1,244216.9176,1,275676.0158,0,0
3315.650291,1,265308.2569,1,244216.9176,1,275676.0158,0,0
3316.650291,1,265308.2569,1,244216.9176,1,275676.0158,0,0
3317.650291,1,265308.2569,1,244216.9176,1,275676.0158,0,0
3318.650291,1,265308.2569,1,244216.9176,1,275676.0158,0,0
3319.650291,1,265308.2569,1,244216.9176,1,275676.0158,0,0
3320.650291,1,265308.2569,1,244216.9176,1,275676.0158,0,0
3321.650291,1,265308.2569,1,244216.9176,1,275676.0158,0,0
3322.650291,1,265308.2569,1,244216.9176,1,275676.0158,0,0
3323.650291,1,265308.2569,1,244216.9176,1,275676.0158,0,0
3324.650291,1,265308.2569,1,244216.9176,1,275676.0158,0,0
3325.650291,1,265308.2569,1,244216.9176,1,275676.0158,0,0
3326.650291,1,265308.2569,1,244216.9176,1,275676.0158,0,0
3327.650291,1,265308.2569,1,244216.9176,1,275676.0158,0,0
3328.650291,1,265308.2569,1,244216.9176,1,275676.0158,0,0
3329.650291,1,265308.2569,1,244216.9176,1,275676.0158,0,0
3330.650291,1,265308.2569,1,244216.9176,1,275676.0158,0,0
3331.650291,1,265308.2569,1,244216.9176,1,275676.0158,0,0
3332.650291,1,265308.2569,1,244216.9176,1,275676.0158,0,0
3333.650291,1,265308.2569,1,244216.9176,1,275676.0158,0,0
3334.650291,1,265308.2569,1,244216.9176,1,275676.0158,0,0
3335.650291,1,265308.2569,1,244216.9176,1,275676.0158,0,0
3336.650291,1,265308.2569,1,244216.9176,1,275676.0158,0,0
3337.650291,1,265308.2569,1,244216.9176,1,275676.0158,0,0
3338.650291,1,265308.2569,1,244216.9176,1,275676.0158,0,0
3339.650291,1,265308.2569,1,244216.9176,1,275676.0158,0,0
3340.650291,1,265308.2569,1,244216.9176,1,275676.0158,0,0
3341.650291,1,265308.2569,1,244216.9176,1,275676.0158,0,0
3342.650291,1,265308.2569,1,244216.9176,1,275676.0158,0,0
3343.650291,1,265308.2569,1,244216.9176,1,275676.0158,0,0
3344.650291,1,265308.2569,1,244216.9176,1,275676.0158,0,0
3345.650291,1,265308.2569,1,244216.9176,1,275676.0158,0,0
3346.650291,1,265308.2569,1,244216.9176,1,275676.0158,0,0
3347.650291,1,265308.2569,1,244216.9176,1,275676.0158,0,0
3348.650291,1,265308.2569,1,244216.9176,1,275676.0158,0,0
3349.650291,1,265308.2569,1,244216.9176,1,275676.0158,0,0
3350.650291,1,265308.2569,1,244216.9176,1,275676.0158,0,0
3351.650291,1,265308.2569,1,244216.9176,1,275676.0158,0,0
3352.650291,1,265308.2569,1,244216.9176,1,275676.0158,0,0
3353.650291,1,265308.2569,1,244216.9176,1,275676.0158,0,0
3354.650291,1,265308.2569,1,244216.9176,1,275676.0158,0,0
3355.650291,1,265308.2569,1,244216.9176,1,275676.0158,0,0
3356.650291,1,265308.2569,1,244216.9176,1,275676.0158,0,0
3357.650291,1,265308.2569,1,244216.9176,1,275676.0158,0,0
3358.650291,1,265308.2569,1,244216.9176,1,275676.0158,0,0
3359.650291,1,265308.2569,1,244216.9176,1,275676.0158,0,0
3360.650291,1,265308.2569,1,244216.9176,1,275676.0158,0,0
3361.650291,1,265308.2569,1,244216.9176,1,275676.0158,0,0
3362.650291,1,265308.2569,1,244216.9176,1,275676.0158,0,0
3363.650291,1,265308.2569,1,244216.9176,1,275676.0158,0,0
3364.650291,1,265308.2569,1,244216.9176,1,275676.0158,0,0
3365.650291,1,265308.2569,1,244216.9176,1,275676.0158,0,0
3366.650291,1,265308.2569,1,244216.9176,1,275676.0158,0,0
3367.650291,1,265308.2569,1,244216.9176,1,275676.0158,0,0
3368.650291,1,265308.2569,1,244216.9176,1,275676.0158,0,0
3369.650291,1,265308.2569,1,244216.9176,1,275676.0158,0,0
3370.650291,1,265308.2569,1,244216.9176,1,275676.0158,0,0
3371.650291,1,265308.2569,1,244216.9176,1,275676.0158,0,0
3372.650291,1,265308.2569,1,244216.9176,1,275676.0158,0,0
3373.650291,1,265308.2569,1,244216.9176,1,275676.0158,0,0
3374.650291,1,265308.2569,1,244216.9176,1,275676.0158,0,0
3375.650291,1,265308.2569,1,244216.9176,1,275676.0158,0,0
3376.650291,1,265308.2569,1,244216.9176,1,275676.0158,0,0
3377.650291,1,265308.2569,1,244216.9176,1,275676.0158,0,0
3378.650291,1,265308.2569,1,244216.9176,1,275676.0158,0,0
3379.650291,1,265308.2569,1,244216.9176,1,275676.0158,0,0
3380.650291,1,265308.2569,1,244216.9176,1,275676.0158,0,0
3381.650291,1,265308.2569,1,244216.9176,1,275676.0158,0,0
3382.650291,1,265308.2569,1,244216.9176,1,275676.0158,0,0
3383.650291,1,265308.2569,1,244216.9176,1,275676.0158,0,0
3384.650291,1,265308.2569,1,244216.9176,1,275676.0158,0,0
3385.650291,1,265308.2569,1,244216.9176,1,275676.0158,0,0
3386.650291,1,265308.2569,1,244216.9176,1,275676.0158,0,0
3387.650291,1,265308.2569,1,244216.9176,1,275676.0158,0,0
3388.650291,1,265308.2569,1,244216.9176,1,275676.0158,0,0
3389.650291,1,265308.2569,1,244216.9176,1,275676.0158,0,0
3390.650291,1,265308.2569,1,244216.9176,1,275676.0158,0,0
3391.650291,1,265308.2569,1,244216.9176,1,275676.0158,0,0
3392.650291,1,265308.2569,1,244216.9176,1,275676.0158,0,0
3393.650291,1,265308.2569,1,244216.9176,1,275676.0158,0,0
3394.650291,1,265308.2569,1,244216.9176,1,275676.0158,0,0
3395.650291,1,265308.2569,1,244216.9176,1,275676.0158,0,0
3396.650291,1,265308.2569,1,244216.9176,1,275676.0158,0,0
3397.650291,1,265308.2569,1,244216.9176,1,275676.0158,0,0
3398.650291,1,265308.2569,1,244216.9176,1,275676.0158,0,0
3399.650291,1,265308.2569,1,244216.9176,1,275676.0158,0,0
3400.650291,1,265308.2569,1,244216.9176,1,275676.0158,0,0
3401.650291,1,265308.2569,1,244216.9176,1,275676.0158,0,0
3402.650291,1,265308.2569,1,244216.9176,1,275676.0158,0,0
3403.650291,1,265308.2569,1,244216.9176,1,275676.0158,0,0
3404.650291,1,265308.2569,1,244216.9176,1,275676.0158,0,0
3405.650291,1,265308.2569,1,244216.9176,1,275676.0158,0,0
3406.650291,1,265308.2569,1,244216.9176,1,275676.0158,0,0
3407.650291,1,265308.2569,1,244216.9176,1,275676.0158,0,0
3408.650291,1,265308.2569,1,244216.9176,1,275676.0158,0,0
3409.650291,1,265308.2569,1,244216.9176,1,275676.0158,0,0
3410.650291,1,265308.2569,1,244216.9176,1,275676.0158,0,0
3411.650291,1,265308.2569,1,244216.9176,1,275676.0158,0,0
3412.650291,1,265308.2569,1,244216.9176,1,275676.0158,0,0
3413.650291,1,265308.2569,1,244216.9176,1,275676.0158,0,0
3414.650291,1,265308.2569,1,244216.9176,1,275676.0158,0,0
3415.650291,1,265308.2569,1,244216.9176,1,275676.0158,0,0
3416.650291,1,265308.2569,1,244216.9176,1,275676.0158,0,0
3417.650291,1,265308.2569,1,244216.9176,1,275676.0158,0,0
3418.650291,1,265308.2569,1,244216.9176,1,275676.0158,0,0
3419.650291,1,265308.2569,1,244216.9176,1,275676.0158,0,0
3420.650291,1,265308.2569,1,244216.9176,1,275676.0158,0,0
3421.650291,1,265308.2569,1,244216.9176,1,275676.0158,0,0
3422.650291,1,265308.2569,1,244216.9176,1,275676.0158,0,0
3423.650291,1,265308.2569,1,244216.9176,1,275676.0158,0,0
3424.650291,1,265308.2569,1,244216.9176,1,275676.0158,0,0
3425.650291,1,265308.2569,1,244216.9176,1,275676.0158,0,0
3426.650291,1,265308.2569,1,244216.9176,1,275676.0158,0,0
3427.650291,1,265308.2569,1,244216.9176,1,275676.0158,0,0
3428.650291,1,265308.2569,1,244216.9176,1,275676.0158,0,0
3429.650291,1,265308.2569,1,244216.9176,1,275676.0158,0,0
3430.650291,1,265308.2569,1,244216.9176,1,275676.0158,0,0
3431.650291,1,265308.2569,1,244216.9176,1,275676.0158,0,0
3432.650291,1,265308.2569,1,244216.9176,1,275676.0158,0,0
3433.650291,1,265308.2569,0,0,1,275676.0158,0,0
3434.650291,1,265308.2569,0,0,1,275676.0158,0,0
3435.650291,1,265308.2569,0,0,1,275676.0158,0,0
3436.650291,1,265308.2569,0,0,1,275676.0158,0,0
3437.650291,1,265308.2569,0,0,1,275676.0158,0,0
3438.650291,1,265308.2569,0,0,1,275676.0158,0,0
3439.650291,1,265308.2569,0,0,1,275676.0158,0,0
3440.650291,1,265308.2569,0,0,1,275676.0158,0,0
3441.650291,1,265308.2569,0,0,1,275676.0158,0,0
3442.650291,1,265308.2569,0,0,1,275676.0158,0,0
3443.650291,1,265308.2569,0,0,1,275676.0158,0,0
3444.650291,1,265308.2569,0,0,1,275676.0158,0,0
3445.650291,1,265308.2569,0,0,1,275676.0158,0,0
3446.650291,1,265308.2569,0,0,1,275676.0158,0,0
3447.650291,1,265308.2569,0,0,1,275676.0158,0,0
3448.650291,1,265308.2569,0,0,1,275676.0158,0,0
3449.650291,1,265308.2569,0,0,1,275676.0158,0,0
3450.650291,1,265308.2569,0,0,1,275676.0158,0,0
3451.650291,1,265308.2569,0,0,1,275676.0158,0,0
3452.650291,1,265308.2569,0,0,1,275676.0158,0,0
3453.650291,1,265308.2569,0,0,1,275676.0158,0,0
3454.650291,1,265308.2569,0,0,1,275676.0158,0,0
3455.650291,1,265308.2569,0,0,1,275676.0158,0,0
3456.650291,1,265308.2569,0,0,1,275676.0158,0,0
3457.650291,1,265308.2569,0,0,1,275676.0158,0,0
3458.650291,1,265308.2569,0,0,1,275676.0158,0,0
3459.650291,1,265308.2569,0,0,1,275676.0158,0,0
3460.650291,1,265308.2569,0,0,1,275676.0158,0,0
3461.650291,1,265308.2569,0,0,1,275676.0158,0,0
3462.650291,1,265308.2569,0,0,1,275676.0158,0,0
3463.650291,1,265308.2569,0,0,1,275676.0158,0,0
3464.650291,1,265308.2569,0,0,1,275676.0158,0,0
3465.650291,1,265308.2569,0,0,1,275676.0158,0,0
3466.650291,1,265308.2569,0,0,1,275676.0158,0,0
3467.650291,1,265308.2569,0,0,1,275676.0158,0,0
3468.650291,1,265308.2569,0,0,1,275676.0158,0,0
3469.650291,1,265308.2569,0,0,1,275676.0158,0,0
3470.650291,1,265308.2569,0,0,1,275676.0158,0,0
3471.650291,1,265308.2569,0,0,1,275676.0158,0,0
3472.650291,1,265308.2569,0,0,1,275676.0158,0,0
3473.650291,1,265308.2569,0,0,1,275676.0158,0,0
3474.650291,1,265308.2569,0,0,1,275676.0158,0,0
3475.650291,1,265308.2569,0,0,1,275676.0158,0,0
3476.650291,1,265308.2569,0,0,1,275676.0158,0,0
3477.650291,1,265308.2569,0,0,1,275676.0158,0,0
3478.650291,1,265308.2569,0,0,1,275676.0158,0,0
3479.650291,1,265308.2569,0,0,1,275676.0158,0,0
3480.650291,1,265308.2569,0,0,1,275676.0158,0,0
3481.650291,1,265308.2569,0,0,1,275676.0158,0,0
3482.650291,1,265308.2569,0,0,1,275676.0158,0,0
3483.650291,1,265308.2569,0,0,1,275676.0158,0,0
3484.650291,1,265308.2569,0,0,1,275676.0158,0,0
3485.650291,1,265308.2569,0,0,1,275676.0158,0,0
3486.650291,1,265308.2569,0,0,1,275676.0158,0,0
3487.650291,1,265308.2569,0,0,1,275676.0158,0,0
3488.650291,1,265308.2569,0,0,1,275676.0158,0,0
3489.650291,1,265308.2569,0,0,1,275676.0158,0,0
3490.650291,1,265308.2569,0,0,1,275676.0158,0,0
3491.650291,1,265308.2569,0,0,1,275676.0158,0,0
3492.650291,1,265308.2569,0,0,1,275676.0158,0,0
3493.650291,1,265308.2569,0,0,1,275676.0158,0,0
3494.650291,1,265308.2569,0,0,1,275676.0158,0,0
3495.650291,1,265308.2569,0,0,1,275676.0158,0,0
3496.650291,1,265308.2569,0,0,1,275676.0158,0,0
3497.650291,1,265308.2569,0,0,1,275676.0158,0,0
3498.650291,1,265308.2569,0,0,1,275676.0158,0,0
3499.650291,1,265308.2569,0,0,1,275676.0158,0,0
3500.650291,1,265308.2569,0,0,1,275676.0158,0,0
3501.650291,1,265308.2569,0,0,1,275676.0158,0,0
3502.650291,1,265308.2569,0,0,1,275676.0158,0,0
3503.650291,1,265308.2569,0,0,1,275676.0158,0,0
3504.650291,1,265308.2569,0,0,1,275676.0158,0,0
3505.650291,1,265308.2569,0,0,1,275676.0158,0,0
3506.650291,1,265308.2569,0,0,1,275676.0158,0,0
3507.650291,1,265308.2569,0,0,1,275676.0158,0,0
3508.650291,1,265308.2569,0,0,1,275676.0158,0,0
3509.650291,1,265308.2569,0,0,1,275676.0158,0,0
3510.650291,1,265308.2569,0,0,1,275676.0158,0,0
3511.650291,1,265308.2569,0,0,1,275676.0158,0,0
3512.650291,1,265308.2569,0,0,1,275676.0158,0,0
3513.650291,1,265308.2569,0,0,1,275676.0158,0,0
3514.650291,1,265308.2569,0,0,1,275676.0158,0,0
3515.650291,1,265308.2569,0,0,1,275676.0158,0,0
3516.650291,1,265308.2569,0,0,1,275676.0158,0,0
3517.650291,1,265308.2569,0,0,1,275676.0158,0,0
3518.650291,1,265308.2569,0,0,1,275676.0158,0,0
3519.650291,1,265308.2569,0,0,1,275676.0158,0,0
3520.650291,1,265308.2569,0,0,1,275676.0158,0,0
3521.650291,1,265308.2569,0,0,1,275676.0158,0,0
3522.650291,1,265308.2569,0,0,1,275676.0158,0,0
3523.650291,1,265308.2569,0,0,1,275676.0158,0,0
3524.650291,1,265308.2569,0,0,1,275676.0158,0,0
3525.650291,1,265308.2569,0,0,1,275676.0158,0,0
3526.650291,1,265308.2569,0,0,1,275676.0158,0,0
3527.650291,1,265308.2569,0,0,1,275676.0158,0,0
3528.650291,1,265308.2569,0,0,1,275676.0158,0,0
3529.650291,1,265308.2569,0,0,1,275676.0158,0,0
3530.650291,1,265308.2569,0,0,1,275676.0158,0,0
3531.650291,1,265308.2569,0,0,1,275676.0158,0,0
3532.650291,1,265308.2569,0,0,1,275676.0158,0,0
3533.650291,1,265308.2569,0,0,1,275676.0158,0,0
3534.650291,1,265308.2569,0,0,1,275676.0158,0,0
3535.650291,1,265308.2569,0,0,1,275676.0158,0,0
3536.650291,1,265308.2569,0,0,1,275676.0158,0,0
3537.650291,1,265308.2569,0,0,1,275676.0158,0,0
3538.650291,1,265308.2569,0,0,1,275676.0158,0,0
3539.650291,1,265308.2569,0,0,1,275676.0158,0,0
3540.650291,1,265308.2569,0,0,1,275676.0158,0,0
3541.650291,1,265308.2569,0,0,1,275676.0158,0,0
3542.650291,1,265308.2569,0,0,1,275676.0158,0,0
3543.650291,1,265308.2569,0,0,1,275676.0158,0,0
3544.650291,1,265308.2569,0,0,1,275676.0158,0,0
3545.650291,1,265308.2569,0,0,1,275676.0158,0,0
3546.650291,1,265308.2569,0,0,1,275676.0158,0,0
3547.650291,1,265308.2569,0,0,1,275676.0158,0,0
3548.650291,1,265308.2569,0,0,1,275676.0158,0,0
3549.650291,1,265308.2569,0,0,1,275676.0158,0,0
3550.650291,1,265308.2569,0,0,1,275676.0158,0,0
3551.650291,1,265308.2569,0,0,1,275676.0158,0,0
3552.650291,1,265308.2569,0,0,1,275676.0158,0,0
3553.650291,1,265308.2569,0,0,1,275676.0158,0,0
3554.650291,1,265308.2569,0,0,1,275676.0158,0,0
3555.650291,1,265308.2569,0,0,1,275676.0158,0,0
3556.650291,1,265308.2569,0,0,1,275676.0158,0,0
3557.650291,1,265308.2569,0,0,1,275676.0158,0,0
3558.650291,1,265308.2569,0,0,1,275676.0158,0,0
3559.650291,1,265308.2569,0,0,1,275676.0158,0,0
3560.650291,1,265308.2569,0,0,1,275676.0158,0,0
3561.650291,1,265308.2569,0,0,1,275676.0158,0,0
3562.650291,1,265308.2569,0,0,1,275676.0158,0,0
3563.650291,1,265308.2569,0,0,1,275676.0158,0,0
3564.650291,1,265308.2569,0,0,1,275676.0158,0,0
3565.650291,1,265308.2569,0,0,1,275676.0158,0,0
3566.650291,1,265308.2569,0,0,1,275676.0158,0,0
3567.650291,1,265308.2569,0,0,1,275676.0158,0,0
3568.650291,1,265308.2569,0,0,1,275676.0158,0,0
3569.650291,1,265308.2569,0,0,1,275676.0158,0,0
3570.650291,1,265308.2569,0,0,1,275676.0158,0,0
3571.650291,1,265308.2569,0,0,1,275676.0158,0,0
3572.650291,1,265308.2569,0,0,1,275676.0158,0,0
3573.650291,1,265308.2569,0,0,1,275676.0158,0,0
3574.650291,1,265308.2569,0,0,1,275676.0158,0,0
3575.650291,1,265308.2569,0,0,1,275676.0158,0,0
3576.650291,1,265308.2569,0,0,1,275676.0158,0,0
3577.650291,1,265308.2569,0,0,1,275676.0158,0,0
3578.650291,1,265308.2569,0,0,1,275676.0158,0,0
3579.650291,1,265308.2569,0,0,1,275676.0158,0,0
3580.650291,1,265308.2569,0,0,1,275676.0158,0,0
3581.650291,1,265308.2569,0,0,1,275676.0158,0,0
3582.650291,1,265308.2569,0,0,1,275676.0158,0,0
3583.650291,1,265308.2569,0,0,1,275676.0158,0,0
3584.650291,1,265308.2569,0,0,1,275676.0158,0,0
3585.650291,1,265308.2569,0,0,1,275676.0158,0,0
3586.650291,1,265308.2569,0,0,1,275676.0158,0,0
3587.650291,1,265308.2569,0,0,1,275676.0158,0,0
3588.650291,1,265308.2569,0,0,1,275676.0158,0,0
3589.650291,1,265308.2569,0,0,1,275676.0158,0,0
3590.650291,1,265308.2569,0,0,1,275676.0158,0,0
3591.650291,1,265308.2569,0,0,1,275676.0158,0,0
3592.650291,1,265308.2569,0,0,1,275676.0158,0,0
3593.650291,1,265308.2569,0,0,1,275676.0158,0,0
3594.650291,1,265308.2569,0,0,1,275676.0158,0,0
3595.650291,1,265308.2569,0,0,1,275676.0158,0,0
3596.650291,1,265308.2569,0,0,1,275676.0158,0,0
3597.650291,1,265308.2569,0,0,1,275676.0158,0,0
3598.650291,1,265308.2569,0,0,1,275676.0158,0,0
3599.650291,1,265308.2569,0,0,1,275676.0158,0,0
3600.650291,1,265308.2569,0,0,1,275676.0158,0,0
3601.650291,1,265308.2569,0,0,1,275676.0158,0,0
3602.650291,1,265308.2569,0,0,1,275676.0158,0,0
3603.650291,1,265308.2569,0,0,1,275676.0158,0,0
3604.650291,1,265308.2569,0,0,1,275676.0158,0,0
3605.650291,1,265308.2569,0,0,1,275676.0158,0,0
3606.650291,1,265308.2569,0,0,1,275676.0158,0,0
3607.650291,1,265308.2569,0,0,1,275676.0158,0,0
3608.650291,1,265308.2569,0,0,1,275676.0158,0,0
3609.650291,1,265308.2569,0,0,1,275676.0158,0,0
3610.650291,1,265308.2569,0,0,1,275676.0158,0,0
3611.650291,1,265308.2569,0,0,1,275676.0158,0,0
3612.650291,1,265308.2569,0,0,1,275676.0158,0,0
3613.650291,1,265308.2569,0,0,1,275676.0158,0,0
3614.650291,1,265308.2569,0,0,1,275676.0158,0,0
3615.650291,1,265308.2569,0,0,1,275676.0158,0,0
3616.650291,1,265308.2569,0,0,1,275676.0158,0,0
3617.650291,1,265308.2569,0,0,1,275676.0158,0,0
3618.650291,1,265308.2569,0,0,1,275676.0158,0,0
3619.650291,1,265308.2569,0,0,1,275676.0158,0,0
3620.650291,1,265308.2569,0,0,1,275676.0158,0,0
3621.650291,1,265308.2569,0,0,1,275676.0158,0,0
3622.650291,1,265308.2569,0,0,1,275676.0158,0,0
3623.650291,1,265308.2569,0,0,1,275676.0158,0,0
3624.650291,1,265308.2569,0,0,1,275676.0158,0,0
3625.650291,1,265308.2569,0,0,1,275676.0158,0,0
3626.650291,1,265308.2569,0,0,1,275676.0158,0,0
3627.650291,1,265308.2569,0,0,1,275676.0158,0,0
3628.650291,1,265308.2569,0,0,1,275676.0158,0,0
3629.650291,1,265308.2569,0,0,1,275676.0158,0,0
3630.650291,1,265308.2569,0,0,1,275676.0158,0,0
3631.650291,1,265308.2569,0,0,1,275676.0158,0,0
3632.650291,1,265308.2569,0,0,1,275676.0158,0,0
3633.650291,1,265308.2569,0,0,1,275676.0158,0,0
3634.650291,1,265308.2569,0,0,1,275676.0158,0,0
3635.650291,1,265308.2569,0,0,1,275676.0158,0,0
3636.650291,1,265308.2569,0,0,1,275676.0158,0,0
3637.650291,1,265308.2569,0,0,1,275676.0158,0,0
3638.650291,1,265308.2569,0,0,1,275676.0158,0,0
3639.650291,1,265308.2569,0,0,1,275676.0158,0,0
3640.650291,1,265308.2569,0,0,1,275676.0158,0,0
3641.650291,1,265308.2569,0,0,1,275676.0158,0,0
3642.650291,1,265308.2569,0,0,1,275676.0158,0,0
3643.650291,1,265308.2569,0,0,1,275676.0158,0,0
3644.650291,1,265308.2569,0,0,1,275676.0158,0,0
3645.650291,1,265308.2569,0,0,1,275676.0158,0,0
3646.650291,1,265308.2569,0,0,1,275676.0158,0,0
3647.650291,1,265308.2569,0,0,1,275676.0158,1,300087.641
3648.650291,1,265308.2569,0,0,1,275676.0158,1,300087.641
3649.650291,1,265308.2569,0,0,1,275676.0158,1,300087.641
3650.650291,1,265308.2569,0,0,1,275676.0158,1,300087.641
3651.650291,1,265308.2569,0,0,1,275676.0158,1,300087.641
3652.650291,1,265308.2569,0,0,1,275676.0158,1,300087.641
3653.650291,1,265308.2569,0,0,1,275676.0158,1,300087.641
3654.650291,1,265308.2569,0,0,1,275676.0158,1,300087.641
3655.650291,1,265308.2569,0,0,1,275676.0158,1,300087.641
3656.650291,1,265308.2569,0,0,1,275676.0158,1,300087.641
3657.650291,1,265308.2569,0,0,1,275676.0158,1,300087.641
3658.650291,1,265308.2569,0,0,1,275676.0158,1,300087.641
3659.650291,1,265308.2569,0,0,1,275676.0158,1,300087.641
3660.650291,1,265308.2569,0,0,1,275676.0158,1,300087.641
3661.650291,1,265308.2569,0,0,1,275676.0158,1,300087.641
3662.650291,1,265308.2569,0,0,1,275676.0158,1,300087.641
3663.650291,1,265308.2569,0,0,1,275676.0158,1,300087.641
3664.650291,1,265308.2569,0,0,1,275676.0158,1,300087.641
3665.650291,1,265308.2569,0,0,1,275676.0158,1,300087.641
3666.650291,1,265308.2569,0,0,1,275676.0158,1,300087.641
3667.650291,1,265308.2569,0,0,1,275676.0158,1,300087.641
3668.650291,1,265308.2569,0,0,1,275676.0158,1,300087.641
3669.650291,1,265308.2569,0,0,1,275676.0158,1,300087.641
3670.650291,1,265308.2569,0,0,1,275676.0158,1,300087.641
3671.650291,1,265308.2569,0,0,1,275676.0158,1,300087.641
3672.650291,1,265308.2569,0,0,1,275676.0158,1,300087.641
3673.650291,1,265308.2569,0,0,1,275676.0158,1,300087.641
3674.650291,1,265308.2569,0,0,1,275676.0158,1,300087.641
3675.650291,1,265308.2569,0,0,1,275676.0158,1,300087.641
3676.650291,1,265308.2569,0,0,1,275676.0158,1,300087.641
3677.650291,1,265308.2569,0,0,1,275676.0158,1,300087.641
3678.650291,1,265308.2569,0,0,1,275676.0158,1,300087.641
3679.650291,1,265308.2569,0,0,1,275676.0158,1,300087.641
3680.650291,1,265308.2569,0,0,1,275676.0158,1,300087.641
3681.650291,1,265308.2569,0,0,1,275676.0158,1,300087.641
3682.650291,1,265308.2569,0,0,1,275676.0158,1,300087.641
3683.650291,1,265308.2569,0,0,1,275676.0158,1,300087.641
3684.650291,1,265308.2569,0,0,1,275676.0158,1,300087.641
3685.650291,1,265308.2569,0,0,1,275676.0158,1,300087.641
3686.650291,1,265308.2569,0,0,1,275676.0158,1,300087.641
3687.650291,1,265308.2569,0,0,1,275676.0158,1,300087.641
3688.650291,1,265308.2569,0,0,1,275676.0158,1,300087.641
3689.650291,1,265308.2569,0,0,1,275676.0158,1,300087.641
3690.650291,1,265308.2569,0,0,1,275676.0158,1,300087.641
3691.650291,1,265308.2569,0,0,1,275676.0158,1,300087.641
3692.650291,1,265308.2569,0,0,1,275676.0158,1,300087.641
3693.650291,1,265308.2569,0,0,1,275676.0158,1,300087.641
3694.650291,1,265308.2569,0,0,1,275676.0158,1,300087.641
3695.650291,1,265308.2569,0,0,1,275676.0158,1,300087.641
3696.650291,1,265308.2569,0,0,1,275676.0158,1,300087.641
3697.650291,1,265308.2569,0,0,1,275676.0158,1,300087.641
3698.650291,1,265308.2569,0,0,1,275676.0158,1,300087.641
3699.650291,1,265308.2569,0,0,1,275676.0158,1,300087.641
3700.650291,1,265308.2569,0,0,1,275676.0158,1,300087.641
3701.650291,1,265308.2569,0,0,1,275676.0158,1,300087.641
3702.650291,1,265308.2569,0,0,1,275676.0158,1,300087.641
3703.650291,1,265308.2569,0,0,1,275676.0158,1,300087.641
3704.650291,1,265308.2569,0,0,1,275676.0158,1,300087.641
3705.650291,1,265308.2569,0,0,1,275676.0158,1,300087.641
3706.650291,1,265308.2569,0,0,1,275676.0158,1,300087.641
3707.650291,1,265308.2569,0,0,1,275676.0158,1,300087.641
3708.650291,1,265308.2569,0,0,1,275676.0158,1,300087.641
3709.650291,1,265308.2569,0,0,1,275676.0158,1,300087.641
3710.650291,1,265308.2569,0,0,1,275676.0158,1,300087.641
3711.650291,1,265308.2569,0,0,1,275676.0158,1,300087.641
3712.650291,1,265308.2569,0,0,1,275676.0158,1,300087.641
3713.650291,1,265308.2569,0,0,1,275676.0158,1,300087.641
3714.650291,1,265308.2569,0,0,1,275676.0158,1,300087.641
3715.650291,1,265308.2569,0,0,1,275676.0158,1,300087.641
3716.650291,1,265308.2569,0,0,1,275676.0158,1,300087.641
3717.650291,1,265308.2569,0,0,1,275676.0158,1,300087.641
3718.650291,1,265308.2569,0,0,1,275676.0158,1,300087.641
3719.650291,1,265308.2569,0,0,1,275676.0158,1,300087.641
3720.650291,1,265308.2569,0,0,1,275676.0158,1,300087.641
3721.650291,1,265308.2569,0,0,1,275676.0158,1,300087.641
3722.650291,1,265308.2569,0,0,1,275676.0158,1,300087.641
3723.650291,1,265308.2569,0,0,1,275676.0158,1,300087.641
3724.650291,1,265308.2569,0,0,1,275676.0158,1,300087.641
3725.650291,1,265308.2569,0,0,1,275676.0158,1,300087.641
3726.650291,1,265308.2569,0,0,1,275676.0158,1,300087.641
3727.650291,1,265308.2569,0,0,1,275676.0158,1,300087.641
3728.650291,1,265308.2569,0,0,1,275676.0158,1,300087.641
3729.650291,1,265308.2569,0,0,1,275676.0158,1,300087.641
3730.650291,1,265308.2569,0,0,1,275676.0158,1,300087.641
3731.650291,1,265308.2569,0,0,1,275676.0158,1,300087.641
3732.650291,1,265308.2569,0,0,1,275676.0158,1,300087.641
3733.650291,1,265308.2569,0,0,1,275676.0158,1,300087.641
3734.650291,1,265308.2569,0,0,1,275676.0158,1,300087.641
3735.650291,1,265308.2569,0,0,1,275676.0158,1,300087.641
3736.650291,0,0,0,0,1,275676.0158,1,300087.641
3737.650291,0,0,0,0,1,275676.0158,1,300087.641
3738.650291,0,0,0,0,1,275676.0158,1,300087.641
3739.650291,0,0,0,0,1,275676.0158,1,300087.641
3740.650291,0,0,0,0,1,275676.0158,1,300087.641
3741.650291,0,0,0,0,1,275676.0158,1,300087.641
3742.650291,0,0,0,0,1,275676.0158,1,300087.641
3743.650291,0,0,0,0,1,275676.0158,1,300087.641
3744.650291,0,0,0,0,1,275676.0158,1,300087.641
3745.650291,0,0,0,0,1,275676.0158,1,300087.641
3746.650291,0,0,0,0,1,275676.0158,1,300087.641
3747.650291,0,0,0,0,1,275676.0158,1,300087.641
3748.650291,0,0,0,0,1,275676.0158,1,300087.641
3749.650291,0,0,0,0,1,275676.0158,1,300087.641
3750.650291,0,0,0,0,1,275676.0158,1,300087.641
3751.650291,0,0,0,0,1,275676.0158,1,300087.641
3752.650291,0,0,0,0,1,275676.0158,1,300087.641
3753.650291,0,0,0,0,1,275676.0158,1,300087.641
3754.650291,0,0,0,0,1,275676.0158,1,300087.641
3755.650291,0,0,0,0,1,275676.0158,1,300087.641
3756.650291,0,0,0,0,1,275676.0158,1,300087.641
3757.650291,0,0,0,0,1,275676.0158,1,300087.641
3758.650291,0,0,0,0,1,275676.0158,1,300087.641
3759.650291,0,0,0,0,1,275676.0158,1,300087.641
3760.650291,0,0,0,0,1,275676.0158,1,300087.641
3761.650291,0,0,0,0,1,275676.0158,1,300087.641
3762.650291,0,0,0,0,1,275676.0158,1,300087.641
3763.650291,0,0,0,0,1,275676.0158,1,300087.641
3764.650291,0,0,0,0,1,275676.0158,1,300087.641
3765.650291,0,0,0,0,1,275676.0158,1,300087.641
3766.650291,0,0,0,0,1,275676.0158,1,300087.641
3767.650291,0,0,0,0,1,275676.0158,1,300087.641
3768.650291,0,0,0,0,1,275676.0158,1,300087.641
3769.650291,0,0,0,0,1,275676.0158,1,300087.641
3770.650291,0,0,0,0,1,275676.0158,1,300087.641
3771.650291,0,0,0,0,1,275676.0158,1,300087.641
3772.650291,0,0,0,0,1,275676.0158,1,300087.641
3773.650291,0,0,0,0,1,275676.0158,1,300087.641
3774.650291,0,0,0,0,1,275676.0158,1,300087.641
3775.650291,0,0,0,0,1,275676.0158,1,300087.641
3776.650291,0,0,0,0,1,275676.0158,1,300087.641
3777.650291,0,0,0,0,1,275676.0158,1,300087.641
3778.650291,0,0,0,0,1,275676.0158,1,300087.641
3779.650291,0,0,0,0,1,275676.0158,1,300087.641
3780.650291,0,0,0,0,1,275676.0158,1,300087.641
3781.650291,0,0,0,0,1,275676.0158,1,300087.641
3782.650291,0,0,0,0,1,275676.0158,1,300087.641
3783.650291,0,0,0,0,1,275676.0158,1,300087.641
3784.650291,0,0,0,0,1,275676.0158,1,300087.641
3785.650291,0,0,0,0,1,275676.0158,1,300087.641
3786.650291,0,0,0,0,1,275676.0158,1,300087.641
3787.650291,0,0,0,0,1,275676.0158,1,300087.641
3788.650291,0,0,0,0,1,275676.0158,1,300087.641
3789.650291,0,0,0,0,1,275676.0158,1,300087.641
3790.650291,0,0,0,0,1,275676.0158,1,300087.641
3791.650291,0,0,0,0,1,275676.0158,1,300087.641
3792.650291,0,0,0,0,1,275676.0158,1,300087.641
3793.650291,0,0,0,0,1,275676.0158,1,300087.641
3794.650291,0,0,0,0,1,275676.0158,1,300087.641
3795.650291,0,0,0,0,1,275676.0158,1,300087.641
3796.650291,0,0,0,0,1,275676.0158,1,300087.641
3797.650291,0,0,0,0,1,275676.0158,1,300087.641
3798.650291,0,0,0,0,1,275676.0158,1,300087.641
3799.650291,0,0,0,0,1,275676.0158,1,300087.641
3800.650291,0,0,0,0,1,275676.0158,1,300087.641
3801.650291,0,0,0,0,1,275676.0158,1,300087.641
3802.650291,0,0,0,0,1,275676.0158,1,300087.641
3803.650291,0,0,0,0,1,275676.0158,1,300087.641
3804.650291,0,0,0,0,1,275676.0158,1,300087.641
3805.650291,0,0,0,0,1,275676.0158,1,300087.641
3806.650291,0,0,0,0,1,275676.0158,1,300087.641
3807.650291,0,0,0,0,1,275676.0158,1,300087.641
3808.650291,0,0,0,0,1,275676.0158,1,300087.641
3809.650291,0,0,0,0,1,275676.0158,1,300087.641
3810.650291,0,0,0,0,1,275676.0158,1,300087.641
3811.650291,0,0,0,0,1,275676.0158,1,300087.641
3812.650291,0,0,0,0,1,275676.0158,1,300087.641
3813.650291,0,0,0,0,1,275676.0158,1,300087.641
3814.650291,0,0,0,0,1,275676.0158,1,300087.641
3815.650291,0,0,0,0,1,275676.0158,1,300087.641
3816.650291,0,0,0,0,1,275676.0158,1,300087.641
3817.650291,0,0,0,0,1,275676.0158,1,300087.641
3818.650291,0,0,0,0,1,275676.0158,1,300087.641
3819.650291,0,0,0,0,1,275676.0158,1,300087.641
3820.650291,0,0,0,0,1,275676.0158,1,300087.641
3821.650291,0,0,0,0,1,275676.0158,1,300087.641
3822.650291,0,0,0,0,1,275676.0158,1,300087.641
3823.650291,0,0,0,0,1,275676.0158,1,300087.641
3824.650291,0,0,0,0,1,275676.0158,1,300087.641
3825.650291,0,0,0,0,1,275676.0158,1,300087.641
3826.650291,0,0,0,0,1,275676.0158,1,300087.641
3827.650291,0,0,0,0,1,275676.0158,1,300087.641
3828.650291,0,0,0,0,1,275676.0158,1,300087.641
3829.650291,0,0,0,0,1,275676.0158,1,300087.641
3830.650291,0,0,0,0,1,275676.0158,1,300087.641
3831.650291,0,0,0,0,1,275676.0158,1,300087.641
3832.650291,0,0,0,0,1,275676.0158,1,300087.641
3833.650291,0,0,0,0,1,275676.0158,1,300087.641
3834.650291,0,0,0,0,1,275676.0158,1,300087.641
3835.650291,0,0,0,0,1,275676.0158,1,300087.641
3836.650291,0,0,0,0,1,275676.0158,1,300087.641
3837.650291,0,0,0,0,1,275676.0158,1,300087.641
3838.650291,0,0,0,0,1,275676.0158,1,300087.641
3839.650291,0,0,0,0,1,275676.0158,1,300087.641
3840.650291,0,0,0,0,1,275676.0158,1,300087.641
3841.650291,0,0,0,0,1,275676.0158,1,300087.641
3842.650291,0,0,0,0,1,275676.0158,1,300087.641
3843.650291,0,0,0,0,1,275676.0158,1,300087.641
3844.650291,0,0,0,0,1,275676.0158,1,300087.641
3845.650291,0,0,0,0,1,275676.0158,1,300087.641
3846.650291,0,0,0,0,1,275676.0158,1,300087.641
3847.650291,0,0,0,0,1,275676.0158,1,300087.641
3848.650291,0,0,0,0,1,275676.0158,1,300087.641
3849.650291,0,0,0,0,1,275676.0158,1,300087.641
3850.650291,0,0,0,0,1,275676.0158,1,300087.641
3851.650291,0,0,0,0,1,275676.0158,1,300087.641
3852.650291,0,0,0,0,1,275676.0158,1,300087.641
3853.650291,0,0,0,0,1,275676.0158,1,300087.641
3854.650291,0,0,0,0,1,275676.0158,1,300087.641
3855.650291,0,0,0,0,1,275676.0158,1,300087.641
3856.650291,0,0,0,0,1,275676.0158,1,300087.641
3857.650291,0,0,0,0,1,275676.0158,1,300087.641
3858.650291,0,0,0,0,1,275676.0158,1,300087.641
3859.650291,0,0,0,0,1,275676.0158,1,300087.641
3860.650291,0,0,0,0,1,275676.0158,1,300087.641
3861.650291,0,0,0,0,1,275676.0158,1,300087.641
3862.650291,0,0,0,0,1,275676.0158,1,300087.641
3863.650291,0,0,0,0,1,275676.0158,1,300087.641
3864.650291,0,0,0,0,1,275676.0158,1,300087.641
3865.650291,0,0,0,0,1,275676.0158,1,300087.641
3866.650291,0,0,0,0,1,275676.0158,1,300087.641
3867.650291,0,0,0,0,1,275676.0158,1,300087.641
3868.650291,0,0,0,0,1,275676.0158,1,300087.641
3869.650291,0,0,0,0,1,275676.0158,1,300087.641
3870.650291,0,0,0,0,1,275676.0158,1,300087.641
3871.650291,0,0,0,0,1,275676.0158,1,300087.641
3872.650291,0,0,0,0,1,275676.0158,1,300087.641
3873.650291,0,0,0,0,1,275676.0158,1,300087.641
3874.650291,0,0,0,0,1,275676.0158,1,300087.641
3875.650291,0,0,0,0,1,275676.0158,1,300087.641
3876.650291,0,0,0,0,1,275676.0158,1,300087.641
3877.650291,0,0,0,0,1,275676.0158,1,300087.641
3878.650291,0,0,0,0,1,275676.0158,1,300087.641
3879.650291,0,0,0,0,1,275676.0158,1,300087.641
3880.650291,0,0,0,0,1,275676.0158,1,300087.641
3881.650291,0,0,0,0,1,275676.0158,1,300087.641
3882.650291,0,0,0,0,1,275676.0158,1,300087.641
3883.650291,0,0,0,0,1,275676.0158,1,300087.641
3884.650291,0,0,0,0,1,275676.0158,1,300087.641
3885.650291,0,0,0,0,1,275676.0158,1,300087.641
3886.650291,0,0,0,0,1,275676.0158,1,300087.641
3887.650291,0,0,0,0,1,275676.0158,1,300087.641
3888.650291,0,0,0,0,1,275676.0158,1,300087.641
3889.650291,0,0,0,0,1,275676.0158,1,300087.641
3890.650291,0,0,0,0,1,275676.0158,1,300087.641
3891.650291,0,0,0,0,1,275676.0158,1,300087.641
3892.650291,0,0,0,0,1,275676.0158,1,300087.641
3893.650291,0,0,0,0,1,275676.0158,1,300087.641
3894.650291,0,0,0,0,1,275676.0158,1,300087.641
3895.650291,0,0,0,0,1,275676.0158,1,300087.641
3896.650291,0,0,0,0,1,275676.0158,1,300087.641
3897.650291,0,0,0,0,1,275676.0158,1,300087.641
3898.650291,0,0,0,0,1,275676.0158,1,300087.641
3899.650291,0,0,0,0,1,275676.0158,1,300087.641
3900.650291,0,0,0,0,0,0,1,300087.641
3901.650291,0,0,0,0,0,0,1,300087.641
3902.650291,0,0,0,0,0,0,1,300087.641
3903.650291,0,0,0,0,0,0,1,300087.641
3904.650291,0,0,0,0,0,0,1,300087.641
3905.650291,0,0,0,0,0,0,1,300087.641
3906.650291,0,0,0,0,0,0,1,300087.641
3907.650291,0,0,0,0,0,0,1,300087.641
3908.650291,0,0,0,0,0,0,1,300087.641
3909.650291,0,0,0,0,0,0,1,300087.641
3910.650291,0,0,0,0,0,0,1,300087.641
3911.650291,0,0,0,0,0,0,1,300087.641
3912.650291,0,0,0,0,0,0,1,300087.641
3913.650291,0,0,0,0,0,0,1,300087.641
3914.650291,0,0,0,0,0,0,1,300087.641
3915.650291,0,0,0,0,0,0,1,300087.641
3916.650291,0,0,0,0,0,0,1,300087.641
3917.650291,0,0,0,0,0,0,1,300087.641
3918.650291,0,0,0,0,0,0,1,300087.641
3919.650291,0,0,0,0,0,0,1,300087.641
3920.650291,0,0,0,0,0,0,1,300087.641
3921.650291,0,0,0,0,0,0,1,300087.641
3922.650291,0,0,0,0,0,0,1,300087.641
3923.650291,0,0,0,0,0,0,1,300087.641
3924.650291,0,0,0,0,0,0,1,300087.641
3925.650291,0,0,0,0,0,0,1,300087.641
3926.650291,0,0,0,0,0,0,1,300087.641
3927.650291,0,0,0,0,0,0,1,300087.641
3928.650291,0,0,0,0,0,0,1,300087.641
3929.650291,0,0,0,0,0,0,1,300087.641
3930.650291,0,0,0,0,0,0,1,300087.641
3931.650291,0,0,0,0,0,0,1,300087.641
3932.650291,0,0,0,0,0,0,1,300087.641
3933.650291,0,0,0,0,0,0,1,300087.641
3934.650291,0,0,0,0,0,0,1,300087.641
3935.650291,0,0,0,0,0,0,1,300087.641
3936.650291,0,0,0,0,0,0,1,300087.641
3937.650291,0,0,0,0,0,0,1,300087.641
3938.650291,0,0,0,0,0,0,1,300087.641
3939.650291,0,0,0,0,0,0,1,300087.641
3940.650291,0,0,0,0,0,0,1,300087.641
3941.650291,0,0,0,0,0,0,1,300087.641
3942.650291,0,0,0,0,0,0,1,300087.641
3943.650291,0,0,0,0,0,0,1,300087.641
3944.650291,0,0,0,0,0,0,1,300087.641
3945.650291,0,0,0,0,0,0,1,300087.641
3946.650291,0,0,0,0,0,0,1,300087.641
3947.650291,0,0,0,0,0,0,1,300087.641
3948.650291,0,0,0,0,0,0,1,300087.641
3949.650291,0,0,0,0,0,0,1,300087.641
3950.650291,0,0,0,0,0,0,1,300087.641
3951.650291,0,0,0,0,0,0,1,300087.641
3952.650291,0,0,0,0,0,0,1,300087.641
3953.650291,0,0,0,0,0,0,1,300087.641
3954.650291,0,0,0,0,0,0,1,300087.641
3955.650291,0,0,0,0,0,0,1,300087.641
3956.650291,0,0,0,0,0,0,1,300087.641
3957.650291,0,0,0,0,0,0,1,300087.641
3958.650291,0,0,0,0,0,0,1,300087.641
3959.650291,0,0,0,0,0,0,1,300087.641
3960.650291,0,0,0,0,0,0,1,300087.641
3961.650291,0,0,0,0,0,0,1,300087.641
3962.650291,0,0,0,0,0,0,1,300087.641
3963.650291,0,0,0,0,0,0,1,300087.641
3964.650291,0,0,0,0,0,0,1,300087.641
3965.650291,0,0,0,0,0,0,1,300087.641
3966.650291,0,0,0,0,0,0,1,300087.641
3967.650291,0,0,0,0,0,0,1,300087.641
3968.650291,0,0,0,0,0,0,1,300087.641
3969.650291,0,0,0,0,0,0,1,300087.641
3970.650291,0,0,0,0,0,0,1,300087.641
3971.650291,0,0,0,0,0,0,1,300087.641
3972.650291,0,0,0,0,0,0,1,300087.641
3973.650291,0,0,0,0,0,0,1,300087.641
3974.650291,0,0,0,0,0,0,1,300087.641
3975.650291,0,0,0,0,0,0,1,300087.641
3976.650291,0,0,0,0,0,0,1,300087.641
3977.650291,0,0,0,0,0,0,1,300087.641
3978.650291,0,0,0,0,0,0,1,300087.641
3979.650291,0,0,0,0,0,0,1,300087.641
3980.650291,0,0,0,0,0,0,1,300087.641
3981.650291,0,0,0,0,0,0,1,300087.641
3982.650291,0,0,0,0,0,0,1,300087.641
3983.650291,0,0,0,0,0,0,1,300087.641
3984.650291,0,0,0,0,0,0,1,300087.641
3985.650291,0,0,0,0,0,0,1,300087.641
3986.650291,0,0,0,0,0,0,1,300087.641
3987.650291,0,0,0,0,0,0,1,300087.641
3988.650291,0,0,0,0,0,0,1,300087.641
3989.650291,0,0,0,0,0,0,1,300087.641
3990.650291,0,0,0,0,0,0,1,300087.641
3991.650291,0,0,0,0,0,0,1,300087.641
3992.650291,0,0,0,0,0,0,1,300087.641
3993.650291,0,0,0,0,0,0,1,300087.641
3994.650291,0,0,0,0,0,0,1,300087.641
3995.650291,0,0,0,0,0,0,1,300087.641
3996.650291,0,0,0,0,0,0,1,300087.641
3997.650291,0,0,0,0,0,0,1,300087.641
3998.650291,0,0,0,0,0,0,1,300087.641
3999.650291,0,0,0,0,0,0,1,300087.641
4000.650291,0,0,0,0,0,0,1,300087.641
4001.650291,0,0,0,0,0,0,1,300087.641
4002.650291,0,0,0,0,0,0,1,300087.641
4003.650291,0,0,0,0,0,0,1,300087.641
4004.650291,0,0,0,0,0,0,1,300087.641
4005.650291,0,0,0,0,0,0,1,300087.641
4006.650291,0,0,0,0,0,0,1,300087.641
4007.650291,0,0,0,0,0,0,1,300087.641
4008.650291,0,0,0,0,0,0,1,300087.641
4009.650291,0,0,0,0,0,0,1,300087.641
4010.650291,0,0,0,0,0,0,1,300087.641
4011.650291,0,0,0,0,0,0,1,300087.641
4012.650291,0,0,0,0,0,0,1,300087.641
4013.650291,0,0,0,0,0,0,1,300087.641
4014.650291,0,0,0,0,0,0,1,300087.641
4015.650291,0,0,0,0,0,0,1,300087.641
4016.650291,0,0,0,0,0,0,1,300087.641
4017.650291,0,0,0,0,0,0,1,300087.641
4018.650291,0,0,0,0,0,0,1,300087.641
4019.650291,0,0,0,0,0,0,1,300087.641
4020.650291,0,0,0,0,0,0,1,300087.641
4021.650291,0,0,0,0,0,0,1,300087.641
4022.650291,0,0,0,0,0,0,1,300087.641
4023.650291,0,0,0,0,0,0,1,300087.641
4024.650291,0,0,0,0,0,0,1,300087.641
4025.650291,0,0,0,0,0,0,1,300087.641
4026.650291,0,0,0,0,0,0,1,300087.641
4027.650291,0,0,0,0,0,0,1,300087.641
4028.650291,0,0,0,0,0,0,1,300087.641
4029.650291,0,0,0,0,0,0,1,300087.641
4030.650291,0,0,0,0,0,0,1,300087.641
4031.650291,0,0,0,0,0,0,1,300087.641
4032.650291,0,0,0,0,0,0,1,300087.641
4033.650291,0,0,0,0,0,0,1,300087.641
4034.650291,0,0,0,0,0,0,1,300087.641
4035.650291,0,0,0,0,0,0,1,300087.641
4036.650291,0,0,0,0,0,0,1,300087.641
4037.650291,0,0,0,0,0,0,1,300087.641
4038.650291,0,0,0,0,0,0,1,300087.641
4039.650291,0,0,0,0,0,0,1,300087.641
4040.650291,0,0,0,0,0,0,1,300087.641
4041.650291,0,0,0,0,0,0,1,300087.641
4042.650291,0,0,0,0,0,0,1,300087.641
4043.650291,0,0,0,0,0,0,1,300087.641
4044.650291,0,0,0,0,0,0,1,300087.641
4045.650291,0,0,0,0,0,0,1,300087.641
4046.650291,0,0,0,0,0,0,1,300087.641
4047.650291,0,0,0,0,0,0,1,300087.641
4048.650291,0,0,0,0,0,0,1,300087.641
4049.650291,0,0,0,0,0,0,1,300087.641
4050.650291,0,0,0,0,0,0,1,300087.641
4051.650291,0,0,0,0,0,0,1,300087.641
4052.650291,0,0,0,0,0,0,1,300087.641
4053.650291,0,0,0,0,0,0,1,300087.641
4054.650291,0,0,0,0,0,0,1,300087.641
4055.650291,0,0,0,0,0,0,1,300087.641
4056.650291,0,0,0,0,0,0,1,300087.641
4057.650291,0,0,0,0,0,0,1,300087.641
4058.650291,0,0,0,0,0,0,1,300087.641
4059.650291,0,0,0,0,0,0,1,300087.641
4060.650291,0,0,0,0,0,0,1,300087.641
4061.650291,0,0,0,0,0,0,1,300087.641
4062.650291,0,0,0,0,0,0,1,300087.641
4063.650291,0,0,0,0,0,0,1,300087.641
4064.650291,0,0,0,0,0,0,1,300087.641
4065.650291,0,0,0,0,0,0,1,300087.641
4066.650291,0,0,0,0,0,0,1,300087.641
4067.650291,0,0,0,0,0,0,1,300087.641
4068.650291,0,0,0,0,0,0,1,300087.641
4069.650291,0,0,0,0,0,0,1,300087.641
4070.650291,0,0,0,0,0,0,1,300087.641
4071.650291,0,0,0,0,0,0,1,300087.641
4072.650291,0,0,0,0,0,0,1,300087.641
4073.650291,0,0,0,0,0,0,1,300087.641
4074.650291,0,0,0,0,0,0,1,300087.641
4075.650291,0,0,0,0,0,0,1,300087.641
4076.650291,0,0,0,0,0,0,1,300087.641
4077.650291,0,0,0,0,0,0,1,300087.641
4078.650291,0,0,0,0,0,0,1,300087.641
4079.650291,0,0,0,0,0,0,1,300087.641
4080.650291,0,0,0,0,0,0,1,300087.641
4081.650291,0,0,0,0,0,0,1,300087.641
4082.650291,0,0,0,0,0,0,1,300087.641
4083.650291,0,0,0,0,0,0,1,300087.641
4084.650291,0,0,0,0,0,0,1,300087.641
4085.650291,0,0,0,0,0,0,1,300087.641
4086.650291,0,0,0,0,0,0,1,300087.641
4087.650291,0,0,0,0,0,0,1,300087.641
4088.650291,0,0,0,0,0,0,1,300087.641
4089.650291,0,0,0,0,0,0,1,300087.641
4090.650291,0,0,0,0,0,0,1,300087.641
4091.650291,0,0,0,0,0,0,1,300087.641
4092.650291,0,0,0,0,0,0,1,300087.641
4093.650291,0,0,0,0,0,0,1,300087.641
4094.650291,0,0,0,0,0,0,1,300087.641
4095.650291,0,0,0,0,0,0,1,300087.641
4096.650291,0,0,0,0,0,0,1,300087.641
4097.650291,0,0,0,0,0,0,1,300087.641
4098.650291,0,0,0,0,0,0,1,300087.641
4099.650291,0,0,0,0,0,0,1,300087.641
4100.650291,0,0,0,0,0,0,1,300087.641
4101.650291,0,0,0,0,0,0,1,300087.641
4102.650291,0,0,0,0,0,0,1,300087.641
4103.650291,0,0,0,0,0,0,1,300087.641
4104.650291,0,0,0,0,0,0,1,300087.641
4105.650291,0,0,0,0,0,0,1,300087.641
4106.650291,0,0,0,0,0,0,1,300087.641
4107.650291,0,0,0,0,0,0,1,300087.641
4108.650291,0,0,0,0,0,0,1,300087.641
4109.650291,0,0,0,0,0,0,1,300087.641
4110.650291,0,0,0,0,0,0,1,300087.641
4111.650291,0,0,0,0,0,0,1,300087.641
4112.650291,0,0,0,0,0,0,1,300087.641
4113.650291,0,0,0,0,0,0,1,300087.641
4114.650291,0,0,0,0,0,0,1,300087.641
4115.650291,0,0,0,0,0,0,1,300087.641
4116.650291,0,0,0,0,0,0,1,300087.641
4117.650291,0,0,0,0,0,0,1,300087.641
4118.650291,0,0,0,0,0,0,1,300087.641
4119.650291,0,0,0,0,0,0,1,300087.641
4120.650291,0,0,0,0,0,0,1,300087.641
4121.650291,0,0,0,0,0,0,1,300087.641
4122.650291,0,0,0,0,0,0,1,300087.641
4123.650291,0,0,0,0,0,0,1,300087.641
4124.650291,0,0,0,0,0,0,1,300087.641
4125.650291,0,0,0,0,0,0,1,300087.641
4126.650291,0,0,0,0,0,0,1,300087.641
4127.650291,0,0,0,0,0,0,1,300087.641
4128.650291,0,0,0,0,0,0,1,300087.641
4129.650291,0,0,0,0,0,0,1,300087.641
4130.650291,0,0,0,0,0,0,1,300087.641
4131.650291,0,0,0,0,0,0,1,300087.641
4132.650291,0,0,0,0,0,0,1,300087.641
4133.650291,0,0,0,0,0,0,1,300087.641
4134.650291,0,0,0,0,0,0,1,300087.641
4135.650291,0,0,0,0,0,0,1,300087.641
4136.650291,0,0,0,0,0,0,1,300087.641
4137.650291,0,0,0,0,0,0,1,300087.641
4138.650291,0,0,0,0,0,0,1,300087.641
4139.650291,0,0,0,0,0,0,1,300087.641
4140.650291,0,0,0,0,0,0,1,300087.641
4141.650291,0,0,0,0,0,0,1,300087.641
4142.650291,0,0,0,0,0,0,1,300087.641
4143.650291,0,0,0,0,0,0,1,300087.641
4144.650291,0,0,0,0,0,0,1,300087.641
4145.650291,0,0,0,0,0,0,1,300087.641
4146.650291,0,0,0,0,0,0,1,300087.641
4147.650291,0,0,0,0,0,0,1,300087.641
4148.650291,0,0,0,0,0,0,1,300087.641
4149.650291,0,0,0,0,0,0,1,300087.641
4150.650291,0,0,0,0,0,0,1,300087.641
4151.650291,0,0,0,0,0,0,1,300087.641
4152.650291,0,0,0,0,0,0,1,300087.641
4153.650291,0,0,0,0,0,0,1,300087.641
4154.650291,0,0,0,0,0,0,1,300087.641
4155.650291,0,0,0,0,0,0,1,300087.641
4156.650291,0,0,0,0,0,0,1,300087.641
4157.650291,0,0,0,0,0,0,1,300087.641
4158.650291,0,0,0,0,0,0,1,300087.641
4159.650291,0,0,0,0,0,0,1,300087.641
4160.650291,0,0,0,0,0,0,1,300087.641
4161.650291,0,0,0,0,0,0,1,300087.641
4162.650291,0,0,0,0,0,0,1,300087.641
4163.650291,0,0,0,0,0,0,1,300087.641
4164.650291,0,0,0,0,0,0,1,300087.641
4165.650291,0,0,0,0,0,0,1,300087.641
4166.650291,0,0,0,0,0,0,1,300087.641
4167.650291,0,0,0,0,0,0,1,300087.641
4168.650291,0,0,0,0,0,0,1,300087.641
4169.650291,0,0,0,0,0,0,1,300087.641
4170.650291,0,0,0,0,0,0,1,300087.641
4171.650291,0,0,0,0,0,0,1,300087.641
4172.650291,0,0,0,0,0,0,1,300087.641
4173.650291,0,0,0,0,0,0,1,300087.641
4174.650291,0,0,0,0,0,0,1,300087.641
4175.650291,0,0,0,0,0,0,1,300087.641
4176.650291,0,0,0,0,0,0,1,300087.641
4177.650291,0,0,0,0,0,0,1,300087.641
4178.650291,0,0,0,0,0,0,1,300087.641
4179.650291,0,0,0,0,0,0,1,300087.641
4180.650291,0,0,0,0,0,0,1,300087.641
4181.650291,0,0,0,0,0,0,1,300087.641
4182.650291,0,0,0,0,0,0,1,300087.641
4183.650291,0,0,0,0,0,0,1,300087.641
4184.650291,0,0,0,0,0,0,1,300087.641
4185.650291,0,0,0,0,0,0,1,300087.641
4186.650291,0,0,0,0,0,0,1,300087.641
4187.650291,0,0,0,0,0,0,1,300087.641
4188.650291,0,0,0,0,0,0,1,300087.641
4189.650291,0,0,0,0,0,0,1,300087.641
4190.650291,0,0,0,0,0,0,1,300087.641
4191.650291,0,0,0,0,0,0,1,300087.641
4192.650291,0,0,0,0,0,0,1,300087.641
4193.650291,0,0,0,0,0,0,1,300087.641
4194.650291,0,0,0,0,0,0,1,300087.641
4195.650291,0,0,0,0,0,0,1,300087.641
4196.650291,0,0,0,0,0,0,1,300087.641
4197.650291,0,0,0,0,0,0,1,300087.641
4198.650291,0,0,0,0,0,0,1,300087.641
4199.650291,0,0,0,0,0,0,1,300087.641
4200.650291,0,0,0,0,0,0,1,300087.641
4201.650291,0,0,0,0,0,0,1,300087.641
4202.650291,0,0,0,0,0,0,1,300087.641
4203.650291,0,0,0,0,0,0,1,300087.641
4204.650291,0,0,0,0,0,0,1,300087.641
4205.650291,0,0,0,0,0,0,1,300087.641
4206.650291,0,0,0,0,0,0,1,300087.641
4207.650291,0,0,0,0,0,0,1,300087.641
4208.650291,0,0,0,0,0,0,1,300087.641
4209.650291,0,0,0,0,0,0,1,300087.641
4210.650291,0,0,0,0,0,0,1,300087.641
4211.650291,0,0,0,0,0,0,1,300087.641
4212.650291,0,0,0,0,0,0,1,300087.641
4213.650291,0,0,0,0,0,0,1,300087.641
4214.650291,0,0,0,0,0,0,1,300087.641
4215.650291,0,0,0,0,0,0,1,300087.641
4216.650291,0,0,0,0,0,0,1,300087.641
4217.650291,0,0,0,0,0,0,1,300087.641
4218.650291,0,0,0,0,0,0,1,300087.641
4219.650291,0,0,0,0,0,0,1,300087.641
4220.650291,0,0,0,0,0,0,1,300087.641
4221.650291,0,0,0,0,0,0,1,300087.641
4222.650291,0,0,0,0,0,0,1,300087.641
4223.650291,0,0,0,0,0,0,1,300087.641
4224.650291,0,0,0,0,0,0,1,300087.641
4225.650291,0,0,0,0,0,0,1,300087.641
4226.650291,0,0,0,0,0,0,1,300087.641
4227.650291,0,0,0,0,0,0,1,300087.641
4228.650291,0,0,0,0,0,0,1,300087.641
4229.650291,0,0,0,0,0,0,1,300087.641
4230.650291,0,0,0,0,0,0,1,300087.641
4231.650291,0,0,0,0,0,0,1,300087.641
4232.650291,0,0,0,0,0,0,1,300087.641
4233.650291,0,0,0,0,0,0,1,300087.641
4234.650291,0,0,0,0,0,0,1,300087.641
4235.650291,0,0,0,0,0,0,1,300087.641
4236.650291,0,0,0,0,0,0,1,300087.641
4237.650291,0,0,0,0,0,0,1,300087.641
4238.650291,0,0,0,0,0,0,1,300087.641
4239.650291,0,0,0,0,0,0,1,300087.641
4240.650291,0,0,0,0,0,0,1,300087.641
4241.650291,0,0,0,0,0,0,1,300087.641
4242.650291,0,0,0,0,0,0,1,300087.641
4243.650291,0,0,0,0,0,0,1,300087.641
4244.650291,0,0,0,0,0,0,1,300087.641
4245.650291,0,0,0,0,0,0,1,300087.641
4246.650291,0,0,0,0,0,0,1,300087.641
4247.650291,0,0,0,0,0,0,1,300087.641
4248.650291,0,0,0,0,0,0,1,300087.641
4249.650291,0,0,0,0,0,0,1,300087.641
4250.650291,0,0,0,0,0,0,1,300087.641
4251.650291,0,0,0,0,0,0,1,300087.641
4252.650291,0,0,0,0,0,0,1,300087.641
4253.650291,0,0,0,0,0,0,1,300087.641
4254.650291,0,0,0,0,0,0,1,300087.641
4255.650291,0,0,0,0,0,0,1,300087.641
4256.650291,0,0,0,0,0,0,1,300087.641
4257.650291,0,0,0,0,0,0,1,300087.641
4258.650291,0,0,0,0,0,0,1,300087.641
4259.650291,0,0,0,0,0,0,1,300087.641
4260.650291,0,0,0,0,0,0,1,300087.641
4261.650291,0,0,0,0,0,0,1,300087.641
4262.650291,0,0,0,0,0,0,1,300087.641
4263.650291,0,0,0,0,0,0,1,300087.641
4264.650291,0,0,0,0,0,0,1,300087.641
4265.650291,0,0,0,0,0,0,1,300087.641
4266.650291,0,0,0,0,0,0,1,300087.641
4267.650291,0,0,0,0,0,0,1,300087.641
4268.650291,0,0,0,0,0,0,1,300087.641
4269.650291,0,0,0,0,0,0,1,300087.641
4270.650291,0,0,0,0,0,0,1,300087.641
4271.650291,0,0,0,0,0,0,1,300087.641
4272.650291,0,0,0,0,0,0,1,300087.641
4273.650291,0,0,0,0,0,0,1,300087.641
4274.650291,0,0,0,0,0,0,1,300087.641
4275.650291,0,0,0,0,0,0,1,300087.641
4276.650291,0,0,0,0,0,0,1,300087.641
4277.650291,0,0,0,0,0,0,1,300087.641
4278.650291,0,0,0,0,0,0,1,300087.641
4279.650291,0,0,0,0,0,0,1,300087.641
4280.650291,0,0,0,0,0,0,1,300087.641
4281.650291,0,0,0,0,0,0,1,300087.641
4282.650291,0,0,0,0,0,0,1,300087.641
4283.650291,0,0,0,0,0,0,1,300087.641
4284.650291,0,0,0,0,0,0,1,300087.641
4285.650291,0,0,0,0,0,0,1,300087.641
4286.650291,0,0,0,0,0,0,1,300087.641
4287.650291,0,0,0,0,0,0,1,300087.641
4288.650291,0,0,0,0,0,0,1,300087.641
4289.650291,0,0,0,0,0,0,1,300087.641
4290.650291,0,0,0,0,0,0,1,300087.641
4291.650291,0,0,0,0,0,0,1,300087.641
4292.650291,0,0,0,0,0,0,1,300087.641
4293.650291,0,0,0,0,0,0,1,300087.641
4294.650291,0,0,1,329180.5646,0,0,1,300087.641
4295.650291,0,0,1,329180.5646,0,0,1,300087.641
4296.650291,0,0,1,329180.5646,0,0,1,300087.641
4297.650291,0,0,1,329180.5646,0,0,1,300087.641
4298.650291,0,0,1,329180.5646,0,0,1,300087.641
4299.650291,0,0,1,329180.5646,0,0,1,300087.641
4300.650291,0,0,1,329180.5646,0,0,1,300087.641
4301.650291,0,0,1,329180.5646,0,0,1,300087.641
4302.650291,0,0,1,329180.5646,0,0,1,300087.641
4303.650291,0,0,1,329180.5646,0,0,1,300087.641
4304.650291,0,0,1,329180.5646,0,0,1,300087.641
4305.650291,0,0,1,329180.5646,0,0,1,300087.641
4306.650291,0,0,1,329180.5646,0,0,1,300087.641
4307.650291,0,0,1,329180.5646,0,0,1,300087.641
4308.650291,0,0,1,329180.5646,0,0,1,300087.641
4309.650291,0,0,1,329180.5646,0,0,1,300087.641
4310.650291,0,0,1,329180.5646,0,0,1,300087.641
4311.650291,0,0,1,329180.5646,0,0,1,300087.641
4312.650291,0,0,1,329180.5646,0,0,1,300087.641
4313.650291,0,0,1,329180.5646,0,0,0,0
4314.650291,0,0,1,329180.5646,0,0,0,0
4315.650291,0,0,1,329180.5646,0,0,0,0
4316.650291,0,0,1,329180.5646,0,0,0,0
4317.650291,0,0,1,329180.5646,0,0,0,0
4318.650291,0,0,1,329180.5646,0,0,0,0
4319.650291,0,0,1,329180.5646,0,0,0,0
4320.650291,0,0,1,329180.5646,0,0,0,0
4321.650291,0,0,1,329180.5646,0,0,0,0
4322.650291,0,0,1,329180.5646,0,0,0,0
4323.650291,0,0,1,329180.5646,0,0,0,0
4324.650291,0,0,1,329180.5646,0,0,0,0
4325.650291,0,0,1,329180.5646,0,0,0,0
4326.650291,0,0,1,329180.5646,0,0,0,0
4327.650291,0,0,1,329180.5646,0,0,0,0
4328.650291,0,0,1,329180.5646,0,0,0,0
4329.650291,0,0,1,329180.5646,0,0,0,0
4330.650291,0,0,1,329180.5646,0,0,0,0
4331.650291,0,0,1,329180.5646,0,0,0,0
4332.650291,0,0,1,329180.5646,0,0,0,0
4333.650291,0,0,1,329180.5646,0,0,0,0
4334.650291,0,0,1,329180.5646,0,0,0,0
4335.650291,0,0,1,329180.5646,0,0,0,0
4336.650291,0,0,1,329180.5646,0,0,0,0
4337.650291,0,0,1,329180.5646,0,0,0,0
4338.650291,0,0,1,329180.5646,0,0,0,0
4339.650291,0,0,1,329180.5646,0,0,0,0
4340.650291,0,0,1,329180.5646,0,0,0,0
4341.650291,0,0,1,329180.5646,0,0,0,0
4342.650291,0,0,1,329180.5646,0,0,0,0
4343.650291,0,0,1,329180.5646,0,0,0,0
4344.650291,0,0,1,329180.5646,0,0,0,0
4345.650291,0,0,1,329180.5646,0,0,0,0
4346.650291,0,0,1,329180.5646,0,0,0,0
4347.650291,0,0,1,329180.5646,0,0,0,0
4348.650291,0,0,1,329180.5646,0,0,0,0
4349.650291,0,0,1,329180.5646,0,0,0,0
4350.650291,0,0,1,329180.5646,0,0,0,0
4351.650291,0,0,1,329180.5646,0,0,0,0
4352.650291,0,0,1,329180.5646,0,0,0,0
4353.650291,0,0,1,329180.5646,0,0,0,0
4354.650291,0,0,1,329180.5646,0,0,0,0
4355.650291,0,0,1,329180.5646,0,0,0,0
4356.650291,0,0,1,329180.5646,0,0,0,0
4357.650291,0,0,1,329180.5646,0,0,0,0
4358.650291,0,0,1,329180.5646,0,0,0,0
4359.650291,0,0,1,329180.5646,0,0,0,0
4360.650291,0,0,1,329180.5646,0,0,0,0
4361.650291,0,0,1,329180.5646,0,0,0,0
4362.650291,0,0,1,329180.5646,0,0,0,0
4363.650291,0,0,1,329180.5646,0,0,0,0
4364.650291,0,0,1,329180.5646,0,0,0,0
4365.650291,0,0,1,329180.5646,0,0,0,0
4366.650291,0,0,1,329180.5646,0,0,0,0
4367.650291,0,0,1,329180.5646,0,0,0,0
4368.650291,0,0,1,329180.5646,0,0,0,0
4369.650291,0,0,1,329180.5646,0,0,0,0
4370.650291,0,0,1,329180.5646,0,0,0,0
4371.650291,0,0,1,329180.5646,0,0,0,0
4372.650291,0,0,1,329180.5646,0,0,0,0
4373.650291,0,0,1,329180.5646,0,0,0,0
4374.650291,0,0,1,329180.5646,0,0,0,0
4375.650291,0,0,1,329180.5646,0,0,0,0
4376.650291,0,0,1,329180.5646,0,0,0,0
4377.650291,0,0,1,329180.5646,0,0,0,0
4378.650291,0,0,1,329180.5646,0,0,0,0
4379.650291,0,0,1,329180.5646,0,0,0,0
4380.650291,0,0,1,329180.5646,0,0,0,0
4381.650291,0,0,1,329180.5646,0,0,0,0
4382.650291,0,0,1,329180.5646,0,0,0,0
4383.650291,0,0,1,329180.5646,0,0,0,0
4384.650291,0,0,1,329180.5646,0,0,0,0
4385.650291,0,0,1,329180.5646,0,0,0,0
4386.650291,0,0,1,329180.5646,0,0,0,0
4387.650291,0,0,1,329180.5646,0,0,0,0
4388.650291,0,0,1,329180.5646,0,0,0,0
4389.650291,0,0,1,329180.5646,0,0,0,0
4390.650291,0,0,1,329180.5646,0,0,0,0
4391.650291,0,0,1,329180.5646,0,0,0,0
4392.650291,0,0,1,329180.5646,0,0,0,0
4393.650291,0,0,1,329180.5646,0,0,0,0
4394.650291,0,0,1,329180.5646,0,0,0,0
4395.650291,0,0,1,329180.5646,0,0,0,0
4396.650291,0,0,1,329180.5646,0,0,0,0
4397.650291,0,0,1,329180.5646,0,0,0,0
4398.650291,0,0,1,329180.5646,0,0,0,0
4399.650291,0,0,1,329180.5646,0,0,0,0
4400.650291,0,0,1,329180.5646,0,0,0,0
4401.650291,0,0,1,329180.5646,0,0,0,0
4402.650291,0,0,1,329180.5646,0,0,0,0
4403.650291,0,0,1,329180.5646,0,0,0,0
4404.650291,0,0,1,329180.5646,0,0,0,0
4405.650291,0,0,1,329180.5646,0,0,0,0
4406.650291,0,0,1,329180.5646,0,0,0,0
4407.650291,0,0,1,329180.5646,0,0,0,0
4408.650291,0,0,1,329180.5646,0,0,0,0
4409.650291,0,0,1,329180.5646,0,0,0,0
4410.650291,0,0,1,329180.5646,0,0,0,0
4411.650291,0,0,1,329180.5646,0,0,0,0
4412.650291,0,0,1,329180.5646,0,0,0,0
4413.650291,0,0,1,329180.5646,0,0,0,0
4414.650291,0,0,1,329180.5646,0,0,0,0
4415.650291,0,0,1,329180.5646,0,0,0,0
4416.650291,0,0,1,329180.5646,0,0,0,0
4417.650291,0,0,1,329180.5646,0,0,0,0
4418.650291,0,0,1,329180.5646,0,0,0,0
4419.650291,0,0,1,329180.5646,0,0,0,0
4420.650291,0,0,1,329180.5646,0,0,0,0
4421.650291,0,0,1,329180.5646,0,0,0,0
4422.650291,0,0,1,329180.5646,0,0,0,0
4423.650291,0,0,1,329180.5646,0,0,0,0
4424.650291,0,0,1,329180.5646,0,0,0,0
4425.650291,0,0,1,329180.5646,0,0,0,0
4426.650291,0,0,1,329180.5646,0,0,0,0
4427.650291,0,0,1,329180.5646,0,0,0,0
4428.650291,0,0,1,329180.5646,0,0,0,0
4429.650291,0,0,1,329180.5646,0,0,0,0
4430.650291,0,0,1,329180.5646,0,0,0,0
4431.650291,0,0,1,329180.5646,0,0,0,0
4432.650291,0,0,1,329180.5646,0,0,0,0
4433.650291,0,0,1,329180.5646,0,0,0,0
4434.650291,0,0,1,329180.5646,0,0,0,0
4435.650291,0,0,1,329180.5646,0,0,0,0
4436.650291,0,0,1,329180.5646,0,0,0,0
4437.650291,0,0,1,329180.5646,0,0,0,0
4438.650291,0,0,1,329180.5646,0,0,0,0
4439.650291,0,0,1,329180.5646,0,0,0,0
4440.650291,0,0,1,329180.5646,0,0,0,0
4441.650291,0,0,1,329180.5646,0,0,0,0
4442.650291,0,0,1,329180.5646,0,0,0,0
4443.650291,0,0,1,329180.5646,0,0,0,0
4444.650291,0,0,1,329180.5646,0,0,0,0
4445.650291,0,0,1,329180.5646,0,0,0,0
4446.650291,0,0,1,329180.5646,0,0,0,0
4447.650291,0,0,1,329180.5646,0,0,0,0
4448.650291,0,0,1,329180.5646,0,0,0,0
4449.650291,0,0,1,329180.5646,0,0,0,0
4450.650291,0,0,1,329180.5646,0,0,0,0
4451.650291,0,0,1,329180.5646,0,0,0,0
4452.650291,0,0,1,329180.5646,0,0,0,0
4453.650291,0,0,1,329180.5646,0,0,0,0
4454.650291,0,0,1,329180.5646,0,0,0,0
4455.650291,0,0,1,329180.5646,0,0,0,0
4456.650291,0,0,1,329180.5646,0,0,0,0
4457.650291,0,0,1,329180.5646,0,0,0,0
4458.650291,0,0,1,329180.5646,0,0,0,0
4459.650291,0,0,1,329180.5646,0,0,0,0
4460.650291,0,0,1,329180.5646,0,0,0,0
4461.650291,0,0,1,329180.5646,0,0,0,0
4462.650291,0,0,1,329180.5646,0,0,0,0
4463.650291,0,0,1,329180.5646,0,0,0,0
4464.650291,0,0,1,329180.5646,0,0,0,0
4465.650291,0,0,1,329180.5646,0,0,0,0
4466.650291,0,0,1,329180.5646,0,0,0,0
4467.650291,0,0,1,329180.5646,0,0,0,0
4468.650291,0,0,1,329180.5646,0,0,0,0
4469.650291,0,0,1,329180.5646,0,0,0,0
4470.650291,0,0,1,329180.5646,0,0,0,0
4471.650291,0,0,1,329180.5646,0,0,0,0
4472.650291,0,0,1,329180.5646,0,0,0,0
4473.650291,0,0,1,329180.5646,0,0,0,0
4474.650291,0,0,1,329180.5646,0,0,0,0
4475.650291,0,0,1,329180.5646,0,0,0,0
4476.650291,0,0,1,329180.5646,0,0,0,0
4477.650291,0,0,1,329180.5646,0,0,0,0
4478.650291,0,0,1,329180.5646,0,0,0,0
4479.650291,0,0,1,329180.5646,0,0,0,0
4480.650291,0,0,1,329180.5646,0,0,0,0
4481.650291,0,0,1,329180.5646,0,0,0,0
4482.650291,0,0,1,329180.5646,0,0,0,0
4483.650291,0,0,1,329180.5646,0,0,0,0
4484.650291,0,0,1,329180.5646,0,0,0,0
4485.650291,0,0,1,329180.5646,0,0,0,0
4486.650291,0,0,1,329180.5646,0,0,0,0
4487.650291,0,0,1,329180.5646,0,0,0,0
4488.650291,0,0,1,329180.5646,0,0,0,0
4489.650291,0,0,1,329180.5646,0,0,0,0
4490.650291,0,0,1,329180.5646,0,0,0,0
4491.650291,0,0,1,329180.5646,0,0,0,0
4492.650291,0,0,1,329180.5646,0,0,0,0
4493.650291,0,0,1,329180.5646,0,0,0,0
4494.650291,0,0,1,329180.5646,0,0,0,0
4495.650291,0,0,1,329180.5646,0,0,0,0
4496.650291,0,0,1,329180.5646,0,0,0,0
4497.650291,0,0,1,329180.5646,0,0,0,0
4498.650291,0,0,1,329180.5646,0,0,0,0
4499.650291,0,0,1,329180.5646,0,0,0,0
4500.650291,0,0,1,329180.5646,0,0,0,0
4501.650291,0,0,1,329180.5646,0,0,0,0
4502.650291,0,0,1,329180.5646,0,0,0,0
4503.650291,0,0,1,329180.5646,0,0,0,0
4504.650291,0,0,1,329180.5646,0,0,0,0
4505.650291,0,0,1,329180.5646,0,0,0,0
4506.650291,0,0,1,329180.5646,0,0,0,0
4507.650291,0,0,1,329180.5646,0,0,0,0
4508.650291,0,0,1,329180.5646,0,0,0,0
4509.650291,0,0,1,329180.5646,0,0,0,0
4510.650291,0,0,1,329180.5646,0,0,0,0
4511.650291,0,0,1,329180.5646,0,0,0,0
4512.650291,0,0,1,329180.5646,0,0,0,0
4513.650291,0,0,1,329180.5646,0,0,0,0
4514.650291,0,0,1,329180.5646,0,0,0,0
4515.650291,0,0,1,329180.5646,0,0,0,0
4516.650291,0,0,1,329180.5646,0,0,0,0
4517.650291,0,0,1,329180.5646,0,0,0,0
4518.650291,0,0,1,329180.5646,0,0,0,0
4519.650291,0,0,1,329180.5646,0,0,0,0
4520.650291,0,0,1,329180.5646,0,0,0,0
4521.650291,0,0,1,329180.5646,0,0,0,0
4522.650291,0,0,1,329180.5646,0,0,0,0
4523.650291,0,0,1,329180.5646,0,0,0,0
4524.650291,0,0,1,329180.5646,0,0,0,0
4525.650291,0,0,1,329180.5646,0,0,0,0
4526.650291,0,0,1,329180.5646,0,0,0,0
4527.650291,0,0,1,329180.5646,0,0,0,0
4528.650291,0,0,1,329180.5646,0,0,0,0
4529.650291,0,0,1,329180.5646,0,0,0,0
4530.650291,0,0,1,329180.5646,0,0,0,0
4531.650291,0,0,1,329180.5646,0,0,0,0
4532.650291,0,0,1,329180.5646,0,0,0,0
4533.650291,0,0,1,329180.5646,0,0,0,0
4534.650291,0,0,1,329180.5646,0,0,0,0
4535.650291,0,0,1,329180.5646,0,0,0,0
4536.650291,0,0,1,329180.5646,0,0,0,0
4537.650291,0,0,1,329180.5646,0,0,0,0
4538.650291,0,0,1,329180.5646,0,0,0,0
4539.650291,0,0,1,329180.5646,0,0,0,0
4540.650291,0,0,1,329180.5646,0,0,0,0
4541.650291,0,0,1,329180.5646,0,0,0,0
4542.650291,0,0,1,329180.5646,0,0,0,0
4543.650291,0,0,1,329180.5646,0,0,0,0
4544.650291,0,0,1,329180.5646,0,0,0,0
4545.650291,0,0,1,329180.5646,0,0,0,0
4546.650291,0,0,1,329180.5646,0,0,0,0
4547.650291,0,0,1,329180.5646,0,0,0,0
4548.650291,0,0,1,329180.5646,0,0,0,0
4549.650291,0,0,1,329180.5646,0,0,0,0
4550.650291,0,0,1,329180.5646,0,0,0,0
4551.650291,0,0,1,329180.5646,0,0,0,0
4552.650291,0,0,1,329180.5646,0,0,0,0
4553.650291,1,343403.3254,1,329180.5646,0,0,0,0
4554.650291,1,343403.3254,1,329180.5646,0,0,0,0
4555.650291,1,343403.3254,1,329180.5646,0,0,0,0
4556.650291,1,343403.3254,1,329180.5646,0,0,0,0
4557.650291,1,343403.3254,1,329180.5646,0,0,0,0
4558.650291,1,343403.3254,1,329180.5646,0,0,0,0
4559.650291,1,343403.3254,1,329180.5646,0,0,0,0
4560.650291,1,343403.3254,1,329180.5646,0,0,0,0
4561.650291,1,343403.3254,1,329180.5646,0,0,0,0
4562.650291,1,343403.3254,1,329180.5646,0,0,0,0
4563.650291,1,343403.3254,1,329180.5646,0,0,0,0
4564.650291,1,343403.3254,1,329180.5646,0,0,0,0
4565.650291,1,343403.3254,1,329180.5646,0,0,0,0
4566.650291,1,343403.3254,1,329180.5646,0,0,0,0
4567.650291,1,343403.3254,1,329180.5646,0,0,0,0
4568.650291,1,343403.3254,1,329180.5646,0,0,0,0
4569.650291,1,343403.3254,1,329180.5646,0,0,0,0
4570.650291,1,343403.3254,1,329180.5646,0,0,0,0
4571.650291,1,343403.3254,1,329180.5646,0,0,0,0
4572.650291,1,343403.3254,1,329180.5646,0,0,0,0
4573.650291,1,343403.3254,1,329180.5646,0,0,0,0
4574.650291,1,343403.3254,1,329180.5646,0,0,0,0
4575.650291,1,343403.3254,1,329180.5646,0,0,0,0
4576.650291,1,343403.3254,1,329180.5646,0,0,0,0
4577.650291,1,343403.3254,1,329180.5646,0,0,0,0
4578.650291,1,343403.3254,1,329180.5646,0,0,0,0
4579.650291,1,343403.3254,1,329180.5646,0,0,0,0
4580.650291,1,343403.3254,1,329180.5646,0,0,0,0
4581.650291,1,343403.3254,1,329180.5646,0,0,0,0
4582.650291,1,343403.3254,1,329180.5646,0,0,0,0
4583.650291,1,343403.3254,1,329180.5646,0,0,0,0
4584.650291,1,343403.3254,1,329180.5646,0,0,0,0
4585.650291,1,343403.3254,1,329180.5646,0,0,0,0
4586.650291,1,343403.3254,1,329180.5646,0,0,0,0
4587.650291,1,343403.3254,1,329180.5646,0,0,0,0
4588.650291,1,343403.3254,1,329180.5646,0,0,0,0
4589.650291,1,343403.3254,1,329180.5646,0,0,0,0
4590.650291,1,343403.3254,1,329180.5646,0,0,0,0
4591.650291,1,343403.3254,1,329180.5646,0,0,0,0
4592.650291,1,343403.3254,1,329180.5646,0,0,0,0
4593.650291,1,343403.3254,1,329180.5646,0,0,0,0
4594.650291,1,343403.3254,1,329180.5646,0,0,0,0
4595.650291,1,343403.3254,1,329180.5646,0,0,0,0
4596.650291,1,343403.3254,1,329180.5646,0,0,0,0
4597.650291,1,343403.3254,1,329180.5646,0,0,0,0
4598.650291,1,343403.3254,1,329180.5646,0,0,0,0
4599.650291,1,343403.3254,1,329180.5646,0,0,0,0
4600.650291,1,343403.3254,1,329180.5646,0,0,0,0
4601.650291,1,343403.3254,1,329180.5646,0,0,0,0
4602.650291,1,343403.3254,1,329180.5646,0,0,0,0
4603.650291,1,343403.3254,1,329180.5646,0,0,0,0
4604.650291,1,343403.3254,1,329180.5646,0,0,0,0
4605.650291,1,343403.3254,1,329180.5646,0,0,0,0
4606.650291,1,343403.3254,1,329180.5646,0,0,0,0
4607.650291,1,343403.3254,1,329180.5646,0,0,0,0
4608.650291,1,343403.3254,1,329180.5646,0,0,0,0
4609.650291,1,343403.3254,1,329180.5646,0,0,0,0
4610.650291,1,343403.3254,1,329180.5646,0,0,0,0
4611.650291,1,343403.3254,1,329180.5646,0,0,0,0
4612.650291,1,343403.3254,1,329180.5646,0,0,0,0
4613.650291,1,343403.3254,1,329180.5646,0,0,0,0
4614.650291,1,343403.3254,1,329180.5646,0,0,0,0
4615.650291,1,343403.3254,1,329180.5646,0,0,0,0
4616.650291,1,343403.3254,1,329180.5646,0,0,0,0
4617.650291,1,343403.3254,1,329180.5646,0,0,0,0
4618.650291,1,343403.3254,1,329180.5646,0,0,0,0
4619.650291,1,343403.3254,1,329180.5646,0,0,0,0
4620.650291,1,343403.3254,1,329180.5646,0,0,0,0
4621.650291,1,343403.3254,1,329180.5646,0,0,0,0
4622.650291,1,343403.3254,1,329180.5646,0,0,0,0
4623.650291,1,343403.3254,1,329180.5646,0,0,0,0
4624.650291,1,343403.3254,1,329180.5646,0,0,0,0
4625.650291,1,343403.3254,1,329180.5646,0,0,0,0
4626.650291,1,343403.3254,1,329180.5646,0,0,0,0
4627.650291,1,343403.3254,1,329180.5646,0,0,0,0
4628.650291,1,343403.3254,1,329180.5646,0,0,0,0
4629.650291,1,343403.3254,1,329180.5646,0,0,0,0
4630.650291,1,343403.3254,1,329180.5646,0,0,0,0
4631.650291,1,343403.3254,1,329180.5646,0,0,0,0
4632.650291,1,343403.3254,1,329180.5646,0,0,0,0
4633.650291,1,343403.3254,1,329180.5646,0,0,0,0
4634.650291,1,343403.3254,1,329180.5646,0,0,0,0
4635.650291,1,343403.3254,1,329180.5646,0,0,0,0
4636.650291,1,343403.3254,1,329180.5646,0,0,0,0
4637.650291,1,343403.3254,1,329180.5646,0,0,0,0
4638.650291,1,343403.3254,1,329180.5646,0,0,0,0
4639.650291,1,343403.3254,1,329180.5646,0,0,0,0
4640.650291,1,343403.3254,1,329180.5646,0,0,0,0
4641.650291,1,343403.3254,1,329180.5646,0,0,0,0
4642.650291,1,343403.3254,1,329180.5646,0,0,0,0
4643.650291,1,343403.3254,1,329180.5646,0,0,0,0
4644.650291,1,343403.3254,1,329180.5646,0,0,0,0
4645.650291,1,343403.3254,1,329180.5646,0,0,0,0
4646.650291,1,343403.3254,1,329180.5646,0,0,0,0
4647.650291,1,343403.3254,1,329180.5646,0,0,0,0
4648.650291,1,343403.3254,1,329180.5646,0,0,0,0
4649.650291,1,343403.3254,1,329180.5646,0,0,0,0
4650.650291,1,343403.3254,1,329180.5646,0,0,0,0
4651.650291,1,343403.3254,1,329180.5646,0,0,0,0
4652.650291,1,343403.3254,1,329180.5646,0,0,0,0
4653.650291,1,343403.3254,1,329180.5646,0,0,0,0
4654.650291,1,343403.3254,1,329180.5646,0,0,0,0
4655.650291,1,343403.3254,1,329180.5646,0,0,0,0
4656.650291,1,343403.3254,1,329180.5646,0,0,0,0
4657.650291,1,343403.3254,1,329180.5646,0,0,0,0
4658.650291,1,343403.3254,1,329180.5646,0,0,0,0
4659.650291,1,343403.3254,1,329180.5646,0,0,0,0
4660.650291,1,343403.3254,1,329180.5646,0,0,0,0
4661.650291,1,343403.3254,1,329180.5646,0,0,0,0
4662.650291,1,343403.3254,1,329180.5646,0,0,0,0
4663.650291,1,343403.3254,1,329180.5646,0,0,0,0
4664.650291,1,343403.3254,1,329180.5646,0,0,0,0
4665.650291,1,343403.3254,1,329180.5646,0,0,0,0
4666.650291,1,343403.3254,1,329180.5646,0,0,0,0
4667.650291,1,343403.3254,1,329180.5646,0,0,0,0
4668.650291,1,343403.3254,1,329180.5646,0,0,0,0
4669.650291,1,343403.3254,1,329180.5646,0,0,0,0
4670.650291,1,343403.3254,1,329180.5646,0,0,0,0
4671.650291,1,343403.3254,1,329180.5646,0,0,0,0
4672.650291,1,343403.3254,1,329180.5646,0,0,0,0
4673.650291,1,343403.3254,1,329180.5646,0,0,0,0
4674.650291,1,343403.3254,1,329180.5646,0,0,0,0
4675.650291,1,343403.3254,1,329180.5646,0,0,0,0
4676.650291,1,343403.3254,1,329180.5646,0,0,0,0
4677.650291,1,343403.3254,1,329180.5646,0,0,0,0
4678.650291,1,343403.3254,1,329180.5646,0,0,0,0
4679.650291,1,343403.3254,1,329180.5646,0,0,0,0
4680.650291,1,343403.3254,1,329180.5646,0,0,0,0
4681.650291,1,343403.3254,1,329180.5646,0,0,0,0
4682.650291,1,343403.3254,1,329180.5646,0,0,0,0
4683.650291,1,343403.3254,1,329180.5646,0,0,0,0
4684.650291,1,343403.3254,1,329180.5646,0,0,0,0
4685.650291,1,343403.3254,1,329180.5646,0,0,0,0
4686.650291,1,343403.3254,1,329180.5646,0,0,0,0
4687.650291,1,343403.3254,1,329180.5646,0,0,0,0
4688.650291,1,343403.3254,1,329180.5646,0,0,0,0
4689.650291,1,343403.3254,1,329180.5646,0,0,0,0
4690.650291,1,343403.3254,1,329180.5646,0,0,0,0
4691.650291,1,343403.3254,1,329180.5646,0,0,0,0
4692.650291,1,343403.3254,1,329180.5646,0,0,0,0
4693.650291,1,343403.3254,1,329180.5646,0,0,0,0
4694.650291,1,343403.3254,1,329180.5646,0,0,0,0
4695.650291,1,343403.3254,1,329180.5646,0,0,0,0
4696.650291,1,343403.3254,1,329180.5646,0,0,0,0
4697.650291,1,343403.3254,1,329180.5646,0,0,0,0
4698.650291,1,343403.3254,1,329180.5646,0,0,0,0
4699.650291,1,343403.3254,1,329180.5646,0,0,0,0
4700.650291,1,343403.3254,1,329180.5646,0,0,0,0
4701.650291,1,343403.3254,1,329180.5646,0,0,0,0
4702.650291,1,343403.3254,1,329180.5646,0,0,0,0
4703.650291,1,343403.3254,1,329180.5646,0,0,0,0
4704.650291,1,343403.3254,1,329180.5646,0,0,0,0
4705.650291,1,343403.3254,1,329180.5646,0,0,0,0
4706.650291,1,343403.3254,1,329180.5646,0,0,0,0
4707.650291,1,343403.3254,1,329180.5646,0,0,0,0
4708.650291,1,343403.3254,1,329180.5646,0,0,0,0
4709.650291,1,343403.3254,1,329180.5646,0,0,0,0
4710.650291,1,343403.3254,1,329180.5646,0,0,0,0
4711.650291,1,343403.3254,1,329180.5646,0,0,0,0
4712.650291,1,343403.3254,1,329180.5646,0,0,0,0
4713.650291,1,343403.3254,1,329180.5646,0,0,0,0
4714.650291,1,343403.3254,1,329180.5646,0,0,0,0
4715.650291,1,343403.3254,1,329180.5646,0,0,0,0
4716.650291,1,343403.3254,1,329180.5646,0,0,0,0
4717.650291,1,343403.3254,1,329180.5646,0,0,0,0
4718.650291,1,343403.3254,1,329180.5646,0,0,0,0
4719.650291,1,343403.3254,1,329180.5646,0,0,0,0
4720.650291,1,343403.3254,1,329180.5646,0,0,0,0
4721.650291,1,343403.3254,1,329180.5646,0,0,0,0
4722.650291,1,343403.3254,1,329180.5646,0,0,0,0
4723.650291,1,343403.3254,1,329180.5646,0,0,0,0
4724.650291,1,343403.3254,1,329180.5646,0,0,0,0
4725.650291,1,343403.3254,1,329180.5646,0,0,0,0
4726.650291,1,343403.3254,1,329180.5646,0,0,0,0
4727.650291,1,343403.3254,1,329180.5646,0,0,0,0
4728.650291,1,343403.3254,1,329180.5646,0,0,0,0
4729.650291,1,343403.3254,1,329180.5646,0,0,0,0
4730.650291,1,343403.3254,1,329180.5646,0,0,0,0
4731.650291,1,343403.3254,1,329180.5646,0,0,0,0
4732.650291,1,343403.3254,1,329180.5646,0,0,0,0
4733.650291,1,343403.3254,1,329180.5646,0,0,0,0
4734.650291,1,343403.3254,1,329180.5646,0,0,0,0
4735.650291,1,343403.3254,1,329180.5646,0,0,0,0
4736.650291,1,343403.3254,1,329180.5646,0,0,0,0
4737.650291,1,343403.3254,1,329180.5646,0,0,0,0
4738.650291,1,343403.3254,1,329180.5646,0,0,0,0
4739.650291,1,343403.3254,1,329180.5646,0,0,0,0
4740.650291,1,343403.3254,1,329180.5646,0,0,0,0
4741.650291,1,343403.3254,1,329180.5646,0,0,0,0
4742.650291,1,343403.3254,1,329180.5646,1,350384.287,0,0
4743.650291,1,343403.3254,1,329180.5646,1,350384.287,0,0
4744.650291,1,343403.3254,1,329180.5646,1,350384.287,0,0
4745.650291,1,343403.3254,1,329180.5646,1,350384.287,0,0
4746.650291,1,343403.3254,1,329180.5646,1,350384.287,0,0
4747.650291,1,343403.3254,1,329180.5646,1,350384.287,0,0
4748.650291,1,343403.3254,1,329180.5646,1,350384.287,0,0
4749.650291,1,343403.3254,1,329180.5646,1,350384.287,0,0
4750.650291,1,343403.3254,1,329180.5646,1,350384.287,0,0
4751.650291,1,343403.3254,1,329180.5646,1,350384.287,0,0
4752.650291,1,343403.3254,1,329180.5646,1,350384.287,0,0
4753.650291,1,343403.3254,1,329180.5646,1,350384.287,0,0
4754.650291,1,343403.3254,1,329180.5646,1,350384.287,0,0
4755.650291,1,343403.3254,1,329180.5646,1,350384.287,0,0
4756.650291,1,343403.3254,1,329180.5646,1,350384.287,0,0
4757.650291,1,343403.3254,1,329180.5646,1,350384.287,0,0
4758.650291,1,343403.3254,1,329180.5646,1,350384.287,0,0
4759.650291,1,343403.3254,1,329180.5646,1,350384.287,0,0
4760.650291,1,343403.3254,1,329180.5646,1,350384.287,0,0
4761.650291,1,343403.3254,1,329180.5646,1,350384.287,0,0
4762.650291,1,343403.3254,1,329180.5646,1,350384.287,0,0
4763.650291,1,343403.3254,1,329180.5646,1,350384.287,0,0
4764.650291,1,343403.3254,1,329180.5646,1,350384.287,0,0
4765.650291,1,343403.3254,1,329180.5646,1,350384.287,0,0
4766.650291,1,343403.3254,1,329180.5646,1,350384.287,0,0
4767.650291,1,343403.3254,1,329180.5646,1,350384.287,0,0
4768.650291,1,343403.3254,1,329180.5646,1,350384.287,0,0
4769.650291,1,343403.3254,1,329180.5646,1,350384.287,0,0
4770.650291,1,343403.3254,1,329180.5646,1,350384.287,0,0
4771.650291,1,343403.3254,1,329180.5646,1,350384.287,0,0
4772.650291,1,343403.3254,1,329180.5646,1,350384.287,0,0
4773.650291,1,343403.3254,1,329180.5646,1,350384.287,0,0
4774.650291,1,343403.3254,1,329180.5646,1,350384.287,0,0
4775.650291,1,343403.3254,1,329180.5646,1,350384.287,0,0
4776.650291,1,343403.3254,1,329180.5646,1,350384.287,0,0
4777.650291,1,343403.3254,1,329180.5646,1,350384.287,0,0
4778.650291,1,343403.3254,1,329180.5646,1,350384.287,0,0
4779.650291,1,343403.3254,1,329180.5646,1,350384.287,0,0
4780.650291,1,343403.3254,1,329180.5646,1,350384.287,0,0
4781.650291,1,343403.3254,1,329180.5646,1,350384.287,0,0
4782.650291,1,343403.3254,1,329180.5646,1,350384.287,0,0
4783.650291,1,343403.3254,1,329180.5646,1,350384.287,0,0
4784.650291,1,343403.3254,1,329180.5646,1,350384.287,0,0
4785.650291,1,343403.3254,1,329180.5646,1,350384.287,0,0
4786.650291,1,343403.3254,1,329180.5646,1,350384.287,0,0
4787.650291,1,343403.3254,1,329180.5646,1,350384.287,0,0
4788.650291,1,343403.3254,1,329180.5646,1,350384.287,0,0
4789.650291,1,343403.3254,1,329180.5646,1,350384.287,0,0
4790.650291,1,343403.3254,1,329180.5646,1,350384.287,0,0
4791.650291,1,343403.3254,1,329180.5646,1,350384.287,0,0
4792.650291,1,343403.3254,1,329180.5646,1,350384.287,0,0
4793.650291,1,343403.3254,1,329180.5646,1,350384.287,0,0
4794.650291,1,343403.3254,1,329180.5646,1,350384.287,0,0
4795.650291,1,343403.3254,1,329180.5646,1,350384.287,0,0
4796.650291,1,343403.3254,1,329180.5646,1,350384.287,0,0
4797.650291,1,343403.3254,1,329180.5646,1,350384.287,0,0
4798.650291,1,343403.3254,1,329180.5646,1,350384.287,0,0
4799.650291,1,343403.3254,1,329180.5646,1,350384.287,0,0
4800.650291,1,343403.3254,1,329180.5646,1,350384.287,0,0
4801.650291,1,343403.3254,1,329180.5646,1,350384.287,0,0
4802.650291,1,343403.3254,1,329180.5646,1,350384.287,0,0
4803.650291,1,343403.3254,1,329180.5646,1,350384.287,0,0
4804.650291,1,343403.3254,1,329180.5646,1,350384.287,0,0
4805.650291,1,343403.3254,1,329180.5646,1,350384.287,0,0
4806.650291,1,343403.3254,1,329180.5646,1,350384.287,0,0
4807.650291,1,343403.3254,1,329180.5646,1,350384.287,0,0
4808.650291,1,343403.3254,1,329180.5646,1,350384.287,0,0
4809.650291,1,343403.3254,1,329180.5646,1,350384.287,0,0
4810.650291,1,343403.3254,1,329180.5646,1,350384.287,0,0
4811.650291,1,343403.3254,1,329180.5646,1,350384.287,0,0
4812.650291,1,343403.3254,1,329180.5646,1,350384.287,0,0
4813.650291,1,343403.3254,1,329180.5646,1,350384.287,0,0
4814.650291,1,343403.3254,1,329180.5646,1,350384.287,0,0
4815.650291,1,343403.3254,1,329180.5646,1,350384.287,0,0
4816.650291,1,343403.3254,1,329180.5646,1,350384.287,0,0
4817.650291,1,343403.3254,1,329180.5646,1,350384.287,0,0
4818.650291,1,343403.3254,1,329180.5646,1,350384.287,0,0
4819.650291,1,343403.3254,1,329180.5646,1,350384.287,0,0
4820.650291,1,343403.3254,1,329180.5646,1,350384.287,0,0
4821.650291,1,343403.3254,1,329180.5646,1,350384.287,0,0
4822.650291,1,343403.3254,1,329180.5646,1,350384.287,0,0
4823.650291,1,343403.3254,1,329180.5646,1,350384.287,0,0
4824.650291,1,343403.3254,1,329180.5646,1,350384.287,0,0
4825.650291,1,343403.3254,1,329180.5646,1,350384.287,0,0
4826.650291,1,343403.3254,1,329180.5646,1,350384.287,0,0
4827.650291,1,343403.3254,1,329180.5646,1,350384.287,0,0
4828.650291,1,343403.3254,1,329180.5646,1,350384.287,0,0
4829.650291,1,343403.3254,1,329180.5646,1,350384.287,0,0
4830.650291,1,343403.3254,1,329180.5646,1,350384.287,0,0
4831.650291,1,343403.3254,1,329180.5646,1,350384.287,0,0
4832.650291,1,343403.3254,1,329180.5646,1,350384.287,0,0
4833.650291,1,343403.3254,1,329180.5646,1,350384.287,0,0
4834.650291,1,343403.3254,1,329180.5646,1,350384.287,0,0
4835.650291,1,343403.3254,1,329180.5646,1,350384.287,0,0
4836.650291,1,343403.3254,1,329180.5646,1,350384.287,0,0
4837.650291,1,343403.3254,1,329180.5646,1,350384.287,0,0
4838.650291,1,343403.3254,1,329180.5646,1,350384.287,0,0
4839.650291,1,343403.3254,1,329180.5646,1,350384.287,0,0
4840.650291,1,343403.3254,1,329180.5646,1,350384.287,0,0
4841.650291,1,343403.3254,1,329180.5646,1,350384.287,0,0
4842.650291,1,343403.3254,1,329180.5646,1,350384.287,0,0
4843.650291,1,343403.3254,1,329180.5646,1,350384.287,0,0
4844.650291,1,343403.3254,1,329180.5646,1,350384.287,0,0
4845.650291,1,343403.3254,1,329180.5646,1,350384.287,0,0
4846.650291,1,343403.3254,1,329180.5646,1,350384.287,0,0
4847.650291,1,343403.3254,1,329180.5646,1,350384.287,0,0
4848.650291,1,343403.3254,1,329180.5646,1,350384.287,0,0
4849.650291,1,343403.3254,1,329180.5646,1,350384.287,0,0
4850.650291,1,343403.3254,1,329180.5646,1,350384.287,0,0
4851.650291,1,343403.3254,1,329180.5646,1,350384.287,0,0
4852.650291,1,343403.3254,1,329180.5646,1,350384.287,0,0
4853.650291,1,343403.3254,1,329180.5646,1,350384.287,0,0
4854.650291,1,343403.3254,1,329180.5646,1,350384.287,0,0
4855.650291,1,343403.3254,1,329180.5646,1,350384.287,0,0
4856.650291,1,343403.3254,1,329180.5646,1,350384.287,0,0
4857.650291,1,343403.3254,1,329180.5646,1,350384.287,0,0
4858.650291,1,343403.3254,1,329180.5646,1,350384.287,0,0
4859.650291,1,343403.3254,1,329180.5646,1,350384.287,0,0
4860.650291,1,343403.3254,1,329180.5646,1,350384.287,0,0
4861.650291,1,343403.3254,1,329180.5646,1,350384.287,0,0
4862.650291,1,343403.3254,1,329180.5646,1,350384.287,0,0
4863.650291,1,343403.3254,1,329180.5646,1,350384.287,0,0
4864.650291,1,343403.3254,1,329180.5646,1,350384.287,0,0
4865.650291,1,343403.3254,1,329180.5646,1,350384.287,0,0
4866.650291,1,343403.3254,1,329180.5646,1,350384.287,0,0
4867.650291,1,343403.3254,1,329180.5646,1,350384.287,0,0
4868.650291,1,343403.3254,1,329180.5646,1,350384.287,0,0
4869.650291,1,343403.3254,1,329180.5646,1,350384.287,0,0
4870.650291,1,343403.3254,1,329180.5646,1,350384.287,0,0
4871.650291,1,343403.3254,1,329180.5646,1,350384.287,0,0
4872.650291,1,343403.3254,1,329180.5646,1,350384.287,0,0
4873.650291,1,343403.3254,1,329180.5646,1,350384.287,0,0
4874.650291,1,343403.3254,1,329180.5646,1,350384.287,0,0
4875.650291,1,343403.3254,1,329180.5646,1,350384.287,0,0
4876.650291,1,343403.3254,1,329180.5646,1,350384.287,0,0
4877.650291,1,343403.3254,0,0,1,350384.287,0,0
4878.650291,1,343403.3254,0,0,1,350384.287,0,0
4879.650291,1,343403.3254,0,0,1,350384.287,0,0
4880.650291,1,343403.3254,0,0,1,350384.287,0,0
4881.650291,1,343403.3254,0,0,1,350384.287,0,0
4882.650291,1,343403.3254,0,0,1,350384.287,0,0
4883.650291,1,343403.3254,0,0,1,350384.287,0,0
4884.650291,1,343403.3254,0,0,1,350384.287,0,0
4885.650291,1,343403.3254,0,0,1,350384.287,0,0
4886.650291,1,343403.3254,0,0,1,350384.287,0,0
4887.650291,1,343403.3254,0,0,1,350384.287,0,0
4888.650291,1,343403.3254,0,0,1,350384.287,0,0
4889.650291,1,343403.3254,0,0,1,350384.287,0,0
4890.650291,1,343403.3254,0,0,1,350384.287,0,0
4891.650291,1,343403.3254,0,0,1,350384.287,0,0
4892.650291,1,343403.3254,0,0,1,350384.287,0,0
4893.650291,1,343403.3254,0,0,1,350384.287,0,0
4894.650291,1,343403.3254,0,0,1,350384.287,0,0
4895.650291,1,343403.3254,0,0,1,350384.287,0,0
4896.650291,1,343403.3254,0,0,1,350384.287,0,0
4897.650291,1,343403.3254,0,0,1,350384.287,0,0
4898.650291,1,343403.3254,0,0,1,350384.287,0,0
4899.650291,1,343403.3254,0,0,1,350384.287,0,0
4900.650291,1,343403.3254,0,0,1,350384.287,0,0
4901.650291,1,343403.3254,0,0,1,350384.287,0,0
4902.650291,1,343403.3254,0,0,1,350384.287,0,0
4903.650291,1,343403.3254,0,0,1,350384.287,0,0
4904.650291,1,343403.3254,0,0,1,350384.287,0,0
4905.650291,1,343403.3254,0,0,1,350384.287,0,0
4906.650291,1,343403.3254,0,0,1,350384.287,0,0
4907.650291,1,343403.3254,0,0,1,350384.287,0,0
4908.650291,1,343403.3254,0,0,1,350384.287,0,0
4909.650291,1,343403.3254,0,0,1,350384.287,0,0
4910.650291,1,343403.3254,0,0,1,350384.287,0,0
4911.650291,1,343403.3254,0,0,1,350384.287,0,0
4912.650291,1,343403.3254,0,0,1,350384.287,0,0
4913.650291,1,343403.3254,0,0,1,350384.287,0,0
4914.650291,1,343403.3254,0,0,1,350384.287,0,0
4915.650291,1,343403.3254,0,0,1,350384.287,0,0
4916.650291,1,343403.3254,0,0,1,350384.287,0,0
4917.650291,1,343403.3254,0,0,1,350384.287,0,0
4918.650291,1,343403.3254,0,0,1,350384.287,0,0
4919.650291,1,343403.3254,0,0,1,350384.287,0,0
4920.650291,1,343403.3254,0,0,1,350384.287,0,0
4921.650291,1,343403.3254,0,0,1,350384.287,0,0
4922.650291,1,343403.3254,0,0,1,350384.287,0,0
4923.650291,1,343403.3254,0,0,1,350384.287,0,0
4924.650291,1,343403.3254,0,0,1,350384.287,0,0
4925.650291,1,343403.3254,0,0,1,350384.287,0,0
4926.650291,1,343403.3254,0,0,1,350384.287,0,0
4927.650291,1,343403.3254,0,0,1,350384.287,0,0
4928.650291,1,343403.3254,0,0,1,350384.287,0,0
4929.650291,1,343403.3254,0,0,1,350384.287,0,0
4930.650291,1,343403.3254,0,0,1,350384.287,0,0
4931.650291,1,343403.3254,0,0,1,350384.287,0,0
4932.650291,1,343403.3254,0,0,1,350384.287,0,0
4933.650291,1,343403.3254,0,0,1,350384.287,0,0
4934.650291,1,343403.3254,0,0,1,350384.287,0,0
4935.650291,1,343403.3254,0,0,1,350384.287,0,0
4936.650291,1,343403.3254,0,0,1,350384.287,0,0
4937.650291,1,343403.3254,0,0,1,350384.287,0,0
4938.650291,1,343403.3254,0,0,1,350384.287,0,0
4939.650291,1,343403.3254,0,0,1,350384.287,0,0
4940.650291,1,343403.3254,0,0,1,350384.287,0,0
4941.650291,1,343403.3254,0,0,1,350384.287,0,0
4942.650291,1,343403.3254,0,0,1,350384.287,0,0
4943.650291,1,343403.3254,0,0,1,350384.287,0,0
4944.650291,1,343403.3254,0,0,1,350384.287,0,0
4945.650291,1,343403.3254,0,0,1,350384.287,0,0
4946.650291,1,343403.3254,0,0,1,350384.287,0,0
4947.650291,1,343403.3254,0,0,1,350384.287,0,0
4948.650291,1,343403.3254,0,0,1,350384.287,0,0
4949.650291,1,343403.3254,0,0,1,350384.287,0,0
4950.650291,1,343403.3254,0,0,1,350384.287,0,0
4951.650291,1,343403.3254,0,0,1,350384.287,0,0
4952.650291,1,343403.3254,0,0,1,350384.287,0,0
4953.650291,1,343403.3254,0,0,1,350384.287,0,0
4954.650291,1,343403.3254,0,0,1,350384.287,0,0
4955.650291,1,343403.3254,0,0,1,350384.287,0,0
4956.650291,1,343403.3254,0,0,1,350384.287,0,0
4957.650291,1,343403.3254,0,0,1,350384.287,0,0
4958.650291,1,343403.3254,0,0,1,350384.287,0,0
4959.650291,1,343403.3254,0,0,1,350384.287,0,0
4960.650291,1,343403.3254,0,0,1,350384.287,0,0
4961.650291,1,343403.3254,0,0,1,350384.287,0,0
4962.650291,1,343403.3254,0,0,1,350384.287,0,0
4963.650291,1,343403.3254,0,0,1,350384.287,0,0
4964.650291,1,343403.3254,0,0,1,350384.287,0,0
4965.650291,1,343403.3254,0,0,1,350384.287,0,0
4966.650291,1,343403.3254,0,0,1,350384.287,0,0
4967.650291,1,343403.3254,0,0,1,350384.287,0,0
4968.650291,1,343403.3254,0,0,1,350384.287,0,0
4969.650291,1,343403.3254,0,0,1,350384.287,0,0
4970.650291,1,343403.3254,0,0,1,350384.287,0,0
4971.650291,1,343403.3254,0,0,1,350384.287,0,0
4972.650291,1,343403.3254,0,0,1,350384.287,0,0
4973.650291,1,343403.3254,0,0,1,350384.287,0,0
4974.650291,1,343403.3254,0,0,1,350384.287,0,0
4975.650291,1,343403.3254,0,0,1,350384.287,0,0
4976.650291,1,343403.3254,0,0,1,350384.287,0,0
4977.650291,1,343403.3254,0,0,1,350384.287,0,0
4978.650291,1,343403.3254,0,0,1,350384.287,0,0
4979.650291,1,343403.3254,0,0,1,350384.287,0,0
4980.650291,1,343403.3254,0,0,1,350384.287,0,0
4981.650291,1,343403.3254,0,0,1,350384.287,0,0
4982.650291,1,343403.3254,0,0,1,350384.287,0,0
4983.650291,1,343403.3254,0,0,1,350384.287,0,0
4984.650291,1,343403.3254,0,0,1,350384.287,0,0
4985.650291,1,343403.3254,0,0,1,350384.287,0,0
4986.650291,1,343403.3254,0,0,1,350384.287,0,0
4987.650291,1,343403.3254,0,0,1,350384.287,0,0
4988.650291,1,343403.3254,0,0,1,350384.287,0,0
4989.650291,1,343403.3254,0,0,1,350384.287,0,0
4990.650291,1,343403.3254,0,0,1,350384.287,0,0
4991.650291,1,343403.3254,0,0,1,350384.287,0,0
4992.650291,1,343403.3254,0,0,1,350384.287,0,0
4993.650291,1,343403.3254,0,0,1,350384.287,0,0
4994.650291,1,343403.3254,0,0,1,350384.287,0,0
4995.650291,1,343403.3254,0,0,1,350384.287,0,0
4996.650291,1,343403.3254,0,0,1,350384.287,0,0
4997.650291,1,343403.3254,0,0,1,350384.287,0,0
4998.650291,1,343403.3254,0,0,1,350384.287,0,0
4999.650291,1,343403.3254,0,0,1,350384.287,0,0
5000.650291,1,343403.3254,0,0,1,350384.287,0,0
5001.650291,1,343403.3254,0,0,1,350384.287,0,0
5002.650291,1,343403.3254,0,0,1,350384.287,0,0
5003.650291,1,343403.3254,0,0,1,350384.287,0,0
5004.650291,1,343403.3254,0,0,1,350384.287,0,0
5005.650291,1,343403.3254,0,0,1,350384.287,0,0
5006.650291,1,343403.3254,0,0,1,350384.287,0,0
5007.650291,1,343403.3254,0,0,1,350384.287,0,0
5008.650291,1,343403.3254,0,0,1,350384.287,0,0
5009.650291,1,343403.3254,0,0,1,350384.287,0,0
5010.650291,1,343403.3254,0,0,1,350384.287,0,0
5011.650291,1,343403.3254,0,0,1,350384.287,0,0
5012.650291,1,343403.3254,0,0,1,350384.287,0,0
5013.650291,1,343403.3254,0,0,1,350384.287,0,0
5014.650291,1,343403.3254,0,0,1,350384.287,0,0
5015.650291,1,343403.3254,0,0,1,350384.287,0,0
5016.650291,1,343403.3254,0,0,1,350384.287,0,0
5017.650291,1,343403.3254,0,0,1,350384.287,0,0
5018.650291,1,343403.3254,0,0,1,350384.287,0,0
5019.650291,1,343403.3254,0,0,1,350384.287,0,0
5020.650291,1,343403.3254,0,0,1,350384.287,0,0
5021.650291,1,343403.3254,0,0,1,350384.287,0,0
5022.650291,1,343403.3254,0,0,1,350384.287,0,0
5023.650291,1,343403.3254,0,0,1,350384.287,0,0
5024.650291,1,343403.3254,0,0,1,350384.287,0,0
5025.650291,1,343403.3254,0,0,1,350384.287,0,0
5026.650291,1,343403.3254,0,0,1,350384.287,0,0
5027.650291,1,343403.3254,0,0,1,350384.287,0,0
5028.650291,1,343403.3254,0,0,1,350384.287,0,0
5029.650291,1,343403.3254,0,0,1,350384.287,0,0
5030.650291,1,343403.3254,0,0,1,350384.287,0,0
5031.650291,1,343403.3254,0,0,1,350384.287,0,0
5032.650291,1,343403.3254,0,0,1,350384.287,0,0
5033.650291,1,343403.3254,0,0,1,350384.287,0,0
5034.650291,1,343403.3254,0,0,1,350384.287,0,0
5035.650291,1,343403.3254,0,0,1,350384.287,0,0
5036.650291,1,343403.3254,0,0,1,350384.287,0,0
5037.650291,1,343403.3254,0,0,1,350384.287,0,0
5038.650291,1,343403.3254,0,0,1,350384.287,0,0
5039.650291,1,343403.3254,0,0,1,350384.287,0,0
5040.650291,1,343403.3254,0,0,1,350384.287,0,0
5041.650291,1,343403.3254,0,0,1,350384.287,0,0
5042.650291,1,343403.3254,0,0,1,350384.287,0,0
5043.650291,1,343403.3254,0,0,1,350384.287,0,0
5044.650291,1,343403.3254,0,0,1,350384.287,0,0
5045.650291,1,343403.3254,0,0,1,350384.287,0,0
5046.650291,1,343403.3254,0,0,1,350384.287,0,0
5047.650291,1,343403.3254,0,0,1,350384.287,0,0
5048.650291,1,343403.3254,0,0,1,350384.287,0,0
5049.650291,1,343403.3254,0,0,1,350384.287,0,0
5050.650291,1,343403.3254,0,0,1,350384.287,0,0
5051.650291,1,343403.3254,0,0,1,350384.287,0,0
5052.650291,1,343403.3254,0,0,1,350384.287,0,0
5053.650291,1,343403.3254,0,0,1,350384.287,0,0
5054.650291,1,343403.3254,0,0,1,350384.287,0,0
5055.650291,1,343403.3254,0,0,1,350384.287,0,0
5056.650291,1,343403.3254,0,0,1,350384.287,0,0
5057.650291,1,343403.3254,0,0,1,350384.287,0,0
5058.650291,1,343403.3254,0,0,1,350384.287,0,0
5059.650291,1,343403.3254,0,0,1,350384.287,0,0
5060.650291,1,343403.3254,0,0,1,350384.287,0,0
5061.650291,1,343403.3254,0,0,1,350384.287,0,0
5062.650291,1,343403.3254,0,0,1,350384.287,0,0
5063.650291,1,343403.3254,0,0,1,350384.287,0,0
5064.650291,1,343403.3254,0,0,1,350384.287,0,0
5065.650291,1,343403.3254,0,0,1,350384.287,0,0
5066.650291,1,343403.3254,0,0,1,350384.287,0,0
5067.650291,1,343403.3254,0,0,1,350384.287,0,0
5068.650291,1,343403.3254,0,0,1,350384.287,0,0
5069.650291,1,343403.3254,0,0,1,350384.287,0,0
5070.650291,1,343403.3254,0,0,1,350384.287,0,0
5071.650291,1,343403.3254,0,0,1,350384.287,0,0
5072.650291,1,343403.3254,0,0,1,350384.287,0,0
5073.650291,1,343403.3254,0,0,1,350384.287,0,0
5074.650291,1,343403.3254,0,0,1,350384.287,0,0
5075.650291,1,343403.3254,0,0,1,350384.287,0,0
5076.650291,1,343403.3254,0,0,1,350384.287,0,0
5077.650291,1,343403.3254,0,0,1,350384.287,0,0
5078.650291,1,343403.3254,0,0,1,350384.287,0,0
5079.650291,1,343403.3254,0,0,1,350384.287,0,0
5080.650291,1,343403.3254,0,0,1,350384.287,0,0
5081.650291,1,343403.3254,0,0,1,350384.287,0,0
5082.650291,1,343403.3254,0,0,1,350384.287,1,367604.9549
5083.650291,1,343403.3254,0,0,1,350384.287,1,367604.9549
5084.650291,1,343403.3254,0,0,1,350384.287,1,367604.9549
5085.650291,1,343403.3254,0,0,1,350384.287,1,367604.9549
5086.650291,1,343403.3254,0,0,1,350384.287,1,367604.9549
5087.650291,1,343403.3254,0,0,1,350384.287,1,367604.9549
5088.650291,1,343403.3254,0,0,1,350384.287,1,367604.9549
5089.650291,1,343403.3254,0,0,1,350384.287,1,367604.9549
5090.650291,1,343403.3254,0,0,1,350384.287,1,367604.9549
5091.650291,1,343403.3254,0,0,1,350384.287,1,367604.9549
5092.650291,1,343403.3254,0,0,1,350384.287,1,367604.9549
5093.650291,1,343403.3254,0,0,1,350384.287,1,367604.9549
5094.650291,1,343403.3254,0,0,1,350384.287,1,367604.9549
5095.650291,1,343403.3254,0,0,1,350384.287,1,367604.9549
5096.650291,1,343403.3254,0,0,1,350384.287,1,367604.9549
5097.650291,1,343403.3254,0,0,1,350384.287,1,367604.9549
5098.650291,1,343403.3254,0,0,1,350384.287,1,367604.9549
5099.650291,1,343403.3254,0,0,1,350384.287,1,367604.9549
5100.650291,1,343403.3254,0,0,1,350384.287,1,367604.9549
5101.650291,1,343403.3254,0,0,1,350384.287,1,367604.9549
5102.650291,1,343403.3254,0,0,1,350384.287,1,367604.9549
5103.650291,1,343403.3254,0,0,1,350384.287,1,367604.9549
5104.650291,1,343403.3254,0,0,1,350384.287,1,367604.9549
5105.650291,1,343403.3254,0,0,1,350384.287,1,367604.9549
5106.650291,1,343403.3254,0,0,1,350384.287,1,367604.9549
5107.650291,1,343403.3254,0,0,1,350384.287,1,367604.9549
5108.650291,1,343403.3254,0,0,1,350384.287,1,367604.9549
5109.650291,1,343403.3254,0,0,1,350384.287,1,367604.9549
5110.650291,1,343403.3254,0,0,1,350384.287,1,367604.9549
5111.650291,1,343403.3254,0,0,1,350384.287,1,367604.9549
5112.650291,1,343403.3254,0,0,1,350384.287,1,367604.9549
5113.650291,1,343403.3254,0,0,1,350384.287,1,367604.9549
5114.650291,1,343403.3254,0,0,1,350384.287,1,367604.9549
5115.650291,1,343403.3254,0,0,1,350384.287,1,367604.9549
5116.650291,1,343403.3254,0,0,1,350384.287,1,367604.9549
5117.650291,1,343403.3254,0,0,1,350384.287,1,367604.9549
5118.650291,1,343403.3254,0,0,1,350384.287,1,367604.9549
5119.650291,1,343403.3254,0,0,1,350384.287,1,367604.9549
5120.650291,1,343403.3254,0,0,1,350384.287,1,367604.9549
5121.650291,1,343403.3254,0,0,1,350384.287,1,367604.9549
5122.650291,1,343403.3254,0,0,1,350384.287,1,367604.9549
5123.650291,1,343403.3254,0,0,1,350384.287,1,367604.9549
5124.650291,1,343403.3254,0,0,1,350384.287,1,367604.9549
5125.650291,1,343403.3254,0,0,1,350384.287,1,367604.9549
5126.650291,1,343403.3254,0,0,1,350384.287,1,367604.9549
5127.650291,1,343403.3254,0,0,1,350384.287,1,367604.9549
5128.650291,1,343403.3254,0,0,1,350384.287,1,367604.9549
5129.650291,1,343403.3254,0,0,1,350384.287,1,367604.9549
5130.650291,1,343403.3254,0,0,1,350384.287,1,367604.9549
5131.650291,1,343403.3254,0,0,1,350384.287,1,367604.9549
5132.650291,1,343403.3254,0,0,1,350384.287,1,367604.9549
5133.650291,1,343403.3254,0,0,1,350384.287,1,367604.9549
5134.650291,1,343403.3254,0,0,1,350384.287,1,367604.9549
5135.650291,1,343403.3254,0,0,1,350384.287,1,367604.9549
5136.650291,1,343403.3254,0,0,1,350384.287,1,367604.9549
5137.650291,1,343403.3254,0,0,1,350384.287,1,367604.9549
5138.650291,1,343403.3254,0,0,1,350384.287,1,367604.9549
5139.650291,1,343403.3254,0,0,1,350384.287,1,367604.9549
5140.650291,1,343403.3254,0,0,1,350384.287,1,367604.9549
5141.650291,1,343403.3254,0,0,1,350384.287,1,367604.9549
5142.650291,1,343403.3254,0,0,1,350384.287,1,367604.9549
5143.650291,1,343403.3254,0,0,1,350384.287,1,367604.9549
5144.650291,1,343403.3254,0,0,1,350384.287,1,367604.9549
5145.650291,1,343403.3254,0,0,1,350384.287,1,367604.9549
5146.650291,1,343403.3254,0,0,1,350384.287,1,367604.9549
5147.650291,1,343403.3254,0,0,1,350384.287,1,367604.9549
5148.650291,1,343403.3254,0,0,1,350384.287,1,367604.9549
5149.650291,1,343403.3254,0,0,1,350384.287,1,367604.9549
5150.650291,1,343403.3254,0,0,1,350384.287,1,367604.9549
5151.650291,1,343403.3254,0,0,1,350384.287,1,367604.9549
5152.650291,1,343403.3254,0,0,1,350384.287,1,367604.9549
5153.650291,1,343403.3254,0,0,1,350384.287,1,367604.9549
5154.25142,1,343403.3254,0,0,1,350384.287,1,367604.9549
5155.25142,1,343403.3254,0,0,1,350384.287,1,367604.9549
5156.25142,1,343403.3254,0,0,1,350384.287,1,367604.9549
5157.25142,1,343403.3254,0,0,1,350384.287,1,367604.9549
5158.25142,1,343403.3254,0,0,1,350384.287,1,367604.9549
5159.25142,1,343403.3254,0,0,1,350384.287,1,367604.9549
5160.25142,1,343403.3254,0,0,1,350384.287,1,367604.9549
5161.25142,1,343403.3254,0,0,1,350384.287,1,367604.9549
5162.25142,1,343403.3254,0,0,1,350384.287,1,367604.9549
5163.25142,1,343403.3254,0,0,1,350384.287,1,367604.9549
5164.25142,1,343403.3254,0,0,1,350384.287,1,367604.9549
5165.25142,1,343403.3254,0,0,1,350384.287,1,367604.9549
5166.25142,1,343403.3254,0,0,1,350384.287,1,367604.9549
5167.25142,1,343403.3254,0,0,1,350384.287,1,367604.9549
5168.25142,1,343403.3254,0,0,1,350384.287,1,367604.9549
5169.25142,1,343403.3254,0,0,1,350384.287,1,367604.9549
5170.25142,1,343403.3254,0,0,1,350384.287,1,367604.9549
5171.25142,1,343403.3254,0,0,1,350384.287,1,367604.9549
5172.25142,1,343403.3254,0,0,1,350384.287,1,367604.9549
5173.25142,1,343403.3254,0,0,1,350384.287,1,367604.9549
5174.25142,1,343403.3254,0,0,1,350384.287,1,367604.9549
5175.25142,1,343403.3254,0,0,1,350384.287,1,367604.9549
5176.25142,1,343403.3254,0,0,1,350384.287,1,367604.9549
5177.25142,1,343403.3254,0,0,1,350384.287,1,367604.9549
5178.25142,1,343403.3254,0,0,1,350384.287,1,367604.9549
5179.25142,0,0,0,0,1,350384.287,1,367604.9549
5180.25142,0,0,0,0,1,350384.287,1,367604.9549
5181.25142,0,0,0,0,1,350384.287,1,367604.9549
5182.25142,0,0,0,0,1,350384.287,1,367604.9549
5183.25142,0,0,0,0,1,350384.287,1,367604.9549
5184.25142,0,0,0,0,1,350384.287,1,367604.9549
5185.25142,0,0,0,0,1,350384.287,1,367604.9549
5186.25142,0,0,0,0,1,350384.287,1,367604.9549
5187.25142,0,0,0,0,1,350384.287,1,367604.9549
5188.25142,0,0,0,0,1,350384.287,1,367604.9549
5189.25142,0,0,0,0,1,350384.287,1,367604.9549
5190.25142,0,0,0,0,1,350384.287,1,367604.9549
5191.25142,0,0,0,0,1,350384.287,1,367604.9549
5192.25142,0,0,0,0,1,350384.287,1,367604.9549
5193.25142,0,0,0,0,1,350384.287,1,367604.9549
5194.25142,0,0,0,0,1,350384.287,1,367604.9549
5195.25142,0,0,0,0,1,350384.287,1,367604.9549
5196.25142,0,0,0,0,1,350384.287,1,367604.9549
5197.25142,0,0,0,0,1,350384.287,1,367604.9549
5198.25142,0,0,0,0,1,350384.287,1,367604.9549
5199.25142,0,0,0,0,1,350384.287,1,367604.9549
5200.25142,0,0,0,0,1,350384.287,1,367604.9549
5201.25142,0,0,0,0,1,350384.287,1,367604.9549
5202.25142,0,0,0,0,1,350384.287,1,367604.9549
5203.25142,0,0,0,0,1,350384.287,1,367604.9549
5204.25142,0,0,0,0,1,350384.287,1,367604.9549
5205.25142,0,0,0,0,1,350384.287,1,367604.9549
5206.25142,0,0,0,0,1,350384.287,1,367604.9549
5207.25142,0,0,0,0,1,350384.287,1,367604.9549
5208.25142,0,0,0,0,1,350384.287,1,367604.9549
5209.25142,0,0,0,0,1,350384.287,1,367604.9549
5210.25142,0,0,0,0,1,350384.287,1,367604.9549
5211.25142,0,0,0,0,1,350384.287,1,367604.9549
5212.25142,0,0,0,0,1,350384.287,1,367604.9549
5213.25142,0,0,0,0,1,350384.287,1,367604.9549
5214.25142,0,0,0,0,1,350384.287,1,367604.9549
5215.25142,0,0,0,0,1,350384.287,1,367604.9549
5216.25142,0,0,0,0,1,350384.287,1,367604.9549
5217.25142,0,0,0,0,1,350384.287,1,367604.9549
5218.25142,0,0,0,0,1,350384.287,1,367604.9549
5219.25142,0,0,0,0,1,350384.287,1,367604.9549
5220.25142,0,0,0,0,1,350384.287,1,367604.9549
5221.25142,0,0,0,0,1,350384.287,1,367604.9549
5222.25142,0,0,0,0,1,350384.287,1,367604.9549
5223.25142,0,0,0,0,1,350384.287,1,367604.9549
5224.25142,0,0,0,0,1,350384.287,1,367604.9549
5225.25142,0,0,0,0,1,350384.287,1,367604.9549
5226.25142,0,0,0,0,1,350384.287,1,367604.9549
5227.25142,0,0,0,0,1,350384.287,1,367604.9549
5228.25142,0,0,0,0,1,350384.287,1,367604.9549
5229.25142,0,0,0,0,1,350384.287,1,367604.9549
5230.25142,0,0,0,0,1,350384.287,1,367604.9549
5231.25142,0,0,0,0,1,350384.287,1,367604.9549
5232.25142,0,0,0,0,1,350384.287,1,367604.9549
5233.25142,0,0,0,0,1,350384.287,1,367604.9549
5234.25142,0,0,0,0,1,350384.287,1,367604.9549
5235.25142,0,0,0,0,1,350384.287,1,367604.9549
5236.25142,0,0,0,0,1,350384.287,1,367604.9549
5237.25142,0,0,0,0,1,350384.287,1,367604.9549
5238.25142,0,0,0,0,1,350384.287,1,367604.9549
5239.25142,0,0,0,0,1,350384.287,1,367604.9549
5240.25142,0,0,0,0,1,350384.287,1,367604.9549
5241.25142,0,0,0,0,1,350384.287,1,367604.9549
5242.25142,0,0,0,0,1,350384.287,1,367604.9549
5243.25142,0,0,0,0,1,350384.287,1,367604.9549
5244.25142,0,0,0,0,1,350384.287,1,367604.9549
5245.25142,0,0,0,0,1,350384.287,1,367604.9549
5246.25142,0,0,0,0,1,350384.287,1,367604.9549
5247.25142,0,0,0,0,1,350384.287,1,367604.9549
5248.25142,0,0,0,0,1,350384.287,1,367604.9549
5249.25142,0,0,0,0,1,350384.287,1,367604.9549
5250.25142,0,0,0,0,1,350384.287,1,367604.9549
5251.25142,0,0,0,0,1,350384.287,1,367604.9549
5252.25142,0,0,0,0,1,350384.287,1,367604.9549
5253.25142,0,0,0,0,1,350384.287,1,367604.9549
5254.25142,0,0,0,0,1,350384.287,1,367604.9549
5255.25142,0,0,0,0,1,350384.287,1,367604.9549
5256.25142,0,0,0,0,1,350384.287,1,367604.9549
5257.25142,0,0,0,0,1,350384.287,1,367604.9549
5258.25142,0,0,0,0,1,350384.287,1,367604.9549
5259.25142,0,0,0,0,1,350384.287,1,367604.9549
5260.25142,0,0,0,0,1,350384.287,1,367604.9549
5261.25142,0,0,0,0,1,350384.287,1,367604.9549
5262.25142,0,0,0,0,1,350384.287,1,367604.9549
5263.25142,0,0,0,0,1,350384.287,1,367604.9549
5264.25142,0,0,0,0,1,350384.287,1,367604.9549
5265.25142,0,0,0,0,1,350384.287,1,367604.9549
5266.25142,0,0,0,0,1,350384.287,1,367604.9549
5267.25142,0,0,0,0,1,350384.287,1,367604.9549
5268.25142,0,0,0,0,1,350384.287,1,367604.9549
5269.25142,0,0,0,0,1,350384.287,1,367604.9549
5270.25142,0,0,0,0,1,350384.287,1,367604.9549
5271.25142,0,0,0,0,1,350384.287,1,367604.9549
5272.25142,0,0,0,0,1,350384.287,1,367604.9549
5273.25142,0,0,0,0,1,350384.287,1,367604.9549
5274.25142,0,0,0,0,1,350384.287,1,367604.9549
5275.25142,0,0,0,0,1,350384.287,1,367604.9549
5276.25142,0,0,0,0,1,350384.287,1,367604.9549
5277.25142,0,0,0,0,1,350384.287,1,367604.9549
5278.25142,0,0,0,0,1,350384.287,1,367604.9549
5279.25142,0,0,0,0,1,350384.287,1,367604.9549
5280.25142,0,0,0,0,1,350384.287,1,367604.9549
5281.25142,0,0,0,0,1,350384.287,1,367604.9549
5282.25142,0,0,0,0,1,350384.287,1,367604.9549
5283.25142,0,0,0,0,1,350384.287,1,367604.9549
5284.25142,0,0,0,0,1,350384.287,1,367604.9549
5285.25142,0,0,0,0,1,350384.287,1,367604.9549
5286.25142,0,0,0,0,1,350384.287,1,367604.9549
5287.25142,0,0,0,0,1,350384.287,1,367604.9549
5288.25142,0,0,0,0,1,350384.287,1,367604.9549
5289.25142,0,0,0,0,1,350384.287,1,367604.9549
5290.25142,0,0,0,0,1,350384.287,1,367604.9549
5291.25142,0,0,0,0,1,350384.287,1,367604.9549
5292.25142,0,0,0,0,1,350384.287,1,367604.9549
5293.25142,0,0,0,0,1,350384.287,1,367604.9549
5294.25142,0,0,0,0,1,350384.287,1,367604.9549
5295.25142,0,0,0,0,1,350384.287,1,367604.9549
5296.25142,0,0,0,0,1,350384.287,1,367604.9549
5297.25142,0,0,0,0,1,350384.287,1,367604.9549
5298.25142,0,0,0,0,1,350384.287,1,367604.9549
5299.25142,0,0,0,0,1,350384.287,1,367604.9549
5300.25142,0,0,0,0,1,350384.287,1,367604.9549
5301.25142,0,0,0,0,1,350384.287,1,367604.9549
5302.25142,0,0,0,0,1,350384.287,1,367604.9549
5303.25142,0,0,0,0,1,350384.287,1,367604.9549
5304.25142,0,0,0,0,1,350384.287,1,367604.9549
5305.25142,0,0,0,0,1,350384.287,1,367604.9549
5306.25142,0,0,0,0,1,350384.287,1,367604.9549
5307.25142,0,0,0,0,1,350384.287,1,367604.9549
5308.25142,0,0,0,0,1,350384.287,1,367604.9549
5309.25142,0,0,0,0,1,350384.287,1,367604.9549
5310.25142,0,0,0,0,1,350384.287,1,367604.9549
5311.25142,0,0,0,0,1,350384.287,1,367604.9549
5312.25142,0,0,0,0,1,350384.287,1,367604.9549
5313.25142,0,0,0,0,1,350384.287,1,367604.9549
5314.25142,0,0,0,0,1,350384.287,1,367604.9549
5315.25142,0,0,0,0,1,350384.287,1,367604.9549
5316.25142,0,0,0,0,1,350384.287,1,367604.9549
5317.25142,0,0,0,0,1,350384.287,1,367604.9549
5318.25142,0,0,0,0,1,350384.287,1,367604.9549
5319.25142,0,0,0,0,1,350384.287,1,367604.9549
5320.25142,0,0,0,0,1,350384.287,1,367604.9549
5321.25142,0,0,0,0,1,350384.287,1,367604.9549
5322.25142,0,0,0,0,1,350384.287,1,367604.9549
5323.25142,0,0,0,0,1,350384.287,1,367604.9549
5324.25142,0,0,0,0,1,350384.287,1,367604.9549
5325.25142,0,0,0,0,1,350384.287,1,367604.9549
5326.25142,0,0,0,0,1,350384.287,1,367604.9549
5327.25142,0,0,0,0,1,350384.287,1,367604.9549
5328.25142,0,0,0,0,1,350384.287,1,367604.9549
5329.25142,0,0,0,0,1,350384.287,1,367604.9549
5330.25142,0,0,0,0,1,350384.287,1,367604.9549
5331.25142,0,0,0,0,1,350384.287,1,367604.9549
5332.25142,0,0,0,0,1,350384.287,1,367604.9549
5333.25142,0,0,0,0,1,350384.287,1,367604.9549
5334.25142,0,0,0,0,1,350384.287,1,367604.9549
5335.25142,0,0,0,0,1,350384.287,1,367604.9549
5336.25142,0,0,0,0,1,350384.287,1,367604.9549
5337.25142,0,0,0,0,1,350384.287,1,367604.9549
5338.25142,0,0,0,0,1,350384.287,1,367604.9549
5339.25142,0,0,0,0,1,350384.287,1,367604.9549
5340.25142,0,0,0,0,1,350384.287,1,367604.9549
5341.25142,0,0,0,0,1,350384.287,1,367604.9549
5342.25142,0,0,0,0,0,0,1,367604.9549
5343.25142,0,0,0,0,0,0,1,367604.9549
5344.25142,0,0,0,0,0,0,1,367604.9549
5345.25142,0,0,0,0,0,0,1,367604.9549
5346.25142,0,0,0,0,0,0,1,367604.9549
5347.25142,0,0,0,0,0,0,1,367604.9549
5348.25142,0,0,0,0,0,0,1,367604.9549
5349.25142,0,0,0,0,0,0,1,367604.9549
5350.25142,0,0,0,0,0,0,1,367604.9549
5351.25142,0,0,0,0,0,0,1,367604.9549
5352.25142,0,0,0,0,0,0,1,367604.9549
5353.25142,0,0,0,0,0,0,1,367604.9549
5354.25142,0,0,0,0,0,0,1,367604.9549
5355.25142,0,0,0,0,0,0,1,367604.9549
5356.25142,0,0,0,0,0,0,1,367604.9549
5357.25142,0,0,0,0,0,0,1,367604.9549
5358.25142,0,0,0,0,0,0,1,367604.9549
5359.25142,0,0,0,0,0,0,1,367604.9549
5360.25142,0,0,0,0,0,0,1,367604.9549
5361.25142,0,0,0,0,0,0,1,367604.9549
5362.25142,0,0,0,0,0,0,1,367604.9549
5363.25142,0,0,0,0,0,0,1,367604.9549
5364.25142,0,0,0,0,0,0,1,367604.9549
5365.25142,0,0,0,0,0,0,1,367604.9549
5366.25142,0,0,0,0,0,0,1,367604.9549
5367.25142,0,0,0,0,0,0,1,367604.9549
5368.25142,0,0,0,0,0,0,1,367604.9549
5369.25142,0,0,0,0,0,0,1,367604.9549
5370.25142,0,0,0,0,0,0,1,367604.9549
5371.25142,0,0,0,0,0,0,1,367604.9549
5372.25142,0,0,0,0,0,0,1,367604.9549
5373.25142,0,0,0,0,0,0,1,367604.9549
5374.25142,0,0,0,0,0,0,1,367604.9549
5375.25142,0,0,0,0,0,0,1,367604.9549
5376.25142,0,0,0,0,0,0,1,367604.9549
5377.25142,0,0,0,0,0,0,1,367604.9549
5378.25142,0,0,0,0,0,0,1,367604.9549
5379.25142,0,0,0,0,0,0,1,367604.9549
5380.25142,0,0,0,0,0,0,1,367604.9549
5381.25142,0,0,0,0,0,0,1,367604.9549
5382.25142,0,0,0,0,0,0,1,367604.9549
5383.25142,0,0,0,0,0,0,1,367604.9549
5384.25142,0,0,0,0,0,0,1,367604.9549
5385.25142,0,0,0,0,0,0,1,367604.9549
5386.25142,0,0,0,0,0,0,1,367604.9549
5387.25142,0,0,0,0,0,0,1,367604.9549
5388.25142,0,0,0,0,0,0,1,367604.9549
5389.25142,0,0,0,0,0,0,1,367604.9549
5390.25142,0,0,0,0,0,0,1,367604.9549
5391.25142,0,0,0,0,0,0,1,367604.9549
5392.25142,0,0,0,0,0,0,1,367604.9549
5393.25142,0,0,0,0,0,0,1,367604.9549
5394.25142,0,0,0,0,0,0,1,367604.9549
5395.25142,0,0,0,0,0,0,1,367604.9549
5396.25142,0,0,0,0,0,0,1,367604.9549
5397.25142,0,0,0,0,0,0,1,367604.9549
5398.25142,0,0,0,0,0,0,1,367604.9549
5399.25142,0,0,0,0,0,0,1,367604.9549
5400.25142,0,0,0,0,0,0,1,367604.9549
5401.25142,0,0,0,0,0,0,1,367604.9549
5402.25142,0,0,0,0,0,0,1,367604.9549
5403.25142,0,0,0,0,0,0,1,367604.9549
5404.25142,0,0,0,0,0,0,1,367604.9549
5405.25142,0,0,0,0,0,0,1,367604.9549
5406.25142,0,0,0,0,0,0,1,367604.9549
5407.25142,0,0,0,0,0,0,1,367604.9549
5408.25142,0,0,0,0,0,0,1,367604.9549
5409.25142,0,0,0,0,0,0,1,367604.9549
5410.25142,0,0,0,0,0,0,1,367604.9549
5411.25142,0,0,0,0,0,0,1,367604.9549
5412.25142,0,0,0,0,0,0,1,367604.9549
5413.25142,0,0,0,0,0,0,1,367604.9549
5414.25142,0,0,0,0,0,0,1,367604.9549
5415.25142,0,0,0,0,0,0,1,367604.9549
5416.25142,0,0,0,0,0,0,1,367604.9549
5417.25142,0,0,0,0,0,0,1,367604.9549
5418.25142,0,0,0,0,0,0,1,367604.9549
5419.25142,0,0,0,0,0,0,1,367604.9549
5420.25142,0,0,0,0,0,0,1,367604.9549
5421.25142,0,0,0,0,0,0,1,367604.9549
5422.25142,0,0,0,0,0,0,1,367604.9549
5423.25142,0,0,0,0,0,0,1,367604.9549
5424.25142,0,0,0,0,0,0,1,367604.9549
5425.25142,0,0,0,0,0,0,1,367604.9549
5426.25142,0,0,0,0,0,0,1,367604.9549
5427.25142,0,0,0,0,0,0,1,367604.9549
5428.25142,0,0,0,0,0,0,1,367604.9549
5429.25142,0,0,0,0,0,0,1,367604.9549
5430.25142,0,0,0,0,0,0,1,367604.9549
5431.25142,0,0,0,0,0,0,1,367604.9549
5432.25142,0,0,0,0,0,0,1,367604.9549
5433.25142,0,0,0,0,0,0,1,367604.9549
5434.25142,0,0,0,0,0,0,1,367604.9549
5435.25142,0,0,0,0,0,0,1,367604.9549
5436.25142,0,0,0,0,0,0,1,367604.9549
5437.25142,0,0,0,0,0,0,1,367604.9549
5438.25142,0,0,0,0,0,0,1,367604.9549
5439.25142,0,0,0,0,0,0,1,367604.9549
5440.25142,0,0,0,0,0,0,1,367604.9549
5441.25142,0,0,0,0,0,0,1,367604.9549
5442.25142,0,0,0,0,0,0,1,367604.9549
5443.25142,0,0,0,0,0,0,1,367604.9549
5444.25142,0,0,0,0,0,0,1,367604.9549
5445.25142,0,0,0,0,0,0,1,367604.9549
5446.25142,0,0,0,0,0,0,1,367604.9549
5447.25142,0,0,0,0,0,0,1,367604.9549
5448.25142,0,0,0,0,0,0,1,367604.9549
5449.25142,0,0,0,0,0,0,1,367604.9549
5450.25142,0,0,0,0,0,0,1,367604.9549
5451.25142,0,0,0,0,0,0,1,367604.9549
5452.25142,0,0,0,0,0,0,1,367604.9549
5453.25142,0,0,0,0,0,0,1,367604.9549
5454.25142,0,0,0,0,0,0,1,367604.9549
5455.25142,0,0,0,0,0,0,1,367604.9549
5456.25142,0,0,0,0,0,0,1,367604.9549
5457.25142,0,0,0,0,0,0,1,367604.9549
5458.25142,0,0,0,0,0,0,1,367604.9549
5459.25142,0,0,0,0,0,0,1,367604.9549
5460.25142,0,0,0,0,0,0,1,367604.9549
5461.25142,0,0,0,0,0,0,1,367604.9549
5462.25142,0,0,0,0,0,0,1,367604.9549
5463.25142,0,0,0,0,0,0,1,367604.9549
5464.25142,0,0,0,0,0,0,1,367604.9549
5465.25142,0,0,0,0,0,0,1,367604.9549
5466.25142,0,0,0,0,0,0,1,367604.9549
5467.25142,0,0,0,0,0,0,1,367604.9549
5468.25142,0,0,0,0,0,0,1,367604.9549
5469.25142,0,0,0,0,0,0,1,367604.9549
5470.25142,0,0,0,0,0,0,1,367604.9549
5471.25142,0,0,0,0,0,0,1,367604.9549
5472.25142,0,0,0,0,0,0,1,367604.9549
5473.25142,0,0,0,0,0,0,1,367604.9549
5474.25142,0,0,0,0,0,0,1,367604.9549
5475.25142,0,0,0,0,0,0,1,367604.9549
5476.25142,0,0,0,0,0,0,1,367604.9549
5477.25142,0,0,0,0,0,0,1,367604.9549
5478.25142,0,0,0,0,0,0,1,367604.9549
5479.25142,0,0,0,0,0,0,1,367604.9549
5480.25142,0,0,0,0,0,0,1,367604.9549
5481.25142,0,0,0,0,0,0,1,367604.9549
5482.25142,0,0,0,0,0,0,1,367604.9549
5483.25142,0,0,0,0,0,0,1,367604.9549
5484.25142,0,0,0,0,0,0,1,367604.9549
5485.25142,0,0,0,0,0,0,1,367604.9549
5486.25142,0,0,0,0,0,0,1,367604.9549
5487.25142,0,0,0,0,0,0,1,367604.9549
5488.25142,0,0,0,0,0,0,1,367604.9549
5489.25142,0,0,0,0,0,0,1,367604.9549
5490.25142,0,0,0,0,0,0,1,367604.9549
5491.25142,0,0,0,0,0,0,1,367604.9549
5492.25142,0,0,0,0,0,0,1,367604.9549
5493.25142,0,0,0,0,0,0,1,367604.9549
5494.25142,0,0,0,0,0,0,1,367604.9549
5495.25142,0,0,0,0,0,0,1,367604.9549
5496.25142,0,0,0,0,0,0,1,367604.9549
5497.25142,0,0,0,0,0,0,1,367604.9549
5498.25142,0,0,0,0,0,0,1,367604.9549
5499.25142,0,0,0,0,0,0,1,367604.9549
5500.25142,0,0,0,0,0,0,1,367604.9549
5501.25142,0,0,0,0,0,0,1,367604.9549
5502.25142,0,0,0,0,0,0,1,367604.9549
5503.25142,0,0,0,0,0,0,1,367604.9549
5504.25142,0,0,0,0,0,0,1,367604.9549
5505.25142,0,0,0,0,0,0,1,367604.9549
5506.25142,0,0,0,0,0,0,1,367604.9549
5507.25142,0,0,0,0,0,0,1,367604.9549
5508.25142,0,0,0,0,0,0,1,367604.9549
5509.25142,0,0,0,0,0,0,1,367604.9549
5510.25142,0,0,0,0,0,0,1,367604.9549
5511.25142,0,0,0,0,0,0,1,367604.9549
5512.25142,0,0,0,0,0,0,1,367604.9549
5513.25142,0,0,0,0,0,0,1,367604.9549
5514.25142,0,0,0,0,0,0,1,367604.9549
5515.25142,0,0,0,0,0,0,1,367604.9549
5516.25142,0,0,0,0,0,0,1,367604.9549
5517.25142,0,0,0,0,0,0,1,367604.9549
5518.25142,0,0,0,0,0,0,1,367604.9549
5519.25142,0,0,0,0,0,0,1,367604.9549
5520.25142,0,0,0,0,0,0,1,367604.9549
5521.25142,0,0,0,0,0,0,1,367604.9549
5522.25142,0,0,0,0,0,0,1,367604.9549
5523.25142,0,0,0,0,0,0,1,367604.9549
5524.25142,0,0,0,0,0,0,1,367604.9549
5525.25142,0,0,0,0,0,0,1,367604.9549
5526.25142,0,0,0,0,0,0,1,367604.9549
5527.25142,0,0,0,0,0,0,1,367604.9549
5528.25142,0,0,0,0,0,0,1,367604.9549
5529.25142,0,0,0,0,0,0,1,367604.9549
5530.25142,0,0,0,0,0,0,1,367604.9549
5531.25142,0,0,0,0,0,0,1,367604.9549
5532.25142,0,0,0,0,0,0,1,367604.9549
5533.25142,0,0,0,0,0,0,1,367604.9549
5534.25142,0,0,0,0,0,0,1,367604.9549
5535.25142,0,0,0,0,0,0,1,367604.9549
5536.25142,0,0,0,0,0,0,1,367604.9549
5537.25142,0,0,0,0,0,0,1,367604.9549
5538.25142,0,0,0,0,0,0,1,367604.9549
5539.25142,0,0,0,0,0,0,1,367604.9549
5540.25142,0,0,0,0,0,0,1,367604.9549
5541.25142,0,0,0,0,0,0,1,367604.9549
5542.25142,0,0,0,0,0,0,1,367604.9549
5543.25142,0,0,0,0,0,0,1,367604.9549
5544.25142,0,0,0,0,0,0,1,367604.9549
5545.25142,0,0,0,0,0,0,1,367604.9549
5546.25142,0,0,0,0,0,0,1,367604.9549
5547.25142,0,0,0,0,0,0,1,367604.9549
5548.25142,0,0,0,0,0,0,1,367604.9549
5549.25142,0,0,0,0,0,0,1,367604.9549
5550.25142,0,0,0,0,0,0,1,367604.9549
5551.25142,0,0,0,0,0,0,1,367604.9549
5552.25142,0,0,0,0,0,0,1,367604.9549
5553.25142,0,0,0,0,0,0,1,367604.9549
5554.25142,0,0,0,0,0,0,1,367604.9549
5555.25142,0,0,0,0,0,0,1,367604.9549
5556.25142,0,0,0,0,0,0,1,367604.9549
5557.25142,0,0,0,0,0,0,1,367604.9549
5558.25142,0,0,0,0,0,0,1,367604.9549
5559.25142,0,0,0,0,0,0,1,367604.9549
5560.25142,0,0,0,0,0,0,1,367604.9549
5561.25142,0,0,0,0,0,0,1,367604.9549
5562.25142,0,0,0,0,0,0,1,367604.9549
5563.25142,0,0,0,0,0,0,1,367604.9549
5564.25142,0,0,0,0,0,0,1,367604.9549
5565.25142,0,0,0,0,0,0,1,367604.9549
5566.25142,0,0,0,0,0,0,1,367604.9549
5567.25142,0,0,0,0,0,0,1,367604.9549
5568.25142,0,0,0,0,0,0,1,367604.9549
5569.25142,0,0,0,0,0,0,1,367604.9549
5570.25142,0,0,0,0,0,0,1,367604.9549
5571.25142,0,0,0,0,0,0,1,367604.9549
5572.25142,0,0,0,0,0,0,1,367604.9549
5573.25142,0,0,0,0,0,0,1,367604.9549
5574.25142,0,0,0,0,0,0,1,367604.9549
5575.25142,0,0,0,0,0,0,1,367604.9549
5576.25142,0,0,0,0,0,0,1,367604.9549
5577.25142,0,0,0,0,0,0,1,367604.9549
5578.25142,0,0,0,0,0,0,1,367604.9549
5579.25142,0,0,0,0,0,0,1,367604.9549
5580.25142,0,0,0,0,0,0,1,367604.9549
5581.25142,0,0,0,0,0,0,1,367604.9549
5582.25142,0,0,0,0,0,0,1,367604.9549
5583.25142,0,0,0,0,0,0,1,367604.9549
5584.25142,0,0,0,0,0,0,1,367604.9549
5585.25142,0,0,0,0,0,0,1,367604.9549
5586.25142,0,0,0,0,0,0,1,367604.9549
5587.25142,0,0,0,0,0,0,1,367604.9549
5588.25142,0,0,0,0,0,0,1,367604.9549
5589.25142,0,0,0,0,0,0,1,367604.9549
5590.25142,0,0,0,0,0,0,1,367604.9549
5591.25142,0,0,0,0,0,0,1,367604.9549
5592.25142,0,0,0,0,0,0,1,367604.9549
5593.25142,0,0,0,0,0,0,1,367604.9549
5594.25142,0,0,0,0,0,0,1,367604.9549
5595.25142,0,0,0,0,0,0,1,367604.9549
5596.25142,0,0,0,0,0,0,1,367604.9549
5597.25142,0,0,0,0,0,0,1,367604.9549
5598.25142,0,0,0,0,0,0,1,367604.9549
5599.25142,0,0,0,0,0,0,1,367604.9549
5600.25142,0,0,0,0,0,0,1,367604.9549
5601.25142,0,0,0,0,0,0,1,367604.9549
5602.25142,0,0,0,0,0,0,1,367604.9549
5603.25142,0,0,0,0,0,0,1,367604.9549
5604.25142,0,0,0,0,0,0,1,367604.9549
5605.25142,0,0,0,0,0,0,1,367604.9549
5606.25142,0,0,0,0,0,0,1,367604.9549
5607.25142,0,0,0,0,0,0,1,367604.9549
5608.25142,0,0,0,0,0,0,1,367604.9549
5609.25142,0,0,0,0,0,0,1,367604.9549
5610.25142,0,0,0,0,0,0,1,367604.9549
5611.25142,0,0,0,0,0,0,1,367604.9549
5612.25142,0,0,0,0,0,0,1,367604.9549
5613.25142,0,0,0,0,0,0,1,367604.9549
5614.25142,0,0,0,0,0,0,1,367604.9549
5615.25142,0,0,0,0,0,0,1,367604.9549
5616.25142,0,0,0,0,0,0,1,367604.9549
5617.25142,0,0,0,0,0,0,1,367604.9549
5618.25142,0,0,0,0,0,0,1,367604.9549
5619.25142,0,0,0,0,0,0,1,367604.9549
5620.25142,0,0,0,0,0,0,1,367604.9549
5621.25142,0,0,0,0,0,0,1,367604.9549
5622.25142,0,0,0,0,0,0,1,367604.9549
5623.25142,0,0,0,0,0,0,1,367604.9549
5624.25142,0,0,0,0,0,0,1,367604.9549
5625.25142,0,0,0,0,0,0,1,367604.9549
5626.25142,0,0,0,0,0,0,1,367604.9549
5627.25142,0,0,0,0,0,0,1,367604.9549
5628.25142,0,0,0,0,0,0,1,367604.9549
5629.25142,0,0,0,0,0,0,1,367604.9549
5630.25142,0,0,0,0,0,0,1,367604.9549
5631.25142,0,0,0,0,0,0,1,367604.9549
5632.25142,0,0,0,0,0,0,1,367604.9549
5633.25142,0,0,0,0,0,0,1,367604.9549
5634.25142,0,0,0,0,0,0,1,367604.9549
5635.25142,0,0,0,0,0,0,1,367604.9549
5636.25142,0,0,0,0,0,0,1,367604.9549
5637.25142,0,0,0,0,0,0,1,367604.9549
5638.25142,0,0,0,0,0,0,1,367604.9549
5639.25142,0,0,0,0,0,0,1,367604.9549
5640.25142,0,0,0,0,0,0,1,367604.9549
5641.25142,0,0,0,0,0,0,1,367604.9549
5642.25142,0,0,0,0,0,0,1,367604.9549
5643.25142,0,0,0,0,0,0,1,367604.9549
5644.25142,0,0,0,0,0,0,1,367604.9549
5645.25142,0,0,0,0,0,0,1,367604.9549
5646.25142,0,0,0,0,0,0,1,367604.9549
5647.25142,0,0,0,0,0,0,1,367604.9549
5648.25142,0,0,0,0,0,0,1,367604.9549
5649.25142,0,0,0,0,0,0,1,367604.9549
5650.25142,0,0,0,0,0,0,1,367604.9549
5651.25142,0,0,0,0,0,0,1,367604.9549
5652.25142,0,0,0,0,0,0,1,367604.9549
5653.25142,0,0,0,0,0,0,1,367604.9549
5654.25142,0,0,0,0,0,0,1,367604.9549
5655.25142,0,0,0,0,0,0,1,367604.9549
5656.25142,0,0,0,0,0,0,1,367604.9549
5657.25142,0,0,0,0,0,0,1,367604.9549
5658.25142,0,0,0,0,0,0,1,367604.9549
5659.25142,0,0,0,0,0,0,1,367604.9549
5660.25142,0,0,0,0,0,0,1,367604.9549
5661.25142,0,0,0,0,0,0,1,367604.9549
5662.25142,0,0,0,0,0,0,1,367604.9549
5663.25142,0,0,0,0,0,0,1,367604.9549
5664.25142,0,0,0,0,0,0,1,367604.9549
5665.25142,0,0,0,0,0,0,1,367604.9549
5666.25142,0,0,0,0,0,0,1,367604.9549
5667.25142,0,0,0,0,0,0,1,367604.9549
5668.25142,0,0,0,0,0,0,1,367604.9549
5669.25142,0,0,0,0,0,0,1,367604.9549
5670.25142,0,0,0,0,0,0,1,367604.9549
5671.25142,0,0,0,0,0,0,1,367604.9549
5672.25142,0,0,0,0,0,0,1,367604.9549
5673.25142,0,0,0,0,0,0,1,367604.9549
5674.25142,0,0,0,0,0,0,1,367604.9549
5675.25142,0,0,0,0,0,0,1,367604.9549
5676.25142,0,0,0,0,0,0,1,367604.9549
5677.25142,0,0,0,0,0,0,1,367604.9549
5678.25142,0,0,0,0,0,0,1,367604.9549
5679.25142,0,0,0,0,0,0,1,367604.9549
5680.25142,0,0,0,0,0,0,1,367604.9549
5681.25142,0,0,0,0,0,0,1,367604.9549
5682.25142,0,0,0,0,0,0,1,367604.9549
5683.25142,0,0,0,0,0,0,1,367604.9549
5684.25142,0,0,0,0,0,0,1,367604.9549
5685.25142,0,0,0,0,0,0,1,367604.9549
5686.25142,0,0,0,0,0,0,1,367604.9549
5687.25142,0,0,0,0,0,0,1,367604.9549
5688.25142,0,0,0,0,0,0,1,367604.9549
5689.25142,0,0,0,0,0,0,1,367604.9549
5690.25142,0,0,0,0,0,0,1,367604.9549
5691.25142,0,0,0,0,0,0,1,367604.9549
5692.25142,0,0,0,0,0,0,1,367604.9549
5693.25142,0,0,0,0,0,0,1,367604.9549
5694.25142,0,0,0,0,0,0,1,367604.9549
5695.25142,0,0,0,0,0,0,1,367604.9549
5696.25142,0,0,0,0,0,0,1,367604.9549
5697.25142,0,0,0,0,0,0,1,367604.9549
5698.25142,0,0,0,0,0,0,1,367604.9549
5699.25142,0,0,0,0,0,0,1,367604.9549
5700.25142,0,0,0,0,0,0,1,367604.9549
5701.25142,0,0,0,0,0,0,1,367604.9549
5702.25142,0,0,0,0,0,0,1,367604.9549
5703.25142,0,0,0,0,0,0,1,367604.9549
5704.25142,0,0,0,0,0,0,1,367604.9549
5705.25142,0,0,0,0,0,0,1,367604.9549
5706.25142,0,0,0,0,0,0,1,367604.9549
5707.25142,0,0,0,0,0,0,1,367604.9549
5708.25142,0,0,0,0,0,0,1,367604.9549
5709.25142,0,0,0,0,0,0,1,367604.9549
5710.25142,0,0,0,0,0,0,1,367604.9549
5711.25142,0,0,0,0,0,0,1,367604.9549
5712.25142,0,0,0,0,0,0,1,367604.9549
5713.25142,0,0,0,0,0,0,1,367604.9549
5714.25142,0,0,0,0,0,0,1,367604.9549
5715.25142,0,0,0,0,0,0,1,367604.9549
5716.25142,0,0,0,0,0,0,1,367604.9549
5717.25142,0,0,0,0,0,0,1,367604.9549
5718.25142,0,0,0,0,0,0,1,367604.9549
5719.25142,0,0,0,0,0,0,1,367604.9549
5720.25142,0,0,0,0,0,0,1,367604.9549
5721.25142,0,0,0,0,0,0,1,367604.9549
5722.25142,0,0,0,0,0,0,1,367604.9549
5723.25142,0,0,0,0,0,0,1,367604.9549
5724.25142,0,0,0,0,0,0,1,367604.9549
5725.25142,0,0,0,0,0,0,1,367604.9549
5726.25142,0,0,0,0,0,0,1,367604.9549
5727.25142,0,0,0,0,0,0,1,367604.9549
5728.25142,0,0,0,0,0,0,1,367604.9549
5729.25142,0,0,0,0,0,0,1,367604.9549
5730.25142,0,0,0,0,0,0,1,367604.9549
5731.25142,0,0,0,0,0,0,1,367604.9549
5732.25142,0,0,0,0,0,0,1,367604.9549
5733.25142,0,0,0,0,0,0,1,367604.9549
5734.25142,0,0,0,0,0,0,1,367604.9549
5735.25142,0,0,0,0,0,0,1,367604.9549
5736.25142,0,0,0,0,0,0,1,367604.9549
5737.25142,0,0,0,0,0,0,1,367604.9549
5738.25142,0,0,0,0,0,0,1,367604.9549
5739.25142,0,0,0,0,0,0,1,367604.9549
5740.25142,0,0,0,0,0,0,1,367604.9549
5741.25142,0,0,0,0,0,0,1,367604.9549
5742.25142,0,0,0,0,0,0,1,367604.9549
5743.25142,0,0,0,0,0,0,1,367604.9549
5744.25142,0,0,0,0,0,0,1,367604.9549
5745.25142,0,0,0,0,0,0,1,367604.9549
5746.25142,0,0,1,387434.3309,0,0,1,367604.9549
5747.25142,0,0,1,387434.3309,0,0,1,367604.9549
5748.25142,0,0,1,387434.3309,0,0,1,367604.9549
5749.25142,0,0,1,387434.3309,0,0,1,367604.9549
5750.25142,0,0,1,387434.3309,0,0,1,367604.9549
5751.25142,0,0,1,387434.3309,0,0,1,367604.9549
5752.25142,0,0,1,387434.3309,0,0,1,367604.9549
5753.25142,0,0,1,387434.3309,0,0,1,367604.9549
5754.25142,0,0,1,387434.3309,0,0,1,367604.9549
5755.25142,0,0,1,387434.3309,0,0,1,367604.9549
5756.25142,0,0,1,387434.3309,0,0,1,367604.9549
5757.25142,0,0,1,387434.3309,0,0,1,367604.9549
5758.25142,0,0,1,387434.3309,0,0,1,367604.9549
5759.25142,0,0,1,387434.3309,0,0,1,367604.9549
5760.25142,0,0,1,387434.3309,0,0,1,367604.9549
5761.25142,0,0,1,387434.3309,0,0,1,367604.9549
5762.25142,0,0,1,387434.3309,0,0,1,367604.9549
5763.25142,0,0,1,387434.3309,0,0,1,367604.9549
5764.25142,0,0,1,387434.3309,0,0,1,367604.9549
5765.25142,0,0,1,387434.3309,0,0,0,0
5766.25142,0,0,1,387434.3309,0,0,0,0
5767.25142,0,0,1,387434.3309,0,0,0,0
5768.25142,0,0,1,387434.3309,0,0,0,0
5769.25142,0,0,1,387434.3309,0,0,0,0
5770.25142,0,0,1,387434.3309,0,0,0,0
5771.25142,0,0,1,387434.3309,0,0,0,0
5772.25142,0,0,1,387434.3309,0,0,0,0
5773.25142,0,0,1,387434.3309,0,0,0,0
5774.25142,0,0,1,387434.3309,0,0,0,0
5775.25142,0,0,1,387434.3309,0,0,0,0
5776.25142,0,0,1,387434.3309,0,0,0,0
5777.25142,0,0,1,387434.3309,0,0,0,0
5778.25142,0,0,1,387434.3309,0,0,0,0
5779.25142,0,0,1,387434.3309,0,0,0,0
5780.25142,0,0,1,387434.3309,0,0,0,0
5781.25142,0,0,1,387434.3309,0,0,0,0
5782.25142,0,0,1,387434.3309,0,0,0,0
5783.25142,0,0,1,387434.3309,0,0,0,0
5784.25142,0,0,1,387434.3309,0,0,0,0
5785.25142,0,0,1,387434.3309,0,0,0,0
5786.25142,0,0,1,387434.3309,0,0,0,0
5787.25142,0,0,1,387434.3309,0,0,0,0
5788.25142,0,0,1,387434.3309,0,0,0,0
5789.25142,0,0,1,387434.3309,0,0,0,0
5790.25142,0,0,1,387434.3309,0,0,0,0
5791.25142,0,0,1,387434.3309,0,0,0,0
5792.25142,0,0,1,387434.3309,0,0,0,0
5793.25142,0,0,1,387434.3309,0,0,0,0
5794.25142,0,0,1,387434.3309,0,0,0,0
5795.25142,0,0,1,387434.3309,0,0,0,0
5796.25142,0,0,1,387434.3309,0,0,0,0
5797.25142,0,0,1,387434.3309,0,0,0,0
5798.25142,0,0,1,387434.3309,0,0,0,0
5799.25142,0,0,1,387434.3309,0,0,0,0
5800.25142,0,0,1,387434.3309,0,0,0,0
5801.25142,0,0,1,387434.3309,0,0,0,0
5802.25142,0,0,1,387434.3309,0,0,0,0
5803.25142,0,0,1,387434.3309,0,0,0,0
5804.25142,0,0,1,387434.3309,0,0,0,0
5805.25142,0,0,1,387434.3309,0,0,0,0
5806.25142,0,0,1,387434.3309,0,0,0,0
5807.25142,0,0,1,387434.3309,0,0,0,0
5808.25142,0,0,1,387434.3309,0,0,0,0
5809.25142,0,0,1,387434.3309,0,0,0,0
5810.25142,0,0,1,387434.3309,0,0,0,0
5811.25142,0,0,1,387434.3309,0,0,0,0
5812.25142,0,0,1,387434.3309,0,0,0,0
5813.25142,0,0,1,387434.3309,0,0,0,0
5814.25142,0,0,1,387434.3309,0,0,0,0
5815.25142,0,0,1,387434.3309,0,0,0,0
5816.25142,0,0,1,387434.3309,0,0,0,0
5817.25142,0,0,1,387434.3309,0,0,0,0
5818.25142,0,0,1,387434.3309,0,0,0,0
5819.25142,0,0,1,387434.3309,0,0,0,0
5820.25142,0,0,1,387434.3309,0,0,0,0
5821.25142,0,0,1,387434.3309,0,0,0,0
5822.25142,0,0,1,387434.3309,0,0,0,0
5823.25142,0,0,1,387434.3309,0,0,0,0
5824.25142,0,0,1,387434.3309,0,0,0,0
5825.25142,0,0,1,387434.3309,0,0,0,0
5826.25142,0,0,1,387434.3309,0,0,0,0
5827.25142,0,0,1,387434.3309,0,0,0,0
5828.25142,0,0,1,387434.3309,0,0,0,0
5829.25142,0,0,1,387434.3309,0,0,0,0
5830.25142,0,0,1,387434.3309,0,0,0,0
5831.25142,0,0,1,387434.3309,0,0,0,0
5832.25142,0,0,1,387434.3309,0,0,0,0
5833.25142,0,0,1,387434.3309,0,0,0,0
5834.25142,0,0,1,387434.3309,0,0,0,0
5835.25142,0,0,1,387434.3309,0,0,0,0
5836.25142,0,0,1,387434.3309,0,0,0,0
5837.25142,0,0,1,387434.3309,0,0,0,0
5838.25142,0,0,1,387434.3309,0,0,0,0
5839.25142,0,0,1,387434.3309,0,0,0,0
5840.25142,0,0,1,387434.3309,0,0,0,0
5841.25142,0,0,1,387434.3309,0,0,0,0
5842.25142,0,0,1,387434.3309,0,0,0,0
5843.25142,0,0,1,387434.3309,0,0,0,0
5844.25142,0,0,1,387434.3309,0,0,0,0
5845.25142,0,0,1,387434.3309,0,0,0,0
5846.25142,0,0,1,387434.3309,0,0,0,0
5847.25142,0,0,1,387434.3309,0,0,0,0
5848.25142,0,0,1,387434.3309,0,0,0,0
5849.25142,0,0,1,387434.3309,0,0,0,0
5850.25142,0,0,1,387434.3309,0,0,0,0
5851.25142,0,0,1,387434.3309,0,0,0,0
5852.25142,0,0,1,387434.3309,0,0,0,0
5853.25142,0,0,1,387434.3309,0,0,0,0
5854.25142,0,0,1,387434.3309,0,0,0,0
5855.25142,0,0,1,387434.3309,0,0,0,0
5856.25142,0,0,1,387434.3309,0,0,0,0
5857.25142,0,0,1,387434.3309,0,0,0,0
5858.25142,0,0,1,387434.3309,0,0,0,0
5859.25142,0,0,1,387434.3309,0,0,0,0
5860.25142,0,0,1,387434.3309,0,0,0,0
5861.25142,0,0,1,387434.3309,0,0,0,0
5862.25142,0,0,1,387434.3309,0,0,0,0
5863.25142,0,0,1,387434.3309,0,0,0,0
5864.25142,0,0,1,387434.3309,0,0,0,0
5865.25142,0,0,1,387434.3309,0,0,0,0
5866.25142,0,0,1,387434.3309,0,0,0,0
5867.25142,0,0,1,387434.3309,0,0,0,0
5868.25142,0,0,1,387434.3309,0,0,0,0
5869.25142,0,0,1,387434.3309,0,0,0,0
5870.25142,0,0,1,387434.3309,0,0,0,0
5871.25142,0,0,1,387434.3309,0,0,0,0
5872.25142,0,0,1,387434.3309,0,0,0,0
5873.25142,0,0,1,387434.3309,0,0,0,0
5874.25142,0,0,1,387434.3309,0,0,0,0
5875.25142,0,0,1,387434.3309,0,0,0,0
5876.25142,0,0,1,387434.3309,0,0,0,0
5877.25142,0,0,1,387434.3309,0,0,0,0
5878.25142,0,0,1,387434.3309,0,0,0,0
5879.25142,0,0,1,387434.3309,0,0,0,0
5880.25142,0,0,1,387434.3309,0,0,0,0
5881.25142,0,0,1,387434.3309,0,0,0,0
5882.25142,0,0,1,387434.3309,0,0,0,0
5883.25142,0,0,1,387434.3309,0,0,0,0
5884.25142,0,0,1,387434.3309,0,0,0,0
5885.25142,0,0,1,387434.3309,0,0,0,0
5886.25142,0,0,1,387434.3309,0,0,0,0
5887.25142,0,0,1,387434.3309,0,0,0,0
5888.25142,0,0,1,387434.3309,0,0,0,0
5889.25142,0,0,1,387434.3309,0,0,0,0
5890.25142,0,0,1,387434.3309,0,0,0,0
5891.25142,0,0,1,387434.3309,0,0,0,0
5892.25142,0,0,1,387434.3309,0,0,0,0
5893.25142,0,0,1,387434.3309,0,0,0,0
5894.25142,0,0,1,387434.3309,0,0,0,0
5895.25142,0,0,1,387434.3309,0,0,0,0
5896.25142,0,0,1,387434.3309,0,0,0,0
5897.25142,0,0,1,387434.3309,0,0,0,0
5898.25142,0,0,1,387434.3309,0,0,0,0
5899.25142,0,0,1,387434.3309,0,0,0,0
5900.25142,0,0,1,387434.3309,0,0,0,0
5901.25142,0,0,1,387434.3309,0,0,0,0
5902.25142,0,0,1,387434.3309,0,0,0,0
5903.25142,0,0,1,387434.3309,0,0,0,0
5904.25142,0,0,1,387434.3309,0,0,0,0
5905.25142,0,0,1,387434.3309,0,0,0,0
5906.25142,0,0,1,387434.3309,0,0,0,0
5907.25142,0,0,1,387434.3309,0,0,0,0
5908.25142,0,0,1,387434.3309,0,0,0,0
5909.25142,0,0,1,387434.3309,0,0,0,0
5910.25142,0,0,1,387434.3309,0,0,0,0
5911.25142,0,0,1,387434.3309,0,0,0,0
5912.25142,0,0,1,387434.3309,0,0,0,0
5913.25142,0,0,1,387434.3309,0,0,0,0
5914.25142,0,0,1,387434.3309,0,0,0,0
5915.25142,0,0,1,387434.3309,0,0,0,0
5916.25142,0,0,1,387434.3309,0,0,0,0
5917.25142,0,0,1,387434.3309,0,0,0,0
5918.25142,0,0,1,387434.3309,0,0,0,0
5919.25142,0,0,1,387434.3309,0,0,0,0
5920.25142,0,0,1,387434.3309,0,0,0,0
5921.25142,0,0,1,387434.3309,0,0,0,0
5922.25142,0,0,1,387434.3309,0,0,0,0
5923.25142,0,0,1,387434.3309,0,0,0,0
5924.25142,0,0,1,387434.3309,0,0,0,0
5925.25142,0,0,1,387434.3309,0,0,0,0
5926.25142,0,0,1,387434.3309,0,0,0,0
5927.25142,0,0,1,387434.3309,0,0,0,0
5928.25142,0,0,1,387434.3309,0,0,0,0
5929.25142,0,0,1,387434.3309,0,0,0,0
5930.25142,0,0,1,387434.3309,0,0,0,0
5931.25142,0,0,1,387434.3309,0,0,0,0
5932.25142,0,0,1,387434.3309,0,0,0,0
5933.25142,0,0,1,387434.3309,0,0,0,0
5934.25142,0,0,1,387434.3309,0,0,0,0
5935.25142,0,0,1,387434.3309,0,0,0,0
5936.25142,0,0,1,387434.3309,0,0,0,0
5937.25142,0,0,1,387434.3309,0,0,0,0
5938.25142,0,0,1,387434.3309,0,0,0,0
5939.25142,0,0,1,387434.3309,0,0,0,0
5940.25142,0,0,1,387434.3309,0,0,0,0
5941.25142,0,0,1,387434.3309,0,0,0,0
5942.25142,0,0,1,387434.3309,0,0,0,0
5943.25142,0,0,1,387434.3309,0,0,0,0
5944.25142,0,0,1,387434.3309,0,0,0,0
5945.25142,0,0,1,387434.3309,0,0,0,0
5946.25142,0,0,1,387434.3309,0,0,0,0
5947.25142,0,0,1,387434.3309,0,0,0,0
5948.25142,0,0,1,387434.3309,0,0,0,0
5949.25142,0,0,1,387434.3309,0,0,0,0
5950.25142,0,0,1,387434.3309,0,0,0,0
5951.25142,0,0,1,387434.3309,0,0,0,0
5952.25142,0,0,1,387434.3309,0,0,0,0
5953.25142,0,0,1,387434.3309,0,0,0,0
5954.25142,0,0,1,387434.3309,0,0,0,0
5955.25142,0,0,1,387434.3309,0,0,0,0
5956.25142,0,0,1,387434.3309,0,0,0,0
5957.25142,0,0,1,387434.3309,0,0,0,0
5958.25142,0,0,1,387434.3309,0,0,0,0
5959.25142,0,0,1,387434.3309,0,0,0,0
5960.25142,0,0,1,387434.3309,0,0,0,0
5961.25142,0,0,1,387434.3309,0,0,0,0
5962.25142,0,0,1,387434.3309,0,0,0,0
5963.25142,0,0,1,387434.3309,0,0,0,0
5964.25142,0,0,1,387434.3309,0,0,0,0
5965.25142,0,0,1,387434.3309,0,0,0,0
5966.25142,0,0,1,387434.3309,0,0,0,0
5967.25142,0,0,1,387434.3309,0,0,0,0
5968.25142,0,0,1,387434.3309,0,0,0,0
5969.25142,0,0,1,387434.3309,0,0,0,0
5970.25142,0,0,1,387434.3309,0,0,0,0
5971.25142,0,0,1,387434.3309,0,0,0,0
5972.25142,0,0,1,387434.3309,0,0,0,0
5973.25142,0,0,1,387434.3309,0,0,0,0
5974.25142,0,0,1,387434.3309,0,0,0,0
5975.25142,0,0,1,387434.3309,0,0,0,0
5976.25142,0,0,1,387434.3309,0,0,0,0
5977.25142,0,0,1,387434.3309,0,0,0,0
5978.25142,0,0,1,387434.3309,0,0,0,0
5979.25142,0,0,1,387434.3309,0,0,0,0
5980.25142,0,0,1,387434.3309,0,0,0,0
5981.25142,0,0,1,387434.3309,0,0,0,0
5982.25142,0,0,1,387434.3309,0,0,0,0
5983.25142,0,0,1,387434.3309,0,0,0,0
5984.25142,0,0,1,387434.3309,0,0,0,0
5985.25142,0,0,1,387434.3309,0,0,0,0
5986.25142,0,0,1,387434.3309,0,0,0,0
5987.25142,0,0,1,387434.3309,0,0,0,0
5988.25142,0,0,1,387434.3309,0,0,0,0
5989.25142,0,0,1,387434.3309,0,0,0,0
5990.25142,0,0,1,387434.3309,0,0,0,0
5991.25142,0,0,1,387434.3309,0,0,0,0
5992.25142,0,0,1,387434.3309,0,0,0,0
5993.25142,0,0,1,387434.3309,0,0,0,0
5994.25142,0,0,1,387434.3309,0,0,0,0
5995.25142,0,0,1,387434.3309,0,0,0,0
5996.25142,0,0,1,387434.3309,0,0,0,0
5997.25142,0,0,1,387434.3309,0,0,0,0
5998.25142,0,0,1,387434.3309,0,0,0,0
5999.25142,0,0,1,387434.3309,0,0,0,0
6000.25142,0,0,1,387434.3309,0,0,0,0
6001.25142,0,0,1,387434.3309,0,0,0,0
6002.25142,1,397486.5289,1,387434.3309,0,0,0,0
6003.25142,1,397486.5289,1,387434.3309,0,0,0,0
6004.25142,1,397486.5289,1,387434.3309,0,0,0,0
6005.25142,1,397486.5289,1,387434.3309,0,0,0,0
6006.25142,1,397486.5289,1,387434.3309,0,0,0,0
6007.25142,1,397486.5289,1,387434.3309,0,0,0,0
6008.25142,1,397486.5289,1,387434.3309,0,0,0,0
6009.25142,1,397486.5289,1,387434.3309,0,0,0,0
6010.25142,1,397486.5289,1,387434.3309,0,0,0,0
6011.25142,1,397486.5289,1,387434.3309,0,0,0,0
6012.25142,1,397486.5289,1,387434.3309,0,0,0,0
6013.25142,1,397486.5289,1,387434.3309,0,0,0,0
6014.25142,1,397486.5289,1,387434.3309,0,0,0,0
6015.25142,1,397486.5289,1,387434.3309,0,0,0,0
6016.25142,1,397486.5289,1,387434.3309,0,0,0,0
6017.25142,1,397486.5289,1,387434.3309,0,0,0,0
6018.25142,1,397486.5289,1,387434.3309,0,0,0,0
6019.25142,1,397486.5289,1,387434.3309,0,0,0,0
6020.25142,1,397486.5289,1,387434.3309,0,0,0,0
6021.25142,1,397486.5289,1,387434.3309,0,0,0,0
6022.25142,1,397486.5289,1,387434.3309,0,0,0,0
6023.25142,1,397486.5289,1,387434.3309,0,0,0,0
6024.25142,1,397486.5289,1,387434.3309,0,0,0,0
6025.25142,1,397486.5289,1,387434.3309,0,0,0,0
6026.25142,1,397486.5289,1,387434.3309,0,0,0,0
6027.25142,1,397486.5289,1,387434.3309,0,0,0,0
6028.25142,1,397486.5289,1,387434.3309,0,0,0,0
6029.25142,1,397486.5289,1,387434.3309,0,0,0,0
6030.25142,1,397486.5289,1,387434.3309,0,0,0,0
6031.25142,1,397486.5289,1,387434.3309,0,0,0,0
6032.25142,1,397486.5289,1,387434.3309,0,0,0,0
6033.25142,1,397486.5289,1,387434.3309,0,0,0,0
6034.25142,1,397486.5289,1,387434.3309,0,0,0,0
6035.25142,1,397486.5289,1,387434.3309,0,0,0,0
6036.25142,1,397486.5289,1,387434.3309,0,0,0,0
6037.25142,1,397486.5289,1,387434.3309,0,0,0,0
6038.25142,1,397486.5289,1,387434.3309,0,0,0,0
6039.25142,1,397486.5289,1,387434.3309,0,0,0,0
6040.25142,1,397486.5289,1,387434.3309,0,0,0,0
6041.25142,1,397486.5289,1,387434.3309,0,0,0,0
6042.25142,1,397486.5289,1,387434.3309,0,0,0,0
6043.25142,1,397486.5289,1,387434.3309,0,0,0,0
6044.25142,1,397486.5289,1,387434.3309,0,0,0,0
6045.25142,1,397486.5289,1,387434.3309,0,0,0,0
6046.25142,1,397486.5289,1,387434.3309,0,0,0,0
6047.25142,1,397486.5289,1,387434.3309,0,0,0,0
6048.25142,1,397486.5289,1,387434.3309,0,0,0,0
6049.25142,1,397486.5289,1,387434.3309,0,0,0,0
6050.25142,1,397486.5289,1,387434.3309,0,0,0,0
6051.25142,1,397486.5289,1,387434.3309,0,0,0,0
6052.25142,1,397486.5289,1,387434.3309,0,0,0,0
6053.25142,1,397486.5289,1,387434.3309,0,0,0,0
6054.25142,1,397486.5289,1,387434.3309,0,0,0,0
6055.25142,1,397486.5289,1,387434.3309,0,0,0,0
6056.25142,1,397486.5289,1,387434.3309,0,0,0,0
6057.25142,1,397486.5289,1,387434.3309,0,0,0,0
6058.25142,1,397486.5289,1,387434.3309,0,0,0,0
6059.25142,1,397486.5289,1,387434.3309,0,0,0,0
6060.25142,1,397486.5289,1,387434.3309,0,0,0,0
6061.25142,1,397486.5289,1,387434.3309,0,0,0,0
6062.25142,1,397486.5289,1,387434.3309,0,0,0,0
6063.25142,1,397486.5289,1,387434.3309,0,0,0,0
6064.25142,1,397486.5289,1,387434.3309,0,0,0,0
6065.25142,1,397486.5289,1,387434.3309,0,0,0,0
6066.25142,1,397486.5289,1,387434.3309,0,0,0,0
6067.25142,1,397486.5289,1,387434.3309,0,0,0,0
6068.25142,1,397486.5289,1,387434.3309,0,0,0,0
6069.25142,1,397486.5289,1,387434.3309,0,0,0,0
6070.25142,1,397486.5289,1,387434.3309,0,0,0,0
6071.25142,1,397486.5289,1,387434.3309,0,0,0,0
6072.25142,1,397486.5289,1,387434.3309,0,0,0,0
6073.25142,1,397486.5289,1,387434.3309,0,0,0,0
6074.25142,1,397486.5289,1,387434.3309,0,0,0,0
6075.25142,1,397486.5289,1,387434.3309,0,0,0,0
6076.25142,1,397486.5289,1,387434.3309,0,0,0,0
6077.25142,1,397486.5289,1,387434.3309,0,0,0,0
6078.25142,1,397486.5289,1,387434.3309,0,0,0,0
6079.25142,1,397486.5289,1,387434.3309,0,0,0,0
6080.25142,1,397486.5289,1,387434.3309,0,0,0,0
6081.25142,1,397486.5289,1,387434.3309,0,0,0,0
6082.25142,1,397486.5289,1,387434.3309,0,0,0,0
6083.25142,1,397486.5289,1,387434.3309,0,0,0,0
6084.25142,1,397486.5289,1,387434.3309,0,0,0,0
6085.25142,1,397486.5289,1,387434.3309,0,0,0,0
6086.25142,1,397486.5289,1,387434.3309,0,0,0,0
6087.25142,1,397486.5289,1,387434.3309,0,0,0,0
6088.25142,1,397486.5289,1,387434.3309,0,0,0,0
6089.25142,1,397486.5289,1,387434.3309,0,0,0,0
6090.25142,1,397486.5289,1,387434.3309,0,0,0,0
6091.25142,1,397486.5289,1,387434.3309,0,0,0,0
6092.25142,1,397486.5289,1,387434.3309,0,0,0,0
6093.25142,1,397486.5289,1,387434.3309,0,0,0,0
6094.25142,1,397486.5289,1,387434.3309,0,0,0,0
6095.25142,1,397486.5289,1,387434.3309,0,0,0,0
6096.25142,1,397486.5289,1,387434.3309,0,0,0,0
6097.25142,1,397486.5289,1,387434.3309,0,0,0,0
6098.25142,1,397486.5289,1,387434.3309,0,0,0,0
6099.25142,1,397486.5289,1,387434.3309,0,0,0,0
6100.25142,1,397486.5289,1,387434.3309,0,0,0,0
6101.25142,1,397486.5289,1,387434.3309,0,0,0,0
6102.25142,1,397486.5289,1,387434.3309,0,0,0,0
6103.25142,1,397486.5289,1,387434.3309,0,0,0,0
6104.25142,1,397486.5289,1,387434.3309,0,0,0,0
6105.25142,1,397486.5289,1,387434.3309,0,0,0,0
6106.25142,1,397486.5289,1,387434.3309,0,0,0,0
6107.25142,1,397486.5289,1,387434.3309,0,0,0,0
6108.25142,1,397486.5289,1,387434.3309,0,0,0,0
6109.25142,1,397486.5289,1,387434.3309,0,0,0,0
6110.25142,1,397486.5289,1,387434.3309,0,0,0,0
6111.25142,1,397486.5289,1,387434.3309,0,0,0,0
6112.25142,1,397486.5289,1,387434.3309,0,0,0,0
6113.25142,1,397486.5289,1,387434.3309,0,0,0,0
6114.25142,1,397486.5289,1,387434.3309,0,0,0,0
6115.25142,1,397486.5289,1,387434.3309,0,0,0,0
6116.25142,1,397486.5289,1,387434.3309,0,0,0,0
6117.25142,1,397486.5289,1,387434.3309,0,0,0,0
6118.25142,1,397486.5289,1,387434.3309,0,0,0,0
6119.25142,1,397486.5289,1,387434.3309,0,0,0,0
6120.25142,1,397486.5289,1,387434.3309,0,0,0,0
6121.25142,1,397486.5289,1,387434.3309,0,0,0,0
6122.25142,1,397486.5289,1,387434.3309,0,0,0,0
6123.25142,1,397486.5289,1,387434.3309,0,0,0,0
6124.25142,1,397486.5289,1,387434.3309,0,0,0,0
6125.25142,1,397486.5289,1,387434.3309,0,0,0,0
6126.25142,1,397486.5289,1,387434.3309,0,0,0,0
6127.25142,1,397486.5289,1,387434.3309,0,0,0,0
6128.25142,1,397486.5289,1,387434.3309,0,0,0,0
6129.25142,1,397486.5289,1,387434.3309,0,0,0,0
6130.25142,1,397486.5289,1,387434.3309,0,0,0,0
6131.25142,1,397486.5289,1,387434.3309,0,0,0,0
6132.25142,1,397486.5289,1,387434.3309,0,0,0,0
6133.25142,1,397486.5289,1,387434.3309,0,0,0,0
6134.25142,1,397486.5289,1,387434.3309,0,0,0,0
6135.25142,1,397486.5289,1,387434.3309,0,0,0,0
6136.25142,1,397486.5289,1,387434.3309,0,0,0,0
6137.25142,1,397486.5289,1,387434.3309,0,0,0,0
6138.25142,1,397486.5289,1,387434.3309,0,0,0,0
6139.25142,1,397486.5289,1,387434.3309,0,0,0,0
6140.25142,1,397486.5289,1,387434.3309,0,0,0,0
6141.25142,1,397486.5289,1,387434.3309,0,0,0,0
6142.25142,1,397486.5289,1,387434.3309,0,0,0,0
6143.25142,1,397486.5289,1,387434.3309,0,0,0,0
6144.25142,1,397486.5289,1,387434.3309,0,0,0,0
6145.25142,1,397486.5289,1,387434.3309,0,0,0,0
6146.25142,1,397486.5289,1,387434.3309,0,0,0,0
6147.25142,1,397486.5289,1,387434.3309,0,0,0,0
6148.25142,1,397486.5289,1,387434.3309,0,0,0,0
6149.25142,1,397486.5289,1,387434.3309,0,0,0,0
6150.25142,1,397486.5289,1,387434.3309,0,0,0,0
6151.25142,1,397486.5289,1,387434.3309,0,0,0,0
6152.25142,1,397486.5289,1,387434.3309,0,0,0,0
6153.25142,1,397486.5289,1,387434.3309,0,0,0,0
6154.25142,1,397486.5289,1,387434.3309,0,0,0,0
6155.25142,1,397486.5289,1,387434.3309,0,0,0,0
6156.25142,1,397486.5289,1,387434.3309,0,0,0,0
6157.25142,1,397486.5289,1,387434.3309,0,0,0,0
6158.25142,1,397486.5289,1,387434.3309,0,0,0,0
6159.25142,1,397486.5289,1,387434.3309,0,0,0,0
6160.25142,1,397486.5289,1,387434.3309,0,0,0,0
6161.25142,1,397486.5289,1,387434.3309,0,0,0,0
6162.25142,1,397486.5289,1,387434.3309,0,0,0,0
6163.25142,1,397486.5289,1,387434.3309,0,0,0,0
6164.25142,1,397486.5289,1,387434.3309,0,0,0,0
6165.25142,1,397486.5289,1,387434.3309,0,0,0,0
6166.25142,1,397486.5289,1,387434.3309,0,0,0,0
6167.25142,1,397486.5289,1,387434.3309,0,0,0,0
6168.25142,1,397486.5289,1,387434.3309,0,0,0,0
6169.25142,1,397486.5289,1,387434.3309,0,0,0,0
6170.25142,1,397486.5289,1,387434.3309,0,0,0,0
6171.25142,1,397486.5289,1,387434.3309,0,0,0,0
6172.25142,1,397486.5289,1,387434.3309,0,0,0,0
6173.25142,1,397486.5289,1,387434.3309,0,0,0,0
6174.25142,1,397486.5289,1,387434.3309,0,0,0,0
6175.25142,1,397486.5289,1,387434.3309,0,0,0,0
6176.25142,1,397486.5289,1,387434.3309,0,0,0,0
6177.25142,1,397486.5289,1,387434.3309,0,0,0,0
6178.25142,1,397486.5289,1,387434.3309,0,0,0,0
6179.25142,1,397486.5289,1,387434.3309,0,0,0,0
6180.25142,1,397486.5289,1,387434.3309,0,0,0,0
6181.25142,1,397486.5289,1,387434.3309,0,0,0,0
6182.25142,1,397486.5289,1,387434.3309,0,0,0,0
6183.25142,1,397486.5289,1,387434.3309,0,0,0,0
6184.25142,1,397486.5289,1,387434.3309,0,0,0,0
6185.25142,1,397486.5289,1,387434.3309,0,0,0,0
6186.25142,1,397486.5289,1,387434.3309,0,0,0,0
6187.25142,1,397486.5289,1,387434.3309,0,0,0,0
6188.25142,1,397486.5289,1,387434.3309,0,0,0,0
6189.25142,1,397486.5289,1,387434.3309,0,0,0,0
6190.25142,1,397486.5289,1,387434.3309,1,402361.8948,0,0
6191.25142,1,397486.5289,1,387434.3309,1,402361.8948,0,0
6192.25142,1,397486.5289,1,387434.3309,1,402361.8948,0,0
6193.25142,1,397486.5289,1,387434.3309,1,402361.8948,0,0
6194.25142,1,397486.5289,1,387434.3309,1,402361.8948,0,0
6195.25142,1,397486.5289,1,387434.3309,1,402361.8948,0,0
6196.25142,1,397486.5289,1,387434.3309,1,402361.8948,0,0
6197.25142,1,397486.5289,1,387434.3309,1,402361.8948,0,0
6198.25142,1,397486.5289,1,387434.3309,1,402361.8948,0,0
6199.25142,1,397486.5289,1,387434.3309,1,402361.8948,0,0
6200.25142,1,397486.5289,1,387434.3309,1,402361.8948,0,0
6201.25142,1,397486.5289,1,387434.3309,1,402361.8948,0,0
6202.25142,1,397486.5289,1,387434.3309,1,402361.8948,0,0
6203.25142,1,397486.5289,1,387434.3309,1,402361.8948,0,0
6204.25142,1,397486.5289,1,387434.3309,1,402361.8948,0,0
6205.25142,1,397486.5289,1,387434.3309,1,402361.8948,0,0
6206.25142,1,397486.5289,1,387434.3309,1,402361.8948,0,0
6207.25142,1,397486.5289,1,387434.3309,1,402361.8948,0,0
6208.25142,1,397486.5289,1,387434.3309,1,402361.8948,0,0
6209.25142,1,397486.5289,1,387434.3309,1,402361.8948,0,0
6210.25142,1,397486.5289,1,387434.3309,1,402361.8948,0,0
6211.25142,1,397486.5289,1,387434.3309,1,402361.8948,0,0
6212.25142,1,397486.5289,1,387434.3309,1,402361.8948,0,0
6213.25142,1,397486.5289,1,387434.3309,1,402361.8948,0,0
6214.25142,1,397486.5289,1,387434.3309,1,402361.8948,0,0
6215.25142,1,397486.5289,1,387434.3309,1,402361.8948,0,0
6216.25142,1,397486.5289,1,387434.3309,1,402361.8948,0,0
6217.25142,1,397486.5289,1,387434.3309,1,402361.8948,0,0
6218.25142,1,397486.5289,1,387434.3309,1,402361.8948,0,0
6219.25142,1,397486.5289,1,387434.3309,1,402361.8948,0,0
6220.25142,1,397486.5289,1,387434.3309,1,402361.8948,0,0
6221.25142,1,397486.5289,1,387434.3309,1,402361.8948,0,0
6222.25142,1,397486.5289,1,387434.3309,1,402361.8948,0,0
6223.25142,1,397486.5289,1,387434.3309,1,402361.8948,0,0
6224.25142,1,397486.5289,1,387434.3309,1,402361.8948,0,0
6225.25142,1,397486.5289,1,387434.3309,1,402361.8948,0,0
6226.25142,1,397486.5289,1,387434.3309,1,402361.8948,0,0
6227.25142,1,397486.5289,1,387434.3309,1,402361.8948,0,0
6228.25142,1,397486.5289,1,387434.3309,1,402361.8948,0,0
6229.25142,1,397486.5289,1,387434.3309,1,402361.8948,0,0
6230.25142,1,397486.5289,1,387434.3309,1,402361.8948,0,0
6231.25142,1,397486.5289,1,387434.3309,1,402361.8948,0,0
6232.25142,1,397486.5289,1,387434.3309,1,402361.8948,0,0
6233.25142,1,397486.5289,1,387434.3309,1,402361.8948,0,0
6234.25142,1,397486.5289,1,387434.3309,1,402361.8948,0,0
6235.25142,1,397486.5289,1,387434.3309,1,402361.8948,0,0
6236.25142,1,397486.5289,1,387434.3309,1,402361.8948,0,0
6237.25142,1,397486.5289,1,387434.3309,1,402361.8948,0,0
6238.25142,1,397486.5289,1,387434.3309,1,402361.8948,0,0
6239.25142,1,397486.5289,1,387434.3309,1,402361.8948,0,0
6240.25142,1,397486.5289,1,387434.3309,1,402361.8948,0,0
6241.25142,1,397486.5289,1,387434.3309,1,402361.8948,0,0
6242.25142,1,397486.5289,1,387434.3309,1,402361.8948,0,0
6243.25142,1,397486.5289,1,387434.3309,1,402361.8948,0,0
6244.25142,1,397486.5289,1,387434.3309,1,402361.8948,0,0
6245.25142,1,397486.5289,1,387434.3309,1,402361.8948,0,0
6246.25142,1,397486.5289,1,387434.3309,1,402361.8948,0,0
6247.25142,1,397486.5289,1,387434.3309,1,402361.8948,0,0
6248.25142,1,397486.5289,1,387434.3309,1,402361.8948,0,0
6249.25142,1,397486.5289,1,387434.3309,1,402361.8948,0,0
6250.25142,1,397486.5289,1,387434.3309,1,402361.8948,0,0
6251.25142,1,397486.5289,1,387434.3309,1,402361.8948,0,0
6252.25142,1,397486.5289,1,387434.3309,1,402361.8948,0,0
6253.25142,1,397486.5289,1,387434.3309,1,402361.8948,0,0
6254.25142,1,397486.5289,1,387434.3309,1,402361.8948,0,0
6255.25142,1,397486.5289,1,387434.3309,1,402361.8948,0,0
6256.25142,1,397486.5289,1,387434.3309,1,402361.8948,0,0
6257.25142,1,397486.5289,1,387434.3309,1,402361.8948,0,0
6258.25142,1,397486.5289,1,387434.3309,1,402361.8948,0,0
6259.25142,1,397486.5289,1,387434.3309,1,402361.8948,0,0
6260.25142,1,397486.5289,1,387434.3309,1,402361.8948,0,0
6261.25142,1,397486.5289,1,387434.3309,1,402361.8948,0,0
6262.25142,1,397486.5289,1,387434.3309,1,402361.8948,0,0
6263.25142,1,397486.5289,1,387434.3309,1,402361.8948,0,0
6264.25142,1,397486.5289,1,387434.3309,1,402361.8948,0,0
6265.25142,1,397486.5289,1,387434.3309,1,402361.8948,0,0
6266.25142,1,397486.5289,1,387434.3309,1,402361.8948,0,0
6267.25142,1,397486.5289,1,387434.3309,1,402361.8948,0,0
6268.25142,1,397486.5289,1,387434.3309,1,402361.8948,0,0
6269.25142,1,397486.5289,1,387434.3309,1,402361.8948,0,0
6270.25142,1,397486.5289,1,387434.3309,1,402361.8948,0,0
6271.25142,1,397486.5289,1,387434.3309,1,402361.8948,0,0
6272.25142,1,397486.5289,1,387434.3309,1,402361.8948,0,0
6273.25142,1,397486.5289,1,387434.3309,1,402361.8948,0,0
6274.25142,1,397486.5289,1,387434.3309,1,402361.8948,0,0
6275.25142,1,397486.5289,1,387434.3309,1,402361.8948,0,0
6276.25142,1,397486.5289,1,387434.3309,1,402361.8948,0,0
6277.25142,1,397486.5289,1,387434.3309,1,402361.8948,0,0
6278.25142,1,397486.5289,1,387434.3309,1,402361.8948,0,0
6279.25142,1,397486.5289,1,387434.3309,1,402361.8948,0,0
6280.25142,1,397486.5289,1,387434.3309,1,402361.8948,0,0
6281.25142,1,397486.5289,1,387434.3309,1,402361.8948,0,0
6282.25142,1,397486.5289,1,387434.3309,1,402361.8948,0,0
6283.25142,1,397486.5289,1,387434.3309,1,402361.8948,0,0
6284.25142,1,397486.5289,1,387434.3309,1,402361.8948,0,0
6285.25142,1,397486.5289,1,387434.3309,1,402361.8948,0,0
6286.25142,1,397486.5289,1,387434.3309,1,402361.8948,0,0
6287.25142,1,397486.5289,1,387434.3309,1,402361.8948,0,0
6288.25142,1,397486.5289,1,387434.3309,1,402361.8948,0,0
6289.25142,1,397486.5289,1,387434.3309,1,402361.8948,0,0
6290.25142,1,397486.5289,1,387434.3309,1,402361.8948,0,0
6291.25142,1,397486.5289,1,387434.3309,1,402361.8948,0,0
6292.25142,1,397486.5289,1,387434.3309,1,402361.8948,0,0
6293.25142,1,397486.5289,1,387434.3309,1,402361.8948,0,0
6294.25142,1,397486.5289,1,387434.3309,1,402361.8948,0,0
6295.25142,1,397486.5289,1,387434.3309,1,402361.8948,0,0
6296.25142,1,397486.5289,1,387434.3309,1,402361.8948,0,0
6297.25142,1,397486.5289,1,387434.3309,1,402361.8948,0,0
6298.25142,1,397486.5289,1,387434.3309,1,402361.8948,0,0
6299.25142,1,397486.5289,1,387434.3309,1,402361.8948,0,0
6300.25142,1,397486.5289,1,387434.3309,1,402361.8948,0,0
6301.25142,1,397486.5289,1,387434.3309,1,402361.8948,0,0
6302.25142,1,397486.5289,1,387434.3309,1,402361.8948,0,0
6303.25142,1,397486.5289,1,387434.3309,1,402361.8948,0,0
6304.25142,1,397486.5289,1,387434.3309,1,402361.8948,0,0
6305.25142,1,397486.5289,1,387434.3309,1,402361.8948,0,0
6306.25142,1,397486.5289,1,387434.3309,1,402361.8948,0,0
6307.25142,1,397486.5289,1,387434.3309,1,402361.8948,0,0
6308.25142,1,397486.5289,1,387434.3309,1,402361.8948,0,0
6309.25142,1,397486.5289,1,387434.3309,1,402361.8948,0,0
6310.25142,1,397486.5289,1,387434.3309,1,402361.8948,0,0
6311.25142,1,397486.5289,1,387434.3309,1,402361.8948,0,0
6312.25142,1,397486.5289,1,387434.3309,1,402361.8948,0,0
6313.25142,1,397486.5289,1,387434.3309,1,402361.8948,0,0
6314.25142,1,397486.5289,1,387434.3309,1,402361.8948,0,0
6315.25142,1,397486.5289,1,387434.3309,1,402361.8948,0,0
6316.25142,1,397486.5289,1,387434.3309,1,402361.8948,0,0
6317.25142,1,397486.5289,0,0,1,402361.8948,0,0
6318.25142,1,397486.5289,0,0,1,402361.8948,0,0
6319.25142,1,397486.5289,0,0,1,402361.8948,0,0
6320.25142,1,397486.5289,0,0,1,402361.8948,0,0
6321.25142,1,397486.5289,0,0,1,402361.8948,0,0
6322.25142,1,397486.5289,0,0,1,402361.8948,0,0
6323.25142,1,397486.5289,0,0,1,402361.8948,0,0
6324.25142,1,397486.5289,0,0,1,402361.8948,0,0
6325.25142,1,397486.5289,0,0,1,402361.8948,0,0
6326.25142,1,397486.5289,0,0,1,402361.8948,0,0
6327.25142,1,397486.5289,0,0,1,402361.8948,0,0
6328.25142,1,397486.5289,0,0,1,402361.8948,0,0
6329.25142,1,397486.5289,0,0,1,402361.8948,0,0
6330.25142,1,397486.5289,0,0,1,402361.8948,0,0
6331.25142,1,397486.5289,0,0,1,402361.8948,0,0
6332.25142,1,397486.5289,0,0,1,402361.8948,0,0
6333.25142,1,397486.5289,0,0,1,402361.8948,0,0
6334.25142,1,397486.5289,0,0,1,402361.8948,0,0
6335.25142,1,397486.5289,0,0,1,402361.8948,0,0
6336.25142,1,397486.5289,0,0,1,402361.8948,0,0
6337.25142,1,397486.5289,0,0,1,402361.8948,0,0
6338.25142,1,397486.5289,0,0,1,402361.8948,0,0
6339.25142,1,397486.5289,0,0,1,402361.8948,0,0
6340.25142,1,397486.5289,0,0,1,402361.8948,0,0
6341.25142,1,397486.5289,0,0,1,402361.8948,0,0
6342.25142,1,397486.5289,0,0,1,402361.8948,0,0
6343.25142,1,397486.5289,0,0,1,402361.8948,0,0
6344.25142,1,397486.5289,0,0,1,402361.8948,0,0
6345.25142,1,397486.5289,0,0,1,402361.8948,0,0
6346.25142,1,397486.5289,0,0,1,402361.8948,0,0
6347.25142,1,397486.5289,0,0,1,402361.8948,0,0
6348.25142,1,397486.5289,0,0,1,402361.8948,0,0
6349.25142,1,397486.5289,0,0,1,402361.8948,0,0
6350.25142,1,397486.5289,0,0,1,402361.8948,0,0
6351.25142,1,397486.5289,0,0,1,402361.8948,0,0
6352.25142,1,397486.5289,0,0,1,402361.8948,0,0
6353.25142,1,397486.5289,0,0,1,402361.8948,0,0
6354.25142,1,397486.5289,0,0,1,402361.8948,0,0
6355.25142,1,397486.5289,0,0,1,402361.8948,0,0
6356.25142,1,397486.5289,0,0,1,402361.8948,0,0
6357.25142,1,397486.5289,0,0,1,402361.8948,0,0
6358.25142,1,397486.5289,0,0,1,402361.8948,0,0
6359.25142,1,397486.5289,0,0,1,402361.8948,0,0
6360.25142,1,397486.5289,0,0,1,402361.8948,0,0
6361.25142,1,397486.5289,0,0,1,402361.8948,0,0
6362.25142,1,397486.5289,0,0,1,402361.8948,0,0
6363.25142,1,397486.5289,0,0,1,402361.8948,0,0
6364.25142,1,397486.5289,0,0,1,402361.8948,0,0
6365.25142,1,397486.5289,0,0,1,402361.8948,0,0
6366.25142,1,397486.5289,0,0,1,402361.8948,0,0
6367.25142,1,397486.5289,0,0,1,402361.8948,0,0
6368.25142,1,397486.5289,0,0,1,402361.8948,0,0
6369.25142,1,397486.5289,0,0,1,402361.8948,0,0
6370.25142,1,397486.5289,0,0,1,402361.8948,0,0
6371.25142,1,397486.5289,0,0,1,402361.8948,0,0
6372.25142,1,397486.5289,0,0,1,402361.8948,0,0
6373.25142,1,397486.5289,0,0,1,402361.8948,0,0
6374.25142,1,397486.5289,0,0,1,402361.8948,0,0
6375.25142,1,397486.5289,0,0,1,402361.8948,0,0
6376.25142,1,397486.5289,0,0,1,402361.8948,0,0
6377.25142,1,397486.5289,0,0,1,402361.8948,0,0
6378.25142,1,397486.5289,0,0,1,402361.8948,0,0
6379.25142,1,397486.5289,0,0,1,402361.8948,0,0
6380.25142,1,397486.5289,0,0,1,402361.8948,0,0
6381.25142,1,397486.5289,0,0,1,402361.8948,0,0
6382.25142,1,397486.5289,0,0,1,402361.8948,0,0
6383.25142,1,397486.5289,0,0,1,402361.8948,0,0
6384.25142,1,397486.5289,0,0,1,402361.8948,0,0
6385.25142,1,397486.5289,0,0,1,402361.8948,0,0
6386.25142,1,397486.5289,0,0,1,402361.8948,0,0
6387.25142,1,397486.5289,0,0,1,402361.8948,0,0
6388.25142,1,397486.5289,0,0,1,402361.8948,0,0
6389.25142,1,397486.5289,0,0,1,402361.8948,0,0
6390.25142,1,397486.5289,0,0,1,402361.8948,0,0
6391.25142,1,397486.5289,0,0,1,402361.8948,0,0
6392.25142,1,397486.5289,0,0,1,402361.8948,0,0
6393.25142,1,397486.5289,0,0,1,402361.8948,0,0
6394.25142,1,397486.5289,0,0,1,402361.8948,0,0
6395.25142,1,397486.5289,0,0,1,402361.8948,0,0
6396.25142,1,397486.5289,0,0,1,402361.8948,0,0
6397.25142,1,397486.5289,0,0,1,402361.8948,0,0
6398.25142,1,397486.5289,0,0,1,402361.8948,0,0
6399.25142,1,397486.5289,0,0,1,402361.8948,0,0
6400.25142,1,397486.5289,0,0,1,402361.8948,0,0
6401.25142,1,397486.5289,0,0,1,402361.8948,0,0
6402.25142,1,397486.5289,0,0,1,402361.8948,0,0
6403.25142,1,397486.5289,0,0,1,402361.8948,0,0
6404.25142,1,397486.5289,0,0,1,402361.8948,0,0
6405.25142,1,397486.5289,0,0,1,402361.8948,0,0
6406.25142,1,397486.5289,0,0,1,402361.8948,0,0
6407.25142,1,397486.5289,0,0,1,402361.8948,0,0
6408.25142,1,397486.5289,0,0,1,402361.8948,0,0
6409.25142,1,397486.5289,0,0,1,402361.8948,0,0
6410.25142,1,397486.5289,0,0,1,402361.8948,0,0
6411.25142,1,397486.5289,0,0,1,402361.8948,0,0
6412.25142,1,397486.5289,0,0,1,402361.8948,0,0
6413.25142,1,397486.5289,0,0,1,402361.8948,0,0
6414.25142,1,397486.5289,0,0,1,402361.8948,0,0
6415.25142,1,397486.5289,0,0,1,402361.8948,0,0
6416.25142,1,397486.5289,0,0,1,402361.8948,0,0
6417.25142,1,397486.5289,0,0,1,402361.8948,0,0
6418.25142,1,397486.5289,0,0,1,402361.8948,0,0
6419.25142,1,397486.5289,0,0,1,402361.8948,0,0
6420.25142,1,397486.5289,0,0,1,402361.8948,0,0
6421.25142,1,397486.5289,0,0,1,402361.8948,0,0
6422.25142,1,397486.5289,0,0,1,402361.8948,0,0
6423.25142,1,397486.5289,0,0,1,402361.8948,0,0
6424.25142,1,397486.5289,0,0,1,402361.8948,0,0
6425.25142,1,397486.5289,0,0,1,402361.8948,0,0
6426.25142,1,397486.5289,0,0,1,402361.8948,0,0
6427.25142,1,397486.5289,0,0,1,402361.8948,0,0
6428.25142,1,397486.5289,0,0,1,402361.8948,0,0
6429.25142,1,397486.5289,0,0,1,402361.8948,0,0
6430.25142,1,397486.5289,0,0,1,402361.8948,0,0
6431.25142,1,397486.5289,0,0,1,402361.8948,0,0
6432.25142,1,397486.5289,0,0,1,402361.8948,0,0
6433.25142,1,397486.5289,0,0,1,402361.8948,0,0
6434.25142,1,397486.5289,0,0,1,402361.8948,0,0
6435.25142,1,397486.5289,0,0,1,402361.8948,0,0
6436.25142,1,397486.5289,0,0,1,402361.8948,0,0
6437.25142,1,397486.5289,0,0,1,402361.8948,0,0
6438.25142,1,397486.5289,0,0,1,402361.8948,0,0
6439.25142,1,397486.5289,0,0,1,402361.8948,0,0
6440.25142,1,397486.5289,0,0,1,402361.8948,0,0
6441.25142,1,397486.5289,0,0,1,402361.8948,0,0
6442.25142,1,397486.5289,0,0,1,402361.8948,0,0
6443.25142,1,397486.5289,0,0,1,402361.8948,0,0
6444.25142,1,397486.5289,0,0,1,402361.8948,0,0
6445.25142,1,397486.5289,0,0,1,402361.8948,0,0
6446.25142,1,397486.5289,0,0,1,402361.8948,0,0
6447.25142,1,397486.5289,0,0,1,402361.8948,0,0
6448.25142,1,397486.5289,0,0,1,402361.8948,0,0
6449.25142,1,397486.5289,0,0,1,402361.8948,0,0
6450.25142,1,397486.5289,0,0,1,402361.8948,0,0
6451.25142,1,397486.5289,0,0,1,402361.8948,0,0
6452.25142,1,397486.5289,0,0,1,402361.8948,0,0
6453.25142,1,397486.5289,0,0,1,402361.8948,0,0
6454.25142,1,397486.5289,0,0,1,402361.8948,0,0
6455.25142,1,397486.5289,0,0,1,402361.8948,0,0
6456.25142,1,397486.5289,0,0,1,402361.8948,0,0
6457.25142,1,397486.5289,0,0,1,402361.8948,0,0
6458.25142,1,397486.5289,0,0,1,402361.8948,0,0
6459.25142,1,397486.5289,0,0,1,402361.8948,0,0
6460.25142,1,397486.5289,0,0,1,402361.8948,0,0
6461.25142,1,397486.5289,0,0,1,402361.8948,0,0
6462.25142,1,397486.5289,0,0,1,402361.8948,0,0
6463.25142,1,397486.5289,0,0,1,402361.8948,0,0
6464.25142,1,397486.5289,0,0,1,402361.8948,0,0
6465.25142,1,397486.5289,0,0,1,402361.8948,0,0
6466.25142,1,397486.5289,0,0,1,402361.8948,0,0
6467.25142,1,397486.5289,0,0,1,402361.8948,0,0
6468.25142,1,397486.5289,0,0,1,402361.8948,0,0
6469.25142,1,397486.5289,0,0,1,402361.8948,0,0
6470.25142,1,397486.5289,0,0,1,402361.8948,0,0
6471.25142,1,397486.5289,0,0,1,402361.8948,0,0
6472.25142,1,397486.5289,0,0,1,402361.8948,0,0
6473.25142,1,397486.5289,0,0,1,402361.8948,0,0
6474.25142,1,397486.5289,0,0,1,402361.8948,0,0
6475.25142,1,397486.5289,0,0,1,402361.8948,0,0
6476.25142,1,397486.5289,0,0,1,402361.8948,0,0
6477.25142,1,397486.5289,0,0,1,402361.8948,0,0
6478.25142,1,397486.5289,0,0,1,402361.8948,0,0
6479.25142,1,397486.5289,0,0,1,402361.8948,0,0
6480.25142,1,397486.5289,0,0,1,402361.8948,0,0
6481.25142,1,397486.5289,0,0,1,402361.8948,0,0
6482.25142,1,397486.5289,0,0,1,402361.8948,0,0
6483.25142,1,397486.5289,0,0,1,402361.8948,0,0
6484.25142,1,397486.5289,0,0,1,402361.8948,0,0
6485.25142,1,397486.5289,0,0,1,402361.8948,0,0
6486.25142,1,397486.5289,0,0,1,402361.8948,0,0
6487.25142,1,397486.5289,0,0,1,402361.8948,0,0
6488.25142,1,397486.5289,0,0,1,402361.8948,0,0
6489.25142,1,397486.5289,0,0,1,402361.8948,0,0
6490.25142,1,397486.5289,0,0,1,402361.8948,0,0
6491.25142,1,397486.5289,0,0,1,402361.8948,0,0
6492.25142,1,397486.5289,0,0,1,402361.8948,0,0
6493.25142,1,397486.5289,0,0,1,402361.8948,0,0
6494.25142,1,397486.5289,0,0,1,402361.8948,0,0
6495.25142,1,397486.5289,0,0,1,402361.8948,0,0
6496.25142,1,397486.5289,0,0,1,402361.8948,0,0
6497.25142,1,397486.5289,0,0,1,402361.8948,0,0
6498.25142,1,397486.5289,0,0,1,402361.8948,0,0
6499.25142,1,397486.5289,0,0,1,402361.8948,0,0
6500.25142,1,397486.5289,0,0,1,402361.8948,0,0
6501.25142,1,397486.5289,0,0,1,402361.8948,0,0
6502.25142,1,397486.5289,0,0,1,402361.8948,0,0
6503.25142,1,397486.5289,0,0,1,402361.8948,0,0
6504.25142,1,397486.5289,0,0,1,402361.8948,0,0
6505.25142,1,397486.5289,0,0,1,402361.8948,0,0
6506.25142,1,397486.5289,0,0,1,402361.8948,0,0
6507.25142,1,397486.5289,0,0,1,402361.8948,0,0
6508.25142,1,397486.5289,0,0,1,402361.8948,0,0
6509.25142,1,397486.5289,0,0,1,402361.8948,0,0
6510.25142,1,397486.5289,0,0,1,402361.8948,0,0
6511.25142,1,397486.5289,0,0,1,402361.8948,0,0
6512.25142,1,397486.5289,0,0,1,402361.8948,0,0
6513.25142,1,397486.5289,0,0,1,402361.8948,0,0
6514.25142,1,397486.5289,0,0,1,402361.8948,0,0
6515.25142,1,397486.5289,0,0,1,402361.8948,0,0
6516.25142,1,397486.5289,0,0,1,402361.8948,0,0
6517.25142,1,397486.5289,0,0,1,402361.8948,1,406149.4237
6518.25142,1,397486.5289,0,0,1,402361.8948,1,406149.4237
6519.25142,1,397486.5289,0,0,1,402361.8948,1,406149.4237
6520.25142,1,397486.5289,0,0,1,402361.8948,1,406149.4237
6521.25142,1,397486.5289,0,0,1,402361.8948,1,406149.4237
6522.25142,1,397486.5289,0,0,1,402361.8948,1,406149.4237
6523.25142,1,397486.5289,0,0,1,402361.8948,1,406149.4237
6524.25142,1,397486.5289,0,0,1,402361.8948,1,406149.4237
6525.25142,1,397486.5289,0,0,1,402361.8948,1,406149.4237
6526.25142,1,397486.5289,0,0,1,402361.8948,1,406149.4237
6527.25142,1,397486.5289,0,0,1,402361.8948,1,406149.4237
6528.25142,1,397486.5289,0,0,1,402361.8948,1,406149.4237
6529.25142,1,397486.5289,0,0,1,402361.8948,1,406149.4237
6530.25142,1,397486.5289,0,0,1,402361.8948,1,406149.4237
6531.25142,1,397486.5289,0,0,1,402361.8948,1,406149.4237
6532.25142,1,397486.5289,0,0,1,402361.8948,1,406149.4237
6533.25142,1,397486.5289,0,0,1,402361.8948,1,406149.4237
6534.25142,1,397486.5289,0,0,1,402361.8948,1,406149.4237
6535.25142,1,397486.5289,0,0,1,402361.8948,1,406149.4237
6536.25142,1,397486.5289,0,0,1,402361.8948,1,406149.4237
6537.25142,1,397486.5289,0,0,1,402361.8948,1,406149.4237
6538.25142,1,397486.5289,0,0,1,402361.8948,1,406149.4237
6539.25142,1,397486.5289,0,0,1,402361.8948,1,406149.4237
6540.25142,1,397486.5289,0,0,1,402361.8948,1,406149.4237
6541.25142,1,397486.5289,0,0,1,402361.8948,1,406149.4237
6542.25142,1,397486.5289,0,0,1,402361.8948,1,406149.4237
6543.25142,1,397486.5289,0,0,1,402361.8948,1,406149.4237
6544.25142,1,397486.5289,0,0,1,402361.8948,1,406149.4237
6545.25142,1,397486.5289,0,0,1,402361.8948,1,406149.4237
6546.25142,1,397486.5289,0,0,1,402361.8948,1,406149.4237
6547.25142,1,397486.5289,0,0,1,402361.8948,1,406149.4237
6548.25142,1,397486.5289,0,0,1,402361.8948,1,406149.4237
6549.25142,1,397486.5289,0,0,1,402361.8948,1,406149.4237
6550.25142,1,397486.5289,0,0,1,402361.8948,1,406149.4237
6551.25142,1,397486.5289,0,0,1,402361.8948,1,406149.4237
6552.25142,1,397486.5289,0,0,1,402361.8948,1,406149.4237
6553.25142,1,397486.5289,0,0,1,402361.8948,1,406149.4237
6554.25142,1,397486.5289,0,0,1,402361.8948,1,406149.4237
6555.25142,1,397486.5289,0,0,1,402361.8948,1,406149.4237
6556.25142,1,397486.5289,0,0,1,402361.8948,1,406149.4237
6557.25142,1,397486.5289,0,0,1,402361.8948,1,406149.4237
6558.25142,1,397486.5289,0,0,1,402361.8948,1,406149.4237
6559.25142,1,397486.5289,0,0,1,402361.8948,1,406149.4237
6560.25142,1,397486.5289,0,0,1,402361.8948,1,406149.4237
6561.25142,1,397486.5289,0,0,1,402361.8948,1,406149.4237
6562.25142,1,397486.5289,0,0,1,402361.8948,1,406149.4237
6563.25142,1,397486.5289,0,0,1,402361.8948,1,406149.4237
6564.25142,1,397486.5289,0,0,1,402361.8948,1,406149.4237
6565.25142,1,397486.5289,0,0,1,402361.8948,1,406149.4237
6566.25142,1,397486.5289,0,0,1,402361.8948,1,406149.4237
6567.25142,1,397486.5289,0,0,1,402361.8948,1,406149.4237
6568.25142,1,397486.5289,0,0,1,402361.8948,1,406149.4237
6569.25142,1,397486.5289,0,0,1,402361.8948,1,406149.4237
6570.25142,1,397486.5289,0,0,1,402361.8948,1,406149.4237
6571.25142,1,397486.5289,0,0,1,402361.8948,1,406149.4237
6572.25142,1,397486.5289,0,0,1,402361.8948,1,406149.4237
6573.25142,1,397486.5289,0,0,1,402361.8948,1,406149.4237
6574.25142,1,397486.5289,0,0,1,402361.8948,1,406149.4237
6575.25142,1,397486.5289,0,0,1,402361.8948,1,406149.4237
6576.25142,1,397486.5289,0,0,1,402361.8948,1,406149.4237
6577.25142,1,397486.5289,0,0,1,402361.8948,1,406149.4237
6578.25142,1,397486.5289,0,0,1,402361.8948,1,406149.4237
6579.25142,1,397486.5289,0,0,1,402361.8948,1,406149.4237
6580.25142,1,397486.5289,0,0,1,402361.8948,1,406149.4237
6581.25142,1,397486.5289,0,0,1,402361.8948,1,406149.4237
6582.25142,1,397486.5289,0,0,1,402361.8948,1,406149.4237
6583.25142,1,397486.5289,0,0,1,402361.8948,1,406149.4237
6584.25142,1,397486.5289,0,0,1,402361.8948,1,406149.4237
6585.25142,1,397486.5289,0,0,1,402361.8948,1,406149.4237
6586.25142,1,397486.5289,0,0,1,402361.8948,1,406149.4237
6587.25142,1,397486.5289,0,0,1,402361.8948,1,406149.4237
6588.25142,1,397486.5289,0,0,1,402361.8948,1,406149.4237
6589.25142,1,397486.5289,0,0,1,402361.8948,1,406149.4237
6590.25142,1,397486.5289,0,0,1,402361.8948,1,406149.4237
6591.25142,1,397486.5289,0,0,1,402361.8948,1,406149.4237
6592.25142,1,397486.5289,0,0,1,402361.8948,1,406149.4237
6593.25142,1,397486.5289,0,0,1,402361.8948,1,406149.4237
6594.25142,1,397486.5289,0,0,1,402361.8948,1,406149.4237
6595.25142,1,397486.5289,0,0,1,402361.8948,1,406149.4237
6596.25142,1,397486.5289,0,0,1,402361.8948,1,406149.4237
6597.25142,1,397486.5289,0,0,1,402361.8948,1,406149.4237
6598.25142,1,397486.5289,0,0,1,402361.8948,1,406149.4237
6599.25142,1,397486.5289,0,0,1,402361.8948,1,406149.4237
6600.25142,1,397486.5289,0,0,1,402361.8948,1,406149.4237
6601.25142,1,397486.5289,0,0,1,402361.8948,1,406149.4237
6602.25142,1,397486.5289,0,0,1,402361.8948,1,406149.4237
6603.25142,1,397486.5289,0,0,1,402361.8948,1,406149.4237
6604.25142,1,397486.5289,0,0,1,402361.8948,1,406149.4237
6605.25142,1,397486.5289,0,0,1,402361.8948,1,406149.4237
6606.25142,1,397486.5289,0,0,1,402361.8948,1,406149.4237
6607.25142,1,397486.5289,0,0,1,402361.8948,1,406149.4237
6608.25142,1,397486.5289,0,0,1,402361.8948,1,406149.4237
6609.25142,1,397486.5289,0,0,1,402361.8948,1,406149.4237
6610.25142,1,397486.5289,0,0,1,402361.8948,1,406149.4237
6611.25142,1,397486.5289,0,0,1,402361.8948,1,406149.4237
6612.25142,1,397486.5289,0,0,1,402361.8948,1,406149.4237
6613.25142,1,397486.5289,0,0,1,402361.8948,1,406149.4237
6614.25142,1,397486.5289,0,0,1,402361.8948,1,406149.4237
6615.25142,1,397486.5289,0,0,1,402361.8948,1,406149.4237
6616.25142,1,397486.5289,0,0,1,402361.8948,1,406149.4237
6617.25142,0,0,0,0,1,402361.8948,1,406149.4237
6618.25142,0,0,0,0,1,402361.8948,1,406149.4237
6619.25142,0,0,0,0,1,402361.8948,1,406149.4237
6620.25142,0,0,0,0,1,402361.8948,1,406149.4237
6621.25142,0,0,0,0,1,402361.8948,1,406149.4237
6622.25142,0,0,0,0,1,402361.8948,1,406149.4237
6623.25142,0,0,0,0,1,402361.8948,1,406149.4237
6624.25142,0,0,0,0,1,402361.8948,1,406149.4237
6625.25142,0,0,0,0,1,402361.8948,1,406149.4237
6626.25142,0,0,0,0,1,402361.8948,1,406149.4237
6627.25142,0,0,0,0,1,402361.8948,1,406149.4237
6628.25142,0,0,0,0,1,402361.8948,1,406149.4237
6629.25142,0,0,0,0,1,402361.8948,1,406149.4237
6630.25142,0,0,0,0,1,402361.8948,1,406149.4237
6631.25142,0,0,0,0,1,402361.8948,1,406149.4237
6632.25142,0,0,0,0,1,402361.8948,1,406149.4237
6633.25142,0,0,0,0,1,402361.8948,1,406149.4237
6634.25142,0,0,0,0,1,402361.8948,1,406149.4237
6635.25142,0,0,0,0,1,402361.8948,1,406149.4237
6636.25142,0,0,0,0,1,402361.8948,1,406149.4237
6637.25142,0,0,0,0,1,402361.8948,1,406149.4237
6638.25142,0,0,0,0,1,402361.8948,1,406149.4237
6639.25142,0,0,0,0,1,402361.8948,1,406149.4237
6640.25142,0,0,0,0,1,402361.8948,1,406149.4237
6641.25142,0,0,0,0,1,402361.8948,1,406149.4237
6642.25142,0,0,0,0,1,402361.8948,1,406149.4237
6643.25142,0,0,0,0,1,402361.8948,1,406149.4237
6644.25142,0,0,0,0,1,402361.8948,1,406149.4237
6645.25142,0,0,0,0,1,402361.8948,1,406149.4237
6646.25142,0,0,0,0,1,402361.8948,1,406149.4237
6647.25142,0,0,0,0,1,402361.8948,1,406149.4237
6648.25142,0,0,0,0,1,402361.8948,1,406149.4237
6649.25142,0,0,0,0,1,402361.8948,1,406149.4237
6650.25142,0,0,0,0,1,402361.8948,1,406149.4237
6651.25142,0,0,0,0,1,402361.8948,1,406149.4237
6652.25142,0,0,0,0,1,402361.8948,1,406149.4237
6653.25142,0,0,0,0,1,402361.8948,1,406149.4237
6654.25142,0,0,0,0,1,402361.8948,1,406149.4237
6655.25142,0,0,0,0,1,402361.8948,1,406149.4237
6656.25142,0,0,0,0,1,402361.8948,1,406149.4237
6657.25142,0,0,0,0,1,402361.8948,1,406149.4237
6658.25142,0,0,0,0,1,402361.8948,1,406149.4237
6659.25142,0,0,0,0,1,402361.8948,1,406149.4237
6660.25142,0,0,0,0,1,402361.8948,1,406149.4237
6661.25142,0,0,0,0,1,402361.8948,1,406149.4237
6662.25142,0,0,0,0,1,402361.8948,1,406149.4237
6663.25142,0,0,0,0,1,402361.8948,1,406149.4237
6664.25142,0,0,0,0,1,402361.8948,1,406149.4237
6665.25142,0,0,0,0,1,402361.8948,1,406149.4237
6666.25142,0,0,0,0,1,402361.8948,1,406149.4237
6667.25142,0,0,0,0,1,402361.8948,1,406149.4237
6668.25142,0,0,0,0,1,402361.8948,1,406149.4237
6669.25142,0,0,0,0,1,402361.8948,1,406149.4237
6670.25142,0,0,0,0,1,402361.8948,1,406149.4237
6671.25142,0,0,0,0,1,402361.8948,1,406149.4237
6672.25142,0,0,0,0,1,402361.8948,1,406149.4237
6673.25142,0,0,0,0,1,402361.8948,1,406149.4237
6674.25142,0,0,0,0,1,402361.8948,1,406149.4237
6675.25142,0,0,0,0,1,402361.8948,1,406149.4237
6676.25142,0,0,0,0,1,402361.8948,1,406149.4237
6677.25142,0,0,0,0,1,402361.8948,1,406149.4237
6678.25142,0,0,0,0,1,402361.8948,1,406149.4237
6679.25142,0,0,0,0,1,402361.8948,1,406149.4237
6680.25142,0,0,0,0,1,402361.8948,1,406149.4237
6681.25142,0,0,0,0,1,402361.8948,1,406149.4237
6682.25142,0,0,0,0,1,402361.8948,1,406149.4237
6683.25142,0,0,0,0,1,402361.8948,1,406149.4237
6684.25142,0,0,0,0,1,402361.8948,1,406149.4237
6685.25142,0,0,0,0,1,402361.8948,1,406149.4237
6686.25142,0,0,0,0,1,402361.8948,1,406149.4237
6687.25142,0,0,0,0,1,402361.8948,1,406149.4237
6688.25142,0,0,0,0,1,402361.8948,1,406149.4237
6689.25142,0,0,0,0,1,402361.8948,1,406149.4237
6690.25142,0,0,0,0,1,402361.8948,1,406149.4237
6691.25142,0,0,0,0,1,402361.8948,1,406149.4237
6692.25142,0,0,0,0,1,402361.8948,1,406149.4237
6693.25142,0,0,0,0,1,402361.8948,1,406149.4237
6694.25142,0,0,0,0,1,402361.8948,1,406149.4237
6695.25142,0,0,0,0,1,402361.8948,1,406149.4237
6696.25142,0,0,0,0,1,402361.8948,1,406149.4237
6697.25142,0,0,0,0,1,402361.8948,1,406149.4237
6698.25142,0,0,0,0,1,402361.8948,1,406149.4237
6699.25142,0,0,0,0,1,402361.8948,1,406149.4237
6700.25142,0,0,0,0,1,402361.8948,1,406149.4237
6701.25142,0,0,0,0,1,402361.8948,1,406149.4237
6702.25142,0,0,0,0,1,402361.8948,1,406149.4237
6703.25142,0,0,0,0,1,402361.8948,1,406149.4237
6704.25142,0,0,0,0,1,402361.8948,1,406149.4237
6705.25142,0,0,0,0,1,402361.8948,1,406149.4237
6706.25142,0,0,0,0,1,402361.8948,1,406149.4237
6707.25142,0,0,0,0,1,402361.8948,1,406149.4237
6708.25142,0,0,0,0,1,402361.8948,1,406149.4237
6709.25142,0,0,0,0,1,402361.8948,1,406149.4237
6710.25142,0,0,0,0,1,402361.8948,1,406149.4237
6711.25142,0,0,0,0,1,402361.8948,1,406149.4237
6712.25142,0,0,0,0,1,402361.8948,1,406149.4237
6713.25142,0,0,0,0,1,402361.8948,1,406149.4237
6714.25142,0,0,0,0,1,402361.8948,1,406149.4237
6715.25142,0,0,0,0,1,402361.8948,1,406149.4237
6716.25142,0,0,0,0,1,402361.8948,1,406149.4237
6717.25142,0,0,0,0,1,402361.8948,1,406149.4237
6718.25142,0,0,0,0,1,402361.8948,1,406149.4237
6719.25142,0,0,0,0,1,402361.8948,1,406149.4237
6720.25142,0,0,0,0,1,402361.8948,1,406149.4237
6721.25142,0,0,0,0,1,402361.8948,1,406149.4237
6722.25142,0,0,0,0,1,402361.8948,1,406149.4237
6723.25142,0,0,0,0,1,402361.8948,1,406149.4237
6724.25142,0,0,0,0,1,402361.8948,1,406149.4237
6725.25142,0,0,0,0,1,402361.8948,1,406149.4237
6726.25142,0,0,0,0,1,402361.8948,1,406149.4237
6727.25142,0,0,0,0,1,402361.8948,1,406149.4237
6728.25142,0,0,0,0,1,402361.8948,1,406149.4237
6729.25142,0,0,0,0,1,402361.8948,1,406149.4237
6730.25142,0,0,0,0,1,402361.8948,1,406149.4237
6731.25142,0,0,0,0,1,402361.8948,1,406149.4237
6732.25142,0,0,0,0,1,402361.8948,1,406149.4237
6733.25142,0,0,0,0,1,402361.8948,1,406149.4237
6734.25142,0,0,0,0,1,402361.8948,1,406149.4237
6735.25142,0,0,0,0,1,402361.8948,1,406149.4237
6736.25142,0,0,0,0,1,402361.8948,1,406149.4237
6737.25142,0,0,0,0,1,402361.8948,1,406149.4237
6738.25142,0,0,0,0,1,402361.8948,1,406149.4237
6739.25142,0,0,0,0,1,402361.8948,1,406149.4237
6740.25142,0,0,0,0,1,402361.8948,1,406149.4237
6741.25142,0,0,0,0,1,402361.8948,1,406149.4237
6742.25142,0,0,0,0,1,402361.8948,1,406149.4237
6743.25142,0,0,0,0,1,402361.8948,1,406149.4237
6744.25142,0,0,0,0,1,402361.8948,1,406149.4237
6745.25142,0,0,0,0,1,402361.8948,1,406149.4237
6746.25142,0,0,0,0,1,402361.8948,1,406149.4237
6747.25142,0,0,0,0,1,402361.8948,1,406149.4237
6748.25142,0,0,0,0,1,402361.8948,1,406149.4237
6749.25142,0,0,0,0,1,402361.8948,1,406149.4237
6750.25142,0,0,0,0,1,402361.8948,1,406149.4237
6751.25142,0,0,0,0,1,402361.8948,1,406149.4237
6752.25142,0,0,0,0,1,402361.8948,1,406149.4237
6753.25142,0,0,0,0,1,402361.8948,1,406149.4237
6754.25142,0,0,0,0,1,402361.8948,1,406149.4237
6755.25142,0,0,0,0,1,402361.8948,1,406149.4237
6756.25142,0,0,0,0,1,402361.8948,1,406149.4237
6757.25142,0,0,0,0,1,402361.8948,1,406149.4237
6758.25142,0,0,0,0,1,402361.8948,1,406149.4237
6759.25142,0,0,0,0,1,402361.8948,1,406149.4237
6760.25142,0,0,0,0,1,402361.8948,1,406149.4237
6761.25142,0,0,0,0,1,402361.8948,1,406149.4237
6762.25142,0,0,0,0,1,402361.8948,1,406149.4237
6763.25142,0,0,0,0,1,402361.8948,1,406149.4237
6764.25142,0,0,0,0,1,402361.8948,1,406149.4237
6765.25142,0,0,0,0,1,402361.8948,1,406149.4237
6766.25142,0,0,0,0,1,402361.8948,1,406149.4237
6767.25142,0,0,0,0,1,402361.8948,1,406149.4237
6768.25142,0,0,0,0,1,402361.8948,1,406149.4237
6769.25142,0,0,0,0,1,402361.8948,1,406149.4237
6770.25142,0,0,0,0,1,402361.8948,1,406149.4237
6771.25142,0,0,0,0,1,402361.8948,1,406149.4237
6772.25142,0,0,0,0,1,402361.8948,1,406149.4237
6773.25142,0,0,0,0,1,402361.8948,1,406149.4237
6774.25142,0,0,0,0,1,402361.8948,1,406149.4237
6775.25142,0,0,0,0,1,402361.8948,1,406149.4237
6776.25142,0,0,0,0,1,402361.8948,1,406149.4237
6777.25142,0,0,0,0,1,402361.8948,1,406149.4237
6778.25142,0,0,0,0,1,402361.8948,1,406149.4237
6779.25142,0,0,0,0,0,0,1,406149.4237
6780.25142,0,0,0,0,0,0,1,406149.4237
6781.25142,0,0,0,0,0,0,1,406149.4237
6782.25142,0,0,0,0,0,0,1,406149.4237
6783.25142,0,0,0,0,0,0,1,406149.4237
6784.25142,0,0,0,0,0,0,1,406149.4237
6785.25142,0,0,0,0,0,0,1,406149.4237
6786.25142,0,0,0,0,0,0,1,406149.4237
6787.25142,0,0,0,0,0,0,1,406149.4237
6788.25142,0,0,0,0,0,0,1,406149.4237
6789.25142,0,0,0,0,0,0,1,406149.4237
6790.25142,0,0,0,0,0,0,1,406149.4237
6791.25142,0,0,0,0,0,0,1,406149.4237
6792.25142,0,0,0,0,0,0,1,406149.4237
6793.25142,0,0,0,0,0,0,1,406149.4237
6794.25142,0,0,0,0,0,0,1,406149.4237
6795.25142,0,0,0,0,0,0,1,406149.4237
6796.25142,0,0,0,0,0,0,1,406149.4237
6797.25142,0,0,0,0,0,0,1,406149.4237
6798.25142,0,0,0,0,0,0,1,406149.4237
6799.25142,0,0,0,0,0,0,1,406149.4237
6800.25142,0,0,0,0,0,0,1,406149.4237
6801.25142,0,0,0,0,0,0,1,406149.4237
6802.25142,0,0,0,0,0,0,1,406149.4237
6803.25142,0,0,0,0,0,0,1,406149.4237
6804.25142,0,0,0,0,0,0,1,406149.4237
6805.25142,0,0,0,0,0,0,1,406149.4237
6806.25142,0,0,0,0,0,0,1,406149.4237
6807.25142,0,0,0,0,0,0,1,406149.4237
6808.25142,0,0,0,0,0,0,1,406149.4237
6809.25142,0,0,0,0,0,0,1,406149.4237
6810.25142,0,0,0,0,0,0,1,406149.4237
6811.25142,0,0,0,0,0,0,1,406149.4237
6812.25142,0,0,0,0,0,0,1,406149.4237
6813.25142,0,0,0,0,0,0,1,406149.4237
6814.25142,0,0,0,0,0,0,1,406149.4237
6815.25142,0,0,0,0,0,0,1,406149.4237
6816.25142,0,0,0,0,0,0,1,406149.4237
6817.25142,0,0,0,0,0,0,1,406149.4237
6818.25142,0,0,0,0,0,0,1,406149.4237
6819.25142,0,0,0,0,0,0,1,406149.4237
6820.25142,0,0,0,0,0,0,1,406149.4237
6821.25142,0,0,0,0,0,0,1,406149.4237
6822.25142,0,0,0,0,0,0,1,406149.4237
6823.25142,0,0,0,0,0,0,1,406149.4237
6824.25142,0,0,0,0,0,0,1,406149.4237
6825.25142,0,0,0,0,0,0,1,406149.4237
6826.25142,0,0,0,0,0,0,1,406149.4237
6827.25142,0,0,0,0,0,0,1,406149.4237
6828.25142,0,0,0,0,0,0,1,406149.4237
6829.25142,0,0,0,0,0,0,1,406149.4237
6830.25142,0,0,0,0,0,0,1,406149.4237
6831.25142,0,0,0,0,0,0,1,406149.4237
6832.25142,0,0,0,0,0,0,1,406149.4237
6833.25142,0,0,0,0,0,0,1,406149.4237
6834.25142,0,0,0,0,0,0,1,406149.4237
6835.25142,0,0,0,0,0,0,1,406149.4237
6836.25142,0,0,0,0,0,0,1,406149.4237
6837.25142,0,0,0,0,0,0,1,406149.4237
6838.25142,0,0,0,0,0,0,1,406149.4237
6839.25142,0,0,0,0,0,0,1,406149.4237
6840.25142,0,0,0,0,0,0,1,406149.4237
6841.25142,0,0,0,0,0,0,1,406149.4237
6842.25142,0,0,0,0,0,0,1,406149.4237
6843.25142,0,0,0,0,0,0,1,406149.4237
6844.25142,0,0,0,0,0,0,1,406149.4237
6845.25142,0,0,0,0,0,0,1,406149.4237
6846.25142,0,0,0,0,0,0,1,406149.4237
6847.25142,0,0,0,0,0,0,1,406149.4237
6848.25142,0,0,0,0,0,0,1,406149.4237
6849.25142,0,0,0,0,0,0,1,406149.4237
6850.25142,0,0,0,0,0,0,1,406149.4237
6851.25142,0,0,0,0,0,0,1,406149.4237
6852.25142,0,0,0,0,0,0,1,406149.4237
6853.25142,0,0,0,0,0,0,1,406149.4237
6854.25142,0,0,0,0,0,0,1,406149.4237
6855.25142,0,0,0,0,0,0,1,406149.4237
6856.25142,0,0,0,0,0,0,1,406149.4237
6857.25142,0,0,0,0,0,0,1,406149.4237
6858.25142,0,0,0,0,0,0,1,406149.4237
6859.25142,0,0,0,0,0,0,1,406149.4237
6860.25142,0,0,0,0,0,0,1,406149.4237
6861.25142,0,0,0,0,0,0,1,406149.4237
6862.25142,0,0,0,0,0,0,1,406149.4237
6863.25142,0,0,0,0,0,0,1,406149.4237
6864.25142,0,0,0,0,0,0,1,406149.4237
6865.25142,0,0,0,0,0,0,1,406149.4237
6866.25142,0,0,0,0,0,0,1,406149.4237
6867.25142,0,0,0,0,0,0,1,406149.4237
6868.25142,0,0,0,0,0,0,1,406149.4237
6869.25142,0,0,0,0,0,0,1,406149.4237
6870.25142,0,0,0,0,0,0,1,406149.4237
6871.25142,0,0,0,0,0,0,1,406149.4237
6872.25142,0,0,0,0,0,0,1,406149.4237
6873.25142,0,0,0,0,0,0,1,406149.4237
6874.25142,0,0,0,0,0,0,1,406149.4237
6875.25142,0,0,0,0,0,0,1,406149.4237
6876.25142,0,0,0,0,0,0,1,406149.4237
6877.25142,0,0,0,0,0,0,1,406149.4237
6878.25142,0,0,0,0,0,0,1,406149.4237
6879.25142,0,0,0,0,0,0,1,406149.4237
6880.25142,0,0,0,0,0,0,1,406149.4237
6881.25142,0,0,0,0,0,0,1,406149.4237
6882.25142,0,0,0,0,0,0,1,406149.4237
6883.25142,0,0,0,0,0,0,1,406149.4237
6884.25142,0,0,0,0,0,0,1,406149.4237
6885.25142,0,0,0,0,0,0,1,406149.4237
6886.25142,0,0,0,0,0,0,1,406149.4237
6887.25142,0,0,0,0,0,0,1,406149.4237
6888.25142,0,0,0,0,0,0,1,406149.4237
6889.25142,0,0,0,0,0,0,1,406149.4237
6890.25142,0,0,0,0,0,0,1,406149.4237
6891.25142,0,0,0,0,0,0,1,406149.4237
6892.25142,0,0,0,0,0,0,1,406149.4237
6893.25142,0,0,0,0,0,0,1,406149.4237
6894.25142,0,0,0,0,0,0,1,406149.4237
6895.25142,0,0,0,0,0,0,1,406149.4237
6896.25142,0,0,0,0,0,0,1,406149.4237
6897.25142,0,0,0,0,0,0,1,406149.4237
6898.25142,0,0,0,0,0,0,1,406149.4237
6899.25142,0,0,0,0,0,0,1,406149.4237
6900.25142,0,0,0,0,0,0,1,406149.4237
6901.25142,0,0,0,0,0,0,1,406149.4237
6902.25142,0,0,0,0,0,0,1,406149.4237
6903.25142,0,0,0,0,0,0,1,406149.4237
6904.25142,0,0,0,0,0,0,1,406149.4237
6905.25142,0,0,0,0,0,0,1,406149.4237
6906.25142,0,0,0,0,0,0,1,406149.4237
6907.25142,0,0,0,0,0,0,1,406149.4237
6908.25142,0,0,0,0,0,0,1,406149.4237
6909.25142,0,0,0,0,0,0,1,406149.4237
6910.25142,0,0,0,0,0,0,1,406149.4237
6911.25142,0,0,0,0,0,0,1,406149.4237
6912.25142,0,0,0,0,0,0,1,406149.4237
6913.25142,0,0,0,0,0,0,1,406149.4237
6914.25142,0,0,0,0,0,0,1,406149.4237
6915.25142,0,0,0,0,0,0,1,406149.4237
6916.25142,0,0,0,0,0,0,1,406149.4237
6917.25142,0,0,0,0,0,0,1,406149.4237
6918.25142,0,0,0,0,0,0,1,406149.4237
6919.25142,0,0,0,0,0,0,1,406149.4237
6920.25142,0,0,0,0,0,0,1,406149.4237
6921.25142,0,0,0,0,0,0,1,406149.4237
6922.25142,0,0,0,0,0,0,1,406149.4237
6923.25142,0,0,0,0,0,0,1,406149.4237
6924.25142,0,0,0,0,0,0,1,406149.4237
6925.25142,0,0,0,0,0,0,1,406149.4237
6926.25142,0,0,0,0,0,0,1,406149.4237
6927.25142,0,0,0,0,0,0,1,406149.4237
6928.25142,0,0,0,0,0,0,1,406149.4237
6929.25142,0,0,0,0,0,0,1,406149.4237
6930.25142,0,0,0,0,0,0,1,406149.4237
6931.25142,0,0,0,0,0,0,1,406149.4237
6932.25142,0,0,0,0,0,0,1,406149.4237
6933.25142,0,0,0,0,0,0,1,406149.4237
6934.25142,0,0,0,0,0,0,1,406149.4237
6935.25142,0,0,0,0,0,0,1,406149.4237
6936.25142,0,0,0,0,0,0,1,406149.4237
6937.25142,0,0,0,0,0,0,1,406149.4237
6938.25142,0,0,0,0,0,0,1,406149.4237
6939.25142,0,0,0,0,0,0,1,406149.4237
6940.25142,0,0,0,0,0,0,1,406149.4237
6941.25142,0,0,0,0,0,0,1,406149.4237
6942.25142,0,0,0,0,0,0,1,406149.4237
6943.25142,0,0,0,0,0,0,1,406149.4237
6944.25142,0,0,0,0,0,0,1,406149.4237
6945.25142,0,0,0,0,0,0,1,406149.4237
6946.25142,0,0,0,0,0,0,1,406149.4237
6947.25142,0,0,0,0,0,0,1,406149.4237
6948.25142,0,0,0,0,0,0,1,406149.4237
6949.25142,0,0,0,0,0,0,1,406149.4237
6950.25142,0,0,0,0,0,0,1,406149.4237
6951.25142,0,0,0,0,0,0,1,406149.4237
6952.25142,0,0,0,0,0,0,1,406149.4237
6953.25142,0,0,0,0,0,0,1,406149.4237
6954.25142,0,0,0,0,0,0,1,406149.4237
6955.25142,0,0,0,0,0,0,1,406149.4237
6956.25142,0,0,0,0,0,0,1,406149.4237
6957.25142,0,0,0,0,0,0,1,406149.4237
6958.25142,0,0,0,0,0,0,1,406149.4237
6959.25142,0,0,0,0,0,0,1,406149.4237
6960.25142,0,0,0,0,0,0,1,406149.4237
6961.25142,0,0,0,0,0,0,1,406149.4237
6962.25142,0,0,0,0,0,0,1,406149.4237
6963.25142,0,0,0,0,0,0,1,406149.4237
6964.25142,0,0,0,0,0,0,1,406149.4237
6965.25142,0,0,0,0,0,0,1,406149.4237
6966.25142,0,0,0,0,0,0,1,406149.4237
6967.25142,0,0,0,0,0,0,1,406149.4237
6968.25142,0,0,0,0,0,0,1,406149.4237
6969.25142,0,0,0,0,0,0,1,406149.4237
6970.25142,0,0,0,0,0,0,1,406149.4237
6971.25142,0,0,0,0,0,0,1,406149.4237
6972.25142,0,0,0,0,0,0,1,406149.4237
6973.25142,0,0,0,0,0,0,1,406149.4237
6974.25142,0,0,0,0,0,0,1,406149.4237
6975.25142,0,0,0,0,0,0,1,406149.4237
6976.25142,0,0,0,0,0,0,1,406149.4237
6977.25142,0,0,0,0,0,0,1,406149.4237
6978.25142,0,0,0,0,0,0,1,406149.4237
6979.25142,0,0,0,0,0,0,1,406149.4237
6980.25142,0,0,0,0,0,0,1,406149.4237
6981.25142,0,0,0,0,0,0,1,406149.4237
6982.25142,0,0,0,0,0,0,1,406149.4237
6983.25142,0,0,0,0,0,0,1,406149.4237
6984.25142,0,0,0,0,0,0,1,406149.4237
6985.25142,0,0,0,0,0,0,1,406149.4237
6986.25142,0,0,0,0,0,0,1,406149.4237
6987.25142,0,0,0,0,0,0,1,406149.4237
6988.25142,0,0,0,0,0,0,1,406149.4237
6989.25142,0,0,0,0,0,0,1,406149.4237
6990.25142,0,0,0,0,0,0,1,406149.4237
6991.25142,0,0,0,0,0,0,1,406149.4237
6992.25142,0,0,0,0,0,0,1,406149.4237
6993.25142,0,0,0,0,0,0,1,406149.4237
6994.25142,0,0,0,0,0,0,1,406149.4237
6995.25142,0,0,0,0,0,0,1,406149.4237
6996.25142,0,0,0,0,0,0,1,406149.4237
6997.25142,0,0,0,0,0,0,1,406149.4237
6998.25142,0,0,0,0,0,0,1,406149.4237
6999.25142,0,0,0,0,0,0,1,406149.4237
7000.25142,0,0,0,0,0,0,1,406149.4237
7001.25142,0,0,0,0,0,0,1,406149.4237
7002.25142,0,0,0,0,0,0,1,406149.4237
7003.25142,0,0,0,0,0,0,1,406149.4237
7004.25142,0,0,0,0,0,0,1,406149.4237
7005.25142,0,0,0,0,0,0,1,406149.4237
7006.25142,0,0,0,0,0,0,1,406149.4237
7007.25142,0,0,0,0,0,0,1,406149.4237
7008.25142,0,0,0,0,0,0,1,406149.4237
7009.25142,0,0,0,0,0,0,1,406149.4237
7010.25142,0,0,0,0,0,0,1,406149.4237
7011.25142,0,0,0,0,0,0,1,406149.4237
7012.25142,0,0,0,0,0,0,1,406149.4237
7013.25142,0,0,0,0,0,0,1,406149.4237
7014.25142,0,0,0,0,0,0,1,406149.4237
7015.25142,0,0,0,0,0,0,1,406149.4237
7016.25142,0,0,0,0,0,0,1,406149.4237
7017.25142,0,0,0,0,0,0,1,406149.4237
7018.25142,0,0,0,0,0,0,1,406149.4237
7019.25142,0,0,0,0,0,0,1,406149.4237
7020.25142,0,0,0,0,0,0,1,406149.4237
7021.25142,0,0,0,0,0,0,1,406149.4237
7022.25142,0,0,0,0,0,0,1,406149.4237
7023.25142,0,0,0,0,0,0,1,406149.4237
7024.25142,0,0,0,0,0,0,1,406149.4237
7025.25142,0,0,0,0,0,0,1,406149.4237
7026.25142,0,0,0,0,0,0,1,406149.4237
7027.25142,0,0,0,0,0,0,1,406149.4237
7028.25142,0,0,0,0,0,0,1,406149.4237
7029.25142,0,0,0,0,0,0,1,406149.4237
7030.25142,0,0,0,0,0,0,1,406149.4237
7031.25142,0,0,0,0,0,0,1,406149.4237
7032.25142,0,0,0,0,0,0,1,406149.4237
7033.25142,0,0,0,0,0,0,1,406149.4237
7034.25142,0,0,0,0,0,0,1,406149.4237
7035.25142,0,0,0,0,0,0,1,406149.4237
7036.25142,0,0,0,0,0,0,1,406149.4237
7037.25142,0,0,0,0,0,0,1,406149.4237
7038.25142,0,0,0,0,0,0,1,406149.4237
7039.25142,0,0,0,0,0,0,1,406149.4237
7040.25142,0,0,0,0,0,0,1,406149.4237
7041.25142,0,0,0,0,0,0,1,406149.4237
7042.25142,0,0,0,0,0,0,1,406149.4237
7043.25142,0,0,0,0,0,0,1,406149.4237
7044.25142,0,0,0,0,0,0,1,406149.4237
7045.25142,0,0,0,0,0,0,1,406149.4237
7046.25142,0,0,0,0,0,0,1,406149.4237
7047.25142,0,0,0,0,0,0,1,406149.4237
7048.25142,0,0,0,0,0,0,1,406149.4237
7049.25142,0,0,0,0,0,0,1,406149.4237
7050.25142,0,0,0,0,0,0,1,406149.4237
7051.25142,0,0,0,0,0,0,1,406149.4237
7052.25142,0,0,0,0,0,0,1,406149.4237
7053.25142,0,0,0,0,0,0,1,406149.4237
7054.25142,0,0,0,0,0,0,1,406149.4237
7055.25142,0,0,0,0,0,0,1,406149.4237
7056.25142,0,0,0,0,0,0,1,406149.4237
7057.25142,0,0,0,0,0,0,1,406149.4237
7058.25142,0,0,0,0,0,0,1,406149.4237
7059.25142,0,0,0,0,0,0,0,0
7060.25142,0,0,0,0,0,0,0,0
7061.25142,0,0,0,0,0,0,0,0
7062.25142,0,0,0,0,0,0,0,0
7063.25142,0,0,0,0,0,0,0,0
7064.25142,0,0,0,0,0,0,0,0
7065.25142,0,0,0,0,0,0,0,0
7066.25142,0,0,0,0,0,0,0,0
7067.25142,0,0,0,0,0,0,0,0
7068.25142,0,0,0,0,0,0,0,0
7069.25142,0,0,0,0,0,0,0,0
7070.25142,0,0,0,0,0,0,0,0
7071.25142,0,0,0,0,0,0,0,0
7072.25142,0,0,0,0,0,0,0,0
7073.25142,0,0,0,0,0,0,0,0
7074.25142,0,0,0,0,0,0,0,0
7075.25142,0,0,0,0,0,0,0,0
7076.25142,0,0,0,0,0,0,0,0
7077.25142,0,0,0,0,0,0,0,0
7078.25142,0,0,0,0,0,0,0,0
7079.25142,0,0,0,0,0,0,0,0
7080.25142,0,0,0,0,0,0,0,0
7081.25142,0,0,0,0,0,0,0,0
7082.25142,0,0,0,0,0,0,0,0
7083.25142,0,0,0,0,0,0,0,0
7084.25142,0,0,0,0,0,0,0,0
7085.25142,0,0,0,0,0,0,0,0
7086.25142,0,0,0,0,0,0,0,0
7087.25142,0,0,0,0,0,0,0,0
7088.25142,0,0,0,0,0,0,0,0
7089.25142,0,0,0,0,0,0,0,0
7090.25142,0,0,0,0,0,0,0,0
7091.25142,0,0,0,0,0,0,0,0
7092.25142,0,0,0,0,0,0,0,0
7093.25142,0,0,0,0,0,0,0,0
7094.25142,0,0,0,0,0,0,0,0
7095.25142,0,0,0,0,0,0,0,0
7096.25142,0,0,0,0,0,0,0,0
7097.25142,0,0,0,0,0,0,1,408029.476
7098.25142,0,0,0,0,0,0,1,408029.476
7099.25142,0,0,0,0,0,0,1,408029.476
7100.25142,0,0,0,0,0,0,1,408029.476
7101.25142,0,0,0,0,0,0,1,408029.476
7102.25142,0,0,0,0,0,0,1,408029.476
7103.25142,0,0,0,0,0,0,1,408029.476
7104.25142,0,0,0,0,0,0,1,408029.476
7105.25142,0,0,0,0,0,0,1,408029.476
7106.25142,0,0,0,0,0,0,1,408029.476
7107.25142,0,0,0,0,0,0,1,408029.476
7108.25142,0,0,0,0,0,0,1,408029.476
7109.25142,0,0,0,0,0,0,1,408029.476
7110.25142,0,0,0,0,0,0,1,408029.476
7111.25142,0,0,0,0,0,0,1,408029.476
7112.25142,0,0,0,0,0,0,1,408029.476
7113.25142,0,0,0,0,0,0,1,408029.476
7114.25142,0,0,0,0,0,0,1,408029.476
7115.25142,0,0,0,0,0,0,1,408029.476
7116.25142,0,0,0,0,0,0,1,408029.476
7117.25142,0,0,0,0,0,0,1,408029.476
7118.25142,0,0,0,0,0,0,1,408029.476
7119.25142,0,0,0,0,0,0,1,408029.476
7120.25142,0,0,0,0,0,0,1,408029.476
7121.25142,0,0,0,0,0,0,1,408029.476
7122.25142,0,0,0,0,0,0,1,408029.476
7123.25142,0,0,0,0,0,0,1,408029.476
7124.25142,0,0,0,0,0,0,1,408029.476
7125.25142,0,0,0,0,0,0,1,408029.476
7126.25142,0,0,0,0,0,0,1,408029.476
7127.25142,0,0,0,0,0,0,1,408029.476
7128.25142,0,0,0,0,0,0,1,408029.476
7129.25142,0,0,0,0,0,0,1,408029.476
7130.25142,0,0,0,0,0,0,1,408029.476
7131.25142,0,0,0,0,0,0,1,408029.476
7132.25142,0,0,0,0,0,0,1,408029.476
7133.25142,0,0,0,0,0,0,1,408029.476
7134.25142,0,0,0,0,0,0,1,408029.476
7135.25142,0,0,0,0,0,0,1,408029.476
7136.25142,0,0,0,0,0,0,1,408029.476
7137.25142,0,0,0,0,0,0,1,408029.476
7138.25142,0,0,0,0,0,0,1,408029.476
7139.25142,0,0,0,0,0,0,1,408029.476
7140.25142,0,0,0,0,0,0,1,408029.476
7141.25142,0,0,0,0,0,0,1,408029.476
7142.25142,0,0,0,0,0,0,1,408029.476
7143.25142,0,0,0,0,0,0,1,408029.476
7144.25142,0,0,0,0,0,0,1,408029.476
7145.25142,0,0,0,0,0,0,1,408029.476
7146.25142,0,0,0,0,0,0,1,408029.476
7147.25142,0,0,0,0,0,0,1,408029.476
7148.25142,0,0,0,0,0,0,1,408029.476
7149.25142,0,0,0,0,0,0,1,408029.476
7150.25142,0,0,0,0,0,0,1,408029.476
7151.25142,0,0,0,0,0,0,1,408029.476
7152.25142,0,0,0,0,0,0,1,408029.476
7153.25142,0,0,0,0,0,0,1,408029.476
7154.25142,0,0,0,0,0,0,1,408029.476
7155.25142,0,0,0,0,0,0,1,408029.476
7156.25142,0,0,0,0,0,0,1,408029.476
7157.25142,0,0,0,0,0,0,1,408029.476
7158.25142,0,0,0,0,0,0,1,408029.476
7159.25142,0,0,0,0,0,0,1,408029.476
7160.25142,0,0,0,0,0,0,1,408029.476
7161.25142,0,0,0,0,0,0,1,408029.476
7162.25142,0,0,0,0,0,0,1,408029.476
7163.25142,0,0,0,0,0,0,1,408029.476
7164.25142,0,0,0,0,0,0,1,408029.476
7165.25142,0,0,0,0,0,0,1,408029.476
7166.25142,0,0,0,0,0,0,1,408029.476
7167.25142,0,0,0,0,0,0,1,408029.476
7168.25142,0,0,0,0,0,0,1,408029.476
7169.25142,0,0,0,0,0,0,1,408029.476
7170.25142,0,0,0,0,0,0,1,408029.476
7171.25142,0,0,0,0,0,0,1,408029.476
7172.25142,0,0,0,0,0,0,1,408029.476
7173.25142,0,0,0,0,0,0,1,408029.476
7174.25142,0,0,0,0,0,0,1,408029.476
7175.25142,0,0,0,0,0,0,1,408029.476
7176.25142,0,0,0,0,0,0,1,408029.476
7177.25142,0,0,0,0,0,0,1,408029.476
7178.25142,0,0,0,0,0,0,1,408029.476
7179.25142,0,0,0,0,0,0,1,408029.476
7180.25142,0,0,0,0,0,0,1,408029.476
7181.25142,0,0,0,0,0,0,1,408029.476
7182.25142,0,0,0,0,0,0,1,408029.476
7183.25142,0,0,1,408360.1035,0,0,1,408029.476
7184.25142,0,0,1,408360.1035,0,0,1,408029.476
7185.25142,0,0,1,408360.1035,0,0,1,408029.476
7186.25142,0,0,1,408360.1035,0,0,1,408029.476
7187.25142,0,0,1,408360.1035,0,0,1,408029.476
7188.25142,0,0,1,408360.1035,0,0,1,408029.476
7189.25142,0,0,1,408360.1035,0,0,1,408029.476
7190.25142,0,0,1,408360.1035,0,0,1,408029.476
7191.25142,0,0,1,408360.1035,0,0,1,408029.476
7192.25142,0,0,1,408360.1035,0,0,1,408029.476
7193.25142,0,0,1,408360.1035,0,0,1,408029.476
7194.25142,0,0,1,408360.1035,0,0,1,408029.476
7195.25142,0,0,1,408360.1035,0,0,1,408029.476
7196.25142,0,0,1,408360.1035,0,0,1,408029.476
7197.25142,0,0,1,408360.1035,0,0,1,408029.476
7198.25142,0,0,1,408360.1035,0,0,1,408029.476
7199.25142,0,0,1,408360.1035,0,0,1,408029.476
7200.25142,0,0,1,408360.1035,0,0,1,408029.476
7201.25142,0,0,1,408360.1035,0,0,1,408029.476
7202.25142,0,0,1,408360.1035,0,0,1,408029.476
7203.25142,0,0,1,408360.1035,0,0,0,0
7204.25142,0,0,1,408360.1035,0,0,0,0
7205.25142,0,0,1,408360.1035,0,0,0,0
7206.25142,0,0,1,408360.1035,0,0,0,0
7207.25142,0,0,1,408360.1035,0,0,0,0
7208.25142,0,0,1,408360.1035,0,0,0,0
7209.25142,0,0,1,408360.1035,0,0,0,0
7210.25142,0,0,1,408360.1035,0,0,0,0
7211.25142,0,0,1,408360.1035,0,0,0,0
7212.25142,0,0,1,408360.1035,0,0,0,0
7213.25142,0,0,1,408360.1035,0,0,0,0
7214.25142,0,0,1,408360.1035,0,0,0,0
7215.25142,0,0,1,408360.1035,0,0,0,0
7216.25142,0,0,1,408360.1035,0,0,0,0
7217.25142,0,0,1,408360.1035,0,0,0,0
7218.25142,0,0,1,408360.1035,0,0,0,0
7219.25142,0,0,1,408360.1035,0,0,0,0
7220.25142,0,0,1,408360.1035,0,0,0,0
7221.25142,0,0,1,408360.1035,0,0,0,0
7222.25142,0,0,1,408360.1035,0,0,0,0
7223.25142,0,0,1,408360.1035,0,0,0,0
7224.25142,0,0,1,408360.1035,0,0,0,0
7225.25142,0,0,1,408360.1035,0,0,0,0
7226.25142,0,0,1,408360.1035,0,0,0,0
7227.25142,0,0,1,408360.1035,0,0,0,0
7228.25142,0,0,1,408360.1035,0,0,0,0
7229.25142,0,0,1,408360.1035,0,0,0,0
7230.25142,0,0,1,408360.1035,0,0,0,0
7231.25142,0,0,1,408360.1035,0,0,0,0
7232.25142,0,0,1,408360.1035,0,0,0,0
7233.25142,0,0,1,408360.1035,0,0,0,0
7234.25142,0,0,1,408360.1035,0,0,0,0
7235.25142,0,0,1,408360.1035,0,0,0,0
7236.25142,0,0,1,408360.1035,0,0,0,0
7237.25142,0,0,1,408360.1035,0,0,0,0
7238.25142,0,0,1,408360.1035,0,0,0,0
7239.25142,0,0,1,408360.1035,0,0,0,0
7240.25142,0,0,1,408360.1035,0,0,0,0
7241.25142,0,0,1,408360.1035,0,0,0,0
7242.25142,0,0,1,408360.1035,0,0,0,0
7243.25142,0,0,1,408360.1035,0,0,0,0
7244.25142,0,0,1,408360.1035,0,0,0,0
7245.25142,0,0,1,408360.1035,0,0,0,0
7246.25142,0,0,1,408360.1035,0,0,0,0
7247.25142,0,0,1,408360.1035,0,0,0,0
7248.25142,0,0,1,408360.1035,0,0,0,0
7249.25142,0,0,1,408360.1035,0,0,0,0
7250.25142,0,0,1,408360.1035,0,0,0,0
7251.25142,0,0,1,408360.1035,0,0,0,0
7252.25142,0,0,1,408360.1035,0,0,0,0
7253.25142,0,0,1,408360.1035,0,0,0,0
7254.25142,0,0,1,408360.1035,0,0,0,0
7255.25142,0,0,1,408360.1035,0,0,0,0
7256.25142,0,0,1,408360.1035,0,0,0,0
7257.25142,0,0,1,408360.1035,0,0,0,0
7258.25142,0,0,1,408360.1035,0,0,0,0
7259.25142,0,0,1,408360.1035,0,0,0,0
7260.25142,0,0,1,408360.1035,0,0,0,0
7261.25142,0,0,1,408360.1035,0,0,0,0
7262.25142,0,0,1,408360.1035,0,0,0,0
7263.25142,0,0,1,408360.1035,0,0,0,0
7264.25142,0,0,1,408360.1035,0,0,0,0
7265.25142,0,0,1,408360.1035,0,0,0,0
7266.25142,0,0,1,408360.1035,0,0,0,0
7267.25142,0,0,1,408360.1035,0,0,0,0
7268.25142,0,0,1,408360.1035,0,0,0,0
7269.25142,0,0,1,408360.1035,0,0,0,0
7270.25142,0,0,1,408360.1035,0,0,0,0
7271.25142,0,0,1,408360.1035,0,0,0,0
7272.25142,0,0,1,408360.1035,0,0,0,0
7273.25142,0,0,1,408360.1035,0,0,0,0
7274.25142,0,0,1,408360.1035,0,0,0,0
7275.25142,0,0,1,408360.1035,0,0,0,0
7276.25142,0,0,1,408360.1035,0,0,0,0
7277.25142,0,0,1,408360.1035,0,0,0,0
7278.25142,0,0,1,408360.1035,0,0,0,0
7279.25142,0,0,1,408360.1035,0,0,0,0
7280.25142,0,0,1,408360.1035,0,0,0,0
7281.25142,0,0,1,408360.1035,0,0,0,0
7282.25142,0,0,1,408360.1035,0,0,0,0
7283.25142,0,0,1,408360.1035,0,0,0,0
7284.25142,0,0,1,408360.1035,0,0,0,0
7285.25142,0,0,1,408360.1035,0,0,0,0
7286.25142,0,0,1,408360.1035,0,0,0,0
7287.25142,0,0,1,408360.1035,0,0,0,0
7288.25142,0,0,1,408360.1035,0,0,0,0
7289.25142,0,0,1,408360.1035,0,0,0,0
7290.25142,0,0,1,408360.1035,0,0,0,0
7291.25142,0,0,1,408360.1035,0,0,0,0
7292.25142,0,0,1,408360.1035,0,0,0,0
7293.25142,0,0,1,408360.1035,0,0,0,0
7294.25142,0,0,1,408360.1035,0,0,0,0
7295.25142,0,0,1,408360.1035,0,0,0,0
7296.25142,0,0,1,408360.1035,0,0,0,0
7297.25142,0,0,1,408360.1035,0,0,0,0
7298.25142,0,0,1,408360.1035,0,0,0,0
7299.25142,0,0,1,408360.1035,0,0,0,0
7300.25142,0,0,1,408360.1035,0,0,0,0
7301.25142,0,0,1,408360.1035,0,0,0,0
7302.25142,0,0,1,408360.1035,0,0,0,0
7303.25142,0,0,1,408360.1035,0,0,0,0
7304.25142,0,0,1,408360.1035,0,0,0,0
7305.25142,0,0,1,408360.1035,0,0,0,0
7306.25142,0,0,1,408360.1035,0,0,0,0
7307.25142,0,0,1,408360.1035,0,0,0,0
7308.25142,0,0,1,408360.1035,0,0,0,0
7309.25142,0,0,1,408360.1035,0,0,0,0
7310.25142,0,0,1,408360.1035,0,0,0,0
7311.25142,0,0,1,408360.1035,0,0,0,0
7312.25142,0,0,1,408360.1035,0,0,0,0
7313.25142,0,0,1,408360.1035,0,0,0,0
7314.25142,0,0,1,408360.1035,0,0,0,0
7315.25142,0,0,1,408360.1035,0,0,0,0
7316.25142,0,0,1,408360.1035,0,0,0,0
7317.25142,0,0,1,408360.1035,0,0,0,0
7318.25142,0,0,1,408360.1035,0,0,0,0
7319.25142,0,0,1,408360.1035,0,0,0,0
7320.25142,0,0,1,408360.1035,0,0,0,0
7321.25142,0,0,1,408360.1035,0,0,0,0
7322.25142,0,0,1,408360.1035,0,0,0,0
7323.25142,0,0,1,408360.1035,0,0,0,0
7324.25142,0,0,1,408360.1035,0,0,0,0
7325.25142,0,0,1,408360.1035,0,0,0,0
7326.25142,0,0,1,408360.1035,0,0,0,0
7327.25142,0,0,1,408360.1035,0,0,0,0
7328.25142,0,0,1,408360.1035,0,0,0,0
7329.25142,0,0,1,408360.1035,0,0,0,0
7330.25142,0,0,1,408360.1035,0,0,0,0
7331.25142,0,0,1,408360.1035,0,0,0,0
7332.25142,0,0,1,408360.1035,0,0,0,0
7333.25142,0,0,1,408360.1035,0,0,0,0
7334.25142,0,0,1,408360.1035,0,0,0,0
7335.25142,0,0,1,408360.1035,0,0,0,0
7336.25142,0,0,1,408360.1035,0,0,0,0
7337.25142,0,0,1,408360.1035,0,0,0,0
7338.25142,0,0,1,408360.1035,0,0,0,0
7339.25142,0,0,1,408360.1035,0,0,0,0
7340.25142,0,0,1,408360.1035,0,0,0,0
7341.25142,0,0,1,408360.1035,0,0,0,0
7342.25142,0,0,1,408360.1035,0,0,0,0
7343.25142,0,0,1,408360.1035,0,0,0,0
7344.25142,0,0,1,408360.1035,0,0,0,0
7345.25142,0,0,1,408360.1035,0,0,0,0
7346.25142,0,0,1,408360.1035,0,0,0,0
7347.25142,0,0,1,408360.1035,0,0,0,0
7348.25142,0,0,1,408360.1035,0,0,0,0
7349.25142,0,0,1,408360.1035,0,0,0,0
7350.25142,0,0,1,408360.1035,0,0,0,0
7351.25142,0,0,1,408360.1035,0,0,0,0
7352.25142,0,0,1,408360.1035,0,0,0,0
7353.25142,0,0,1,408360.1035,0,0,0,0
7354.25142,0,0,1,408360.1035,0,0,0,0
7355.25142,0,0,1,408360.1035,0,0,0,0
7356.25142,0,0,1,408360.1035,0,0,0,0
7357.25142,0,0,1,408360.1035,0,0,0,0
7358.25142,0,0,1,408360.1035,0,0,0,0
7359.25142,0,0,1,408360.1035,0,0,0,0
7360.25142,0,0,1,408360.1035,0,0,0,0
7361.25142,0,0,1,408360.1035,0,0,0,0
7362.25142,0,0,1,408360.1035,0,0,0,0
7363.25142,0,0,1,408360.1035,0,0,0,0
7364.25142,0,0,1,408360.1035,0,0,0,0
7365.25142,0,0,1,408360.1035,0,0,0,0
7366.25142,0,0,1,408360.1035,0,0,0,0
7367.25142,0,0,1,408360.1035,0,0,0,0
7368.25142,0,0,1,408360.1035,0,0,0,0
7369.25142,0,0,1,408360.1035,0,0,0,0
7370.25142,0,0,1,408360.1035,0,0,0,0
7371.25142,0,0,1,408360.1035,0,0,0,0
7372.25142,0,0,1,408360.1035,0,0,0,0
7373.25142,0,0,1,408360.1035,0,0,0,0
7374.25142,0,0,1,408360.1035,0,0,0,0
7375.25142,0,0,1,408360.1035,0,0,0,0
7376.25142,0,0,1,408360.1035,0,0,0,0
7377.25142,0,0,1,408360.1035,0,0,0,0
7378.25142,0,0,1,408360.1035,0,0,0,0
7379.25142,0,0,1,408360.1035,0,0,0,0
7380.25142,0,0,1,408360.1035,0,0,0,0
7381.25142,0,0,1,408360.1035,0,0,0,0
7382.25142,0,0,1,408360.1035,0,0,0,0
7383.25142,0,0,1,408360.1035,0,0,0,0
7384.25142,0,0,1,408360.1035,0,0,0,0
7385.25142,0,0,1,408360.1035,0,0,0,0
7386.25142,0,0,1,408360.1035,0,0,0,0
7387.25142,0,0,1,408360.1035,0,0,0,0
7388.25142,0,0,1,408360.1035,0,0,0,0
7389.25142,0,0,1,408360.1035,0,0,0,0
7390.25142,0,0,1,408360.1035,0,0,0,0
7391.25142,0,0,1,408360.1035,0,0,0,0
7392.25142,0,0,1,408360.1035,0,0,0,0
7393.25142,0,0,1,408360.1035,0,0,0,0
7394.25142,0,0,1,408360.1035,0,0,0,0
7395.25142,0,0,1,408360.1035,0,0,0,0
7396.25142,0,0,1,408360.1035,0,0,0,0
7397.25142,0,0,1,408360.1035,0,0,0,0
7398.25142,0,0,1,408360.1035,0,0,0,0
7399.25142,0,0,1,408360.1035,0,0,0,0
7400.25142,0,0,1,408360.1035,0,0,0,0
7401.25142,0,0,1,408360.1035,0,0,0,0
7402.25142,0,0,1,408360.1035,0,0,0,0
7403.25142,0,0,1,408360.1035,0,0,0,0
7404.25142,0,0,1,408360.1035,0,0,0,0
7405.25142,0,0,1,408360.1035,0,0,0,0
7406.25142,0,0,1,408360.1035,0,0,0,0
7407.25142,0,0,1,408360.1035,0,0,0,0
7408.25142,0,0,1,408360.1035,0,0,0,0
7409.25142,0,0,1,408360.1035,0,0,0,0
7410.25142,0,0,1,408360.1035,0,0,0,0
7411.25142,0,0,1,408360.1035,0,0,0,0
7412.25142,0,0,1,408360.1035,0,0,0,0
7413.25142,0,0,1,408360.1035,0,0,0,0
7414.25142,0,0,1,408360.1035,0,0,0,0
7415.25142,0,0,1,408360.1035,0,0,0,0
7416.25142,0,0,1,408360.1035,0,0,0,0
7417.25142,0,0,1,408360.1035,0,0,0,0
7418.25142,0,0,1,408360.1035,0,0,0,0
7419.25142,0,0,1,408360.1035,0,0,0,0
7420.25142,0,0,1,408360.1035,0,0,0,0
7421.25142,0,0,1,408360.1035,0,0,0,0
7422.25142,0,0,1,408360.1035,0,0,0,0
7423.25142,0,0,1,408360.1035,0,0,0,0
7424.25142,0,0,1,408360.1035,0,0,0,0
7425.25142,0,0,1,408360.1035,0,0,0,0
7426.25142,0,0,1,408360.1035,0,0,0,0
7427.25142,0,0,1,408360.1035,0,0,0,0
7428.25142,0,0,1,408360.1035,0,0,0,0
7429.25142,0,0,1,408360.1035,0,0,0,0
7430.25142,0,0,1,408360.1035,0,0,0,0
7431.25142,0,0,1,408360.1035,0,0,0,0
7432.25142,0,0,1,408360.1035,0,0,0,0
7433.25142,0,0,1,408360.1035,0,0,0,0
7434.25142,0,0,1,408360.1035,0,0,0,0
7435.25142,0,0,1,408360.1035,0,0,0,0
7436.25142,1,403262.4805,1,408360.1035,0,0,0,0
7437.25142,1,403262.4805,1,408360.1035,0,0,0,0
7438.25142,1,403262.4805,1,408360.1035,0,0,0,0
7439.25142,1,403262.4805,1,408360.1035,0,0,0,0
7440.25142,1,403262.4805,1,408360.1035,0,0,0,0
7441.25142,1,403262.4805,1,408360.1035,0,0,0,0
7442.25142,1,403262.4805,1,408360.1035,0,0,0,0
7443.25142,1,403262.4805,1,408360.1035,0,0,0,0
7444.25142,1,403262.4805,1,408360.1035,0,0,0,0
7445.25142,1,403262.4805,1,408360.1035,0,0,0,0
7446.25142,1,403262.4805,1,408360.1035,0,0,0,0
7447.25142,1,403262.4805,1,408360.1035,0,0,0,0
7448.25142,1,403262.4805,1,408360.1035,0,0,0,0
7449.25142,1,403262.4805,1,408360.1035,0,0,0,0
7450.25142,1,403262.4805,1,408360.1035,0,0,0,0
7451.25142,1,403262.4805,1,408360.1035,0,0,0,0
7452.25142,1,403262.4805,1,408360.1035,0,0,0,0
7453.25142,1,403262.4805,1,408360.1035,0,0,0,0
7454.25142,1,403262.4805,1,408360.1035,0,0,0,0
7455.25142,1,403262.4805,1,408360.1035,0,0,0,0
7456.25142,1,403262.4805,1,408360.1035,0,0,0,0
7457.25142,1,403262.4805,1,408360.1035,0,0,0,0
7458.25142,1,403262.4805,1,408360.1035,0,0,0,0
7459.25142,1,403262.4805,1,408360.1035,0,0,0,0
7460.25142,1,403262.4805,1,408360.1035,0,0,0,0
7461.25142,1,403262.4805,1,408360.1035,0,0,0,0
7462.25142,1,403262.4805,1,408360.1035,0,0,0,0
7463.25142,1,403262.4805,1,408360.1035,0,0,0,0
7464.25142,1,403262.4805,1,408360.1035,0,0,0,0
7465.25142,1,403262.4805,1,408360.1035,0,0,0,0
7466.25142,1,403262.4805,1,408360.1035,0,0,0,0
7467.25142,1,403262.4805,1,408360.1035,0,0,0,0
7468.25142,1,403262.4805,1,408360.1035,0,0,0,0
7469.25142,1,403262.4805,1,408360.1035,0,0,0,0
7470.25142,1,403262.4805,1,408360.1035,0,0,0,0
7471.25142,1,403262.4805,1,408360.1035,0,0,0,0
7472.25142,1,403262.4805,1,408360.1035,0,0,0,0
7473.25142,1,403262.4805,1,408360.1035,0,0,0,0
7474.25142,1,403262.4805,1,408360.1035,0,0,0,0
7475.25142,1,403262.4805,1,408360.1035,0,0,0,0
7476.25142,1,403262.4805,1,408360.1035,0,0,0,0
7477.25142,1,403262.4805,1,408360.1035,0,0,0,0
7478.25142,1,403262.4805,1,408360.1035,0,0,0,0
7479.25142,1,403262.4805,1,408360.1035,0,0,0,0
7480.25142,1,403262.4805,1,408360.1035,0,0,0,0
7481.25142,1,403262.4805,1,408360.1035,0,0,0,0
7482.25142,1,403262.4805,1,408360.1035,0,0,0,0
7483.25142,1,403262.4805,1,408360.1035,0,0,0,0
7484.25142,1,403262.4805,1,408360.1035,0,0,0,0
7485.25142,1,403262.4805,1,408360.1035,0,0,0,0
7486.25142,1,403262.4805,1,408360.1035,0,0,0,0
7487.25142,1,403262.4805,1,408360.1035,0,0,0,0
7488.25142,1,403262.4805,1,408360.1035,0,0,0,0
7489.25142,1,403262.4805,1,408360.1035,0,0,0,0
7490.25142,1,403262.4805,1,408360.1035,0,0,0,0
7491.25142,1,403262.4805,1,408360.1035,0,0,0,0
7492.25142,1,403262.4805,1,408360.1035,0,0,0,0
7493.25142,1,403262.4805,1,408360.1035,0,0,0,0
7494.25142,1,403262.4805,1,408360.1035,0,0,0,0
7495.25142,1,403262.4805,1,408360.1035,0,0,0,0
7496.25142,1,403262.4805,1,408360.1035,0,0,0,0
7497.25142,1,403262.4805,1,408360.1035,0,0,0,0
7498.25142,1,403262.4805,1,408360.1035,0,0,0,0
7499.25142,1,403262.4805,1,408360.1035,0,0,0,0
7500.25142,1,403262.4805,1,408360.1035,0,0,0,0
7501.25142,1,403262.4805,1,408360.1035,0,0,0,0
7502.25142,1,403262.4805,1,408360.1035,0,0,0,0
7503.25142,1,403262.4805,1,408360.1035,0,0,0,0
7504.25142,1,403262.4805,1,408360.1035,0,0,0,0
7505.25142,1,403262.4805,1,408360.1035,0,0,0,0
7506.25142,1,403262.4805,1,408360.1035,0,0,0,0
7507.25142,1,403262.4805,1,408360.1035,0,0,0,0
7508.25142,1,403262.4805,1,408360.1035,0,0,0,0
7509.25142,1,403262.4805,1,408360.1035,0,0,0,0
7510.25142,1,403262.4805,1,408360.1035,0,0,0,0
7511.25142,1,403262.4805,1,408360.1035,0,0,0,0
7512.25142,1,403262.4805,1,408360.1035,0,0,0,0
7513.25142,1,403262.4805,1,408360.1035,0,0,0,0
7514.25142,1,403262.4805,1,408360.1035,0,0,0,0
7515.25142,1,403262.4805,1,408360.1035,0,0,0,0
7516.25142,1,403262.4805,1,408360.1035,0,0,0,0
7517.25142,1,403262.4805,1,408360.1035,0,0,0,0
7518.25142,1,403262.4805,1,408360.1035,0,0,0,0
7519.25142,1,403262.4805,1,408360.1035,0,0,0,0
7520.25142,1,403262.4805,1,408360.1035,0,0,0,0
7521.25142,1,403262.4805,1,408360.1035,0,0,0,0
7522.25142,1,403262.4805,1,408360.1035,0,0,0,0
7523.25142,1,403262.4805,1,408360.1035,0,0,0,0
7524.25142,1,403262.4805,1,408360.1035,0,0,0,0
7525.25142,1,403262.4805,1,408360.1035,0,0,0,0
7526.25142,1,403262.4805,1,408360.1035,0,0,0,0
7527.25142,1,403262.4805,1,408360.1035,0,0,0,0
7528.25142,1,403262.4805,1,408360.1035,0,0,0,0
7529.25142,1,403262.4805,1,408360.1035,0,0,0,0
7530.25142,1,403262.4805,1,408360.1035,0,0,0,0
7531.25142,1,403262.4805,1,408360.1035,0,0,0,0
7532.25142,1,403262.4805,1,408360.1035,0,0,0,0
7533.25142,1,403262.4805,1,408360.1035,0,0,0,0
7534.25142,1,403262.4805,1,408360.1035,0,0,0,0
7535.25142,1,403262.4805,1,408360.1035,0,0,0,0
7536.25142,1,403262.4805,1,408360.1035,0,0,0,0
7537.25142,1,403262.4805,1,408360.1035,0,0,0,0
7538.25142,1,403262.4805,1,408360.1035,0,0,0,0
7539.25142,1,403262.4805,1,408360.1035,0,0,0,0
7540.25142,1,403262.4805,1,408360.1035,0,0,0,0
7541.25142,1,403262.4805,1,408360.1035,0,0,0,0
7542.25142,1,403262.4805,1,408360.1035,0,0,0,0
7543.25142,1,403262.4805,1,408360.1035,0,0,0,0
7544.25142,1,403262.4805,1,408360.1035,0,0,0,0
7545.25142,1,403262.4805,1,408360.1035,0,0,0,0
7546.25142,1,403262.4805,1,408360.1035,0,0,0,0
7547.25142,1,403262.4805,1,408360.1035,0,0,0,0
7548.25142,1,403262.4805,1,408360.1035,0,0,0,0
7549.25142,1,403262.4805,1,408360.1035,0,0,0,0
7550.25142,1,403262.4805,1,408360.1035,0,0,0,0
7551.25142,1,403262.4805,1,408360.1035,0,0,0,0
7552.25142,1,403262.4805,1,408360.1035,0,0,0,0
7553.25142,1,403262.4805,1,408360.1035,0,0,0,0
7554.25142,1,403262.4805,1,408360.1035,0,0,0,0
7555.25142,1,403262.4805,1,408360.1035,0,0,0,0
7556.25142,1,403262.4805,1,408360.1035,0,0,0,0
7557.25142,1,403262.4805,1,408360.1035,0,0,0,0
7558.25142,1,403262.4805,1,408360.1035,0,0,0,0
7559.25142,1,403262.4805,1,408360.1035,0,0,0,0
7560.25142,1,403262.4805,1,408360.1035,0,0,0,0
7561.25142,1,403262.4805,1,408360.1035,0,0,0,0
7562.25142,1,403262.4805,1,408360.1035,0,0,0,0
7563.25142,1,403262.4805,1,408360.1035,0,0,0,0
7564.25142,1,403262.4805,1,408360.1035,0,0,0,0
7565.25142,1,403262.4805,1,408360.1035,0,0,0,0
7566.25142,1,403262.4805,1,408360.1035,0,0,0,0
7567.25142,1,403262.4805,1,408360.1035,0,0,0,0
7568.25142,1,403262.4805,1,408360.1035,0,0,0,0
7569.25142,1,403262.4805,1,408360.1035,0,0,0,0
7570.25142,1,403262.4805,1,408360.1035,0,0,0,0
7571.25142,1,403262.4805,1,408360.1035,0,0,0,0
7572.25142,1,403262.4805,1,408360.1035,0,0,0,0
7573.25142,1,403262.4805,1,408360.1035,0,0,0,0
7574.25142,1,403262.4805,1,408360.1035,0,0,0,0
7575.25142,1,403262.4805,1,408360.1035,0,0,0,0
7576.25142,1,403262.4805,1,408360.1035,0,0,0,0
7577.25142,1,403262.4805,1,408360.1035,0,0,0,0
7578.25142,1,403262.4805,1,408360.1035,0,0,0,0
7579.25142,1,403262.4805,1,408360.1035,0,0,0,0
7580.25142,1,403262.4805,1,408360.1035,0,0,0,0
7581.25142,1,403262.4805,1,408360.1035,0,0,0,0
7582.25142,1,403262.4805,1,408360.1035,0,0,0,0
7583.25142,1,403262.4805,1,408360.1035,0,0,0,0
7584.25142,1,403262.4805,1,408360.1035,0,0,0,0
7585.25142,1,403262.4805,1,408360.1035,0,0,0,0
7586.25142,1,403262.4805,1,408360.1035,0,0,0,0
7587.25142,1,403262.4805,1,408360.1035,0,0,0,0
7588.25142,1,403262.4805,1,408360.1035,0,0,0,0
7589.25142,1,403262.4805,1,408360.1035,0,0,0,0
7590.25142,1,403262.4805,1,408360.1035,0,0,0,0
7591.25142,1,403262.4805,1,408360.1035,0,0,0,0
7592.25142,1,403262.4805,1,408360.1035,0,0,0,0
7593.25142,1,403262.4805,1,408360.1035,0,0,0,0
7594.25142,1,403262.4805,1,408360.1035,0,0,0,0
7595.25142,1,403262.4805,1,408360.1035,0,0,0,0
7596.25142,1,403262.4805,1,408360.1035,0,0,0,0
7597.25142,1,403262.4805,1,408360.1035,0,0,0,0
7598.25142,1,403262.4805,1,408360.1035,0,0,0,0
7599.25142,1,403262.4805,1,408360.1035,0,0,0,0
7600.25142,1,403262.4805,1,408360.1035,0,0,0,0
7601.25142,1,403262.4805,1,408360.1035,0,0,0,0
7602.25142,1,403262.4805,1,408360.1035,0,0,0,0
7603.25142,1,403262.4805,1,408360.1035,0,0,0,0
7604.25142,1,403262.4805,1,408360.1035,0,0,0,0
7605.25142,1,403262.4805,1,408360.1035,0,0,0,0
7606.25142,1,403262.4805,1,408360.1035,0,0,0,0
7607.25142,1,403262.4805,1,408360.1035,0,0,0,0
7608.25142,1,403262.4805,1,408360.1035,0,0,0,0
7609.25142,1,403262.4805,1,408360.1035,0,0,0,0
7610.25142,1,403262.4805,1,408360.1035,0,0,0,0
7611.25142,1,403262.4805,1,408360.1035,0,0,0,0
7612.25142,1,403262.4805,1,408360.1035,0,0,0,0
7613.25142,1,403262.4805,1,408360.1035,0,0,0,0
7614.25142,1,403262.4805,1,408360.1035,0,0,0,0
7615.25142,1,403262.4805,1,408360.1035,0,0,0,0
7616.25142,1,403262.4805,1,408360.1035,0,0,0,0
7617.25142,1,403262.4805,1,408360.1035,0,0,0,0
7618.25142,1,403262.4805,1,408360.1035,0,0,0,0
7619.25142,1,403262.4805,1,408360.1035,0,0,0,0
7620.25142,1,403262.4805,1,408360.1035,0,0,0,0
7621.25142,1,403262.4805,1,408360.1035,0,0,0,0
7622.25142,1,403262.4805,1,408360.1035,0,0,0,0
7623.25142,1,403262.4805,1,408360.1035,1,397862.1883,0,0
7624.25142,1,403262.4805,1,408360.1035,1,397862.1883,0,0
7625.25142,1,403262.4805,1,408360.1035,1,397862.1883,0,0
7626.25142,1,403262.4805,1,408360.1035,1,397862.1883,0,0
7627.25142,1,403262.4805,1,408360.1035,1,397862.1883,0,0
7628.25142,1,403262.4805,1,408360.1035,1,397862.1883,0,0
7629.25142,1,403262.4805,1,408360.1035,1,397862.1883,0,0
7630.25142,1,403262.4805,1,408360.1035,1,397862.1883,0,0
7631.25142,1,403262.4805,1,408360.1035,1,397862.1883,0,0
7632.25142,1,403262.4805,1,408360.1035,1,397862.1883,0,0
7633.25142,1,403262.4805,1,408360.1035,1,397862.1883,0,0
7634.25142,1,403262.4805,1,408360.1035,1,397862.1883,0,0
7635.25142,1,403262.4805,1,408360.1035,1,397862.1883,0,0
7636.25142,1,403262.4805,1,408360.1035,1,397862.1883,0,0
7637.25142,1,403262.4805,1,408360.1035,1,397862.1883,0,0
7638.25142,1,403262.4805,1,408360.1035,1,397862.1883,0,0
7639.25142,1,403262.4805,1,408360.1035,1,397862.1883,0,0
7640.25142,1,403262.4805,1,408360.1035,1,397862.1883,0,0
7641.25142,1,403262.4805,1,408360.1035,1,397862.1883,0,0
7642.25142,1,403262.4805,1,408360.1035,1,397862.1883,0,0
7643.25142,1,403262.4805,1,408360.1035,1,397862.1883,0,0
7644.25142,1,403262.4805,1,408360.1035,1,397862.1883,0,0
7645.25142,1,403262.4805,1,408360.1035,1,397862.1883,0,0
7646.25142,1,403262.4805,1,408360.1035,1,397862.1883,0,0
7647.25142,1,403262.4805,1,408360.1035,1,397862.1883,0,0
7648.25142,1,403262.4805,1,408360.1035,1,397862.1883,0,0
7649.25142,1,403262.4805,1,408360.1035,1,397862.1883,0,0
7650.25142,1,403262.4805,1,408360.1035,1,397862.1883,0,0
7651.25142,1,403262.4805,1,408360.1035,1,397862.1883,0,0
7652.25142,1,403262.4805,1,408360.1035,1,397862.1883,0,0
7653.25142,1,403262.4805,1,408360.1035,1,397862.1883,0,0
7654.25142,1,403262.4805,1,408360.1035,1,397862.1883,0,0
7655.25142,1,403262.4805,1,408360.1035,1,397862.1883,0,0
7656.25142,1,403262.4805,1,408360.1035,1,397862.1883,0,0
7657.25142,1,403262.4805,1,408360.1035,1,397862.1883,0,0
7658.25142,1,403262.4805,1,408360.1035,1,397862.1883,0,0
7659.25142,1,403262.4805,1,408360.1035,1,397862.1883,0,0
7660.25142,1,403262.4805,1,408360.1035,1,397862.1883,0,0
7661.25142,1,403262.4805,1,408360.1035,1,397862.1883,0,0
7662.25142,1,403262.4805,1,408360.1035,1,397862.1883,0,0
7663.25142,1,403262.4805,1,408360.1035,1,397862.1883,0,0
7664.25142,1,403262.4805,1,408360.1035,1,397862.1883,0,0
7665.25142,1,403262.4805,1,408360.1035,1,397862.1883,0,0
7666.25142,1,403262.4805,1,408360.1035,1,397862.1883,0,0
7667.25142,1,403262.4805,1,408360.1035,1,397862.1883,0,0
7668.25142,1,403262.4805,1,408360.1035,1,397862.1883,0,0
7669.25142,1,403262.4805,1,408360.1035,1,397862.1883,0,0
7670.25142,1,403262.4805,1,408360.1035,1,397862.1883,0,0
7671.25142,1,403262.4805,1,408360.1035,1,397862.1883,0,0
7672.25142,1,403262.4805,1,408360.1035,1,397862.1883,0,0
7673.25142,1,403262.4805,1,408360.1035,1,397862.1883,0,0
7674.25142,1,403262.4805,1,408360.1035,1,397862.1883,0,0
7675.25142,1,403262.4805,1,408360.1035,1,397862.1883,0,0
7676.25142,1,403262.4805,1,408360.1035,1,397862.1883,0,0
7677.25142,1,403262.4805,1,408360.1035,1,397862.1883,0,0
7678.25142,1,403262.4805,1,408360.1035,1,397862.1883,0,0
7679.25142,1,403262.4805,1,408360.1035,1,397862.1883,0,0
7680.25142,1,403262.4805,1,408360.1035,1,397862.1883,0,0
7681.25142,1,403262.4805,1,408360.1035,1,397862.1883,0,0
7682.25142,1,403262.4805,1,408360.1035,1,397862.1883,0,0
7683.25142,1,403262.4805,1,408360.1035,1,397862.1883,0,0
7684.25142,1,403262.4805,1,408360.1035,1,397862.1883,0,0
7685.25142,1,403262.4805,1,408360.1035,1,397862.1883,0,0
7686.25142,1,403262.4805,1,408360.1035,1,397862.1883,0,0
7687.25142,1,403262.4805,1,408360.1035,1,397862.1883,0,0
7688.25142,1,403262.4805,1,408360.1035,1,397862.1883,0,0
7689.25142,1,403262.4805,1,408360.1035,1,397862.1883,0,0
7690.25142,1,403262.4805,1,408360.1035,1,397862.1883,0,0
7691.25142,1,403262.4805,1,408360.1035,1,397862.1883,0,0
7692.25142,1,403262.4805,1,408360.1035,1,397862.1883,0,0
7693.25142,1,403262.4805,1,408360.1035,1,397862.1883,0,0
7694.25142,1,403262.4805,1,408360.1035,1,397862.1883,0,0
7695.25142,1,403262.4805,1,408360.1035,1,397862.1883,0,0
7696.25142,1,403262.4805,1,408360.1035,1,397862.1883,0,0
7697.25142,1,403262.4805,1,408360.1035,1,397862.1883,0,0
7698.25142,1,403262.4805,1,408360.1035,1,397862.1883,0,0
7699.25142,1,403262.4805,1,408360.1035,1,397862.1883,0,0
7700.25142,1,403262.4805,1,408360.1035,1,397862.1883,0,0
7701.25142,1,403262.4805,1,408360.1035,1,397862.1883,0,0
7702.25142,1,403262.4805,1,408360.1035,1,397862.1883,0,0
7703.25142,1,403262.4805,1,408360.1035,1,397862.1883,0,0
7704.25142,1,403262.4805,1,408360.1035,1,397862.1883,0,0
7705.25142,1,403262.4805,1,408360.1035,1,397862.1883,0,0
7706.25142,1,403262.4805,1,408360.1035,1,397862.1883,0,0
7707.25142,1,403262.4805,1,408360.1035,1,397862.1883,0,0
7708.25142,1,403262.4805,1,408360.1035,1,397862.1883,0,0
7709.25142,1,403262.4805,1,408360.1035,1,397862.1883,0,0
7710.25142,1,403262.4805,1,408360.1035,1,397862.1883,0,0
7711.25142,1,403262.4805,1,408360.1035,1,397862.1883,0,0
7712.25142,1,403262.4805,1,408360.1035,1,397862.1883,0,0
7713.25142,1,403262.4805,1,408360.1035,1,397862.1883,0,0
7714.25142,1,403262.4805,1,408360.1035,1,397862.1883,0,0
7715.25142,1,403262.4805,1,408360.1035,1,397862.1883,0,0
7716.25142,1,403262.4805,1,408360.1035,1,397862.1883,0,0
7717.25142,1,403262.4805,1,408360.1035,1,397862.1883,0,0
7718.25142,1,403262.4805,1,408360.1035,1,397862.1883,0,0
7719.25142,1,403262.4805,1,408360.1035,1,397862.1883,0,0
7720.25142,1,403262.4805,1,408360.1035,1,397862.1883,0,0
7721.25142,1,403262.4805,1,408360.1035,1,397862.1883,0,0
7722.25142,1,403262.4805,1,408360.1035,1,397862.1883,0,0
7723.25142,1,403262.4805,1,408360.1035,1,397862.1883,0,0
7724.25142,1,403262.4805,1,408360.1035,1,397862.1883,0,0
7725.25142,1,403262.4805,1,408360.1035,1,397862.1883,0,0
7726.25142,1,403262.4805,1,408360.1035,1,397862.1883,0,0
7727.25142,1,403262.4805,1,408360.1035,1,397862.1883,0,0
7728.25142,1,403262.4805,1,408360.1035,1,397862.1883,0,0
7729.25142,1,403262.4805,1,408360.1035,1,397862.1883,0,0
7730.25142,1,403262.4805,1,408360.1035,1,397862.1883,0,0
7731.25142,1,403262.4805,1,408360.1035,1,397862.1883,0,0
7732.25142,1,403262.4805,1,408360.1035,1,397862.1883,0,0
7733.25142,1,403262.4805,1,408360.1035,1,397862.1883,0,0
7734.25142,1,403262.4805,1,408360.1035,1,397862.1883,0,0
7735.25142,1,403262.4805,1,408360.1035,1,397862.1883,0,0
7736.25142,1,403262.4805,1,408360.1035,1,397862.1883,0,0
7737.25142,1,403262.4805,1,408360.1035,1,397862.1883,0,0
7738.25142,1,403262.4805,1,408360.1035,1,397862.1883,0,0
7739.25142,1,403262.4805,1,408360.1035,1,397862.1883,0,0
7740.25142,1,403262.4805,1,408360.1035,1,397862.1883,0,0
7741.25142,1,403262.4805,1,408360.1035,1,397862.1883,0,0
7742.25142,1,403262.4805,1,408360.1035,1,397862.1883,0,0
7743.25142,1,403262.4805,1,408360.1035,1,397862.1883,0,0
7744.25142,1,403262.4805,1,408360.1035,1,397862.1883,0,0
7745.25142,1,403262.4805,1,408360.1035,1,397862.1883,0,0
7746.25142,1,403262.4805,0,0,1,397862.1883,0,0
7747.25142,1,403262.4805,0,0,1,397862.1883,0,0
7748.25142,1,403262.4805,0,0,1,397862.1883,0,0
7749.25142,1,403262.4805,0,0,1,397862.1883,0,0
7750.25142,1,403262.4805,0,0,1,397862.1883,0,0
7751.25142,1,403262.4805,0,0,1,397862.1883,0,0
7752.25142,1,403262.4805,0,0,1,397862.1883,0,0
7753.25142,1,403262.4805,0,0,1,397862.1883,0,0
7754.25142,1,403262.4805,0,0,1,397862.1883,0,0
7755.25142,1,403262.4805,0,0,1,397862.1883,0,0
7756.25142,1,403262.4805,0,0,1,397862.1883,0,0
7757.25142,1,403262.4805,0,0,1,397862.1883,0,0
7758.25142,1,403262.4805,0,0,1,397862.1883,0,0
7759.25142,1,403262.4805,0,0,1,397862.1883,0,0
7760.25142,1,403262.4805,0,0,1,397862.1883,0,0
7761.25142,1,403262.4805,0,0,1,397862.1883,0,0
7762.25142,1,403262.4805,0,0,1,397862.1883,0,0
7763.25142,1,403262.4805,0,0,1,397862.1883,0,0
7764.25142,1,403262.4805,0,0,1,397862.1883,0,0
7765.25142,1,403262.4805,0,0,1,397862.1883,0,0
7766.25142,1,403262.4805,0,0,1,397862.1883,0,0
7767.25142,1,403262.4805,0,0,1,397862.1883,0,0
7768.25142,1,403262.4805,0,0,1,397862.1883,0,0
7769.25142,1,403262.4805,0,0,1,397862.1883,0,0
7770.25142,1,403262.4805,0,0,1,397862.1883,0,0
7771.25142,1,403262.4805,0,0,1,397862.1883,0,0
7772.25142,1,403262.4805,0,0,1,397862.1883,0,0
7773.25142,1,403262.4805,0,0,1,397862.1883,0,0
7774.25142,1,403262.4805,0,0,1,397862.1883,0,0
7775.25142,1,403262.4805,0,0,1,397862.1883,0,0
7776.25142,1,403262.4805,0,0,1,397862.1883,0,0
7777.25142,1,403262.4805,0,0,1,397862.1883,0,0
7778.25142,1,403262.4805,0,0,1,397862.1883,0,0
7779.25142,1,403262.4805,0,0,1,397862.1883,0,0
7780.25142,1,403262.4805,0,0,1,397862.1883,0,0
7781.25142,1,403262.4805,0,0,1,397862.1883,0,0
7782.25142,1,403262.4805,0,0,1,397862.1883,0,0
7783.25142,1,403262.4805,0,0,1,397862.1883,0,0
7784.25142,1,403262.4805,0,0,1,397862.1883,0,0
7785.25142,1,403262.4805,0,0,1,397862.1883,0,0
7786.25142,1,403262.4805,0,0,1,397862.1883,0,0
7787.25142,1,403262.4805,0,0,1,397862.1883,0,0
7788.25142,1,403262.4805,0,0,1,397862.1883,0,0
7789.25142,1,403262.4805,0,0,1,397862.1883,0,0
7790.25142,1,403262.4805,0,0,1,397862.1883,0,0
7791.25142,1,403262.4805,0,0,1,397862.1883,0,0
7792.25142,1,403262.4805,0,0,1,397862.1883,0,0
7793.25142,1,403262.4805,0,0,1,397862.1883,0,0
7794.25142,1,403262.4805,0,0,1,397862.1883,0,0
7795.25142,1,403262.4805,0,0,1,397862.1883,0,0
7796.25142,1,403262.4805,0,0,1,397862.1883,0,0
7797.25142,1,403262.4805,0,0,1,397862.1883,0,0
7798.25142,1,403262.4805,0,0,1,397862.1883,0,0
7799.25142,1,403262.4805,0,0,1,397862.1883,0,0
7800.25142,1,403262.4805,0,0,1,397862.1883,0,0
7801.25142,1,403262.4805,0,0,1,397862.1883,0,0
7802.25142,1,403262.4805,0,0,1,397862.1883,0,0
7803.25142,1,403262.4805,0,0,1,397862.1883,0,0
7804.25142,1,403262.4805,0,0,1,397862.1883,0,0
7805.25142,1,403262.4805,0,0,1,397862.1883,0,0
7806.25142,1,403262.4805,0,0,1,397862.1883,0,0
7807.25142,1,403262.4805,0,0,1,397862.1883,0,0
7808.25142,1,403262.4805,0,0,1,397862.1883,0,0
7809.25142,1,403262.4805,0,0,1,397862.1883,0,0
7810.25142,1,403262.4805,0,0,1,397862.1883,0,0
7811.25142,1,403262.4805,0,0,1,397862.1883,0,0
7812.25142,1,403262.4805,0,0,1,397862.1883,0,0
7813.25142,1,403262.4805,0,0,1,397862.1883,0,0
7814.25142,1,403262.4805,0,0,1,397862.1883,0,0
7815.25142,1,403262.4805,0,0,1,397862.1883,0,0
7816.25142,1,403262.4805,0,0,1,397862.1883,0,0
7817.25142,1,403262.4805,0,0,1,397862.1883,0,0
7818.25142,1,403262.4805,0,0,1,397862.1883,0,0
7819.25142,1,403262.4805,0,0,1,397862.1883,0,0
7820.25142,1,403262.4805,0,0,1,397862.1883,0,0
7821.25142,1,403262.4805,0,0,1,397862.1883,0,0
7822.25142,1,403262.4805,0,0,1,397862.1883,0,0
7823.25142,1,403262.4805,0,0,1,397862.1883,0,0
7824.25142,1,403262.4805,0,0,1,397862.1883,0,0
7825.25142,1,403262.4805,0,0,1,397862.1883,0,0
7826.25142,1,403262.4805,0,0,1,397862.1883,0,0
7827.25142,1,403262.4805,0,0,1,397862.1883,0,0
7828.25142,1,403262.4805,0,0,1,397862.1883,0,0
7829.25142,1,403262.4805,0,0,1,397862.1883,0,0
7830.25142,1,403262.4805,0,0,1,397862.1883,0,0
7831.25142,1,403262.4805,0,0,1,397862.1883,0,0
7832.25142,1,403262.4805,0,0,1,397862.1883,0,0
7833.25142,1,403262.4805,0,0,1,397862.1883,0,0
7834.25142,1,403262.4805,0,0,1,397862.1883,0,0
7835.25142,1,403262.4805,0,0,1,397862.1883,0,0
7836.25142,1,403262.4805,0,0,1,397862.1883,0,0
7837.25142,1,403262.4805,0,0,1,397862.1883,0,0
7838.25142,1,403262.4805,0,0,1,397862.1883,0,0
7839.25142,1,403262.4805,0,0,1,397862.1883,0,0
7840.25142,1,403262.4805,0,0,1,397862.1883,0,0
7841.25142,1,403262.4805,0,0,1,397862.1883,0,0
7842.25142,1,403262.4805,0,0,1,397862.1883,0,0
7843.25142,1,403262.4805,0,0,1,397862.1883,0,0
7844.25142,1,403262.4805,0,0,1,397862.1883,0,0
7845.25142,1,403262.4805,0,0,1,397862.1883,0,0
7846.25142,1,403262.4805,0,0,1,397862.1883,0,0
7847.25142,1,403262.4805,0,0,1,397862.1883,0,0
7848.25142,1,403262.4805,0,0,1,397862.1883,0,0
7849.25142,1,403262.4805,0,0,1,397862.1883,0,0
7850.25142,1,403262.4805,0,0,1,397862.1883,0,0
7851.25142,1,403262.4805,0,0,1,397862.1883,0,0
7852.25142,1,403262.4805,0,0,1,397862.1883,0,0
7853.25142,1,403262.4805,0,0,1,397862.1883,0,0
7854.25142,1,403262.4805,0,0,1,397862.1883,0,0
7855.25142,1,403262.4805,0,0,1,397862.1883,0,0
7856.25142,1,403262.4805,0,0,1,397862.1883,0,0
7857.25142,1,403262.4805,0,0,1,397862.1883,0,0
7858.25142,1,403262.4805,0,0,1,397862.1883,0,0
7859.25142,1,403262.4805,0,0,1,397862.1883,0,0
7860.25142,1,403262.4805,0,0,1,397862.1883,0,0
7861.25142,1,403262.4805,0,0,1,397862.1883,0,0
7862.25142,1,403262.4805,0,0,1,397862.1883,0,0
7863.25142,1,403262.4805,0,0,1,397862.1883,0,0
7864.25142,1,403262.4805,0,0,1,397862.1883,0,0
7865.25142,1,403262.4805,0,0,1,397862.1883,0,0
7866.25142,1,403262.4805,0,0,1,397862.1883,0,0
7867.25142,1,403262.4805,0,0,1,397862.1883,0,0
7868.25142,1,403262.4805,0,0,1,397862.1883,0,0
7869.25142,1,403262.4805,0,0,1,397862.1883,0,0
7870.25142,1,403262.4805,0,0,1,397862.1883,0,0
7871.25142,1,403262.4805,0,0,1,397862.1883,0,0
7872.25142,1,403262.4805,0,0,1,397862.1883,0,0
7873.25142,1,403262.4805,0,0,1,397862.1883,0,0
7874.25142,1,403262.4805,0,0,1,397862.1883,0,0
7875.25142,1,403262.4805,0,0,1,397862.1883,0,0
7876.25142,1,403262.4805,0,0,1,397862.1883,0,0
7877.25142,1,403262.4805,0,0,1,397862.1883,0,0
7878.25142,1,403262.4805,0,0,1,397862.1883,0,0
7879.25142,1,403262.4805,0,0,1,397862.1883,0,0
7880.25142,1,403262.4805,0,0,1,397862.1883,0,0
7881.25142,1,403262.4805,0,0,1,397862.1883,0,0
7882.25142,1,403262.4805,0,0,1,397862.1883,0,0
7883.25142,1,403262.4805,0,0,1,397862.1883,0,0
7884.25142,1,403262.4805,0,0,1,397862.1883,0,0
7885.25142,1,403262.4805,0,0,1,397862.1883,0,0
7886.25142,1,403262.4805,0,0,1,397862.1883,0,0
7887.25142,1,403262.4805,0,0,1,397862.1883,0,0
7888.25142,1,403262.4805,0,0,1,397862.1883,0,0
7889.25142,1,403262.4805,0,0,1,397862.1883,0,0
7890.25142,1,403262.4805,0,0,1,397862.1883,0,0
7891.25142,1,403262.4805,0,0,1,397862.1883,0,0
7892.25142,1,403262.4805,0,0,1,397862.1883,0,0
7893.25142,1,403262.4805,0,0,1,397862.1883,0,0
7894.25142,1,403262.4805,0,0,1,397862.1883,0,0
7895.25142,1,403262.4805,0,0,1,397862.1883,0,0
7896.25142,1,403262.4805,0,0,1,397862.1883,0,0
7897.25142,1,403262.4805,0,0,1,397862.1883,0,0
7898.25142,1,403262.4805,0,0,1,397862.1883,0,0
7899.25142,1,403262.4805,0,0,1,397862.1883,0,0
7900.25142,1,403262.4805,0,0,1,397862.1883,0,0
7901.25142,1,403262.4805,0,0,1,397862.1883,0,0
7902.25142,1,403262.4805,0,0,1,397862.1883,0,0
7903.25142,1,403262.4805,0,0,1,397862.1883,0,0
7904.25142,1,403262.4805,0,0,1,397862.1883,0,0
7905.25142,1,403262.4805,0,0,1,397862.1883,0,0
7906.25142,1,403262.4805,0,0,1,397862.1883,0,0
7907.25142,1,403262.4805,0,0,1,397862.1883,0,0
7908.25142,1,403262.4805,0,0,1,397862.1883,0,0
7909.25142,1,403262.4805,0,0,1,397862.1883,0,0
7910.25142,1,403262.4805,0,0,1,397862.1883,0,0
7911.25142,1,403262.4805,0,0,1,397862.1883,0,0
7912.25142,1,403262.4805,0,0,1,397862.1883,0,0
7913.25142,1,403262.4805,0,0,1,397862.1883,0,0
7914.25142,1,403262.4805,0,0,1,397862.1883,0,0
7915.25142,1,403262.4805,0,0,1,397862.1883,0,0
7916.25142,1,403262.4805,0,0,1,397862.1883,0,0
7917.25142,1,403262.4805,0,0,1,397862.1883,0,0
7918.25142,1,403262.4805,0,0,1,397862.1883,0,0
7919.25142,1,403262.4805,0,0,1,397862.1883,0,0
7920.25142,1,403262.4805,0,0,1,397862.1883,0,0
7921.25142,1,403262.4805,0,0,1,397862.1883,0,0
7922.25142,1,403262.4805,0,0,1,397862.1883,0,0
7923.25142,1,403262.4805,0,0,1,397862.1883,0,0
7924.25142,1,403262.4805,0,0,1,397862.1883,0,0
7925.25142,1,403262.4805,0,0,1,397862.1883,0,0
7926.25142,1,403262.4805,0,0,1,397862.1883,0,0
7927.25142,1,403262.4805,0,0,1,397862.1883,0,0
7928.25142,1,403262.4805,0,0,1,397862.1883,0,0
7929.25142,1,403262.4805,0,0,1,397862.1883,0,0
7930.25142,1,403262.4805,0,0,1,397862.1883,0,0
7931.25142,1,403262.4805,0,0,1,397862.1883,0,0
7932.25142,1,403262.4805,0,0,1,397862.1883,0,0
7933.25142,1,403262.4805,0,0,1,397862.1883,0,0
7934.25142,1,403262.4805,0,0,1,397862.1883,0,0
7935.25142,1,403262.4805,0,0,1,397862.1883,0,0
7936.25142,1,403262.4805,0,0,1,397862.1883,0,0
7937.25142,1,403262.4805,0,0,1,397862.1883,0,0
7938.25142,1,403262.4805,0,0,1,397862.1883,0,0
7939.25142,1,403262.4805,0,0,1,397862.1883,0,0
7940.25142,1,403262.4805,0,0,1,397862.1883,0,0
7941.25142,1,403262.4805,0,0,1,397862.1883,0,0
7942.25142,1,403262.4805,0,0,1,397862.1883,0,0
7943.25142,1,403262.4805,0,0,1,397862.1883,0,0
7944.25142,1,403262.4805,0,0,1,397862.1883,0,0
7945.25142,1,403262.4805,0,0,1,397862.1883,0,0
7946.25142,1,403262.4805,0,0,1,397862.1883,1,388691.9464
7947.25142,1,403262.4805,0,0,1,397862.1883,1,388691.9464
7948.25142,1,403262.4805,0,0,1,397862.1883,1,388691.9464
7949.25142,1,403262.4805,0,0,1,397862.1883,1,388691.9464
7950.25142,1,403262.4805,0,0,1,397862.1883,1,388691.9464
7951.25142,1,403262.4805,0,0,1,397862.1883,1,388691.9464
7952.25142,1,403262.4805,0,0,1,397862.1883,1,388691.9464
7953.25142,1,403262.4805,0,0,1,397862.1883,1,388691.9464
7954.25142,1,403262.4805,0,0,1,397862.1883,1,388691.9464
7955.25142,1,403262.4805,0,0,1,397862.1883,1,388691.9464
7956.25142,1,403262.4805,0,0,1,397862.1883,1,388691.9464
7957.25142,1,403262.4805,0,0,1,397862.1883,1,388691.9464
7958.25142,1,403262.4805,0,0,1,397862.1883,1,388691.9464
7959.25142,1,403262.4805,0,0,1,397862.1883,1,388691.9464
7960.25142,1,403262.4805,0,0,1,397862.1883,1,388691.9464
7961.25142,1,403262.4805,0,0,1,397862.1883,1,388691.9464
7962.25142,1,403262.4805,0,0,1,397862.1883,1,388691.9464
7963.25142,1,403262.4805,0,0,1,397862.1883,1,388691.9464
7964.25142,1,403262.4805,0,0,1,397862.1883,1,388691.9464
7965.25142,1,403262.4805,0,0,1,397862.1883,1,388691.9464
7966.25142,1,403262.4805,0,0,1,397862.1883,1,388691.9464
7967.25142,1,403262.4805,0,0,1,397862.1883,1,388691.9464
7968.25142,1,403262.4805,0,0,1,397862.1883,1,388691.9464
7969.25142,1,403262.4805,0,0,1,397862.1883,1,388691.9464
7970.25142,1,403262.4805,0,0,1,397862.1883,1,388691.9464
7971.25142,1,403262.4805,0,0,1,397862.1883,1,388691.9464
7972.25142,1,403262.4805,0,0,1,397862.1883,1,388691.9464
7973.25142,1,403262.4805,0,0,1,397862.1883,1,388691.9464
7974.25142,1,403262.4805,0,0,1,397862.1883,1,388691.9464
7975.25142,1,403262.4805,0,0,1,397862.1883,1,388691.9464
7976.25142,1,403262.4805,0,0,1,397862.1883,1,388691.9464
7977.25142,1,403262.4805,0,0,1,397862.1883,1,388691.9464
7978.25142,1,403262.4805,0,0,1,397862.1883,1,388691.9464
7979.25142,1,403262.4805,0,0,1,397862.1883,1,388691.9464
7980.25142,1,403262.4805,0,0,1,397862.1883,1,388691.9464
7981.25142,1,403262.4805,0,0,1,397862.1883,1,388691.9464
7982.25142,1,403262.4805,0,0,1,397862.1883,1,388691.9464
7983.25142,1,403262.4805,0,0,1,397862.1883,1,388691.9464
7984.25142,1,403262.4805,0,0,1,397862.1883,1,388691.9464
7985.25142,1,403262.4805,0,0,1,397862.1883,1,388691.9464
7986.25142,1,403262.4805,0,0,1,397862.1883,1,388691.9464
7987.25142,1,403262.4805,0,0,1,397862.1883,1,388691.9464
7988.25142,1,403262.4805,0,0,1,397862.1883,1,388691.9464
7989.25142,1,403262.4805,0,0,1,397862.1883,1,388691.9464
7990.25142,1,403262.4805,0,0,1,397862.1883,1,388691.9464
7991.25142,1,403262.4805,0,0,1,397862.1883,1,388691.9464
7992.25142,1,403262.4805,0,0,1,397862.1883,1,388691.9464
7993.25142,1,403262.4805,0,0,1,397862.1883,1,388691.9464
7994.25142,1,403262.4805,0,0,1,397862.1883,1,388691.9464
7995.25142,1,403262.4805,0,0,1,397862.1883,1,388691.9464
7996.25142,1,403262.4805,0,0,1,397862.1883,1,388691.9464
7997.25142,1,403262.4805,0,0,1,397862.1883,1,388691.9464
7998.25142,1,403262.4805,0,0,1,397862.1883,1,388691.9464
7999.25142,1,403262.4805,0,0,1,397862.1883,1,388691.9464
8000.25142,1,403262.4805,0,0,1,397862.1883,1,388691.9464
8001.25142,1,403262.4805,0,0,1,397862.1883,1,388691.9464
8002.25142,1,403262.4805,0,0,1,397862.1883,1,388691.9464
8003.25142,1,403262.4805,0,0,1,397862.1883,1,388691.9464
8004.25142,1,403262.4805,0,0,1,397862.1883,1,388691.9464
8005.25142,1,403262.4805,0,0,1,397862.1883,1,388691.9464
8006.25142,1,403262.4805,0,0,1,397862.1883,1,388691.9464
8007.25142,1,403262.4805,0,0,1,397862.1883,1,388691.9464
8008.25142,1,403262.4805,0,0,1,397862.1883,1,388691.9464
8009.25142,1,403262.4805,0,0,1,397862.1883,1,388691.9464
8010.25142,1,403262.4805,0,0,1,397862.1883,1,388691.9464
8011.25142,1,403262.4805,0,0,1,397862.1883,1,388691.9464
8012.25142,1,403262.4805,0,0,1,397862.1883,1,388691.9464
8013.25142,1,403262.4805,0,0,1,397862.1883,1,388691.9464
8014.25142,1,403262.4805,0,0,1,397862.1883,1,388691.9464
8015.25142,1,403262.4805,0,0,1,397862.1883,1,388691.9464
8016.25142,1,403262.4805,0,0,1,397862.1883,1,388691.9464
8017.25142,1,403262.4805,0,0,1,397862.1883,1,388691.9464
8018.25142,1,403262.4805,0,0,1,397862.1883,1,388691.9464
8019.25142,1,403262.4805,0,0,1,397862.1883,1,388691.9464
8020.25142,1,403262.4805,0,0,1,397862.1883,1,388691.9464
8021.25142,1,403262.4805,0,0,1,397862.1883,1,388691.9464
8022.25142,1,403262.4805,0,0,1,397862.1883,1,388691.9464
8023.25142,1,403262.4805,0,0,1,397862.1883,1,388691.9464
8024.25142,1,403262.4805,0,0,1,397862.1883,1,388691.9464
8025.25142,1,403262.4805,0,0,1,397862.1883,1,388691.9464
8026.25142,1,403262.4805,0,0,1,397862.1883,1,388691.9464
8027.25142,1,403262.4805,0,0,1,397862.1883,1,388691.9464
8028.25142,1,403262.4805,0,0,1,397862.1883,1,388691.9464
8029.25142,1,403262.4805,0,0,1,397862.1883,1,388691.9464
8030.25142,1,403262.4805,0,0,1,397862.1883,1,388691.9464
8031.25142,1,403262.4805,0,0,1,397862.1883,1,388691.9464
8032.25142,1,403262.4805,0,0,1,397862.1883,1,388691.9464
8033.25142,1,403262.4805,0,0,1,397862.1883,1,388691.9464
8034.25142,1,403262.4805,0,0,1,397862.1883,1,388691.9464
8035.25142,1,403262.4805,0,0,1,397862.1883,1,388691.9464
8036.25142,1,403262.4805,0,0,1,397862.1883,1,388691.9464
8037.25142,1,403262.4805,0,0,1,397862.1883,1,388691.9464
8038.25142,1,403262.4805,0,0,1,397862.1883,1,388691.9464
8039.25142,1,403262.4805,0,0,1,397862.1883,1,388691.9464
8040.25142,1,403262.4805,0,0,1,397862.1883,1,388691.9464
8041.25142,1,403262.4805,0,0,1,397862.1883,1,388691.9464
8042.25142,1,403262.4805,0,0,1,397862.1883,1,388691.9464
8043.25142,1,403262.4805,0,0,1,397862.1883,1,388691.9464
8044.25142,1,403262.4805,0,0,1,397862.1883,1,388691.9464
8045.25142,0,0,0,0,1,397862.1883,1,388691.9464
8046.25142,0,0,0,0,1,397862.1883,1,388691.9464
8047.25142,0,0,0,0,1,397862.1883,1,388691.9464
8048.25142,0,0,0,0,1,397862.1883,1,388691.9464
8049.25142,0,0,0,0,1,397862.1883,1,388691.9464
8050.25142,0,0,0,0,1,397862.1883,1,388691.9464
8051.25142,0,0,0,0,1,397862.1883,1,388691.9464
8052.25142,0,0,0,0,1,397862.1883,1,388691.9464
8053.25142,0,0,0,0,1,397862.1883,1,388691.9464
8054.25142,0,0,0,0,1,397862.1883,1,388691.9464
8055.25142,0,0,0,0,1,397862.1883,1,388691.9464
8056.25142,0,0,0,0,1,397862.1883,1,388691.9464
8057.25142,0,0,0,0,1,397862.1883,1,388691.9464
8058.25142,0,0,0,0,1,397862.1883,1,388691.9464
8059.25142,0,0,0,0,1,397862.1883,1,388691.9464
8060.25142,0,0,0,0,1,397862.1883,1,388691.9464
8061.25142,0,0,0,0,1,397862.1883,1,388691.9464
8062.25142,0,0,0,0,1,397862.1883,1,388691.9464
8063.25142,0,0,0,0,1,397862.1883,1,388691.9464
8064.25142,0,0,0,0,1,397862.1883,1,388691.9464
8065.25142,0,0,0,0,1,397862.1883,1,388691.9464
8066.25142,0,0,0,0,1,397862.1883,1,388691.9464
8067.25142,0,0,0,0,1,397862.1883,1,388691.9464
8068.25142,0,0,0,0,1,397862.1883,1,388691.9464
8069.25142,0,0,0,0,1,397862.1883,1,388691.9464
8070.25142,0,0,0,0,1,397862.1883,1,388691.9464
8071.25142,0,0,0,0,1,397862.1883,1,388691.9464
8072.25142,0,0,0,0,1,397862.1883,1,388691.9464
8073.25142,0,0,0,0,1,397862.1883,1,388691.9464
8074.25142,0,0,0,0,1,397862.1883,1,388691.9464
8075.25142,0,0,0,0,1,397862.1883,1,388691.9464
8076.25142,0,0,0,0,1,397862.1883,1,388691.9464
8077.25142,0,0,0,0,1,397862.1883,1,388691.9464
8078.25142,0,0,0,0,1,397862.1883,1,388691.9464
8079.25142,0,0,0,0,1,397862.1883,1,388691.9464
8080.25142,0,0,0,0,1,397862.1883,1,388691.9464
8081.25142,0,0,0,0,1,397862.1883,1,388691.9464
8082.25142,0,0,0,0,1,397862.1883,1,388691.9464
8083.25142,0,0,0,0,1,397862.1883,1,388691.9464
8084.25142,0,0,0,0,1,397862.1883,1,388691.9464
8085.25142,0,0,0,0,1,397862.1883,1,388691.9464
8086.25142,0,0,0,0,1,397862.1883,1,388691.9464
8087.25142,0,0,0,0,1,397862.1883,1,388691.9464
8088.25142,0,0,0,0,1,397862.1883,1,388691.9464
8089.25142,0,0,0,0,1,397862.1883,1,388691.9464
8090.25142,0,0,0,0,1,397862.1883,1,388691.9464
8091.25142,0,0,0,0,1,397862.1883,1,388691.9464
8092.25142,0,0,0,0,1,397862.1883,1,388691.9464
8093.25142,0,0,0,0,1,397862.1883,1,388691.9464
8094.25142,0,0,0,0,1,397862.1883,1,388691.9464
8095.25142,0,0,0,0,1,397862.1883,1,388691.9464
8096.25142,0,0,0,0,1,397862.1883,1,388691.9464
8097.25142,0,0,0,0,1,397862.1883,1,388691.9464
8098.25142,0,0,0,0,1,397862.1883,1,388691.9464
8099.25142,0,0,0,0,1,397862.1883,1,388691.9464
8100.25142,0,0,0,0,1,397862.1883,1,388691.9464
8101.25142,0,0,0,0,1,397862.1883,1,388691.9464
8102.25142,0,0,0,0,1,397862.1883,1,388691.9464
8103.25142,0,0,0,0,1,397862.1883,1,388691.9464
8104.25142,0,0,0,0,1,397862.1883,1,388691.9464
8105.25142,0,0,0,0,1,397862.1883,1,388691.9464
8106.25142,0,0,0,0,1,397862.1883,1,388691.9464
8107.25142,0,0,0,0,1,397862.1883,1,388691.9464
8108.25142,0,0,0,0,1,397862.1883,1,388691.9464
8109.25142,0,0,0,0,1,397862.1883,1,388691.9464
8110.25142,0,0,0,0,1,397862.1883,1,388691.9464
8111.25142,0,0,0,0,1,397862.1883,1,388691.9464
8112.25142,0,0,0,0,1,397862.1883,1,388691.9464
8113.25142,0,0,0,0,1,397862.1883,1,388691.9464
8114.25142,0,0,0,0,1,397862.1883,1,388691.9464
8115.25142,0,0,0,0,1,397862.1883,1,388691.9464
8116.25142,0,0,0,0,1,397862.1883,1,388691.9464
8117.25142,0,0,0,0,1,397862.1883,1,388691.9464
8118.25142,0,0,0,0,1,397862.1883,1,388691.9464
8119.25142,0,0,0,0,1,397862.1883,1,388691.9464
8120.25142,0,0,0,0,1,397862.1883,1,388691.9464
8121.25142,0,0,0,0,1,397862.1883,1,388691.9464
8122.25142,0,0,0,0,1,397862.1883,1,388691.9464
8123.25142,0,0,0,0,1,397862.1883,1,388691.9464
8124.25142,0,0,0,0,1,397862.1883,1,388691.9464
8125.25142,0,0,0,0,1,397862.1883,1,388691.9464
8126.25142,0,0,0,0,1,397862.1883,1,388691.9464
8127.25142,0,0,0,0,1,397862.1883,1,388691.9464
8128.25142,0,0,0,0,1,397862.1883,1,388691.9464
8129.25142,0,0,0,0,1,397862.1883,1,388691.9464
8130.25142,0,0,0,0,1,397862.1883,1,388691.9464
8131.25142,0,0,0,0,1,397862.1883,1,388691.9464
8132.25142,0,0,0,0,1,397862.1883,1,388691.9464
8133.25142,0,0,0,0,1,397862.1883,1,388691.9464
8134.25142,0,0,0,0,1,397862.1883,1,388691.9464
8135.25142,0,0,0,0,1,397862.1883,1,388691.9464
8136.25142,0,0,0,0,1,397862.1883,1,388691.9464
8137.25142,0,0,0,0,1,397862.1883,1,388691.9464
8138.25142,0,0,0,0,1,397862.1883,1,388691.9464
8139.25142,0,0,0,0,1,397862.1883,1,388691.9464
8140.25142,0,0,0,0,1,397862.1883,1,388691.9464
8141.25142,0,0,0,0,1,397862.1883,1,388691.9464
8142.25142,0,0,0,0,1,397862.1883,1,388691.9464
8143.25142,0,0,0,0,1,397862.1883,1,388691.9464
8144.25142,0,0,0,0,1,397862.1883,1,388691.9464
8145.25142,0,0,0,0,1,397862.1883,1,388691.9464
8146.25142,0,0,0,0,1,397862.1883,1,388691.9464
8147.25142,0,0,0,0,1,397862.1883,1,388691.9464
8148.25142,0,0,0,0,1,397862.1883,1,388691.9464
8149.25142,0,0,0,0,1,397862.1883,1,388691.9464
8150.25142,0,0,0,0,1,397862.1883,1,388691.9464
8151.25142,0,0,0,0,1,397862.1883,1,388691.9464
8152.25142,0,0,0,0,1,397862.1883,1,388691.9464
8153.25142,0,0,0,0,1,397862.1883,1,388691.9464
8154.25142,0,0,0,0,1,397862.1883,1,388691.9464
8155.25142,0,0,0,0,1,397862.1883,1,388691.9464
8156.25142,0,0,0,0,1,397862.1883,1,388691.9464
8157.25142,0,0,0,0,1,397862.1883,1,388691.9464
8158.25142,0,0,0,0,1,397862.1883,1,388691.9464
8159.25142,0,0,0,0,1,397862.1883,1,388691.9464
8160.25142,0,0,0,0,1,397862.1883,1,388691.9464
8161.25142,0,0,0,0,1,397862.1883,1,388691.9464
8162.25142,0,0,0,0,1,397862.1883,1,388691.9464
8163.25142,0,0,0,0,1,397862.1883,1,388691.9464
8164.25142,0,0,0,0,1,397862.1883,1,388691.9464
8165.25142,0,0,0,0,1,397862.1883,1,388691.9464
8166.25142,0,0,0,0,1,397862.1883,1,388691.9464
8167.25142,0,0,0,0,1,397862.1883,1,388691.9464
8168.25142,0,0,0,0,1,397862.1883,1,388691.9464
8169.25142,0,0,0,0,1,397862.1883,1,388691.9464
8170.25142,0,0,0,0,1,397862.1883,1,388691.9464
8171.25142,0,0,0,0,1,397862.1883,1,388691.9464
8172.25142,0,0,0,0,1,397862.1883,1,388691.9464
8173.25142,0,0,0,0,1,397862.1883,1,388691.9464
8174.25142,0,0,0,0,1,397862.1883,1,388691.9464
8175.25142,0,0,0,0,1,397862.1883,1,388691.9464
8176.25142,0,0,0,0,1,397862.1883,1,388691.9464
8177.25142,0,0,0,0,1,397862.1883,1,388691.9464
8178.25142,0,0,0,0,1,397862.1883,1,388691.9464
8179.25142,0,0,0,0,1,397862.1883,1,388691.9464
8180.25142,0,0,0,0,1,397862.1883,1,388691.9464
8181.25142,0,0,0,0,1,397862.1883,1,388691.9464
8182.25142,0,0,0,0,1,397862.1883,1,388691.9464
8183.25142,0,0,0,0,1,397862.1883,1,388691.9464
8184.25142,0,0,0,0,1,397862.1883,1,388691.9464
8185.25142,0,0,0,0,1,397862.1883,1,388691.9464
8186.25142,0,0,0,0,1,397862.1883,1,388691.9464
8187.25142,0,0,0,0,1,397862.1883,1,388691.9464
8188.25142,0,0,0,0,1,397862.1883,1,388691.9464
8189.25142,0,0,0,0,1,397862.1883,1,388691.9464
8190.25142,0,0,0,0,1,397862.1883,1,388691.9464
8191.25142,0,0,0,0,1,397862.1883,1,388691.9464
8192.25142,0,0,0,0,1,397862.1883,1,388691.9464
8193.25142,0,0,0,0,1,397862.1883,1,388691.9464
8194.25142,0,0,0,0,1,397862.1883,1,388691.9464
8195.25142,0,0,0,0,1,397862.1883,1,388691.9464
8196.25142,0,0,0,0,1,397862.1883,1,388691.9464
8197.25142,0,0,0,0,1,397862.1883,1,388691.9464
8198.25142,0,0,0,0,1,397862.1883,1,388691.9464
8199.25142,0,0,0,0,1,397862.1883,1,388691.9464
8200.25142,0,0,0,0,1,397862.1883,1,388691.9464
8201.25142,0,0,0,0,1,397862.1883,1,388691.9464
8202.25142,0,0,0,0,1,397862.1883,1,388691.9464
8203.25142,0,0,0,0,1,397862.1883,1,388691.9464
8204.25142,0,0,0,0,1,397862.1883,1,388691.9464
8205.25142,0,0,0,0,1,397862.1883,1,388691.9464
8206.25142,0,0,0,0,0,0,1,388691.9464
8207.25142,0,0,0,0,0,0,1,388691.9464
8208.25142,0,0,0,0,0,0,1,388691.9464
8209.25142,0,0,0,0,0,0,1,388691.9464
8210.25142,0,0,0,0,0,0,1,388691.9464
8211.25142,0,0,0,0,0,0,1,388691.9464
8212.25142,0,0,0,0,0,0,1,388691.9464
8213.25142,0,0,0,0,0,0,1,388691.9464
8214.25142,0,0,0,0,0,0,1,388691.9464
8215.25142,0,0,0,0,0,0,1,388691.9464
8216.25142,0,0,0,0,0,0,1,388691.9464
8217.25142,0,0,0,0,0,0,1,388691.9464
8218.25142,0,0,0,0,0,0,1,388691.9464
8219.25142,0,0,0,0,0,0,1,388691.9464
8220.25142,0,0,0,0,0,0,1,388691.9464
8221.25142,0,0,0,0,0,0,1,388691.9464
8222.25142,0,0,0,0,0,0,1,388691.9464
8223.25142,0,0,0,0,0,0,1,388691.9464
8224.25142,0,0,0,0,0,0,1,388691.9464
8225.25142,0,0,0,0,0,0,1,388691.9464
8226.25142,0,0,0,0,0,0,1,388691.9464
8227.25142,0,0,0,0,0,0,1,388691.9464
8228.25142,0,0,0,0,0,0,1,388691.9464
8229.25142,0,0,0,0,0,0,1,388691.9464
8230.25142,0,0,0,0,0,0,1,388691.9464
8231.25142,0,0,0,0,0,0,1,388691.9464
8232.25142,0,0,0,0,0,0,1,388691.9464
8233.25142,0,0,0,0,0,0,1,388691.9464
8234.25142,0,0,0,0,0,0,1,388691.9464
8235.25142,0,0,0,0,0,0,1,388691.9464
8236.25142,0,0,0,0,0,0,1,388691.9464
8237.25142,0,0,0,0,0,0,1,388691.9464
8238.25142,0,0,0,0,0,0,1,388691.9464
8239.25142,0,0,0,0,0,0,1,388691.9464
8240.25142,0,0,0,0,0,0,1,388691.9464
8241.25142,0,0,0,0,0,0,1,388691.9464
8242.25142,0,0,0,0,0,0,1,388691.9464
8243.25142,0,0,0,0,0,0,1,388691.9464
8244.25142,0,0,0,0,0,0,1,388691.9464
8245.25142,0,0,0,0,0,0,1,388691.9464
8246.25142,0,0,0,0,0,0,1,388691.9464
8247.25142,0,0,0,0,0,0,1,388691.9464
8248.25142,0,0,0,0,0,0,1,388691.9464
8249.25142,0,0,0,0,0,0,1,388691.9464
8250.25142,0,0,0,0,0,0,1,388691.9464
8251.25142,0,0,0,0,0,0,1,388691.9464
8252.25142,0,0,0,0,0,0,1,388691.9464
8253.25142,0,0,0,0,0,0,1,388691.9464
8254.25142,0,0,0,0,0,0,1,388691.9464
8255.25142,0,0,0,0,0,0,1,388691.9464
8256.25142,0,0,0,0,0,0,1,388691.9464
8257.25142,0,0,0,0,0,0,1,388691.9464
8258.25142,0,0,0,0,0,0,1,388691.9464
8259.25142,0,0,0,0,0,0,1,388691.9464
8260.25142,0,0,0,0,0,0,1,388691.9464
8261.25142,0,0,0,0,0,0,1,388691.9464
8262.25142,0,0,0,0,0,0,1,388691.9464
8263.25142,0,0,0,0,0,0,1,388691.9464
8264.25142,0,0,0,0,0,0,1,388691.9464
8265.25142,0,0,0,0,0,0,1,388691.9464
8266.25142,0,0,0,0,0,0,1,388691.9464
8267.25142,0,0,0,0,0,0,1,388691.9464
8268.25142,0,0,0,0,0,0,1,388691.9464
8269.25142,0,0,0,0,0,0,1,388691.9464
8270.25142,0,0,0,0,0,0,1,388691.9464
8271.25142,0,0,0,0,0,0,1,388691.9464
8272.25142,0,0,0,0,0,0,1,388691.9464
8273.25142,0,0,0,0,0,0,1,388691.9464
8274.25142,0,0,0,0,0,0,1,388691.9464
8275.25142,0,0,0,0,0,0,1,388691.9464
8276.25142,0,0,0,0,0,0,1,388691.9464
8277.25142,0,0,0,0,0,0,1,388691.9464
8278.25142,0,0,0,0,0,0,1,388691.9464
8279.25142,0,0,0,0,0,0,1,388691.9464
8280.25142,0,0,0,0,0,0,1,388691.9464
8281.25142,0,0,0,0,0,0,1,388691.9464
8282.25142,0,0,0,0,0,0,1,388691.9464
8283.25142,0,0,0,0,0,0,1,388691.9464
8284.25142,0,0,0,0,0,0,1,388691.9464
8285.25142,0,0,0,0,0,0,1,388691.9464
8286.25142,0,0,0,0,0,0,1,388691.9464
8287.25142,0,0,0,0,0,0,1,388691.9464
8288.25142,0,0,0,0,0,0,1,388691.9464
8289.25142,0,0,0,0,0,0,1,388691.9464
8290.25142,0,0,0,0,0,0,1,388691.9464
8291.25142,0,0,0,0,0,0,1,388691.9464
8292.25142,0,0,0,0,0,0,1,388691.9464
8293.25142,0,0,0,0,0,0,1,388691.9464
8294.25142,0,0,0,0,0,0,1,388691.9464
8295.25142,0,0,0,0,0,0,1,388691.9464
8296.25142,0,0,0,0,0,0,1,388691.9464
8297.25142,0,0,0,0,0,0,1,388691.9464
8298.25142,0,0,0,0,0,0,1,388691.9464
8299.25142,0,0,0,0,0,0,1,388691.9464
8300.25142,0,0,0,0,0,0,1,388691.9464
8301.25142,0,0,0,0,0,0,1,388691.9464
8302.25142,0,0,0,0,0,0,1,388691.9464
8303.25142,0,0,0,0,0,0,1,388691.9464
8304.25142,0,0,0,0,0,0,1,388691.9464
8305.25142,0,0,0,0,0,0,1,388691.9464
8306.25142,0,0,0,0,0,0,1,388691.9464
8307.25142,0,0,0,0,0,0,1,388691.9464
8308.25142,0,0,0,0,0,0,1,388691.9464
8309.25142,0,0,0,0,0,0,1,388691.9464
8310.25142,0,0,0,0,0,0,1,388691.9464
8311.25142,0,0,0,0,0,0,1,388691.9464
8312.25142,0,0,0,0,0,0,1,388691.9464
8313.25142,0,0,0,0,0,0,1,388691.9464
8314.25142,0,0,0,0,0,0,1,388691.9464
8315.25142,0,0,0,0,0,0,1,388691.9464
8316.25142,0,0,0,0,0,0,1,388691.9464
8317.25142,0,0,0,0,0,0,1,388691.9464
8318.25142,0,0,0,0,0,0,1,388691.9464
8319.25142,0,0,0,0,0,0,1,388691.9464
8320.25142,0,0,0,0,0,0,1,388691.9464
8321.25142,0,0,0,0,0,0,1,388691.9464
8322.25142,0,0,0,0,0,0,1,388691.9464
8323.25142,0,0,0,0,0,0,1,388691.9464
8324.25142,0,0,0,0,0,0,1,388691.9464
8325.25142,0,0,0,0,0,0,1,388691.9464
8326.25142,0,0,0,0,0,0,1,388691.9464
8327.25142,0,0,0,0,0,0,1,388691.9464
8328.25142,0,0,0,0,0,0,1,388691.9464
8329.25142,0,0,0,0,0,0,1,388691.9464
8330.25142,0,0,0,0,0,0,1,388691.9464
8331.25142,0,0,0,0,0,0,1,388691.9464
8332.25142,0,0,0,0,0,0,1,388691.9464
8333.25142,0,0,0,0,0,0,1,388691.9464
8334.25142,0,0,0,0,0,0,1,388691.9464
8335.25142,0,0,0,0,0,0,1,388691.9464
8336.25142,0,0,0,0,0,0,1,388691.9464
8337.25142,0,0,0,0,0,0,1,388691.9464
8338.25142,0,0,0,0,0,0,1,388691.9464
8339.25142,0,0,0,0,0,0,1,388691.9464
8340.25142,0,0,0,0,0,0,1,388691.9464
8341.25142,0,0,0,0,0,0,1,388691.9464
8342.25142,0,0,0,0,0,0,1,388691.9464
8343.25142,0,0,0,0,0,0,1,388691.9464
8344.25142,0,0,0,0,0,0,1,388691.9464
8345.25142,0,0,0,0,0,0,1,388691.9464
8346.25142,0,0,0,0,0,0,1,388691.9464
8347.25142,0,0,0,0,0,0,1,388691.9464
8348.25142,0,0,0,0,0,0,1,388691.9464
8349.25142,0,0,0,0,0,0,1,388691.9464
8350.25142,0,0,0,0,0,0,1,388691.9464
8351.25142,0,0,0,0,0,0,1,388691.9464
8352.25142,0,0,0,0,0,0,1,388691.9464
8353.25142,0,0,0,0,0,0,1,388691.9464
8354.25142,0,0,0,0,0,0,1,388691.9464
8355.25142,0,0,0,0,0,0,1,388691.9464
8356.25142,0,0,0,0,0,0,1,388691.9464
8357.25142,0,0,0,0,0,0,1,388691.9464
8358.25142,0,0,0,0,0,0,1,388691.9464
8359.25142,0,0,0,0,0,0,1,388691.9464
8360.25142,0,0,0,0,0,0,1,388691.9464
8361.25142,0,0,0,0,0,0,1,388691.9464
8362.25142,0,0,0,0,0,0,1,388691.9464
8363.25142,0,0,0,0,0,0,1,388691.9464
8364.25142,0,0,0,0,0,0,1,388691.9464
8365.25142,0,0,0,0,0,0,1,388691.9464
8366.25142,0,0,0,0,0,0,1,388691.9464
8367.25142,0,0,0,0,0,0,1,388691.9464
8368.25142,0,0,0,0,0,0,1,388691.9464
8369.25142,0,0,0,0,0,0,1,388691.9464
8370.25142,0,0,0,0,0,0,1,388691.9464
8371.25142,0,0,0,0,0,0,1,388691.9464
8372.25142,0,0,0,0,0,0,1,388691.9464
8373.25142,0,0,0,0,0,0,1,388691.9464
8374.25142,0,0,0,0,0,0,1,388691.9464
8375.25142,0,0,0,0,0,0,1,388691.9464
8376.25142,0,0,0,0,0,0,1,388691.9464
8377.25142,0,0,0,0,0,0,1,388691.9464
8378.25142,0,0,0,0,0,0,1,388691.9464
8379.25142,0,0,0,0,0,0,1,388691.9464
8380.25142,0,0,0,0,0,0,1,388691.9464
8381.25142,0,0,0,0,0,0,1,388691.9464
8382.25142,0,0,0,0,0,0,1,388691.9464
8383.25142,0,0,0,0,0,0,1,388691.9464
8384.25142,0,0,0,0,0,0,1,388691.9464
8385.25142,0,0,0,0,0,0,1,388691.9464
8386.25142,0,0,0,0,0,0,1,388691.9464
8387.25142,0,0,0,0,0,0,1,388691.9464
8388.25142,0,0,0,0,0,0,1,388691.9464
8389.25142,0,0,0,0,0,0,1,388691.9464
8390.25142,0,0,0,0,0,0,1,388691.9464
8391.25142,0,0,0,0,0,0,1,388691.9464
8392.25142,0,0,0,0,0,0,1,388691.9464
8393.25142,0,0,0,0,0,0,1,388691.9464
8394.25142,0,0,0,0,0,0,1,388691.9464
8395.25142,0,0,0,0,0,0,1,388691.9464
8396.25142,0,0,0,0,0,0,1,388691.9464
8397.25142,0,0,0,0,0,0,1,388691.9464
8398.25142,0,0,0,0,0,0,1,388691.9464
8399.25142,0,0,0,0,0,0,1,388691.9464
8400.25142,0,0,0,0,0,0,1,388691.9464
8401.25142,0,0,0,0,0,0,1,388691.9464
8402.25142,0,0,0,0,0,0,1,388691.9464
8403.25142,0,0,0,0,0,0,1,388691.9464
8404.25142,0,0,0,0,0,0,1,388691.9464
8405.25142,0,0,0,0,0,0,1,388691.9464
8406.25142,0,0,0,0,0,0,1,388691.9464
8407.25142,0,0,0,0,0,0,1,388691.9464
8408.25142,0,0,0,0,0,0,1,388691.9464
8409.25142,0,0,0,0,0,0,1,388691.9464
8410.25142,0,0,0,0,0,0,1,388691.9464
8411.25142,0,0,0,0,0,0,1,388691.9464
8412.25142,0,0,0,0,0,0,1,388691.9464
8413.25142,0,0,0,0,0,0,1,388691.9464
8414.25142,0,0,0,0,0,0,1,388691.9464
8415.25142,0,0,0,0,0,0,1,388691.9464
8416.25142,0,0,0,0,0,0,1,388691.9464
8417.25142,0,0,0,0,0,0,1,388691.9464
8418.25142,0,0,0,0,0,0,1,388691.9464
8419.25142,0,0,0,0,0,0,1,388691.9464
8420.25142,0,0,0,0,0,0,1,388691.9464
8421.25142,0,0,0,0,0,0,1,388691.9464
8422.25142,0,0,0,0,0,0,1,388691.9464
8423.25142,0,0,0,0,0,0,1,388691.9464
8424.25142,0,0,0,0,0,0,1,388691.9464
8425.25142,0,0,0,0,0,0,1,388691.9464
8426.25142,0,0,0,0,0,0,1,388691.9464
8427.25142,0,0,0,0,0,0,1,388691.9464
8428.25142,0,0,0,0,0,0,1,388691.9464
8429.25142,0,0,0,0,0,0,1,388691.9464
8430.25142,0,0,0,0,0,0,1,388691.9464
8431.25142,0,0,0,0,0,0,1,388691.9464
8432.25142,0,0,0,0,0,0,1,388691.9464
8433.25142,0,0,0,0,0,0,1,388691.9464
8434.25142,0,0,0,0,0,0,1,388691.9464
8435.25142,0,0,0,0,0,0,1,388691.9464
8436.25142,0,0,0,0,0,0,1,388691.9464
8437.25142,0,0,0,0,0,0,1,388691.9464
8438.25142,0,0,0,0,0,0,1,388691.9464
8439.25142,0,0,0,0,0,0,1,388691.9464
8440.25142,0,0,0,0,0,0,1,388691.9464
8441.25142,0,0,0,0,0,0,1,388691.9464
8442.25142,0,0,0,0,0,0,1,388691.9464
8443.25142,0,0,0,0,0,0,1,388691.9464
8444.25142,0,0,0,0,0,0,1,388691.9464
8445.25142,0,0,0,0,0,0,1,388691.9464
8446.25142,0,0,0,0,0,0,1,388691.9464
8447.25142,0,0,0,0,0,0,1,388691.9464
8448.25142,0,0,0,0,0,0,1,388691.9464
8449.25142,0,0,0,0,0,0,1,388691.9464
8450.25142,0,0,0,0,0,0,1,388691.9464
8451.25142,0,0,0,0,0,0,1,388691.9464
8452.25142,0,0,0,0,0,0,1,388691.9464
8453.25142,0,0,0,0,0,0,1,388691.9464
8454.25142,0,0,0,0,0,0,1,388691.9464
8455.25142,0,0,0,0,0,0,1,388691.9464
8456.25142,0,0,0,0,0,0,1,388691.9464
8457.25142,0,0,0,0,0,0,1,388691.9464
8458.25142,0,0,0,0,0,0,1,388691.9464
8459.25142,0,0,0,0,0,0,1,388691.9464
8460.25142,0,0,0,0,0,0,1,388691.9464
8461.25142,0,0,0,0,0,0,1,388691.9464
8462.25142,0,0,0,0,0,0,1,388691.9464
8463.25142,0,0,0,0,0,0,1,388691.9464
8464.25142,0,0,0,0,0,0,1,388691.9464
8465.25142,0,0,0,0,0,0,1,388691.9464
8466.25142,0,0,0,0,0,0,1,388691.9464
8467.25142,0,0,0,0,0,0,1,388691.9464
8468.25142,0,0,0,0,0,0,1,388691.9464
8469.25142,0,0,0,0,0,0,1,388691.9464
8470.25142,0,0,0,0,0,0,1,388691.9464
8471.25142,0,0,0,0,0,0,1,388691.9464
8472.25142,0,0,0,0,0,0,1,388691.9464
8473.25142,0,0,0,0,0,0,1,388691.9464
8474.25142,0,0,0,0,0,0,1,388691.9464
8475.25142,0,0,0,0,0,0,1,388691.9464
8476.25142,0,0,0,0,0,0,1,388691.9464
8477.25142,0,0,0,0,0,0,1,388691.9464
8478.25142,0,0,0,0,0,0,1,388691.9464
8479.25142,0,0,0,0,0,0,1,388691.9464
8480.25142,0,0,0,0,0,0,1,388691.9464
8481.25142,0,0,0,0,0,0,1,388691.9464
8482.25142,0,0,0,0,0,0,1,388691.9464
8483.25142,0,0,0,0,0,0,1,388691.9464
8484.25142,0,0,0,0,0,0,1,388691.9464
8485.25142,0,0,0,0,0,0,1,388691.9464
8486.25142,0,0,0,0,0,0,1,388691.9464
8487.25142,0,0,0,0,0,0,1,388691.9464
8488.25142,0,0,0,0,0,0,1,388691.9464
8489.25142,0,0,0,0,0,0,1,388691.9464
8490.25142,0,0,0,0,0,0,1,388691.9464
8491.25142,0,0,0,0,0,0,1,388691.9464
8492.25142,0,0,0,0,0,0,1,388691.9464
8493.25142,0,0,0,0,0,0,1,388691.9464
8494.25142,0,0,0,0,0,0,1,388691.9464
8495.25142,0,0,0,0,0,0,1,388691.9464
8496.25142,0,0,0,0,0,0,1,388691.9464
8497.25142,0,0,0,0,0,0,1,388691.9464
8498.25142,0,0,0,0,0,0,1,388691.9464
8499.25142,0,0,0,0,0,0,1,388691.9464
8500.25142,0,0,0,0,0,0,1,388691.9464
8501.25142,0,0,0,0,0,0,1,388691.9464
8502.25142,0,0,0,0,0,0,1,388691.9464
8503.25142,0,0,0,0,0,0,1,388691.9464
8504.25142,0,0,0,0,0,0,1,388691.9464
8505.25142,0,0,0,0,0,0,1,388691.9464
8506.25142,0,0,0,0,0,0,1,388691.9464
8507.25142,0,0,0,0,0,0,1,388691.9464
8508.25142,0,0,0,0,0,0,1,388691.9464
8509.25142,0,0,0,0,0,0,1,388691.9464
8510.25142,0,0,0,0,0,0,1,388691.9464
8511.25142,0,0,0,0,0,0,1,388691.9464
8512.25142,0,0,0,0,0,0,1,388691.9464
8513.25142,0,0,0,0,0,0,1,388691.9464
8514.25142,0,0,0,0,0,0,1,388691.9464
8515.25142,0,0,0,0,0,0,1,388691.9464
8516.25142,0,0,0,0,0,0,1,388691.9464
8517.25142,0,0,0,0,0,0,1,388691.9464
8518.25142,0,0,0,0,0,0,1,388691.9464
8519.25142,0,0,0,0,0,0,1,388691.9464
8520.25142,0,0,0,0,0,0,1,388691.9464
8521.25142,0,0,0,0,0,0,1,388691.9464
8522.25142,0,0,0,0,0,0,1,388691.9464
8523.25142,0,0,0,0,0,0,1,388691.9464
8524.25142,0,0,0,0,0,0,1,388691.9464
8525.25142,0,0,0,0,0,0,1,388691.9464
8526.25142,0,0,0,0,0,0,1,388691.9464
8527.25142,0,0,0,0,0,0,1,388691.9464
8528.25142,0,0,0,0,0,0,1,388691.9464
8529.25142,0,0,0,0,0,0,1,388691.9464
8530.25142,0,0,0,0,0,0,1,388691.9464
8531.25142,0,0,0,0,0,0,1,388691.9464
8532.25142,0,0,0,0,0,0,1,388691.9464
8533.25142,0,0,0,0,0,0,1,388691.9464
8534.25142,0,0,0,0,0,0,1,388691.9464
8535.25142,0,0,0,0,0,0,1,388691.9464
8536.25142,0,0,0,0,0,0,1,388691.9464
8537.25142,0,0,0,0,0,0,1,388691.9464
8538.25142,0,0,0,0,0,0,1,388691.9464
8539.25142,0,0,0,0,0,0,1,388691.9464
8540.25142,0,0,0,0,0,0,1,388691.9464
8541.25142,0,0,0,0,0,0,1,388691.9464
8542.25142,0,0,0,0,0,0,1,388691.9464
8543.25142,0,0,0,0,0,0,1,388691.9464
8544.25142,0,0,0,0,0,0,1,388691.9464
8545.25142,0,0,0,0,0,0,1,388691.9464
8546.25142,0,0,0,0,0,0,1,388691.9464
8547.25142,0,0,0,0,0,0,1,388691.9464
8548.25142,0,0,0,0,0,0,1,388691.9464
8549.25142,0,0,0,0,0,0,1,388691.9464
8550.25142,0,0,0,0,0,0,1,388691.9464
8551.25142,0,0,0,0,0,0,1,388691.9464
8552.25142,0,0,0,0,0,0,1,388691.9464
8553.25142,0,0,0,0,0,0,1,388691.9464
8554.25142,0,0,0,0,0,0,1,388691.9464
8555.25142,0,0,0,0,0,0,1,388691.9464
8556.25142,0,0,0,0,0,0,1,388691.9464
8557.25142,0,0,0,0,0,0,1,388691.9464
8558.25142,0,0,0,0,0,0,1,388691.9464
8559.25142,0,0,0,0,0,0,1,388691.9464
8560.25142,0,0,0,0,0,0,1,388691.9464
8561.25142,0,0,0,0,0,0,1,388691.9464
8562.25142,0,0,0,0,0,0,1,388691.9464
8563.25142,0,0,0,0,0,0,1,388691.9464
8564.25142,0,0,0,0,0,0,1,388691.9464
8565.25142,0,0,0,0,0,0,1,388691.9464
8566.25142,0,0,0,0,0,0,1,388691.9464
8567.25142,0,0,0,0,0,0,1,388691.9464
8568.25142,0,0,0,0,0,0,1,388691.9464
8569.25142,0,0,0,0,0,0,1,388691.9464
8570.25142,0,0,0,0,0,0,1,388691.9464
8571.25142,0,0,0,0,0,0,1,388691.9464
8572.25142,0,0,0,0,0,0,1,388691.9464
8573.25142,0,0,0,0,0,0,1,388691.9464
8574.25142,0,0,0,0,0,0,1,388691.9464
8575.25142,0,0,0,0,0,0,1,388691.9464
8576.25142,0,0,0,0,0,0,1,388691.9464
8577.25142,0,0,0,0,0,0,1,388691.9464
8578.25142,0,0,0,0,0,0,1,388691.9464
8579.25142,0,0,0,0,0,0,1,388691.9464
8580.25142,0,0,0,0,0,0,1,388691.9464
8581.25142,0,0,0,0,0,0,1,388691.9464
8582.25142,0,0,0,0,0,0,1,388691.9464
8583.25142,0,0,0,0,0,0,1,388691.9464
8584.25142,0,0,0,0,0,0,1,388691.9464
8585.25142,0,0,0,0,0,0,1,388691.9464
8586.25142,0,0,0,0,0,0,1,388691.9464
8587.25142,0,0,0,0,0,0,1,388691.9464
8588.25142,0,0,0,0,0,0,1,388691.9464
8589.25142,0,0,0,0,0,0,1,388691.9464
8590.25142,0,0,0,0,0,0,1,388691.9464
8591.25142,0,0,0,0,0,0,1,388691.9464
8592.25142,0,0,0,0,0,0,1,388691.9464
8593.25142,0,0,0,0,0,0,1,388691.9464
8594.25142,0,0,0,0,0,0,1,388691.9464
8595.25142,0,0,0,0,0,0,1,388691.9464
8596.25142,0,0,0,0,0,0,1,388691.9464
8597.25142,0,0,0,0,0,0,1,388691.9464
8598.25142,0,0,0,0,0,0,1,388691.9464
8599.25142,0,0,0,0,0,0,1,388691.9464
8600.25142,0,0,0,0,0,0,1,388691.9464
8601.25142,0,0,0,0,0,0,1,388691.9464
8602.25142,0,0,0,0,0,0,1,388691.9464
8603.25142,0,0,0,0,0,0,1,388691.9464
8604.25142,0,0,0,0,0,0,1,388691.9464
8605.25142,0,0,0,0,0,0,1,388691.9464
8606.25142,0,0,0,0,0,0,1,388691.9464
8607.25142,0,0,0,0,0,0,1,388691.9464
8608.25142,0,0,0,0,0,0,1,388691.9464
8609.25142,0,0,0,0,0,0,1,388691.9464
8610.25142,0,0,0,0,0,0,1,388691.9464
8611.25142,0,0,0,0,0,0,1,388691.9464
8612.25142,0,0,0,0,0,0,1,388691.9464
8613.25142,0,0,0,0,0,0,1,388691.9464
8614.25142,0,0,0,0,0,0,1,388691.9464
8615.25142,0,0,0,0,0,0,1,388691.9464
8616.25142,0,0,0,0,0,0,1,388691.9464
8617.25142,0,0,0,0,0,0,1,388691.9464
8618.25142,0,0,0,0,0,0,1,388691.9464
8619.25142,0,0,0,0,0,0,1,388691.9464
8620.25142,0,0,0,0,0,0,1,388691.9464
8621.25142,0,0,0,0,0,0,1,388691.9464
8622.25142,0,0,0,0,0,0,1,388691.9464
8623.25142,0,0,0,0,0,0,1,388691.9464
8624.25142,0,0,0,0,0,0,1,388691.9464
8625.25142,0,0,1,366453.4322,0,0,1,388691.9464
8626.25142,0,0,1,366453.4322,0,0,1,388691.9464
8627.25142,0,0,1,366453.4322,0,0,1,388691.9464
8628.25142,0,0,1,366453.4322,0,0,1,388691.9464
8629.25142,0,0,1,366453.4322,0,0,1,388691.9464
8630.25142,0,0,1,366453.4322,0,0,1,388691.9464
8631.25142,0,0,1,366453.4322,0,0,1,388691.9464
8632.25142,0,0,1,366453.4322,0,0,1,388691.9464
8633.25142,0,0,1,366453.4322,0,0,1,388691.9464
8634.25142,0,0,1,366453.4322,0,0,1,388691.9464
8635.25142,0,0,1,366453.4322,0,0,1,388691.9464
8636.25142,0,0,1,366453.4322,0,0,1,388691.9464
8637.25142,0,0,1,366453.4322,0,0,1,388691.9464
8638.25142,0,0,1,366453.4322,0,0,1,388691.9464
8639.25142,0,0,1,366453.4322,0,0,1,388691.9464
8640.25142,0,0,1,366453.4322,0,0,1,388691.9464
8641.25142,0,0,1,366453.4322,0,0,1,388691.9464
8642.25142,0,0,1,366453.4322,0,0,0,0
8643.25142,0,0,1,366453.4322,0,0,0,0
8644.25142,0,0,1,366453.4322,0,0,0,0
8645.25142,0,0,1,366453.4322,0,0,0,0
8646.25142,0,0,1,366453.4322,0,0,0,0
8647.25142,0,0,1,366453.4322,0,0,0,0
8648.25142,0,0,1,366453.4322,0,0,0,0
8649.25142,0,0,1,366453.4322,0,0,0,0
8650.25142,0,0,1,366453.4322,0,0,0,0
8651.25142,0,0,1,366453.4322,0,0,0,0
8652.25142,0,0,1,366453.4322,0,0,0,0
8653.25142,0,0,1,366453.4322,0,0,0,0
8654.25142,0,0,1,366453.4322,0,0,0,0
8655.25142,0,0,1,366453.4322,0,0,0,0
8656.25142,0,0,1,366453.4322,0,0,0,0
8657.25142,0,0,1,366453.4322,0,0,0,0
8658.25142,0,0,1,366453.4322,0,0,0,0
8659.25142,0,0,1,366453.4322,0,0,0,0
8660.25142,0,0,1,366453.4322,0,0,0,0
8661.25142,0,0,1,366453.4322,0,0,0,0
8662.25142,0,0,1,366453.4322,0,0,0,0
8663.25142,0,0,1,366453.4322,0,0,0,0
8664.25142,0,0,1,366453.4322,0,0,0,0
8665.25142,0,0,1,366453.4322,0,0,0,0
8666.25142,0,0,1,366453.4322,0,0,0,0
8667.25142,0,0,1,366453.4322,0,0,0,0
8668.25142,0,0,1,366453.4322,0,0,0,0
8669.25142,0,0,1,366453.4322,0,0,0,0
8670.25142,0,0,1,366453.4322,0,0,0,0
8671.25142,0,0,1,366453.4322,0,0,0,0
8672.25142,0,0,1,366453.4322,0,0,0,0
8673.25142,0,0,1,366453.4322,0,0,0,0
8674.25142,0,0,1,366453.4322,0,0,0,0
8675.25142,0,0,1,366453.4322,0,0,0,0
8676.25142,0,0,1,366453.4322,0,0,0,0
8677.25142,0,0,1,366453.4322,0,0,0,0
8678.25142,0,0,1,366453.4322,0,0,0,0
8679.25142,0,0,1,366453.4322,0,0,0,0
8680.25142,0,0,1,366453.4322,0,0,0,0
8681.25142,0,0,1,366453.4322,0,0,0,0
8682.25142,0,0,1,366453.4322,0,0,0,0
8683.25142,0,0,1,366453.4322,0,0,0,0
8684.25142,0,0,1,366453.4322,0,0,0,0
8685.25142,0,0,1,366453.4322,0,0,0,0
8686.25142,0,0,1,366453.4322,0,0,0,0
8687.25142,0,0,1,366453.4322,0,0,0,0
8688.25142,0,0,1,366453.4322,0,0,0,0
8689.25142,0,0,1,366453.4322,0,0,0,0
8690.25142,0,0,1,366453.4322,0,0,0,0
8691.25142,0,0,1,366453.4322,0,0,0,0
8692.25142,0,0,1,366453.4322,0,0,0,0
8693.25142,0,0,1,366453.4322,0,0,0,0
8694.25142,0,0,1,366453.4322,0,0,0,0
8695.25142,0,0,1,366453.4322,0,0,0,0
8696.25142,0,0,1,366453.4322,0,0,0,0
8697.25142,0,0,1,366453.4322,0,0,0,0
8698.25142,0,0,1,366453.4322,0,0,0,0
8699.25142,0,0,1,366453.4322,0,0,0,0
8700.25142,0,0,1,366453.4322,0,0,0,0
8701.25142,0,0,1,366453.4322,0,0,0,0
8702.25142,0,0,1,366453.4322,0,0,0,0
8703.25142,0,0,1,366453.4322,0,0,0,0
8704.25142,0,0,1,366453.4322,0,0,0,0
8705.25142,0,0,1,366453.4322,0,0,0,0
8706.25142,0,0,1,366453.4322,0,0,0,0
8707.25142,0,0,1,366453.4322,0,0,0,0
8708.25142,0,0,1,366453.4322,0,0,0,0
8709.25142,0,0,1,366453.4322,0,0,0,0
8710.25142,0,0,1,366453.4322,0,0,0,0
8711.25142,0,0,1,366453.4322,0,0,0,0
8712.25142,0,0,1,366453.4322,0,0,0,0
8713.25142,0,0,1,366453.4322,0,0,0,0
8714.25142,0,0,1,366453.4322,0,0,0,0
8715.25142,0,0,1,366453.4322,0,0,0,0
8716.25142,0,0,1,366453.4322,0,0,0,0
8717.25142,0,0,1,366453.4322,0,0,0,0
8718.25142,0,0,1,366453.4322,0,0,0,0
8719.25142,0,0,1,366453.4322,0,0,0,0
8720.25142,0,0,1,366453.4322,0,0,0,0
8721.25142,0,0,1,366453.4322,0,0,0,0
8722.25142,0,0,1,366453.4322,0,0,0,0
8723.25142,0,0,1,366453.4322,0,0,0,0
8724.25142,0,0,1,366453.4322,0,0,0,0
8725.25142,0,0,1,366453.4322,0,0,0,0
8726.25142,0,0,1,366453.4322,0,0,0,0
8727.25142,0,0,1,366453.4322,0,0,0,0
8728.25142,0,0,1,366453.4322,0,0,0,0
8729.25142,0,0,1,366453.4322,0,0,0,0
8730.25142,0,0,1,366453.4322,0,0,0,0
8731.25142,0,0,1,366453.4322,0,0,0,0
8732.25142,0,0,1,366453.4322,0,0,0,0
8733.25142,0,0,1,366453.4322,0,0,0,0
8734.25142,0,0,1,366453.4322,0,0,0,0
8735.25142,0,0,1,366453.4322,0,0,0,0
8736.25142,0,0,1,366453.4322,0,0,0,0
8737.25142,0,0,1,366453.4322,0,0,0,0
8738.25142,0,0,1,366453.4322,0,0,0,0
8739.25142,0,0,1,366453.4322,0,0,0,0
8740.25142,0,0,1,366453.4322,0,0,0,0
8741.25142,0,0,1,366453.4322,0,0,0,0
8742.25142,0,0,1,366453.4322,0,0,0,0
8743.25142,0,0,1,366453.4322,0,0,0,0
8744.25142,0,0,1,366453.4322,0,0,0,0
8745.25142,0,0,1,366453.4322,0,0,0,0
8746.25142,0,0,1,366453.4322,0,0,0,0
8747.25142,0,0,1,366453.4322,0,0,0,0
8748.25142,0,0,1,366453.4322,0,0,0,0
8749.25142,0,0,1,366453.4322,0,0,0,0
8750.25142,0,0,1,366453.4322,0,0,0,0
8751.25142,0,0,1,366453.4322,0,0,0,0
8752.25142,0,0,1,366453.4322,0,0,0,0
8753.25142,0,0,1,366453.4322,0,0,0,0
8754.25142,0,0,1,366453.4322,0,0,0,0
8755.25142,0,0,1,366453.4322,0,0,0,0
8756.25142,0,0,1,366453.4322,0,0,0,0
8757.25142,0,0,1,366453.4322,0,0,0,0
8758.25142,0,0,1,366453.4322,0,0,0,0
8759.25142,0,0,1,366453.4322,0,0,0,0
8760.25142,0,0,1,366453.4322,0,0,0,0
8761.25142,0,0,1,366453.4322,0,0,0,0
8762.25142,0,0,1,366453.4322,0,0,0,0
8763.25142,0,0,1,366453.4322,0,0,0,0
8764.25142,0,0,1,366453.4322,0,0,0,0
8765.25142,0,0,1,366453.4322,0,0,0,0
8766.25142,0,0,1,366453.4322,0,0,0,0
8767.25142,0,0,1,366453.4322,0,0,0,0
8768.25142,0,0,1,366453.4322,0,0,0,0
8769.25142,0,0,1,366453.4322,0,0,0,0
8770.25142,0,0,1,366453.4322,0,0,0,0
8771.25142,0,0,1,366453.4322,0,0,0,0
8772.25142,0,0,1,366453.4322,0,0,0,0
8773.25142,0,0,1,366453.4322,0,0,0,0
8774.25142,0,0,1,366453.4322,0,0,0,0
8775.25142,0,0,1,366453.4322,0,0,0,0
8776.25142,0,0,1,366453.4322,0,0,0,0
8777.25142,0,0,1,366453.4322,0,0,0,0
8778.25142,0,0,1,366453.4322,0,0,0,0
8779.25142,0,0,1,366453.4322,0,0,0,0
8780.25142,0,0,1,366453.4322,0,0,0,0
8781.25142,0,0,1,366453.4322,0,0,0,0
8782.25142,0,0,1,366453.4322,0,0,0,0
8783.25142,0,0,1,366453.4322,0,0,0,0
8784.25142,0,0,1,366453.4322,0,0,0,0
8785.25142,0,0,1,366453.4322,0,0,0,0
8786.25142,0,0,1,366453.4322,0,0,0,0
8787.25142,0,0,1,366453.4322,0,0,0,0
8788.25142,0,0,1,366453.4322,0,0,0,0
8789.25142,0,0,1,366453.4322,0,0,0,0
8790.25142,0,0,1,366453.4322,0,0,0,0
8791.25142,0,0,1,366453.4322,0,0,0,0
8792.25142,0,0,1,366453.4322,0,0,0,0
8793.25142,0,0,1,366453.4322,0,0,0,0
8794.25142,0,0,1,366453.4322,0,0,0,0
8795.25142,0,0,1,366453.4322,0,0,0,0
8796.25142,0,0,1,366453.4322,0,0,0,0
8797.25142,0,0,1,366453.4322,0,0,0,0
8798.25142,0,0,1,366453.4322,0,0,0,0
8799.25142,0,0,1,366453.4322,0,0,0,0
8800.25142,0,0,1,366453.4322,0,0,0,0
8801.25142,0,0,1,366453.4322,0,0,0,0
8802.25142,0,0,1,366453.4322,0,0,0,0
8803.25142,0,0,1,366453.4322,0,0,0,0
8804.25142,0,0,1,366453.4322,0,0,0,0
8805.25142,0,0,1,366453.4322,0,0,0,0
8806.25142,0,0,1,366453.4322,0,0,0,0
8807.25142,0,0,1,366453.4322,0,0,0,0
8808.25142,0,0,1,366453.4322,0,0,0,0
8809.25142,0,0,1,366453.4322,0,0,0,0
8810.25142,0,0,1,366453.4322,0,0,0,0
8811.25142,0,0,1,366453.4322,0,0,0,0
8812.25142,0,0,1,366453.4322,0,0,0,0
8813.25142,0,0,1,366453.4322,0,0,0,0
8814.25142,0,0,1,366453.4322,0,0,0,0
8815.25142,0,0,1,366453.4322,0,0,0,0
8816.25142,0,0,1,366453.4322,0,0,0,0
8817.25142,0,0,1,366453.4322,0,0,0,0
8818.25142,0,0,1,366453.4322,0,0,0,0
8819.25142,0,0,1,366453.4322,0,0,0,0
8820.25142,0,0,1,366453.4322,0,0,0,0
8821.25142,0,0,1,366453.4322,0,0,0,0
8822.25142,0,0,1,366453.4322,0,0,0,0
8823.25142,0,0,1,366453.4322,0,0,0,0
8824.25142,0,0,1,366453.4322,0,0,0,0
8825.25142,0,0,1,366453.4322,0,0,0,0
8826.25142,0,0,1,366453.4322,0,0,0,0
8827.25142,0,0,1,366453.4322,0,0,0,0
8828.25142,0,0,1,366453.4322,0,0,0,0
8829.25142,0,0,1,366453.4322,0,0,0,0
8830.25142,0,0,1,366453.4322,0,0,0,0
8831.25142,0,0,1,366453.4322,0,0,0,0
8832.25142,0,0,1,366453.4322,0,0,0,0
8833.25142,0,0,1,366453.4322,0,0,0,0
8834.25142,0,0,1,366453.4322,0,0,0,0
8835.25142,0,0,1,366453.4322,0,0,0,0
8836.25142,0,0,1,366453.4322,0,0,0,0
8837.25142,0,0,1,366453.4322,0,0,0,0
8838.25142,0,0,1,366453.4322,0,0,0,0
8839.25142,0,0,1,366453.4322,0,0,0,0
8840.25142,0,0,1,366453.4322,0,0,0,0
8841.25142,0,0,1,366453.4322,0,0,0,0
8842.25142,0,0,1,366453.4322,0,0,0,0
8843.25142,0,0,1,366453.4322,0,0,0,0
8844.25142,0,0,1,366453.4322,0,0,0,0
8845.25142,0,0,1,366453.4322,0,0,0,0
8846.25142,0,0,1,366453.4322,0,0,0,0
8847.25142,0,0,1,366453.4322,0,0,0,0
8848.25142,0,0,1,366453.4322,0,0,0,0
8849.25142,0,0,1,366453.4322,0,0,0,0
8850.25142,0,0,1,366453.4322,0,0,0,0
8851.25142,0,0,1,366453.4322,0,0,0,0
8852.25142,0,0,1,366453.4322,0,0,0,0
8853.25142,0,0,1,366453.4322,0,0,0,0
8854.25142,0,0,1,366453.4322,0,0,0,0
8855.25142,0,0,1,366453.4322,0,0,0,0
8856.25142,0,0,1,366453.4322,0,0,0,0
8857.25142,0,0,1,366453.4322,0,0,0,0
8858.25142,0,0,1,366453.4322,0,0,0,0
8859.25142,0,0,1,366453.4322,0,0,0,0
8860.25142,0,0,1,366453.4322,0,0,0,0
8861.25142,0,0,1,366453.4322,0,0,0,0
8862.25142,0,0,1,366453.4322,0,0,0,0
8863.25142,0,0,1,366453.4322,0,0,0,0
8864.25142,0,0,1,366453.4322,0,0,0,0
8865.25142,0,0,1,366453.4322,0,0,0,0
8866.25142,0,0,1,366453.4322,0,0,0,0
8867.25142,0,0,1,366453.4322,0,0,0,0
8868.25142,0,0,1,366453.4322,0,0,0,0
8869.25142,0,0,1,366453.4322,0,0,0,0
8870.25142,0,0,1,366453.4322,0,0,0,0
8871.25142,0,0,1,366453.4322,0,0,0,0
8872.25142,0,0,1,366453.4322,0,0,0,0
8873.25142,0,0,1,366453.4322,0,0,0,0
8874.25142,0,0,1,366453.4322,0,0,0,0
8875.25142,0,0,1,366453.4322,0,0,0,0
8876.25142,0,0,1,366453.4322,0,0,0,0
8877.25142,0,0,1,366453.4322,0,0,0,0
8878.25142,0,0,1,366453.4322,0,0,0,0
8879.25142,0,0,1,366453.4322,0,0,0,0
8880.25142,1,357434.6322,1,366453.4322,0,0,0,0
8881.25142,1,357434.6322,1,366453.4322,0,0,0,0
8882.25142,1,357434.6322,1,366453.4322,0,0,0,0
8883.25142,1,357434.6322,1,366453.4322,0,0,0,0
8884.25142,1,357434.6322,1,366453.4322,0,0,0,0
8885.25142,1,357434.6322,1,366453.4322,0,0,0,0
8886.25142,1,357434.6322,1,366453.4322,0,0,0,0
8887.25142,1,357434.6322,1,366453.4322,0,0,0,0
8888.25142,1,357434.6322,1,366453.4322,0,0,0,0
8889.25142,1,357434.6322,1,366453.4322,0,0,0,0
8890.25142,1,357434.6322,1,366453.4322,0,0,0,0
8891.25142,1,357434.6322,1,366453.4322,0,0,0,0
8892.25142,1,357434.6322,1,366453.4322,0,0,0,0
8893.25142,1,357434.6322,1,366453.4322,0,0,0,0
8894.25142,1,357434.6322,1,366453.4322,0,0,0,0
8895.25142,1,357434.6322,1,366453.4322,0,0,0,0
8896.25142,1,357434.6322,1,366453.4322,0,0,0,0
8897.25142,1,357434.6322,1,366453.4322,0,0,0,0
8898.25142,1,357434.6322,1,366453.4322,0,0,0,0
8899.25142,1,357434.6322,1,366453.4322,0,0,0,0
8900.25142,1,357434.6322,1,366453.4322,0,0,0,0
8901.25142,1,357434.6322,1,366453.4322,0,0,0,0
8902.25142,1,357434.6322,1,366453.4322,0,0,0,0
8903.25142,1,357434.6322,1,366453.4322,0,0,0,0
8904.25142,1,357434.6322,1,366453.4322,0,0,0,0
8905.25142,1,357434.6322,1,366453.4322,0,0,0,0
8906.25142,1,357434.6322,1,366453.4322,0,0,0,0
8907.25142,1,357434.6322,1,366453.4322,0,0,0,0
8908.25142,1,357434.6322,1,366453.4322,0,0,0,0
8909.25142,1,357434.6322,1,366453.4322,0,0,0,0
8910.25142,1,357434.6322,1,366453.4322,0,0,0,0
8911.25142,1,357434.6322,1,366453.4322,0,0,0,0
8912.25142,1,357434.6322,1,366453.4322,0,0,0,0
8913.25142,1,357434.6322,1,366453.4322,0,0,0,0
8914.25142,1,357434.6322,1,366453.4322,0,0,0,0
8915.25142,1,357434.6322,1,366453.4322,0,0,0,0
8916.25142,1,357434.6322,1,366453.4322,0,0,0,0
8917.25142,1,357434.6322,1,366453.4322,0,0,0,0
8918.25142,1,357434.6322,1,366453.4322,0,0,0,0
8919.25142,1,357434.6322,1,366453.4322,0,0,0,0
8920.25142,1,357434.6322,1,366453.4322,0,0,0,0
8921.25142,1,357434.6322,1,366453.4322,0,0,0,0
8922.25142,1,357434.6322,1,366453.4322,0,0,0,0
8923.25142,1,357434.6322,1,366453.4322,0,0,0,0
8924.25142,1,357434.6322,1,366453.4322,0,0,0,0
8925.25142,1,357434.6322,1,366453.4322,0,0,0,0
8926.25142,1,357434.6322,1,366453.4322,0,0,0,0
8927.25142,1,357434.6322,1,366453.4322,0,0,0,0
8928.25142,1,357434.6322,1,366453.4322,0,0,0,0
8929.25142,1,357434.6322,1,366453.4322,0,0,0,0
8930.25142,1,357434.6322,1,366453.4322,0,0,0,0
8931.25142,1,357434.6322,1,366453.4322,0,0,0,0
8932.25142,1,357434.6322,1,366453.4322,0,0,0,0
8933.25142,1,357434.6322,1,366453.4322,0,0,0,0
8934.25142,1,357434.6322,1,366453.4322,0,0,0,0
8935.25142,1,357434.6322,1,366453.4322,0,0,0,0
8936.25142,1,357434.6322,1,366453.4322,0,0,0,0
8937.25142,1,357434.6322,1,366453.4322,0,0,0,0
8938.25142,1,357434.6322,1,366453.4322,0,0,0,0
8939.25142,1,357434.6322,1,366453.4322,0,0,0,0
8940.25142,1,357434.6322,1,366453.4322,0,0,0,0
8941.25142,1,357434.6322,1,366453.4322,0,0,0,0
8942.25142,1,357434.6322,1,366453.4322,0,0,0,0
8943.25142,1,357434.6322,1,366453.4322,0,0,0,0
8944.25142,1,357434.6322,1,366453.4322,0,0,0,0
8945.25142,1,357434.6322,1,366453.4322,0,0,0,0
8946.25142,1,357434.6322,1,366453.4322,0,0,0,0
8947.25142,1,357434.6322,1,366453.4322,0,0,0,0
8948.25142,1,357434.6322,1,366453.4322,0,0,0,0
8949.25142,1,357434.6322,1,366453.4322,0,0,0,0
8950.25142,1,357434.6322,1,366453.4322,0,0,0,0
8951.25142,1,357434.6322,1,366453.4322,0,0,0,0
8952.25142,1,357434.6322,1,366453.4322,0,0,0,0
8953.25142,1,357434.6322,1,366453.4322,0,0,0,0
8954.25142,1,357434.6322,1,366453.4322,0,0,0,0
8955.25142,1,357434.6322,1,366453.4322,0,0,0,0
8956.25142,1,357434.6322,1,366453.4322,0,0,0,0
8957.25142,1,357434.6322,1,366453.4322,0,0,0,0
8958.25142,1,357434.6322,1,366453.4322,0,0,0,0
8959.25142,1,357434.6322,1,366453.4322,0,0,0,0
8960.25142,1,357434.6322,1,366453.4322,0,0,0,0
8961.25142,1,357434.6322,1,366453.4322,0,0,0,0
8962.25142,1,357434.6322,1,366453.4322,0,0,0,0
8963.25142,1,357434.6322,1,366453.4322,0,0,0,0
8964.25142,1,357434.6322,1,366453.4322,0,0,0,0
8965.25142,1,357434.6322,1,366453.4322,0,0,0,0
8966.25142,1,357434.6322,1,366453.4322,0,0,0,0
8967.25142,1,357434.6322,1,366453.4322,0,0,0,0
8968.25142,1,357434.6322,1,366453.4322,0,0,0,0
8969.25142,1,357434.6322,1,366453.4322,0,0,0,0
8970.25142,1,357434.6322,1,366453.4322,0,0,0,0
8971.25142,1,357434.6322,1,366453.4322,0,0,0,0
8972.25142,1,357434.6322,1,366453.4322,0,0,0,0
8973.25142,1,357434.6322,1,366453.4322,0,0,0,0
8974.25142,1,357434.6322,1,366453.4322,0,0,0,0
8975.25142,1,357434.6322,1,366453.4322,0,0,0,0
8976.25142,1,357434.6322,1,366453.4322,0,0,0,0
8977.25142,1,357434.6322,1,366453.4322,0,0,0,0
8978.25142,1,357434.6322,1,366453.4322,0,0,0,0
8979.25142,1,357434.6322,1,366453.4322,0,0,0,0
8980.25142,1,357434.6322,1,366453.4322,0,0,0,0
8981.25142,1,357434.6322,1,366453.4322,0,0,0,0
8982.25142,1,357434.6322,1,366453.4322,0,0,0,0
8983.25142,1,357434.6322,1,366453.4322,0,0,0,0
8984.25142,1,357434.6322,1,366453.4322,0,0,0,0
8985.25142,1,357434.6322,1,366453.4322,0,0,0,0
8986.25142,1,357434.6322,1,366453.4322,0,0,0,0
8987.25142,1,357434.6322,1,366453.4322,0,0,0,0
8988.25142,1,357434.6322,1,366453.4322,0,0,0,0
8989.25142,1,357434.6322,1,366453.4322,0,0,0,0
8990.25142,1,357434.6322,1,366453.4322,0,0,0,0
8991.25142,1,357434.6322,1,366453.4322,0,0,0,0
8992.25142,1,357434.6322,1,366453.4322,0,0,0,0
8993.25142,1,357434.6322,1,366453.4322,0,0,0,0
8994.25142,1,357434.6322,1,366453.4322,0,0,0,0
8995.25142,1,357434.6322,1,366453.4322,0,0,0,0
8996.25142,1,357434.6322,1,366453.4322,0,0,0,0
8997.25142,1,357434.6322,1,366453.4322,0,0,0,0
8998.25142,1,357434.6322,1,366453.4322,0,0,0,0
8999.25142,1,357434.6322,1,366453.4322,0,0,0,0
9000.25142,1,357434.6322,1,366453.4322,0,0,0,0
9001.25142,1,357434.6322,1,366453.4322,0,0,0,0
9002.25142,1,357434.6322,1,366453.4322,0,0,0,0
9003.25142,1,357434.6322,1,366453.4322,0,0,0,0
9004.25142,1,357434.6322,1,366453.4322,0,0,0,0
9005.25142,1,357434.6322,1,366453.4322,0,0,0,0
9006.25142,1,357434.6322,1,366453.4322,0,0,0,0
9007.25142,1,357434.6322,1,366453.4322,0,0,0,0
9008.25142,1,357434.6322,1,366453.4322,0,0,0,0
9009.25142,1,357434.6322,1,366453.4322,0,0,0,0
9010.25142,1,357434.6322,1,366453.4322,0,0,0,0
9011.25142,1,357434.6322,1,366453.4322,0,0,0,0
9012.25142,1,357434.6322,1,366453.4322,0,0,0,0
9013.25142,1,357434.6322,1,366453.4322,0,0,0,0
9014.25142,1,357434.6322,1,366453.4322,0,0,0,0
9015.25142,1,357434.6322,1,366453.4322,0,0,0,0
9016.25142,1,357434.6322,1,366453.4322,0,0,0,0
9017.25142,1,357434.6322,1,366453.4322,0,0,0,0
9018.25142,1,357434.6322,1,366453.4322,0,0,0,0
9019.25142,1,357434.6322,1,366453.4322,0,0,0,0
9020.25142,1,357434.6322,1,366453.4322,0,0,0,0
9021.25142,1,357434.6322,1,366453.4322,0,0,0,0
9022.25142,1,357434.6322,1,366453.4322,0,0,0,0
9023.25142,1,357434.6322,1,366453.4322,0,0,0,0
9024.25142,1,357434.6322,1,366453.4322,0,0,0,0
9025.25142,1,357434.6322,1,366453.4322,0,0,0,0
9026.25142,1,357434.6322,1,366453.4322,0,0,0,0
9027.25142,1,357434.6322,1,366453.4322,0,0,0,0
9028.25142,1,357434.6322,1,366453.4322,0,0,0,0
9029.25142,1,357434.6322,1,366453.4322,0,0,0,0
9030.25142,1,357434.6322,1,366453.4322,0,0,0,0
9031.25142,1,357434.6322,1,366453.4322,0,0,0,0
9032.25142,1,357434.6322,1,366453.4322,0,0,0,0
9033.25142,1,357434.6322,1,366453.4322,0,0,0,0
9034.25142,1,357434.6322,1,366453.4322,0,0,0,0
9035.25142,1,357434.6322,1,366453.4322,0,0,0,0
9036.25142,1,357434.6322,1,366453.4322,0,0,0,0
9037.25142,1,357434.6322,1,366453.4322,0,0,0,0
9038.25142,1,357434.6322,1,366453.4322,0,0,0,0
9039.25142,1,357434.6322,1,366453.4322,0,0,0,0
9040.25142,1,357434.6322,1,366453.4322,0,0,0,0
9041.25142,1,357434.6322,1,366453.4322,0,0,0,0
9042.25142,1,357434.6322,1,366453.4322,0,0,0,0
9043.25142,1,357434.6322,1,366453.4322,0,0,0,0
9044.25142,1,357434.6322,1,366453.4322,0,0,0,0
9045.25142,1,357434.6322,1,366453.4322,0,0,0,0
9046.25142,1,357434.6322,1,366453.4322,0,0,0,0
9047.25142,1,357434.6322,1,366453.4322,0,0,0,0
9048.25142,1,357434.6322,1,366453.4322,0,0,0,0
9049.25142,1,357434.6322,1,366453.4322,0,0,0,0
9050.25142,1,357434.6322,1,366453.4322,0,0,0,0
9051.25142,1,357434.6322,1,366453.4322,0,0,0,0
9052.25142,1,357434.6322,1,366453.4322,0,0,0,0
9053.25142,1,357434.6322,1,366453.4322,0,0,0,0
9054.25142,1,357434.6322,1,366453.4322,0,0,0,0
9055.25142,1,357434.6322,1,366453.4322,0,0,0,0
9056.25142,1,357434.6322,1,366453.4322,0,0,0,0
9057.25142,1,357434.6322,1,366453.4322,0,0,0,0
9058.25142,1,357434.6322,1,366453.4322,0,0,0,0
9059.25142,1,357434.6322,1,366453.4322,0,0,0,0
9060.25142,1,357434.6322,1,366453.4322,0,0,0,0
9061.25142,1,357434.6322,1,366453.4322,0,0,0,0
9062.25142,1,357434.6322,1,366453.4322,0,0,0,0
9063.25142,1,357434.6322,1,366453.4322,0,0,0,0
9064.25142,1,357434.6322,1,366453.4322,0,0,0,0
9065.25142,1,357434.6322,1,366453.4322,0,0,0,0
9066.25142,1,357434.6322,1,366453.4322,0,0,0,0
9067.25142,1,357434.6322,1,366453.4322,0,0,0,0
9068.25142,1,357434.6322,1,366453.4322,1,349463.2292,0,0
9069.25142,1,357434.6322,1,366453.4322,1,349463.2292,0,0
9070.25142,1,357434.6322,1,366453.4322,1,349463.2292,0,0
9071.25142,1,357434.6322,1,366453.4322,1,349463.2292,0,0
9072.25142,1,357434.6322,1,366453.4322,1,349463.2292,0,0
9073.25142,1,357434.6322,1,366453.4322,1,349463.2292,0,0
9074.25142,1,357434.6322,1,366453.4322,1,349463.2292,0,0
9075.25142,1,357434.6322,1,366453.4322,1,349463.2292,0,0
9076.25142,1,357434.6322,1,366453.4322,1,349463.2292,0,0
9077.25142,1,357434.6322,1,366453.4322,1,349463.2292,0,0
9078.25142,1,357434.6322,1,366453.4322,1,349463.2292,0,0
9079.25142,1,357434.6322,1,366453.4322,1,349463.2292,0,0
9080.25142,1,357434.6322,1,366453.4322,1,349463.2292,0,0
9081.25142,1,357434.6322,1,366453.4322,1,349463.2292,0,0
9082.25142,1,357434.6322,1,366453.4322,1,349463.2292,0,0
9083.25142,1,357434.6322,1,366453.4322,1,349463.2292,0,0
9084.25142,1,357434.6322,1,366453.4322,1,349463.2292,0,0
9085.25142,1,357434.6322,1,366453.4322,1,349463.2292,0,0
9086.25142,1,357434.6322,1,366453.4322,1,349463.2292,0,0
9087.25142,1,357434.6322,1,366453.4322,1,349463.2292,0,0
9088.25142,1,357434.6322,1,366453.4322,1,349463.2292,0,0
9089.25142,1,357434.6322,1,366453.4322,1,349463.2292,0,0
9090.25142,1,357434.6322,1,366453.4322,1,349463.2292,0,0
9091.25142,1,357434.6322,1,366453.4322,1,349463.2292,0,0
9092.25142,1,357434.6322,1,366453.4322,1,349463.2292,0,0
9093.25142,1,357434.6322,1,366453.4322,1,349463.2292,0,0
9094.25142,1,357434.6322,1,366453.4322,1,349463.2292,0,0
9095.25142,1,357434.6322,1,366453.4322,1,349463.2292,0,0
9096.25142,1,357434.6322,1,366453.4322,1,349463.2292,0,0
9097.25142,1,357434.6322,1,366453.4322,1,349463.2292,0,0
9098.25142,1,357434.6322,1,366453.4322,1,349463.2292,0,0
9099.25142,1,357434.6322,1,366453.4322,1,349463.2292,0,0
9100.25142,1,357434.6322,1,366453.4322,1,349463.2292,0,0
9101.25142,1,357434.6322,1,366453.4322,1,349463.2292,0,0
9102.25142,1,357434.6322,1,366453.4322,1,349463.2292,0,0
9103.25142,1,357434.6322,1,366453.4322,1,349463.2292,0,0
9104.25142,1,357434.6322,1,366453.4322,1,349463.2292,0,0
9105.25142,1,357434.6322,1,366453.4322,1,349463.2292,0,0
9106.25142,1,357434.6322,1,366453.4322,1,349463.2292,0,0
9107.25142,1,357434.6322,1,366453.4322,1,349463.2292,0,0
9108.25142,1,357434.6322,1,366453.4322,1,349463.2292,0,0
9109.25142,1,357434.6322,1,366453.4322,1,349463.2292,0,0
9110.25142,1,357434.6322,1,366453.4322,1,349463.2292,0,0
9111.25142,1,357434.6322,1,366453.4322,1,349463.2292,0,0
9112.25142,1,357434.6322,1,366453.4322,1,349463.2292,0,0
9113.25142,1,357434.6322,1,366453.4322,1,349463.2292,0,0
9114.25142,1,357434.6322,1,366453.4322,1,349463.2292,0,0
9115.25142,1,357434.6322,1,366453.4322,1,349463.2292,0,0
9116.25142,1,357434.6322,1,366453.4322,1,349463.2292,0,0
9117.25142,1,357434.6322,1,366453.4322,1,349463.2292,0,0
9118.25142,1,357434.6322,1,366453.4322,1,349463.2292,0,0
9119.25142,1,357434.6322,1,366453.4322,1,349463.2292,0,0
9120.25142,1,357434.6322,1,366453.4322,1,349463.2292,0,0
9121.25142,1,357434.6322,1,366453.4322,1,349463.2292,0,0
9122.25142,1,357434.6322,1,366453.4322,1,349463.2292,0,0
9123.25142,1,357434.6322,1,366453.4322,1,349463.2292,0,0
9124.25142,1,357434.6322,1,366453.4322,1,349463.2292,0,0
9125.25142,1,357434.6322,1,366453.4322,1,349463.2292,0,0
9126.25142,1,357434.6322,1,366453.4322,1,349463.2292,0,0
9127.25142,1,357434.6322,1,366453.4322,1,349463.2292,0,0
9128.25142,1,357434.6322,1,366453.4322,1,349463.2292,0,0
9129.25142,1,357434.6322,1,366453.4322,1,349463.2292,0,0
9130.25142,1,357434.6322,1,366453.4322,1,349463.2292,0,0
9131.25142,1,357434.6322,1,366453.4322,1,349463.2292,0,0
9132.25142,1,357434.6322,1,366453.4322,1,349463.2292,0,0
9133.25142,1,357434.6322,1,366453.4322,1,349463.2292,0,0
9134.25142,1,357434.6322,1,366453.4322,1,349463.2292,0,0
9135.25142,1,357434.6322,1,366453.4322,1,349463.2292,0,0
9136.25142,1,357434.6322,1,366453.4322,1,349463.2292,0,0
9137.25142,1,357434.6322,1,366453.4322,1,349463.2292,0,0
9138.25142,1,357434.6322,1,366453.4322,1,349463.2292,0,0
9139.25142,1,357434.6322,1,366453.4322,1,349463.2292,0,0
9140.25142,1,357434.6322,1,366453.4322,1,349463.2292,0,0
9141.25142,1,357434.6322,1,366453.4322,1,349463.2292,0,0
9142.25142,1,357434.6322,1,366453.4322,1,349463.2292,0,0
9143.25142,1,357434.6322,1,366453.4322,1,349463.2292,0,0
9144.25142,1,357434.6322,1,366453.4322,1,349463.2292,0,0
9145.25142,1,357434.6322,1,366453.4322,1,349463.2292,0,0
9146.25142,1,357434.6322,1,366453.4322,1,349463.2292,0,0
9147.25142,1,357434.6322,1,366453.4322,1,349463.2292,0,0
9148.25142,1,357434.6322,1,366453.4322,1,349463.2292,0,0
9149.25142,1,357434.6322,1,366453.4322,1,349463.2292,0,0
9150.25142,1,357434.6322,1,366453.4322,1,349463.2292,0,0
9151.25142,1,357434.6322,1,366453.4322,1,349463.2292,0,0
9152.25142,1,357434.6322,1,366453.4322,1,349463.2292,0,0
9153.25142,1,357434.6322,1,366453.4322,1,349463.2292,0,0
9154.25142,1,357434.6322,1,366453.4322,1,349463.2292,0,0
9155.25142,1,357434.6322,1,366453.4322,1,349463.2292,0,0
9156.25142,1,357434.6322,1,366453.4322,1,349463.2292,0,0
9157.25142,1,357434.6322,1,366453.4322,1,349463.2292,0,0
9158.25142,1,357434.6322,1,366453.4322,1,349463.2292,0,0
9159.25142,1,357434.6322,1,366453.4322,1,349463.2292,0,0
9160.25142,1,357434.6322,1,366453.4322,1,349463.2292,0,0
9161.25142,1,357434.6322,1,366453.4322,1,349463.2292,0,0
9162.25142,1,357434.6322,1,366453.4322,1,349463.2292,0,0
9163.25142,1,357434.6322,1,366453.4322,1,349463.2292,0,0
9164.25142,1,357434.6322,1,366453.4322,1,349463.2292,0,0
9165.25142,1,357434.6322,1,366453.4322,1,349463.2292,0,0
9166.25142,1,357434.6322,1,366453.4322,1,349463.2292,0,0
9167.25142,1,357434.6322,1,366453.4322,1,349463.2292,0,0
9168.25142,1,357434.6322,1,366453.4322,1,349463.2292,0,0
9169.25142,1,357434.6322,1,366453.4322,1,349463.2292,0,0
9170.25142,1,357434.6322,1,366453.4322,1,349463.2292,0,0
9171.25142,1,357434.6322,1,366453.4322,1,349463.2292,0,0
9172.25142,1,357434.6322,1,366453.4322,1,349463.2292,0,0
9173.25142,1,357434.6322,1,366453.4322,1,349463.2292,0,0
9174.25142,1,357434.6322,1,366453.4322,1,349463.2292,0,0
9175.25142,1,357434.6322,1,366453.4322,1,349463.2292,0,0
9176.25142,1,357434.6322,0,0,1,349463.2292,0,0
9177.25142,1,357434.6322,0,0,1,349463.2292,0,0
9178.25142,1,357434.6322,0,0,1,349463.2292,0,0
9179.25142,1,357434.6322,0,0,1,349463.2292,0,0
9180.25142,1,357434.6322,0,0,1,349463.2292,0,0
9181.25142,1,357434.6322,0,0,1,349463.2292,0,0
9182.25142,1,357434.6322,0,0,1,349463.2292,0,0
9183.25142,1,357434.6322,0,0,1,349463.2292,0,0
9184.25142,1,357434.6322,0,0,1,349463.2292,0,0
9185.25142,1,357434.6322,0,0,1,349463.2292,0,0
9186.25142,1,357434.6322,0,0,1,349463.2292,0,0
9187.25142,1,357434.6322,0,0,1,349463.2292,0,0
9188.25142,1,357434.6322,0,0,1,349463.2292,0,0
9189.25142,1,357434.6322,0,0,1,349463.2292,0,0
9190.25142,1,357434.6322,0,0,1,349463.2292,0,0
9191.25142,1,357434.6322,0,0,1,349463.2292,0,0
9192.25142,1,357434.6322,0,0,1,349463.2292,0,0
9193.25142,1,357434.6322,0,0,1,349463.2292,0,0
9194.25142,1,357434.6322,0,0,1,349463.2292,0,0
9195.25142,1,357434.6322,0,0,1,349463.2292,0,0
9196.25142,1,357434.6322,0,0,1,349463.2292,0,0
9197.25142,1,357434.6322,0,0,1,349463.2292,0,0
9198.25142,1,357434.6322,0,0,1,349463.2292,0,0
9199.25142,1,357434.6322,0,0,1,349463.2292,0,0
9200.25142,1,357434.6322,0,0,1,349463.2292,0,0
9201.25142,1,357434.6322,0,0,1,349463.2292,0,0
9202.25142,1,357434.6322,0,0,1,349463.2292,0,0
9203.25142,1,357434.6322,0,0,1,349463.2292,0,0
9204.25142,1,357434.6322,0,0,1,349463.2292,0,0
9205.25142,1,357434.6322,0,0,1,349463.2292,0,0
9206.25142,1,357434.6322,0,0,1,349463.2292,0,0
9207.25142,1,357434.6322,0,0,1,349463.2292,0,0
9208.25142,1,357434.6322,0,0,1,349463.2292,0,0
9209.25142,1,357434.6322,0,0,1,349463.2292,0,0
9210.25142,1,357434.6322,0,0,1,349463.2292,0,0
9211.25142,1,357434.6322,0,0,1,349463.2292,0,0
9212.25142,1,357434.6322,0,0,1,349463.2292,0,0
9213.25142,1,357434.6322,0,0,1,349463.2292,0,0
9214.25142,1,357434.6322,0,0,1,349463.2292,0,0
9215.25142,1,357434.6322,0,0,1,349463.2292,0,0
9216.25142,1,357434.6322,0,0,1,349463.2292,0,0
9217.25142,1,357434.6322,0,0,1,349463.2292,0,0
9218.25142,1,357434.6322,0,0,1,349463.2292,0,0
9219.25142,1,357434.6322,0,0,1,349463.2292,0,0
9220.25142,1,357434.6322,0,0,1,349463.2292,0,0
9221.25142,1,357434.6322,0,0,1,349463.2292,0,0
9222.25142,1,357434.6322,0,0,1,349463.2292,0,0
9223.25142,1,357434.6322,0,0,1,349463.2292,0,0
9224.25142,1,357434.6322,0,0,1,349463.2292,0,0
9225.25142,1,357434.6322,0,0,1,349463.2292,0,0
9226.25142,1,357434.6322,0,0,1,349463.2292,0,0
9227.25142,1,357434.6322,0,0,1,349463.2292,0,0
9228.25142,1,357434.6322,0,0,1,349463.2292,0,0
9229.25142,1,357434.6322,0,0,1,349463.2292,0,0
9230.25142,1,357434.6322,0,0,1,349463.2292,0,0
9231.25142,1,357434.6322,0,0,1,349463.2292,0,0
9232.25142,1,357434.6322,0,0,1,349463.2292,0,0
9233.25142,1,357434.6322,0,0,1,349463.2292,0,0
9234.25142,1,357434.6322,0,0,1,349463.2292,0,0
9235.25142,1,357434.6322,0,0,1,349463.2292,0,0
9236.25142,1,357434.6322,0,0,1,349463.2292,0,0
9237.25142,1,357434.6322,0,0,1,349463.2292,0,0
9238.25142,1,357434.6322,0,0,1,349463.2292,0,0
9239.25142,1,357434.6322,0,0,1,349463.2292,0,0
9240.25142,1,357434.6322,0,0,1,349463.2292,0,0
9241.25142,1,357434.6322,0,0,1,349463.2292,0,0
9242.25142,1,357434.6322,0,0,1,349463.2292,0,0
9243.25142,1,357434.6322,0,0,1,349463.2292,0,0
9244.25142,1,357434.6322,0,0,1,349463.2292,0,0
9245.25142,1,357434.6322,0,0,1,349463.2292,0,0
9246.25142,1,357434.6322,0,0,1,349463.2292,0,0
9247.25142,1,357434.6322,0,0,1,349463.2292,0,0
9248.25142,1,357434.6322,0,0,1,349463.2292,0,0
9249.25142,1,357434.6322,0,0,1,349463.2292,0,0
9250.25142,1,357434.6322,0,0,1,349463.2292,0,0
9251.25142,1,357434.6322,0,0,1,349463.2292,0,0
9252.25142,1,357434.6322,0,0,1,349463.2292,0,0
9253.25142,1,357434.6322,0,0,1,349463.2292,0,0
9254.25142,1,357434.6322,0,0,1,349463.2292,0,0
9255.25142,1,357434.6322,0,0,1,349463.2292,0,0
9256.25142,1,357434.6322,0,0,1,349463.2292,0,0
9257.25142,1,357434.6322,0,0,1,349463.2292,0,0
9258.25142,1,357434.6322,0,0,1,349463.2292,0,0
9259.25142,1,357434.6322,0,0,1,349463.2292,0,0
9260.25142,1,357434.6322,0,0,1,349463.2292,0,0
9261.25142,1,357434.6322,0,0,1,349463.2292,0,0
9262.25142,1,357434.6322,0,0,1,349463.2292,0,0
9263.25142,1,357434.6322,0,0,1,349463.2292,0,0
9264.25142,1,357434.6322,0,0,1,349463.2292,0,0
9265.25142,1,357434.6322,0,0,1,349463.2292,0,0
9266.25142,1,357434.6322,0,0,1,349463.2292,0,0
9267.25142,1,357434.6322,0,0,1,349463.2292,0,0
9268.25142,1,357434.6322,0,0,1,349463.2292,0,0
9269.25142,1,357434.6322,0,0,1,349463.2292,0,0
9270.25142,1,357434.6322,0,0,1,349463.2292,0,0
9271.25142,1,357434.6322,0,0,1,349463.2292,0,0
9272.25142,1,357434.6322,0,0,1,349463.2292,0,0
9273.25142,1,357434.6322,0,0,1,349463.2292,0,0
9274.25142,1,357434.6322,0,0,1,349463.2292,0,0
9275.25142,1,357434.6322,0,0,1,349463.2292,0,0
9276.25142,1,357434.6322,0,0,1,349463.2292,0,0
9277.25142,1,357434.6322,0,0,1,349463.2292,0,0
9278.25142,1,357434.6322,0,0,1,349463.2292,0,0
9279.25142,1,357434.6322,0,0,1,349463.2292,0,0
9280.25142,1,357434.6322,0,0,1,349463.2292,0,0
9281.25142,1,357434.6322,0,0,1,349463.2292,0,0
9282.25142,1,357434.6322,0,0,1,349463.2292,0,0
9283.25142,1,357434.6322,0,0,1,349463.2292,0,0
9284.25142,1,357434.6322,0,0,1,349463.2292,0,0
9285.25142,1,357434.6322,0,0,1,349463.2292,0,0
9286.25142,1,357434.6322,0,0,1,349463.2292,0,0
9287.25142,1,357434.6322,0,0,1,349463.2292,0,0
9288.25142,1,357434.6322,0,0,1,349463.2292,0,0
9289.25142,1,357434.6322,0,0,1,349463.2292,0,0
9290.25142,1,357434.6322,0,0,1,349463.2292,0,0
9291.25142,1,357434.6322,0,0,1,349463.2292,0,0
9292.25142,1,357434.6322,0,0,1,349463.2292,0,0
9293.25142,1,357434.6322,0,0,1,349463.2292,0,0
9294.25142,1,357434.6322,0,0,1,349463.2292,0,0
9295.25142,1,357434.6322,0,0,1,349463.2292,0,0
9296.25142,1,357434.6322,0,0,1,349463.2292,0,0
9297.25142,1,357434.6322,0,0,1,349463.2292,0,0
9298.25142,1,357434.6322,0,0,1,349463.2292,0,0
9299.25142,1,357434.6322,0,0,1,349463.2292,0,0
9300.25142,1,357434.6322,0,0,1,349463.2292,0,0
9301.25142,1,357434.6322,0,0,1,349463.2292,0,0
9302.25142,1,357434.6322,0,0,1,349463.2292,0,0
9303.25142,1,357434.6322,0,0,1,349463.2292,0,0
9304.25142,1,357434.6322,0,0,1,349463.2292,0,0
9305.25142,1,357434.6322,0,0,1,349463.2292,0,0
9306.25142,1,357434.6322,0,0,1,349463.2292,0,0
9307.25142,1,357434.6322,0,0,1,349463.2292,0,0
9308.25142,1,357434.6322,0,0,1,349463.2292,0,0
9309.25142,1,357434.6322,0,0,1,349463.2292,0,0
9310.25142,1,357434.6322,0,0,1,349463.2292,0,0
9311.25142,1,357434.6322,0,0,1,349463.2292,0,0
9312.25142,1,357434.6322,0,0,1,349463.2292,0,0
9313.25142,1,357434.6322,0,0,1,349463.2292,0,0
9314.25142,1,357434.6322,0,0,1,349463.2292,0,0
9315.25142,1,357434.6322,0,0,1,349463.2292,0,0
9316.25142,1,357434.6322,0,0,1,349463.2292,0,0
9317.25142,1,357434.6322,0,0,1,349463.2292,0,0
9318.25142,1,357434.6322,0,0,1,349463.2292,0,0
9319.25142,1,357434.6322,0,0,1,349463.2292,0,0
9320.25142,1,357434.6322,0,0,1,349463.2292,0,0
9321.25142,1,357434.6322,0,0,1,349463.2292,0,0
9322.25142,1,357434.6322,0,0,1,349463.2292,0,0
9323.25142,1,357434.6322,0,0,1,349463.2292,0,0
9324.25142,1,357434.6322,0,0,1,349463.2292,0,0
9325.25142,1,357434.6322,0,0,1,349463.2292,0,0
9326.25142,1,357434.6322,0,0,1,349463.2292,0,0
9327.25142,1,357434.6322,0,0,1,349463.2292,0,0
9328.25142,1,357434.6322,0,0,1,349463.2292,0,0
9329.25142,1,357434.6322,0,0,1,349463.2292,0,0
9330.25142,1,357434.6322,0,0,1,349463.2292,0,0
9331.25142,1,357434.6322,0,0,1,349463.2292,0,0
9332.25142,1,357434.6322,0,0,1,349463.2292,0,0
9333.25142,1,357434.6322,0,0,1,349463.2292,0,0
9334.25142,1,357434.6322,0,0,1,349463.2292,0,0
9335.25142,1,357434.6322,0,0,1,349463.2292,0,0
9336.25142,1,357434.6322,0,0,1,349463.2292,0,0
9337.25142,1,357434.6322,0,0,1,349463.2292,0,0
9338.25142,1,357434.6322,0,0,1,349463.2292,0,0
9339.25142,1,357434.6322,0,0,1,349463.2292,0,0
9340.25142,1,357434.6322,0,0,1,349463.2292,0,0
9341.25142,1,357434.6322,0,0,1,349463.2292,0,0
9342.25142,1,357434.6322,0,0,1,349463.2292,0,0
9343.25142,1,357434.6322,0,0,1,349463.2292,0,0
9344.25142,1,357434.6322,0,0,1,349463.2292,0,0
9345.25142,1,357434.6322,0,0,1,349463.2292,0,0
9346.25142,1,357434.6322,0,0,1,349463.2292,0,0
9347.25142,1,357434.6322,0,0,1,349463.2292,0,0
9348.25142,1,357434.6322,0,0,1,349463.2292,0,0
9349.25142,1,357434.6322,0,0,1,349463.2292,0,0
9350.25142,1,357434.6322,0,0,1,349463.2292,0,0
9351.25142,1,357434.6322,0,0,1,349463.2292,0,0
9352.25142,1,357434.6322,0,0,1,349463.2292,0,0
9353.25142,1,357434.6322,0,0,1,349463.2292,0,0
9354.25142,1,357434.6322,0,0,1,349463.2292,0,0
9355.25142,1,357434.6322,0,0,1,349463.2292,0,0
9356.25142,1,357434.6322,0,0,1,349463.2292,0,0
9357.25142,1,357434.6322,0,0,1,349463.2292,0,0
9358.25142,1,357434.6322,0,0,1,349463.2292,0,0
9359.25142,1,357434.6322,0,0,1,349463.2292,0,0
9360.25142,1,357434.6322,0,0,1,349463.2292,0,0
9361.25142,1,357434.6322,0,0,1,349463.2292,0,0
9362.25142,1,357434.6322,0,0,1,349463.2292,0,0
9363.25142,1,357434.6322,0,0,1,349463.2292,0,0
9364.25142,1,357434.6322,0,0,1,349463.2292,0,0
9365.25142,1,357434.6322,0,0,1,349463.2292,0,0
9366.25142,1,357434.6322,0,0,1,349463.2292,0,0
9367.25142,1,357434.6322,0,0,1,349463.2292,0,0
9368.25142,1,357434.6322,0,0,1,349463.2292,0,0
9369.25142,1,357434.6322,0,0,1,349463.2292,0,0
9370.25142,1,357434.6322,0,0,1,349463.2292,0,0
9371.25142,1,357434.6322,0,0,1,349463.2292,0,0
9372.25142,1,357434.6322,0,0,1,349463.2292,0,0
9373.25142,1,357434.6322,0,0,1,349463.2292,0,0
9374.25142,1,357434.6322,0,0,1,349463.2292,0,0
9375.25142,1,357434.6322,0,0,1,349463.2292,0,0
9376.25142,1,357434.6322,0,0,1,349463.2292,0,0
9377.25142,1,357434.6322,0,0,1,349463.2292,0,0
9378.25142,1,357434.6322,0,0,1,349463.2292,0,0
9379.25142,1,357434.6322,0,0,1,349463.2292,1,336217.2642
9380.25142,1,357434.6322,0,0,1,349463.2292,1,336217.2642
9381.25142,1,357434.6322,0,0,1,349463.2292,1,336217.2642
9382.25142,1,357434.6322,0,0,1,349463.2292,1,336217.2642
9383.25142,1,357434.6322,0,0,1,349463.2292,1,336217.2642
9384.25142,1,357434.6322,0,0,1,349463.2292,1,336217.2642
9385.25142,1,357434.6322,0,0,1,349463.2292,1,336217.2642
9386.25142,1,357434.6322,0,0,1,349463.2292,1,336217.2642
9387.25142,1,357434.6322,0,0,1,349463.2292,1,336217.2642
9388.25142,1,357434.6322,0,0,1,349463.2292,1,336217.2642
9389.25142,1,357434.6322,0,0,1,349463.2292,1,336217.2642
9390.25142,1,357434.6322,0,0,1,349463.2292,1,336217.2642
9391.25142,1,357434.6322,0,0,1,349463.2292,1,336217.2642
9392.25142,1,357434.6322,0,0,1,349463.2292,1,336217.2642
9393.25142,1,357434.6322,0,0,1,349463.2292,1,336217.2642
9394.25142,1,357434.6322,0,0,1,349463.2292,1,336217.2642
9395.25142,1,357434.6322,0,0,1,349463.2292,1,336217.2642
9396.25142,1,357434.6322,0,0,1,349463.2292,1,336217.2642
9397.25142,1,357434.6322,0,0,1,349463.2292,1,336217.2642
9398.25142,1,357434.6322,0,0,1,349463.2292,1,336217.2642
9399.25142,1,357434.6322,0,0,1,349463.2292,1,336217.2642
9400.25142,1,357434.6322,0,0,1,349463.2292,1,336217.2642
9401.25142,1,357434.6322,0,0,1,349463.2292,1,336217.2642
9402.25142,1,357434.6322,0,0,1,349463.2292,1,336217.2642
9403.25142,1,357434.6322,0,0,1,349463.2292,1,336217.2642
9404.25142,1,357434.6322,0,0,1,349463.2292,1,336217.2642
9405.25142,1,357434.6322,0,0,1,349463.2292,1,336217.2642
9406.25142,1,357434.6322,0,0,1,349463.2292,1,336217.2642
9407.25142,1,357434.6322,0,0,1,349463.2292,1,336217.2642
9408.25142,1,357434.6322,0,0,1,349463.2292,1,336217.2642
9409.25142,1,357434.6322,0,0,1,349463.2292,1,336217.2642
9410.25142,1,357434.6322,0,0,1,349463.2292,1,336217.2642
9411.25142,1,357434.6322,0,0,1,349463.2292,1,336217.2642
9412.25142,1,357434.6322,0,0,1,349463.2292,1,336217.2642
9413.25142,1,357434.6322,0,0,1,349463.2292,1,336217.2642
9414.25142,1,357434.6322,0,0,1,349463.2292,1,336217.2642
9415.25142,1,357434.6322,0,0,1,349463.2292,1,336217.2642
9416.25142,1,357434.6322,0,0,1,349463.2292,1,336217.2642
9417.25142,1,357434.6322,0,0,1,349463.2292,1,336217.2642
9418.25142,1,357434.6322,0,0,1,349463.2292,1,336217.2642
9419.25142,1,357434.6322,0,0,1,349463.2292,1,336217.2642
9420.25142,1,357434.6322,0,0,1,349463.2292,1,336217.2642
9421.25142,1,357434.6322,0,0,1,349463.2292,1,336217.2642
9422.25142,1,357434.6322,0,0,1,349463.2292,1,336217.2642
9423.25142,1,357434.6322,0,0,1,349463.2292,1,336217.2642
9424.25142,1,357434.6322,0,0,1,349463.2292,1,336217.2642
9425.25142,1,357434.6322,0,0,1,349463.2292,1,336217.2642
9426.25142,1,357434.6322,0,0,1,349463.2292,1,336217.2642
9427.25142,1,357434.6322,0,0,1,349463.2292,1,336217.2642
9428.25142,1,357434.6322,0,0,1,349463.2292,1,336217.2642
9429.25142,1,357434.6322,0,0,1,349463.2292,1,336217.2642
9430.25142,1,357434.6322,0,0,1,349463.2292,1,336217.2642
9431.25142,1,357434.6322,0,0,1,349463.2292,1,336217.2642
9432.25142,1,357434.6322,0,0,1,349463.2292,1,336217.2642
9433.25142,1,357434.6322,0,0,1,349463.2292,1,336217.2642
9434.25142,1,357434.6322,0,0,1,349463.2292,1,336217.2642
9435.25142,1,357434.6322,0,0,1,349463.2292,1,336217.2642
9436.25142,1,357434.6322,0,0,1,349463.2292,1,336217.2642
9437.25142,1,357434.6322,0,0,1,349463.2292,1,336217.2642
9438.25142,1,357434.6322,0,0,1,349463.2292,1,336217.2642
9439.25142,1,357434.6322,0,0,1,349463.2292,1,336217.2642
9440.25142,1,357434.6322,0,0,1,349463.2292,1,336217.2642
9441.25142,1,357434.6322,0,0,1,349463.2292,1,336217.2642
9442.25142,1,357434.6322,0,0,1,349463.2292,1,336217.2642
9443.25142,1,357434.6322,0,0,1,349463.2292,1,336217.2642
9444.25142,1,357434.6322,0,0,1,349463.2292,1,336217.2642
9445.25142,1,357434.6322,0,0,1,349463.2292,1,336217.2642
9446.25142,1,357434.6322,0,0,1,349463.2292,1,336217.2642
9447.25142,1,357434.6322,0,0,1,349463.2292,1,336217.2642
9448.25142,1,357434.6322,0,0,1,349463.2292,1,336217.2642
9449.25142,1,357434.6322,0,0,1,349463.2292,1,336217.2642
9450.25142,1,357434.6322,0,0,1,349463.2292,1,336217.2642
9451.25142,1,357434.6322,0,0,1,349463.2292,1,336217.2642
9452.25142,1,357434.6322,0,0,1,349463.2292,1,336217.2642
9453.25142,1,357434.6322,0,0,1,349463.2292,1,336217.2642
9454.25142,1,357434.6322,0,0,1,349463.2292,1,336217.2642
9455.25142,1,357434.6322,0,0,1,349463.2292,1,336217.2642
9456.25142,1,357434.6322,0,0,1,349463.2292,1,336217.2642
9457.25142,1,357434.6322,0,0,1,349463.2292,1,336217.2642
9458.25142,1,357434.6322,0,0,1,349463.2292,1,336217.2642
9459.25142,1,357434.6322,0,0,1,349463.2292,1,336217.2642
9460.25142,1,357434.6322,0,0,1,349463.2292,1,336217.2642
9461.25142,1,357434.6322,0,0,1,349463.2292,1,336217.2642
9462.25142,1,357434.6322,0,0,1,349463.2292,1,336217.2642
9463.25142,1,357434.6322,0,0,1,349463.2292,1,336217.2642
9464.25142,1,357434.6322,0,0,1,349463.2292,1,336217.2642
9465.25142,1,357434.6322,0,0,1,349463.2292,1,336217.2642
9466.25142,1,357434.6322,0,0,1,349463.2292,1,336217.2642
9467.25142,1,357434.6322,0,0,1,349463.2292,1,336217.2642
9468.25142,1,357434.6322,0,0,1,349463.2292,1,336217.2642
9469.25142,1,357434.6322,0,0,1,349463.2292,1,336217.2642
9470.25142,1,357434.6322,0,0,1,349463.2292,1,336217.2642
9471.25142,1,357434.6322,0,0,1,349463.2292,1,336217.2642
9472.25142,1,357434.6322,0,0,1,349463.2292,1,336217.2642
9473.25142,1,357434.6322,0,0,1,349463.2292,1,336217.2642
9474.25142,1,357434.6322,0,0,1,349463.2292,1,336217.2642
9475.25142,0,0,0,0,1,349463.2292,1,336217.2642
9476.25142,0,0,0,0,1,349463.2292,1,336217.2642
9477.25142,0,0,0,0,1,349463.2292,1,336217.2642
9478.25142,0,0,0,0,1,349463.2292,1,336217.2642
9479.25142,0,0,0,0,1,349463.2292,1,336217.2642
9480.25142,0,0,0,0,1,349463.2292,1,336217.2642
9481.25142,0,0,0,0,1,349463.2292,1,336217.2642
9482.25142,0,0,0,0,1,349463.2292,1,336217.2642
9483.25142,0,0,0,0,1,349463.2292,1,336217.2642
9484.25142,0,0,0,0,1,349463.2292,1,336217.2642
9485.25142,0,0,0,0,1,349463.2292,1,336217.2642
9486.25142,0,0,0,0,1,349463.2292,1,336217.2642
9487.25142,0,0,0,0,1,349463.2292,1,336217.2642
9488.25142,0,0,0,0,1,349463.2292,1,336217.2642
9489.25142,0,0,0,0,1,349463.2292,1,336217.2642
9490.25142,0,0,0,0,1,349463.2292,1,336217.2642
9491.25142,0,0,0,0,1,349463.2292,1,336217.2642
9492.25142,0,0,0,0,1,349463.2292,1,336217.2642
9493.25142,0,0,0,0,1,349463.2292,1,336217.2642
9494.25142,0,0,0,0,1,349463.2292,1,336217.2642
9495.25142,0,0,0,0,1,349463.2292,1,336217.2642
9496.25142,0,0,0,0,1,349463.2292,1,336217.2642
9497.25142,0,0,0,0,1,349463.2292,1,336217.2642
9498.25142,0,0,0,0,1,349463.2292,1,336217.2642
9499.25142,0,0,0,0,1,349463.2292,1,336217.2642
9500.25142,0,0,0,0,1,349463.2292,1,336217.2642
9501.25142,0,0,0,0,1,349463.2292,1,336217.2642
9502.25142,0,0,0,0,1,349463.2292,1,336217.2642
9503.25142,0,0,0,0,1,349463.2292,1,336217.2642
9504.25142,0,0,0,0,1,349463.2292,1,336217.2642
9505.25142,0,0,0,0,1,349463.2292,1,336217.2642
9506.25142,0,0,0,0,1,349463.2292,1,336217.2642
9507.25142,0,0,0,0,1,349463.2292,1,336217.2642
9508.25142,0,0,0,0,1,349463.2292,1,336217.2642
9509.25142,0,0,0,0,1,349463.2292,1,336217.2642
9510.25142,0,0,0,0,1,349463.2292,1,336217.2642
9511.25142,0,0,0,0,1,349463.2292,1,336217.2642
9512.25142,0,0,0,0,1,349463.2292,1,336217.2642
9513.25142,0,0,0,0,1,349463.2292,1,336217.2642
9514.25142,0,0,0,0,1,349463.2292,1,336217.2642
9515.25142,0,0,0,0,1,349463.2292,1,336217.2642
9516.25142,0,0,0,0,1,349463.2292,1,336217.2642
9517.25142,0,0,0,0,1,349463.2292,1,336217.2642
9518.25142,0,0,0,0,1,349463.2292,1,336217.2642
9519.25142,0,0,0,0,1,349463.2292,1,336217.2642
9520.25142,0,0,0,0,1,349463.2292,1,336217.2642
9521.25142,0,0,0,0,1,349463.2292,1,336217.2642
9522.25142,0,0,0,0,1,349463.2292,1,336217.2642
9523.25142,0,0,0,0,1,349463.2292,1,336217.2642
9524.25142,0,0,0,0,1,349463.2292,1,336217.2642
9525.25142,0,0,0,0,1,349463.2292,1,336217.2642
9526.25142,0,0,0,0,1,349463.2292,1,336217.2642
9527.25142,0,0,0,0,1,349463.2292,1,336217.2642
9528.25142,0,0,0,0,1,349463.2292,1,336217.2642
9529.25142,0,0,0,0,1,349463.2292,1,336217.2642
9530.25142,0,0,0,0,1,349463.2292,1,336217.2642
9531.25142,0,0,0,0,1,349463.2292,1,336217.2642
9532.25142,0,0,0,0,1,349463.2292,1,336217.2642
9533.25142,0,0,0,0,1,349463.2292,1,336217.2642
9534.25142,0,0,0,0,1,349463.2292,1,336217.2642
9535.25142,0,0,0,0,1,349463.2292,1,336217.2642
9536.25142,0,0,0,0,1,349463.2292,1,336217.2642
9537.25142,0,0,0,0,1,349463.2292,1,336217.2642
9538.25142,0,0,0,0,1,349463.2292,1,336217.2642
9539.25142,0,0,0,0,1,349463.2292,1,336217.2642
9540.25142,0,0,0,0,1,349463.2292,1,336217.2642
9541.25142,0,0,0,0,1,349463.2292,1,336217.2642
9542.25142,0,0,0,0,1,349463.2292,1,336217.2642
9543.25142,0,0,0,0,1,349463.2292,1,336217.2642
9544.25142,0,0,0,0,1,349463.2292,1,336217.2642
9545.25142,0,0,0,0,1,349463.2292,1,336217.2642
9546.25142,0,0,0,0,1,349463.2292,1,336217.2642
9547.25142,0,0,0,0,1,349463.2292,1,336217.2642
9548.25142,0,0,0,0,1,349463.2292,1,336217.2642
9549.25142,0,0,0,0,1,349463.2292,1,336217.2642
9550.25142,0,0,0,0,1,349463.2292,1,336217.2642
9551.25142,0,0,0,0,1,349463.2292,1,336217.2642
9552.25142,0,0,0,0,1,349463.2292,1,336217.2642
9553.25142,0,0,0,0,1,349463.2292,1,336217.2642
9554.25142,0,0,0,0,1,349463.2292,1,336217.2642
9555.25142,0,0,0,0,1,349463.2292,1,336217.2642
9556.25142,0,0,0,0,1,349463.2292,1,336217.2642
9557.25142,0,0,0,0,1,349463.2292,1,336217.2642
9558.25142,0,0,0,0,1,349463.2292,1,336217.2642
9559.25142,0,0,0,0,1,349463.2292,1,336217.2642
9560.25142,0,0,0,0,1,349463.2292,1,336217.2642
9561.25142,0,0,0,0,1,349463.2292,1,336217.2642
9562.25142,0,0,0,0,1,349463.2292,1,336217.2642
9563.25142,0,0,0,0,1,349463.2292,1,336217.2642
9564.25142,0,0,0,0,1,349463.2292,1,336217.2642
9565.25142,0,0,0,0,1,349463.2292,1,336217.2642
9566.25142,0,0,0,0,1,349463.2292,1,336217.2642
9567.25142,0,0,0,0,1,349463.2292,1,336217.2642
9568.25142,0,0,0,0,1,349463.2292,1,336217.2642
9569.25142,0,0,0,0,1,349463.2292,1,336217.2642
9570.25142,0,0,0,0,1,349463.2292,1,336217.2642
9571.25142,0,0,0,0,1,349463.2292,1,336217.2642
9572.25142,0,0,0,0,1,349463.2292,1,336217.2642
9573.25142,0,0,0,0,1,349463.2292,1,336217.2642
9574.25142,0,0,0,0,1,349463.2292,1,336217.2642
9575.25142,0,0,0,0,1,349463.2292,1,336217.2642
9576.25142,0,0,0,0,1,349463.2292,1,336217.2642
9577.25142,0,0,0,0,1,349463.2292,1,336217.2642
9578.25142,0,0,0,0,1,349463.2292,1,336217.2642
9579.25142,0,0,0,0,1,349463.2292,1,336217.2642
9580.25142,0,0,0,0,1,349463.2292,1,336217.2642
9581.25142,0,0,0,0,1,349463.2292,1,336217.2642
9582.25142,0,0,0,0,1,349463.2292,1,336217.2642
9583.25142,0,0,0,0,1,349463.2292,1,336217.2642
9584.25142,0,0,0,0,1,349463.2292,1,336217.2642
9585.25142,0,0,0,0,1,349463.2292,1,336217.2642
9586.25142,0,0,0,0,1,349463.2292,1,336217.2642
9587.25142,0,0,0,0,1,349463.2292,1,336217.2642
9588.25142,0,0,0,0,1,349463.2292,1,336217.2642
9589.25142,0,0,0,0,1,349463.2292,1,336217.2642
9590.25142,0,0,0,0,1,349463.2292,1,336217.2642
9591.25142,0,0,0,0,1,349463.2292,1,336217.2642
9592.25142,0,0,0,0,1,349463.2292,1,336217.2642
9593.25142,0,0,0,0,1,349463.2292,1,336217.2642
9594.25142,0,0,0,0,1,349463.2292,1,336217.2642
9595.25142,0,0,0,0,1,349463.2292,1,336217.2642
9596.25142,0,0,0,0,1,349463.2292,1,336217.2642
9597.25142,0,0,0,0,1,349463.2292,1,336217.2642
9598.25142,0,0,0,0,1,349463.2292,1,336217.2642
9599.25142,0,0,0,0,1,349463.2292,1,336217.2642
9600.25142,0,0,0,0,1,349463.2292,1,336217.2642
9601.25142,0,0,0,0,1,349463.2292,1,336217.2642
9602.25142,0,0,0,0,1,349463.2292,1,336217.2642
9603.25142,0,0,0,0,1,349463.2292,1,336217.2642
9604.25142,0,0,0,0,1,349463.2292,1,336217.2642
9605.25142,0,0,0,0,1,349463.2292,1,336217.2642
9606.25142,0,0,0,0,1,349463.2292,1,336217.2642
9607.25142,0,0,0,0,1,349463.2292,1,336217.2642
9608.25142,0,0,0,0,1,349463.2292,1,336217.2642
9609.25142,0,0,0,0,1,349463.2292,1,336217.2642
9610.25142,0,0,0,0,1,349463.2292,1,336217.2642
9611.25142,0,0,0,0,1,349463.2292,1,336217.2642
9612.25142,0,0,0,0,1,349463.2292,1,336217.2642
9613.25142,0,0,0,0,1,349463.2292,1,336217.2642
9614.25142,0,0,0,0,1,349463.2292,1,336217.2642
9615.25142,0,0,0,0,1,349463.2292,1,336217.2642
9616.25142,0,0,0,0,1,349463.2292,1,336217.2642
9617.25142,0,0,0,0,1,349463.2292,1,336217.2642
9618.25142,0,0,0,0,1,349463.2292,1,336217.2642
9619.25142,0,0,0,0,1,349463.2292,1,336217.2642
9620.25142,0,0,0,0,1,349463.2292,1,336217.2642
9621.25142,0,0,0,0,1,349463.2292,1,336217.2642
9622.25142,0,0,0,0,1,349463.2292,1,336217.2642
9623.25142,0,0,0,0,1,349463.2292,1,336217.2642
9624.25142,0,0,0,0,1,349463.2292,1,336217.2642
9625.25142,0,0,0,0,1,349463.2292,1,336217.2642
9626.25142,0,0,0,0,1,349463.2292,1,336217.2642
9627.25142,0,0,0,0,1,349463.2292,1,336217.2642
9628.25142,0,0,0,0,1,349463.2292,1,336217.2642
9629.25142,0,0,0,0,1,349463.2292,1,336217.2642
9630.25142,0,0,0,0,1,349463.2292,1,336217.2642
9631.25142,0,0,0,0,1,349463.2292,1,336217.2642
9632.25142,0,0,0,0,1,349463.2292,1,336217.2642
9633.25142,0,0,0,0,1,349463.2292,1,336217.2642
9634.25142,0,0,0,0,1,349463.2292,1,336217.2642
9635.25142,0,0,0,0,1,349463.2292,1,336217.2642
9636.25142,0,0,0,0,0,0,1,336217.2642
9637.25142,0,0,0,0,0,0,1,336217.2642
9638.25142,0,0,0,0,0,0,1,336217.2642
9639.25142,0,0,0,0,0,0,1,336217.2642
9640.25142,0,0,0,0,0,0,1,336217.2642
9641.25142,0,0,0,0,0,0,1,336217.2642
9642.25142,0,0,0,0,0,0,1,336217.2642
9643.25142,0,0,0,0,0,0,1,336217.2642
9644.25142,0,0,0,0,0,0,1,336217.2642
9645.25142,0,0,0,0,0,0,1,336217.2642
9646.25142,0,0,0,0,0,0,1,336217.2642
9647.25142,0,0,0,0,0,0,1,336217.2642
9648.25142,0,0,0,0,0,0,1,336217.2642
9649.25142,0,0,0,0,0,0,1,336217.2642
9650.25142,0,0,0,0,0,0,1,336217.2642
9651.25142,0,0,0,0,0,0,1,336217.2642
9652.25142,0,0,0,0,0,0,1,336217.2642
9653.25142,0,0,0,0,0,0,1,336217.2642
9654.25142,0,0,0,0,0,0,1,336217.2642
9655.25142,0,0,0,0,0,0,1,336217.2642
9656.25142,0,0,0,0,0,0,1,336217.2642
9657.25142,0,0,0,0,0,0,1,336217.2642
9658.25142,0,0,0,0,0,0,1,336217.2642
9659.25142,0,0,0,0,0,0,1,336217.2642
9660.25142,0,0,0,0,0,0,1,336217.2642
9661.25142,0,0,0,0,0,0,1,336217.2642
9662.25142,0,0,0,0,0,0,1,336217.2642
9663.25142,0,0,0,0,0,0,1,336217.2642
9664.25142,0,0,0,0,0,0,1,336217.2642
9665.25142,0,0,0,0,0,0,1,336217.2642
9666.25142,0,0,0,0,0,0,1,336217.2642
9667.25142,0,0,0,0,0,0,1,336217.2642
9668.25142,0,0,0,0,0,0,1,336217.2642
9669.25142,0,0,0,0,0,0,1,336217.2642
9670.25142,0,0,0,0,0,0,1,336217.2642
9671.25142,0,0,0,0,0,0,1,336217.2642
9672.25142,0,0,0,0,0,0,1,336217.2642
9673.25142,0,0,0,0,0,0,1,336217.2642
9674.25142,0,0,0,0,0,0,1,336217.2642
9675.25142,0,0,0,0,0,0,1,336217.2642
9676.25142,0,0,0,0,0,0,1,336217.2642
9677.25142,0,0,0,0,0,0,1,336217.2642
9678.25142,0,0,0,0,0,0,1,336217.2642
9679.25142,0,0,0,0,0,0,1,336217.2642
9680.25142,0,0,0,0,0,0,1,336217.2642
9681.25142,0,0,0,0,0,0,1,336217.2642
9682.25142,0,0,0,0,0,0,1,336217.2642
9683.25142,0,0,0,0,0,0,1,336217.2642
9684.25142,0,0,0,0,0,0,1,336217.2642
9685.25142,0,0,0,0,0,0,1,336217.2642
9686.25142,0,0,0,0,0,0,1,336217.2642
9687.25142,0,0,0,0,0,0,1,336217.2642
9688.25142,0,0,0,0,0,0,1,336217.2642
9689.25142,0,0,0,0,0,0,1,336217.2642
9690.25142,0,0,0,0,0,0,1,336217.2642
9691.25142,0,0,0,0,0,0,1,336217.2642
9692.25142,0,0,0,0,0,0,1,336217.2642
9693.25142,0,0,0,0,0,0,1,336217.2642
9694.25142,0,0,0,0,0,0,1,336217.2642
9695.25142,0,0,0,0,0,0,1,336217.2642
9696.25142,0,0,0,0,0,0,1,336217.2642
9697.25142,0,0,0,0,0,0,1,336217.2642
9698.25142,0,0,0,0,0,0,1,336217.2642
9699.25142,0,0,0,0,0,0,1,336217.2642
9700.25142,0,0,0,0,0,0,1,336217.2642
9701.25142,0,0,0,0,0,0,1,336217.2642
9702.25142,0,0,0,0,0,0,1,336217.2642
9703.25142,0,0,0,0,0,0,1,336217.2642
9704.25142,0,0,0,0,0,0,1,336217.2642
9705.25142,0,0,0,0,0,0,1,336217.2642
9706.25142,0,0,0,0,0,0,1,336217.2642
9707.25142,0,0,0,0,0,0,1,336217.2642
9708.25142,0,0,0,0,0,0,1,336217.2642
9709.25142,0,0,0,0,0,0,1,336217.2642
9710.25142,0,0,0,0,0,0,1,336217.2642
9711.25142,0,0,0,0,0,0,1,336217.2642
9712.25142,0,0,0,0,0,0,1,336217.2642
9713.25142,0,0,0,0,0,0,1,336217.2642
9714.25142,0,0,0,0,0,0,1,336217.2642
9715.25142,0,0,0,0,0,0,1,336217.2642
9716.25142,0,0,0,0,0,0,1,336217.2642
9717.25142,0,0,0,0,0,0,1,336217.2642
9718.25142,0,0,0,0,0,0,1,336217.2642
9719.25142,0,0,0,0,0,0,1,336217.2642
9720.25142,0,0,0,0,0,0,1,336217.2642
9721.25142,0,0,0,0,0,0,1,336217.2642
9722.25142,0,0,0,0,0,0,1,336217.2642
9723.25142,0,0,0,0,0,0,1,336217.2642
9724.25142,0,0,0,0,0,0,1,336217.2642
9725.25142,0,0,0,0,0,0,1,336217.2642
9726.25142,0,0,0,0,0,0,1,336217.2642
9727.25142,0,0,0,0,0,0,1,336217.2642
9728.25142,0,0,0,0,0,0,1,336217.2642
9729.25142,0,0,0,0,0,0,1,336217.2642
9730.25142,0,0,0,0,0,0,1,336217.2642
9731.25142,0,0,0,0,0,0,1,336217.2642
9732.25142,0,0,0,0,0,0,1,336217.2642
9733.25142,0,0,0,0,0,0,1,336217.2642
9734.25142,0,0,0,0,0,0,1,336217.2642
9735.25142,0,0,0,0,0,0,1,336217.2642
9736.25142,0,0,0,0,0,0,1,336217.2642
9737.25142,0,0,0,0,0,0,1,336217.2642
9738.25142,0,0,0,0,0,0,1,336217.2642
9739.25142,0,0,0,0,0,0,1,336217.2642
9740.25142,0,0,0,0,0,0,1,336217.2642
9741.25142,0,0,0,0,0,0,1,336217.2642
9742.25142,0,0,0,0,0,0,1,336217.2642
9743.25142,0,0,0,0,0,0,1,336217.2642
9744.25142,0,0,0,0,0,0,1,336217.2642
9745.25142,0,0,0,0,0,0,1,336217.2642
9746.25142,0,0,0,0,0,0,1,336217.2642
9747.25142,0,0,0,0,0,0,1,336217.2642
9748.25142,0,0,0,0,0,0,1,336217.2642
9749.25142,0,0,0,0,0,0,1,336217.2642
9750.25142,0,0,0,0,0,0,1,336217.2642
9751.25142,0,0,0,0,0,0,1,336217.2642
9752.25142,0,0,0,0,0,0,1,336217.2642
9753.25142,0,0,0,0,0,0,1,336217.2642
9754.25142,0,0,0,0,0,0,1,336217.2642
9755.25142,0,0,0,0,0,0,1,336217.2642
9756.25142,0,0,0,0,0,0,1,336217.2642
9757.25142,0,0,0,0,0,0,1,336217.2642
9758.25142,0,0,0,0,0,0,1,336217.2642
9759.25142,0,0,0,0,0,0,1,336217.2642
9760.25142,0,0,0,0,0,0,1,336217.2642
9761.25142,0,0,0,0,0,0,1,336217.2642
9762.25142,0,0,0,0,0,0,1,336217.2642
9763.25142,0,0,0,0,0,0,1,336217.2642
9764.25142,0,0,0,0,0,0,1,336217.2642
9765.25142,0,0,0,0,0,0,1,336217.2642
9766.25142,0,0,0,0,0,0,1,336217.2642
9767.25142,0,0,0,0,0,0,1,336217.2642
9768.25142,0,0,0,0,0,0,1,336217.2642
9769.25142,0,0,0,0,0,0,1,336217.2642
9770.25142,0,0,0,0,0,0,1,336217.2642
9771.25142,0,0,0,0,0,0,1,336217.2642
9772.25142,0,0,0,0,0,0,1,336217.2642
9773.25142,0,0,0,0,0,0,1,336217.2642
9774.25142,0,0,0,0,0,0,1,336217.2642
9775.25142,0,0,0,0,0,0,1,336217.2642
9776.25142,0,0,0,0,0,0,1,336217.2642
9777.25142,0,0,0,0,0,0,1,336217.2642
9778.25142,0,0,0,0,0,0,1,336217.2642
9779.25142,0,0,0,0,0,0,1,336217.2642
9780.25142,0,0,0,0,0,0,1,336217.2642
9781.25142,0,0,0,0,0,0,1,336217.2642
9782.25142,0,0,0,0,0,0,1,336217.2642
9783.25142,0,0,0,0,0,0,1,336217.2642
9784.25142,0,0,0,0,0,0,1,336217.2642
9785.25142,0,0,0,0,0,0,1,336217.2642
9786.25142,0,0,0,0,0,0,1,336217.2642
9787.25142,0,0,0,0,0,0,1,336217.2642
9788.25142,0,0,0,0,0,0,1,336217.2642
9789.25142,0,0,0,0,0,0,1,336217.2642
9790.25142,0,0,0,0,0,0,1,336217.2642
9791.25142,0,0,0,0,0,0,1,336217.2642
9792.25142,0,0,0,0,0,0,1,336217.2642
9793.25142,0,0,0,0,0,0,1,336217.2642
9794.25142,0,0,0,0,0,0,1,336217.2642
9795.25142,0,0,0,0,0,0,1,336217.2642
9796.25142,0,0,0,0,0,0,1,336217.2642
9797.25142,0,0,0,0,0,0,1,336217.2642
9798.25142,0,0,0,0,0,0,1,336217.2642
9799.25142,0,0,0,0,0,0,1,336217.2642
9800.25142,0,0,0,0,0,0,1,336217.2642
9801.25142,0,0,0,0,0,0,1,336217.2642
9802.25142,0,0,0,0,0,0,1,336217.2642
9803.25142,0,0,0,0,0,0,1,336217.2642
9804.25142,0,0,0,0,0,0,1,336217.2642
9805.25142,0,0,0,0,0,0,1,336217.2642
9806.25142,0,0,0,0,0,0,1,336217.2642
9807.25142,0,0,0,0,0,0,1,336217.2642
9808.25142,0,0,0,0,0,0,1,336217.2642
9809.25142,0,0,0,0,0,0,1,336217.2642
9810.25142,0,0,0,0,0,0,1,336217.2642
9811.25142,0,0,0,0,0,0,1,336217.2642
9812.25142,0,0,0,0,0,0,1,336217.2642
9813.25142,0,0,0,0,0,0,1,336217.2642
9814.25142,0,0,0,0,0,0,1,336217.2642
9815.25142,0,0,0,0,0,0,1,336217.2642
9816.25142,0,0,0,0,0,0,1,336217.2642
9817.25142,0,0,0,0,0,0,1,336217.2642
9818.25142,0,0,0,0,0,0,1,336217.2642
9819.25142,0,0,0,0,0,0,1,336217.2642
9820.25142,0,0,0,0,0,0,1,336217.2642
9821.25142,0,0,0,0,0,0,1,336217.2642
9822.25142,0,0,0,0,0,0,1,336217.2642
9823.25142,0,0,0,0,0,0,1,336217.2642
9824.25142,0,0,0,0,0,0,1,336217.2642
9825.25142,0,0,0,0,0,0,1,336217.2642
9826.25142,0,0,0,0,0,0,1,336217.2642
9827.25142,0,0,0,0,0,0,1,336217.2642
9828.25142,0,0,0,0,0,0,1,336217.2642
9829.25142,0,0,0,0,0,0,1,336217.2642
9830.25142,0,0,0,0,0,0,1,336217.2642
9831.25142,0,0,0,0,0,0,1,336217.2642
9832.25142,0,0,0,0,0,0,1,336217.2642
9833.25142,0,0,0,0,0,0,1,336217.2642
9834.25142,0,0,0,0,0,0,1,336217.2642
9835.25142,0,0,0,0,0,0,1,336217.2642
9836.25142,0,0,0,0,0,0,1,336217.2642
9837.25142,0,0,0,0,0,0,1,336217.2642
9838.25142,0,0,0,0,0,0,1,336217.2642
9839.25142,0,0,0,0,0,0,1,336217.2642
9840.25142,0,0,0,0,0,0,1,336217.2642
9841.25142,0,0,0,0,0,0,1,336217.2642
9842.25142,0,0,0,0,0,0,1,336217.2642
9843.25142,0,0,0,0,0,0,1,336217.2642
9844.25142,0,0,0,0,0,0,1,336217.2642
9845.25142,0,0,0,0,0,0,1,336217.2642
9846.25142,0,0,0,0,0,0,1,336217.2642
9847.25142,0,0,0,0,0,0,1,336217.2642
9848.25142,0,0,0,0,0,0,1,336217.2642
9849.25142,0,0,0,0,0,0,1,336217.2642
9850.25142,0,0,0,0,0,0,1,336217.2642
9851.25142,0,0,0,0,0,0,1,336217.2642
9852.25142,0,0,0,0,0,0,1,336217.2642
9853.25142,0,0,0,0,0,0,1,336217.2642
9854.25142,0,0,0,0,0,0,1,336217.2642
9855.25142,0,0,0,0,0,0,1,336217.2642
9856.25142,0,0,0,0,0,0,1,336217.2642
9857.25142,0,0,0,0,0,0,1,336217.2642
9858.25142,0,0,0,0,0,0,1,336217.2642
9859.25142,0,0,0,0,0,0,1,336217.2642
9860.25142,0,0,0,0,0,0,1,336217.2642
9861.25142,0,0,0,0,0,0,1,336217.2642
9862.25142,0,0,0,0,0,0,1,336217.2642
9863.25142,0,0,0,0,0,0,1,336217.2642
9864.25142,0,0,0,0,0,0,1,336217.2642
9865.25142,0,0,0,0,0,0,1,336217.2642
9866.25142,0,0,0,0,0,0,1,336217.2642
9867.25142,0,0,0,0,0,0,1,336217.2642
9868.25142,0,0,0,0,0,0,1,336217.2642
9869.25142,0,0,0,0,0,0,1,336217.2642
9870.25142,0,0,0,0,0,0,1,336217.2642
9871.25142,0,0,0,0,0,0,1,336217.2642
9872.25142,0,0,0,0,0,0,1,336217.2642
9873.25142,0,0,0,0,0,0,1,336217.2642
9874.25142,0,0,0,0,0,0,1,336217.2642
9875.25142,0,0,0,0,0,0,1,336217.2642
9876.25142,0,0,0,0,0,0,1,336217.2642
9877.25142,0,0,0,0,0,0,1,336217.2642
9878.25142,0,0,0,0,0,0,1,336217.2642
9879.25142,0,0,0,0,0,0,1,336217.2642
9880.25142,0,0,0,0,0,0,1,336217.2642
9881.25142,0,0,0,0,0,0,1,336217.2642
9882.25142,0,0,0,0,0,0,1,336217.2642
9883.25142,0,0,0,0,0,0,1,336217.2642
9884.25142,0,0,0,0,0,0,1,336217.2642
9885.25142,0,0,0,0,0,0,1,336217.2642
9886.25142,0,0,0,0,0,0,1,336217.2642
9887.25142,0,0,0,0,0,0,1,336217.2642
9888.25142,0,0,0,0,0,0,1,336217.2642
9889.25142,0,0,0,0,0,0,1,336217.2642
9890.25142,0,0,0,0,0,0,1,336217.2642
9891.25142,0,0,0,0,0,0,1,336217.2642
9892.25142,0,0,0,0,0,0,1,336217.2642
9893.25142,0,0,0,0,0,0,1,336217.2642
9894.25142,0,0,0,0,0,0,1,336217.2642
9895.25142,0,0,0,0,0,0,1,336217.2642
9896.25142,0,0,0,0,0,0,1,336217.2642
9897.25142,0,0,0,0,0,0,1,336217.2642
9898.25142,0,0,0,0,0,0,1,336217.2642
9899.25142,0,0,0,0,0,0,1,336217.2642
9900.25142,0,0,0,0,0,0,1,336217.2642
9901.25142,0,0,0,0,0,0,1,336217.2642
9902.25142,0,0,0,0,0,0,1,336217.2642
9903.25142,0,0,0,0,0,0,1,336217.2642
9904.25142,0,0,0,0,0,0,1,336217.2642
9905.25142,0,0,0,0,0,0,1,336217.2642
9906.25142,0,0,0,0,0,0,1,336217.2642
9907.25142,0,0,0,0,0,0,1,336217.2642
9908.25142,0,0,0,0,0,0,1,336217.2642
9909.25142,0,0,0,0,0,0,1,336217.2642
9910.25142,0,0,0,0,0,0,1,336217.2642
9911.25142,0,0,0,0,0,0,1,336217.2642
9912.25142,0,0,0,0,0,0,1,336217.2642
9913.25142,0,0,0,0,0,0,1,336217.2642
9914.25142,0,0,0,0,0,0,1,336217.2642
9915.25142,0,0,0,0,0,0,1,336217.2642
9916.25142,0,0,0,0,0,0,1,336217.2642
9917.25142,0,0,0,0,0,0,1,336217.2642
9918.25142,0,0,0,0,0,0,1,336217.2642
9919.25142,0,0,0,0,0,0,1,336217.2642
9920.25142,0,0,0,0,0,0,1,336217.2642
9921.25142,0,0,0,0,0,0,1,336217.2642
9922.25142,0,0,0,0,0,0,1,336217.2642
9923.25142,0,0,0,0,0,0,1,336217.2642
9924.25142,0,0,0,0,0,0,1,336217.2642
9925.25142,0,0,0,0,0,0,1,336217.2642
9926.25142,0,0,0,0,0,0,1,336217.2642
9927.25142,0,0,0,0,0,0,1,336217.2642
9928.25142,0,0,0,0,0,0,1,336217.2642
9929.25142,0,0,0,0,0,0,1,336217.2642
9930.25142,0,0,0,0,0,0,1,336217.2642
9931.25142,0,0,0,0,0,0,1,336217.2642
9932.25142,0,0,0,0,0,0,1,336217.2642
9933.25142,0,0,0,0,0,0,1,336217.2642
9934.25142,0,0,0,0,0,0,1,336217.2642
9935.25142,0,0,0,0,0,0,1,336217.2642
9936.25142,0,0,0,0,0,0,1,336217.2642
9937.25142,0,0,0,0,0,0,1,336217.2642
9938.25142,0,0,0,0,0,0,1,336217.2642
9939.25142,0,0,0,0,0,0,1,336217.2642
9940.25142,0,0,0,0,0,0,1,336217.2642
9941.25142,0,0,0,0,0,0,1,336217.2642
9942.25142,0,0,0,0,0,0,1,336217.2642
9943.25142,0,0,0,0,0,0,1,336217.2642
9944.25142,0,0,0,0,0,0,1,336217.2642
9945.25142,0,0,0,0,0,0,1,336217.2642
9946.25142,0,0,0,0,0,0,1,336217.2642
9947.25142,0,0,0,0,0,0,1,336217.2642
9948.25142,0,0,0,0,0,0,1,336217.2642
9949.25142,0,0,0,0,0,0,1,336217.2642
9950.25142,0,0,0,0,0,0,1,336217.2642
9951.25142,0,0,0,0,0,0,1,336217.2642
9952.25142,0,0,0,0,0,0,1,336217.2642
9953.25142,0,0,0,0,0,0,1,336217.2642
9954.25142,0,0,0,0,0,0,1,336217.2642
9955.169979,0,0,0,0,0,0,1,336217.2642
9956.169979,0,0,0,0,0,0,1,336217.2642
9957.169979,0,0,0,0,0,0,1,336217.2642
9958.169979,0,0,0,0,0,0,1,336217.2642
9959.169979,0,0,0,0,0,0,1,336217.2642
9960.169979,0,0,0,0,0,0,1,336217.2642
9961.169979,0,0,0,0,0,0,1,336217.2642
9962.169979,0,0,0,0,0,0,1,336217.2642
9963.169979,0,0,0,0,0,0,1,336217.2642
9964.169979,0,0,0,0,0,0,1,336217.2642
9965.169979,0,0,0,0,0,0,1,336217.2642
9966.169979,0,0,0,0,0,0,1,336217.2642
9967.169979,0,0,0,0,0,0,1,336217.2642
9968.169979,0,0,0,0,0,0,1,336217.2642
9969.169979,0,0,0,0,0,0,1,336217.2642
9970.169979,0,0,0,0,0,0,1,336217.2642
9971.169979,0,0,0,0,0,0,1,336217.2642
9972.169979,0,0,0,0,0,0,1,336217.2642
9973.169979,0,0,0,0,0,0,1,336217.2642
9974.169979,0,0,0,0,0,0,1,336217.2642
9975.169979,0,0,0,0,0,0,1,336217.2642
9976.169979,0,0,0,0,0,0,1,336217.2642
9977.169979,0,0,0,0,0,0,1,336217.2642
9978.169979,0,0,0,0,0,0,1,336217.2642
9979.169979,0,0,0,0,0,0,1,336217.2642
9980.169979,0,0,0,0,0,0,1,336217.2642
9981.169979,0,0,0,0,0,0,1,336217.2642
9982.169979,0,0,0,0,0,0,1,336217.2642
9983.169979,0,0,0,0,0,0,1,336217.2642
9984.169979,0,0,0,0,0,0,1,336217.2642
9985.169979,0,0,0,0,0,0,1,336217.2642
9986.169979,0,0,0,0,0,0,1,336217.2642
9987.169979,0,0,0,0,0,0,1,336217.2642
9988.169979,0,0,0,0,0,0,1,336217.2642
9989.169979,0,0,0,0,0,0,1,336217.2642
9990.169979,0,0,0,0,0,0,1,336217.2642
9991.169979,0,0,0,0,0,0,1,336217.2642
9992.169979,0,0,0,0,0,0,1,336217.2642
9993.169979,0,0,0,0,0,0,1,336217.2642
9994.169979,0,0,0,0,0,0,1,336217.2642
9995.169979,0,0,0,0,0,0,1,336217.2642
9996.169979,0,0,0,0,0,0,1,336217.2642
9997.169979,0,0,0,0,0,0,1,336217.2642
9998.169979,0,0,0,0,0,0,1,336217.2642
9999.169979,0,0,0,0,0,0,1,336217.2642
10000.16998,0,0,0,0,0,0,1,336217.2642
10001.16998,0,0,0,0,0,0,1,336217.2642
10002.16998,0,0,0,0,0,0,1,336217.2642
10003.16998,0,0,0,0,0,0,1,336217.2642
10004.16998,0,0,0,0,0,0,1,336217.2642
10005.16998,0,0,0,0,0,0,1,336217.2642
10006.16998,0,0,0,0,0,0,1,336217.2642
10007.16998,0,0,0,0,0,0,1,336217.2642
10008.16998,0,0,0,0,0,0,1,336217.2642
10009.16998,0,0,0,0,0,0,1,336217.2642
10010.16998,0,0,0,0,0,0,1,336217.2642
10011.16998,0,0,0,0,0,0,1,336217.2642
10012.16998,0,0,0,0,0,0,1,336217.2642
10013.16998,0,0,0,0,0,0,1,336217.2642
10014.16998,0,0,0,0,0,0,1,336217.2642
10015.16998,0,0,0,0,0,0,1,336217.2642
10016.16998,0,0,0,0,0,0,1,336217.2642
10017.16998,0,0,0,0,0,0,1,336217.2642
10018.16998,0,0,0,0,0,0,1,336217.2642
10019.16998,0,0,0,0,0,0,1,336217.2642
10020.16998,0,0,0,0,0,0,1,336217.2642
10021.16998,0,0,0,0,0,0,1,336217.2642
10022.16998,0,0,0,0,0,0,1,336217.2642
10023.16998,0,0,0,0,0,0,1,336217.2642
10024.16998,0,0,0,0,0,0,1,336217.2642
10025.16998,0,0,0,0,0,0,1,336217.2642
10026.16998,0,0,0,0,0,0,1,336217.2642
10027.16998,0,0,0,0,0,0,1,336217.2642
10028.16998,0,0,0,0,0,0,1,336217.2642
10029.16998,0,0,0,0,0,0,1,336217.2642
10030.16998,0,0,0,0,0,0,1,336217.2642
10031.16998,0,0,0,0,0,0,1,336217.2642
10032.16998,0,0,0,0,0,0,1,336217.2642
10033.16998,0,0,0,0,0,0,1,336217.2642
10034.16998,0,0,0,0,0,0,1,336217.2642
10035.16998,0,0,0,0,0,0,1,336217.2642
10036.16998,0,0,0,0,0,0,1,336217.2642
10037.16998,0,0,0,0,0,0,1,336217.2642
10038.16998,0,0,0,0,0,0,1,336217.2642
10039.16998,0,0,0,0,0,0,1,336217.2642
10040.16998,0,0,0,0,0,0,1,336217.2642
10041.16998,0,0,0,0,0,0,1,336217.2642
10042.16998,0,0,0,0,0,0,1,336217.2642
10043.16998,0,0,0,0,0,0,1,336217.2642
10044.16998,0,0,0,0,0,0,1,336217.2642
10045.16998,0,0,0,0,0,0,1,336217.2642
10046.16998,0,0,0,0,0,0,1,336217.2642
10047.16998,0,0,0,0,0,0,1,336217.2642
10048.16998,0,0,0,0,0,0,1,336217.2642
10049.16998,0,0,0,0,0,0,1,336217.2642
10050.16998,0,0,0,0,0,0,1,336217.2642
10051.16998,0,0,0,0,0,0,1,336217.2642
10052.16998,0,0,0,0,0,0,1,336217.2642
10053.16998,0,0,0,0,0,0,1,336217.2642
10054.16998,0,0,0,0,0,0,1,336217.2642
10055.16998,0,0,0,0,0,0,1,336217.2642
10056.16998,0,0,0,0,0,0,1,336217.2642
10057.16998,0,0,0,0,0,0,1,336217.2642
10058.16998,0,0,0,0,0,0,1,336217.2642
10059.16998,0,0,0,0,0,0,1,336217.2642
10060.16998,0,0,0,0,0,0,1,336217.2642
10061.16998,0,0,0,0,0,0,1,336217.2642
10062.16998,0,0,0,0,0,0,1,336217.2642
10063.16998,0,0,0,0,0,0,1,336217.2642
10064.16998,0,0,0,0,0,0,1,336217.2642
10065.16998,0,0,0,0,0,0,1,336217.2642
10066.16998,0,0,0,0,0,0,1,336217.2642
10067.16998,0,0,0,0,0,0,1,336217.2642
10068.16998,0,0,0,0,0,0,1,336217.2642
10069.16998,0,0,0,0,0,0,1,336217.2642
10070.16998,0,0,0,0,0,0,1,336217.2642
10071.16998,0,0,0,0,0,0,1,336217.2642
10072.16998,0,0,0,0,0,0,1,336217.2642
10073.16998,0,0,0,0,0,0,1,336217.2642
10074.16998,0,0,0,0,0,0,1,336217.2642
10075.16998,0,0,0,0,0,0,1,336217.2642
10076.16998,0,0,0,0,0,0,1,336217.2642
10077.16998,0,0,1,302190.3105,0,0,1,336217.2642
10078.16998,0,0,1,302190.3105,0,0,1,336217.2642
10079.16998,0,0,1,302190.3105,0,0,1,336217.2642
10080.16998,0,0,1,302190.3105,0,0,1,336217.2642
10081.16998,0,0,1,302190.3105,0,0,1,336217.2642
10082.16998,0,0,1,302190.3105,0,0,1,336217.2642
10083.16998,0,0,1,302190.3105,0,0,1,336217.2642
10084.16998,0,0,1,302190.3105,0,0,1,336217.2642
10085.16998,0,0,1,302190.3105,0,0,1,336217.2642
10086.16998,0,0,1,302190.3105,0,0,1,336217.2642
10087.16998,0,0,1,302190.3105,0,0,1,336217.2642
10088.16998,0,0,1,302190.3105,0,0,1,336217.2642
10089.16998,0,0,1,302190.3105,0,0,0,0
10090.16998,0,0,1,302190.3105,0,0,0,0
10091.16998,0,0,1,302190.3105,0,0,0,0
10092.16998,0,0,1,302190.3105,0,0,0,0
10093.16998,0,0,1,302190.3105,0,0,0,0
10094.16998,0,0,1,302190.3105,0,0,0,0
10095.16998,0,0,1,302190.3105,0,0,0,0
10096.16998,0,0,1,302190.3105,0,0,0,0
10097.16998,0,0,1,302190.3105,0,0,0,0
10098.16998,0,0,1,302190.3105,0,0,0,0
10099.16998,0,0,1,302190.3105,0,0,0,0
10100.16998,0,0,1,302190.3105,0,0,0,0
10101.16998,0,0,1,302190.3105,0,0,0,0
10102.16998,0,0,1,302190.3105,0,0,0,0
10103.16998,0,0,1,302190.3105,0,0,0,0
10104.16998,0,0,1,302190.3105,0,0,0,0
10105.16998,0,0,1,302190.3105,0,0,0,0
10106.16998,0,0,1,302190.3105,0,0,0,0
10107.16998,0,0,1,302190.3105,0,0,0,0
10108.16998,0,0,1,302190.3105,0,0,0,0
10109.16998,0,0,1,302190.3105,0,0,0,0
10110.16998,0,0,1,302190.3105,0,0,0,0
10111.16998,0,0,1,302190.3105,0,0,0,0
10112.16998,0,0,1,302190.3105,0,0,0,0
10113.16998,0,0,1,302190.3105,0,0,0,0
10114.16998,0,0,1,302190.3105,0,0,0,0
10115.16998,0,0,1,302190.3105,0,0,0,0
10116.16998,0,0,1,302190.3105,0,0,0,0
10117.16998,0,0,1,302190.3105,0,0,0,0
10118.16998,0,0,1,302190.3105,0,0,0,0
10119.16998,0,0,1,302190.3105,0,0,0,0
10120.16998,0,0,1,302190.3105,0,0,0,0
10121.16998,0,0,1,302190.3105,0,0,0,0
10122.16998,0,0,1,302190.3105,0,0,0,0
10123.16998,0,0,1,302190.3105,0,0,0,0
10124.16998,0,0,1,302190.3105,0,0,0,0
10125.16998,0,0,1,302190.3105,0,0,0,0
10126.16998,0,0,1,302190.3105,0,0,0,0
10127.16998,0,0,1,302190.3105,0,0,0,0
10128.16998,0,0,1,302190.3105,0,0,0,0
10129.16998,0,0,1,302190.3105,0,0,0,0
10130.16998,0,0,1,302190.3105,0,0,0,0
10131.16998,0,0,1,302190.3105,0,0,0,0
10132.16998,0,0,1,302190.3105,0,0,0,0
10133.16998,0,0,1,302190.3105,0,0,0,0
10134.16998,0,0,1,302190.3105,0,0,0,0
10135.16998,0,0,1,302190.3105,0,0,0,0
10136.16998,0,0,1,302190.3105,0,0,0,0
10137.16998,0,0,1,302190.3105,0,0,0,0
10138.16998,0,0,1,302190.3105,0,0,0,0
10139.16998,0,0,1,302190.3105,0,0,0,0
10140.16998,0,0,1,302190.3105,0,0,0,0
10141.16998,0,0,1,302190.3105,0,0,0,0
10142.16998,0,0,1,302190.3105,0,0,0,0
10143.16998,0,0,1,302190.3105,0,0,0,0
10144.16998,0,0,1,302190.3105,0,0,0,0
10145.16998,0,0,1,302190.3105,0,0,0,0
10146.16998,0,0,1,302190.3105,0,0,0,0
10147.16998,0,0,1,302190.3105,0,0,0,0
10148.16998,0,0,1,302190.3105,0,0,0,0
10149.16998,0,0,1,302190.3105,0,0,0,0
10150.16998,0,0,1,302190.3105,0,0,0,0
10151.16998,0,0,1,302190.3105,0,0,0,0
10152.16998,0,0,1,302190.3105,0,0,0,0
10153.16998,0,0,1,302190.3105,0,0,0,0
10154.16998,0,0,1,302190.3105,0,0,0,0
10155.16998,0,0,1,302190.3105,0,0,0,0
10156.16998,0,0,1,302190.3105,0,0,0,0
10157.16998,0,0,1,302190.3105,0,0,0,0
10158.16998,0,0,1,302190.3105,0,0,0,0
10159.16998,0,0,1,302190.3105,0,0,0,0
10160.16998,0,0,1,302190.3105,0,0,0,0
10161.16998,0,0,1,302190.3105,0,0,0,0
10162.16998,0,0,1,302190.3105,0,0,0,0
10163.16998,0,0,1,302190.3105,0,0,0,0
10164.16998,0,0,1,302190.3105,0,0,0,0
10165.16998,0,0,1,302190.3105,0,0,0,0
10166.16998,0,0,1,302190.3105,0,0,0,0
10167.16998,0,0,1,302190.3105,0,0,0,0
10168.16998,0,0,1,302190.3105,0,0,0,0
10169.16998,0,0,1,302190.3105,0,0,0,0
10170.16998,0,0,1,302190.3105,0,0,0,0
10171.16998,0,0,1,302190.3105,0,0,0,0
10172.16998,0,0,1,302190.3105,0,0,0,0
10173.16998,0,0,1,302190.3105,0,0,0,0
10174.16998,0,0,1,302190.3105,0,0,0,0
10175.16998,0,0,1,302190.3105,0,0,0,0
10176.16998,0,0,1,302190.3105,0,0,0,0
10177.16998,0,0,1,302190.3105,0,0,0,0
10178.16998,0,0,1,302190.3105,0,0,0,0
10179.16998,0,0,1,302190.3105,0,0,0,0
10180.16998,0,0,1,302190.3105,0,0,0,0
10181.16998,0,0,1,302190.3105,0,0,0,0
10182.16998,0,0,1,302190.3105,0,0,0,0
10183.16998,0,0,1,302190.3105,0,0,0,0
10184.16998,0,0,1,302190.3105,0,0,0,0
10185.16998,0,0,1,302190.3105,0,0,0,0
10186.16998,0,0,1,302190.3105,0,0,0,0
10187.16998,0,0,1,302190.3105,0,0,0,0
10188.16998,0,0,1,302190.3105,0,0,0,0
10189.16998,0,0,1,302190.3105,0,0,0,0
10190.16998,0,0,1,302190.3105,0,0,0,0
10191.16998,0,0,1,302190.3105,0,0,0,0
10192.16998,0,0,1,302190.3105,0,0,0,0
10193.16998,0,0,1,302190.3105,0,0,0,0
10194.16998,0,0,1,302190.3105,0,0,0,0
10195.16998,0,0,1,302190.3105,0,0,0,0
10196.16998,0,0,1,302190.3105,0,0,0,0
10197.16998,0,0,1,302190.3105,0,0,0,0
10198.16998,0,0,1,302190.3105,0,0,0,0
10199.16998,0,0,1,302190.3105,0,0,0,0
10200.16998,0,0,1,302190.3105,0,0,0,0
10201.16998,0,0,1,302190.3105,0,0,0,0
10202.16998,0,0,1,302190.3105,0,0,0,0
10203.16998,0,0,1,302190.3105,0,0,0,0
10204.16998,0,0,1,302190.3105,0,0,0,0
10205.16998,0,0,1,302190.3105,0,0,0,0
10206.16998,0,0,1,302190.3105,0,0,0,0
10207.16998,0,0,1,302190.3105,0,0,0,0
10208.16998,0,0,1,302190.3105,0,0,0,0
10209.16998,0,0,1,302190.3105,0,0,0,0
10210.16998,0,0,1,302190.3105,0,0,0,0
10211.16998,0,0,1,302190.3105,0,0,0,0
10212.16998,0,0,1,302190.3105,0,0,0,0
10213.16998,0,0,1,302190.3105,0,0,0,0
10214.16998,0,0,1,302190.3105,0,0,0,0
10215.16998,0,0,1,302190.3105,0,0,0,0
10216.16998,0,0,1,302190.3105,0,0,0,0
10217.16998,0,0,1,302190.3105,0,0,0,0
10218.16998,0,0,1,302190.3105,0,0,0,0
10219.16998,0,0,1,302190.3105,0,0,0,0
10220.16998,0,0,1,302190.3105,0,0,0,0
10221.16998,0,0,1,302190.3105,0,0,0,0
10222.16998,0,0,1,302190.3105,0,0,0,0
10223.16998,0,0,1,302190.3105,0,0,0,0
10224.16998,0,0,1,302190.3105,0,0,0,0
10225.16998,0,0,1,302190.3105,0,0,0,0
10226.16998,0,0,1,302190.3105,0,0,0,0
10227.16998,0,0,1,302190.3105,0,0,0,0
10228.16998,0,0,1,302190.3105,0,0,0,0
10229.16998,0,0,1,302190.3105,0,0,0,0
10230.16998,0,0,1,302190.3105,0,0,0,0
10231.16998,0,0,1,302190.3105,0,0,0,0
10232.16998,0,0,1,302190.3105,0,0,0,0
10233.16998,0,0,1,302190.3105,0,0,0,0
10234.16998,0,0,1,302190.3105,0,0,0,0
10235.16998,0,0,1,302190.3105,0,0,0,0
10236.16998,0,0,1,302190.3105,0,0,0,0
10237.16998,0,0,1,302190.3105,0,0,0,0
10238.16998,0,0,1,302190.3105,0,0,0,0
10239.16998,0,0,1,302190.3105,0,0,0,0
10240.16998,0,0,1,302190.3105,0,0,0,0
10241.16998,0,0,1,302190.3105,0,0,0,0
10242.16998,0,0,1,302190.3105,0,0,0,0
10243.16998,0,0,1,302190.3105,0,0,0,0
10244.16998,0,0,1,302190.3105,0,0,0,0
10245.16998,0,0,1,302190.3105,0,0,0,0
10246.16998,0,0,1,302190.3105,0,0,0,0
10247.16998,0,0,1,302190.3105,0,0,0,0
10248.16998,0,0,1,302190.3105,0,0,0,0
10249.16998,0,0,1,302190.3105,0,0,0,0
10250.16998,0,0,1,302190.3105,0,0,0,0
10251.16998,0,0,1,302190.3105,0,0,0,0
10252.16998,0,0,1,302190.3105,0,0,0,0
10253.16998,0,0,1,302190.3105,0,0,0,0
10254.16998,0,0,1,302190.3105,0,0,0,0
10255.16998,0,0,1,302190.3105,0,0,0,0
10256.16998,0,0,1,302190.3105,0,0,0,0
10257.16998,0,0,1,302190.3105,0,0,0,0
10258.16998,0,0,1,302190.3105,0,0,0,0
10259.16998,0,0,1,302190.3105,0,0,0,0
10260.16998,0,0,1,302190.3105,0,0,0,0
10261.16998,0,0,1,302190.3105,0,0,0,0
10262.16998,0,0,1,302190.3105,0,0,0,0
10263.16998,0,0,1,302190.3105,0,0,0,0
10264.16998,0,0,1,302190.3105,0,0,0,0
10265.16998,0,0,1,302190.3105,0,0,0,0
10266.16998,0,0,1,302190.3105,0,0,0,0
10267.16998,0,0,1,302190.3105,0,0,0,0
10268.16998,0,0,1,302190.3105,0,0,0,0
10269.16998,0,0,1,302190.3105,0,0,0,0
10270.16998,0,0,1,302190.3105,0,0,0,0
10271.16998,0,0,1,302190.3105,0,0,0,0
10272.16998,0,0,1,302190.3105,0,0,0,0
10273.16998,0,0,1,302190.3105,0,0,0,0
10274.16998,0,0,1,302190.3105,0,0,0,0
10275.16998,0,0,1,302190.3105,0,0,0,0
10276.16998,0,0,1,302190.3105,0,0,0,0
10277.16998,0,0,1,302190.3105,0,0,0,0
10278.16998,0,0,1,302190.3105,0,0,0,0
10279.16998,0,0,1,302190.3105,0,0,0,0
10280.16998,0,0,1,302190.3105,0,0,0,0
10281.16998,0,0,1,302190.3105,0,0,0,0
10282.16998,0,0,1,302190.3105,0,0,0,0
10283.16998,0,0,1,302190.3105,0,0,0,0
10284.16998,0,0,1,302190.3105,0,0,0,0
10285.16998,0,0,1,302190.3105,0,0,0,0
10286.16998,0,0,1,302190.3105,0,0,0,0
10287.16998,0,0,1,302190.3105,0,0,0,0
10288.16998,0,0,1,302190.3105,0,0,0,0
10289.16998,0,0,1,302190.3105,0,0,0,0
10290.16998,0,0,1,302190.3105,0,0,0,0
10291.16998,0,0,1,302190.3105,0,0,0,0
10292.16998,0,0,1,302190.3105,0,0,0,0
10293.16998,0,0,1,302190.3105,0,0,0,0
10294.16998,0,0,1,302190.3105,0,0,0,0
10295.16998,0,0,1,302190.3105,0,0,0,0
10296.16998,0,0,1,302190.3105,0,0,0,0
10297.16998,0,0,1,302190.3105,0,0,0,0
10298.16998,0,0,1,302190.3105,0,0,0,0
10299.16998,0,0,1,302190.3105,0,0,0,0
10300.16998,0,0,1,302190.3105,0,0,0,0
10301.16998,0,0,1,302190.3105,0,0,0,0
10302.16998,0,0,1,302190.3105,0,0,0,0
10303.16998,0,0,1,302190.3105,0,0,0,0
10304.16998,0,0,1,302190.3105,0,0,0,0
10305.16998,0,0,1,302190.3105,0,0,0,0
10306.16998,0,0,1,302190.3105,0,0,0,0
10307.16998,0,0,1,302190.3105,0,0,0,0
10308.16998,0,0,1,302190.3105,0,0,0,0
10309.16998,0,0,1,302190.3105,0,0,0,0
10310.16998,0,0,1,302190.3105,0,0,0,0
10311.16998,0,0,1,302190.3105,0,0,0,0
10312.16998,0,0,1,302190.3105,0,0,0,0
10313.16998,0,0,1,302190.3105,0,0,0,0
10314.16998,0,0,1,302190.3105,0,0,0,0
10315.16998,0,0,1,302190.3105,0,0,0,0
10316.16998,0,0,1,302190.3105,0,0,0,0
10317.16998,0,0,1,302190.3105,0,0,0,0
10318.16998,0,0,1,302190.3105,0,0,0,0
10319.16998,0,0,1,302190.3105,0,0,0,0
10320.16998,0,0,1,302190.3105,0,0,0,0
10321.16998,0,0,1,302190.3105,0,0,0,0
10322.16998,0,0,1,302190.3105,0,0,0,0
10323.16998,0,0,1,302190.3105,0,0,0,0
10324.16998,0,0,1,302190.3105,0,0,0,0
10325.16998,0,0,1,302190.3105,0,0,0,0
10326.16998,0,0,1,302190.3105,0,0,0,0
10327.16998,0,0,1,302190.3105,0,0,0,0
10328.16998,0,0,1,302190.3105,0,0,0,0
10329.16998,0,0,1,302190.3105,0,0,0,0
10330.16998,0,0,1,302190.3105,0,0,0,0
10331.16998,0,0,1,302190.3105,0,0,0,0
10332.16998,0,0,1,302190.3105,0,0,0,0
10333.16998,1,288478.4845,1,302190.3105,0,0,0,0
10334.16998,1,288478.4845,1,302190.3105,0,0,0,0
10335.16998,1,288478.4845,1,302190.3105,0,0,0,0
10336.16998,1,288478.4845,1,302190.3105,0,0,0,0
10337.16998,1,288478.4845,1,302190.3105,0,0,0,0
10338.16998,1,288478.4845,1,302190.3105,0,0,0,0
10339.16998,1,288478.4845,1,302190.3105,0,0,0,0
10340.16998,1,288478.4845,1,302190.3105,0,0,0,0
10341.16998,1,288478.4845,1,302190.3105,0,0,0,0
10342.16998,1,288478.4845,1,302190.3105,0,0,0,0
10343.16998,1,288478.4845,1,302190.3105,0,0,0,0
10344.16998,1,288478.4845,1,302190.3105,0,0,0,0
10345.16998,1,288478.4845,1,302190.3105,0,0,0,0
10346.16998,1,288478.4845,1,302190.3105,0,0,0,0
10347.16998,1,288478.4845,1,302190.3105,0,0,0,0
10348.16998,1,288478.4845,1,302190.3105,0,0,0,0
10349.16998,1,288478.4845,1,302190.3105,0,0,0,0
10350.16998,1,288478.4845,1,302190.3105,0,0,0,0
10351.16998,1,288478.4845,1,302190.3105,0,0,0,0
10352.16998,1,288478.4845,1,302190.3105,0,0,0,0
10353.16998,1,288478.4845,1,302190.3105,0,0,0,0
10354.16998,1,288478.4845,1,302190.3105,0,0,0,0
10355.16998,1,288478.4845,1,302190.3105,0,0,0,0
10356.16998,1,288478.4845,1,302190.3105,0,0,0,0
10357.16998,1,288478.4845,1,302190.3105,0,0,0,0
10358.16998,1,288478.4845,1,302190.3105,0,0,0,0
10359.16998,1,288478.4845,1,302190.3105,0,0,0,0
10360.16998,1,288478.4845,1,302190.3105,0,0,0,0
10361.16998,1,288478.4845,1,302190.3105,0,0,0,0
10362.16998,1,288478.4845,1,302190.3105,0,0,0,0
10363.16998,1,288478.4845,1,302190.3105,0,0,0,0
10364.16998,1,288478.4845,1,302190.3105,0,0,0,0
10365.16998,1,288478.4845,1,302190.3105,0,0,0,0
10366.16998,1,288478.4845,1,302190.3105,0,0,0,0
10367.16998,1,288478.4845,1,302190.3105,0,0,0,0
10368.16998,1,288478.4845,1,302190.3105,0,0,0,0
10369.16998,1,288478.4845,1,302190.3105,0,0,0,0
10370.16998,1,288478.4845,1,302190.3105,0,0,0,0
10371.16998,1,288478.4845,1,302190.3105,0,0,0,0
10372.16998,1,288478.4845,1,302190.3105,0,0,0,0
10373.16998,1,288478.4845,1,302190.3105,0,0,0,0
10374.16998,1,288478.4845,1,302190.3105,0,0,0,0
10375.16998,1,288478.4845,1,302190.3105,0,0,0,0
10376.16998,1,288478.4845,1,302190.3105,0,0,0,0
10377.16998,1,288478.4845,1,302190.3105,0,0,0,0
10378.16998,1,288478.4845,1,302190.3105,0,0,0,0
10379.16998,1,288478.4845,1,302190.3105,0,0,0,0
10380.16998,1,288478.4845,1,302190.3105,0,0,0,0
10381.16998,1,288478.4845,1,302190.3105,0,0,0,0
10382.16998,1,288478.4845,1,302190.3105,0,0,0,0
10383.16998,1,288478.4845,1,302190.3105,0,0,0,0
10384.16998,1,288478.4845,1,302190.3105,0,0,0,0
10385.16998,1,288478.4845,1,302190.3105,0,0,0,0
10386.16998,1,288478.4845,1,302190.3105,0,0,0,0
10387.16998,1,288478.4845,1,302190.3105,0,0,0,0
10388.16998,1,288478.4845,1,302190.3105,0,0,0,0
10389.16998,1,288478.4845,1,302190.3105,0,0,0,0
10390.16998,1,288478.4845,1,302190.3105,0,0,0,0
10391.16998,1,288478.4845,1,302190.3105,0,0,0,0
10392.16998,1,288478.4845,1,302190.3105,0,0,0,0
10393.16998,1,288478.4845,1,302190.3105,0,0,0,0
10394.16998,1,288478.4845,1,302190.3105,0,0,0,0
10395.16998,1,288478.4845,1,302190.3105,0,0,0,0
10396.16998,1,288478.4845,1,302190.3105,0,0,0,0
10397.16998,1,288478.4845,1,302190.3105,0,0,0,0
10398.16998,1,288478.4845,1,302190.3105,0,0,0,0
10399.16998,1,288478.4845,1,302190.3105,0,0,0,0
10400.16998,1,288478.4845,1,302190.3105,0,0,0,0
10401.16998,1,288478.4845,1,302190.3105,0,0,0,0
10402.16998,1,288478.4845,1,302190.3105,0,0,0,0
10403.16998,1,288478.4845,1,302190.3105,0,0,0,0
10404.16998,1,288478.4845,1,302190.3105,0,0,0,0
10405.16998,1,288478.4845,1,302190.3105,0,0,0,0
10406.16998,1,288478.4845,1,302190.3105,0,0,0,0
10407.16998,1,288478.4845,1,302190.3105,0,0,0,0
10408.16998,1,288478.4845,1,302190.3105,0,0,0,0
10409.16998,1,288478.4845,1,302190.3105,0,0,0,0
10410.16998,1,288478.4845,1,302190.3105,0,0,0,0
10411.16998,1,288478.4845,1,302190.3105,0,0,0,0
10412.16998,1,288478.4845,1,302190.3105,0,0,0,0
10413.16998,1,288478.4845,1,302190.3105,0,0,0,0
10414.16998,1,288478.4845,1,302190.3105,0,0,0,0
10415.16998,1,288478.4845,1,302190.3105,0,0,0,0
10416.16998,1,288478.4845,1,302190.3105,0,0,0,0
10417.16998,1,288478.4845,1,302190.3105,0,0,0,0
10418.16998,1,288478.4845,1,302190.3105,0,0,0,0
10419.16998,1,288478.4845,1,302190.3105,0,0,0,0
10420.16998,1,288478.4845,1,302190.3105,0,0,0,0
10421.16998,1,288478.4845,1,302190.3105,0,0,0,0
10422.16998,1,288478.4845,1,302190.3105,0,0,0,0
10423.16998,1,288478.4845,1,302190.3105,0,0,0,0
10424.16998,1,288478.4845,1,302190.3105,0,0,0,0
10425.16998,1,288478.4845,1,302190.3105,0,0,0,0
10426.16998,1,288478.4845,1,302190.3105,0,0,0,0
10427.16998,1,288478.4845,1,302190.3105,0,0,0,0
10428.16998,1,288478.4845,1,302190.3105,0,0,0,0
10429.16998,1,288478.4845,1,302190.3105,0,0,0,0
10430.16998,1,288478.4845,1,302190.3105,0,0,0,0
10431.16998,1,288478.4845,1,302190.3105,0,0,0,0
10432.16998,1,288478.4845,1,302190.3105,0,0,0,0
10433.16998,1,288478.4845,1,302190.3105,0,0,0,0
10434.16998,1,288478.4845,1,302190.3105,0,0,0,0
10435.16998,1,288478.4845,1,302190.3105,0,0,0,0
10436.16998,1,288478.4845,1,302190.3105,0,0,0,0
10437.16998,1,288478.4845,1,302190.3105,0,0,0,0
10438.16998,1,288478.4845,1,302190.3105,0,0,0,0
10439.16998,1,288478.4845,1,302190.3105,0,0,0,0
10440.16998,1,288478.4845,1,302190.3105,0,0,0,0
10441.16998,1,288478.4845,1,302190.3105,0,0,0,0
10442.16998,1,288478.4845,1,302190.3105,0,0,0,0
10443.16998,1,288478.4845,1,302190.3105,0,0,0,0
10444.16998,1,288478.4845,1,302190.3105,0,0,0,0
10445.16998,1,288478.4845,1,302190.3105,0,0,0,0
10446.16998,1,288478.4845,1,302190.3105,0,0,0,0
10447.16998,1,288478.4845,1,302190.3105,0,0,0,0
10448.16998,1,288478.4845,1,302190.3105,0,0,0,0
10449.16998,1,288478.4845,1,302190.3105,0,0,0,0
10450.16998,1,288478.4845,1,302190.3105,0,0,0,0
10451.16998,1,288478.4845,1,302190.3105,0,0,0,0
10452.16998,1,288478.4845,1,302190.3105,0,0,0,0
10453.16998,1,288478.4845,1,302190.3105,0,0,0,0
10454.16998,1,288478.4845,1,302190.3105,0,0,0,0
10455.16998,1,288478.4845,1,302190.3105,0,0,0,0
10456.16998,1,288478.4845,1,302190.3105,0,0,0,0
10457.16998,1,288478.4845,1,302190.3105,0,0,0,0
10458.16998,1,288478.4845,1,302190.3105,0,0,0,0
10459.16998,1,288478.4845,1,302190.3105,0,0,0,0
10460.16998,1,288478.4845,1,302190.3105,0,0,0,0
10461.16998,1,288478.4845,1,302190.3105,0,0,0,0
10462.16998,1,288478.4845,1,302190.3105,0,0,0,0
10463.16998,1,288478.4845,1,302190.3105,0,0,0,0
10464.16998,1,288478.4845,1,302190.3105,0,0,0,0
10465.16998,1,288478.4845,1,302190.3105,0,0,0,0
10466.16998,1,288478.4845,1,302190.3105,0,0,0,0
10467.16998,1,288478.4845,1,302190.3105,0,0,0,0
10468.16998,1,288478.4845,1,302190.3105,0,0,0,0
10469.16998,1,288478.4845,1,302190.3105,0,0,0,0
10470.16998,1,288478.4845,1,302190.3105,0,0,0,0
10471.16998,1,288478.4845,1,302190.3105,0,0,0,0
10472.16998,1,288478.4845,1,302190.3105,0,0,0,0
10473.16998,1,288478.4845,1,302190.3105,0,0,0,0
10474.16998,1,288478.4845,1,302190.3105,0,0,0,0
10475.16998,1,288478.4845,1,302190.3105,0,0,0,0
10476.16998,1,288478.4845,1,302190.3105,0,0,0,0
10477.16998,1,288478.4845,1,302190.3105,0,0,0,0
10478.16998,1,288478.4845,1,302190.3105,0,0,0,0
10479.16998,1,288478.4845,1,302190.3105,0,0,0,0
10480.16998,1,288478.4845,1,302190.3105,0,0,0,0
10481.16998,1,288478.4845,1,302190.3105,0,0,0,0
10482.16998,1,288478.4845,1,302190.3105,0,0,0,0
10483.16998,1,288478.4845,1,302190.3105,0,0,0,0
10484.16998,1,288478.4845,1,302190.3105,0,0,0,0
10485.16998,1,288478.4845,1,302190.3105,0,0,0,0
10486.16998,1,288478.4845,1,302190.3105,0,0,0,0
10487.16998,1,288478.4845,1,302190.3105,0,0,0,0
10488.16998,1,288478.4845,1,302190.3105,0,0,0,0
10489.16998,1,288478.4845,1,302190.3105,0,0,0,0
10490.16998,1,288478.4845,1,302190.3105,0,0,0,0
10491.16998,1,288478.4845,1,302190.3105,0,0,0,0
10492.16998,1,288478.4845,1,302190.3105,0,0,0,0
10493.16998,1,288478.4845,1,302190.3105,0,0,0,0
10494.16998,1,288478.4845,1,302190.3105,0,0,0,0
10495.16998,1,288478.4845,1,302190.3105,0,0,0,0
10496.16998,1,288478.4845,1,302190.3105,0,0,0,0
10497.16998,1,288478.4845,1,302190.3105,0,0,0,0
10498.16998,1,288478.4845,1,302190.3105,0,0,0,0
10499.16998,1,288478.4845,1,302190.3105,0,0,0,0
10500.16998,1,288478.4845,1,302190.3105,0,0,0,0
10501.16998,1,288478.4845,1,302190.3105,0,0,0,0
10502.16998,1,288478.4845,1,302190.3105,0,0,0,0
10503.16998,1,288478.4845,1,302190.3105,0,0,0,0
10504.16998,1,288478.4845,1,302190.3105,0,0,0,0
10505.16998,1,288478.4845,1,302190.3105,0,0,0,0
10506.16998,1,288478.4845,1,302190.3105,0,0,0,0
10507.16998,1,288478.4845,1,302190.3105,0,0,0,0
10508.16998,1,288478.4845,1,302190.3105,0,0,0,0
10509.16998,1,288478.4845,1,302190.3105,0,0,0,0
10510.16998,1,288478.4845,1,302190.3105,0,0,0,0
10511.16998,1,288478.4845,1,302190.3105,0,0,0,0
10512.16998,1,288478.4845,1,302190.3105,0,0,0,0
10513.16998,1,288478.4845,1,302190.3105,0,0,0,0
10514.16998,1,288478.4845,1,302190.3105,0,0,0,0
10515.16998,1,288478.4845,1,302190.3105,0,0,0,0
10516.16998,1,288478.4845,1,302190.3105,0,0,0,0
10517.16998,1,288478.4845,1,302190.3105,0,0,0,0
10518.16998,1,288478.4845,1,302190.3105,0,0,0,0
10519.16998,1,288478.4845,1,302190.3105,0,0,0,0
10520.16998,1,288478.4845,1,302190.3105,0,0,0,0
10521.16998,1,288478.4845,1,302190.3105,1,276818.0232,0,0
10522.16998,1,288478.4845,1,302190.3105,1,276818.0232,0,0
10523.16998,1,288478.4845,1,302190.3105,1,276818.0232,0,0
10524.16998,1,288478.4845,1,302190.3105,1,276818.0232,0,0
10525.16998,1,288478.4845,1,302190.3105,1,276818.0232,0,0
10526.16998,1,288478.4845,1,302190.3105,1,276818.0232,0,0
10527.16998,1,288478.4845,1,302190.3105,1,276818.0232,0,0
10528.16998,1,288478.4845,1,302190.3105,1,276818.0232,0,0
10529.16998,1,288478.4845,1,302190.3105,1,276818.0232,0,0
10530.16998,1,288478.4845,1,302190.3105,1,276818.0232,0,0
10531.16998,1,288478.4845,1,302190.3105,1,276818.0232,0,0
10532.16998,1,288478.4845,1,302190.3105,1,276818.0232,0,0
10533.16998,1,288478.4845,1,302190.3105,1,276818.0232,0,0
10534.16998,1,288478.4845,1,302190.3105,1,276818.0232,0,0
10535.16998,1,288478.4845,1,302190.3105,1,276818.0232,0,0
10536.16998,1,288478.4845,1,302190.3105,1,276818.0232,0,0
10537.16998,1,288478.4845,1,302190.3105,1,276818.0232,0,0
10538.16998,1,288478.4845,1,302190.3105,1,276818.0232,0,0
10539.16998,1,288478.4845,1,302190.3105,1,276818.0232,0,0
10540.16998,1,288478.4845,1,302190.3105,1,276818.0232,0,0
10541.16998,1,288478.4845,1,302190.3105,1,276818.0232,0,0
10542.16998,1,288478.4845,1,302190.3105,1,276818.0232,0,0
10543.16998,1,288478.4845,1,302190.3105,1,276818.0232,0,0
10544.16998,1,288478.4845,1,302190.3105,1,276818.0232,0,0
10545.16998,1,288478.4845,1,302190.3105,1,276818.0232,0,0
10546.16998,1,288478.4845,1,302190.3105,1,276818.0232,0,0
10547.16998,1,288478.4845,1,302190.3105,1,276818.0232,0,0
10548.16998,1,288478.4845,1,302190.3105,1,276818.0232,0,0
10549.16998,1,288478.4845,1,302190.3105,1,276818.0232,0,0
10550.16998,1,288478.4845,1,302190.3105,1,276818.0232,0,0
10551.16998,1,288478.4845,1,302190.3105,1,276818.0232,0,0
10552.16998,1,288478.4845,1,302190.3105,1,276818.0232,0,0
10553.16998,1,288478.4845,1,302190.3105,1,276818.0232,0,0
10554.16998,1,288478.4845,1,302190.3105,1,276818.0232,0,0
10555.16998,1,288478.4845,1,302190.3105,1,276818.0232,0,0
10556.16998,1,288478.4845,1,302190.3105,1,276818.0232,0,0
10557.16998,1,288478.4845,1,302190.3105,1,276818.0232,0,0
10558.16998,1,288478.4845,1,302190.3105,1,276818.0232,0,0
10559.16998,1,288478.4845,1,302190.3105,1,276818.0232,0,0
10560.16998,1,288478.4845,1,302190.3105,1,276818.0232,0,0
10561.16998,1,288478.4845,1,302190.3105,1,276818.0232,0,0
10562.16998,1,288478.4845,1,302190.3105,1,276818.0232,0,0
10563.16998,1,288478.4845,1,302190.3105,1,276818.0232,0,0
10564.16998,1,288478.4845,1,302190.3105,1,276818.0232,0,0
10565.16998,1,288478.4845,1,302190.3105,1,276818.0232,0,0
10566.16998,1,288478.4845,1,302190.3105,1,276818.0232,0,0
10567.16998,1,288478.4845,1,302190.3105,1,276818.0232,0,0
10568.16998,1,288478.4845,1,302190.3105,1,276818.0232,0,0
10569.16998,1,288478.4845,1,302190.3105,1,276818.0232,0,0
10570.16998,1,288478.4845,1,302190.3105,1,276818.0232,0,0
10571.16998,1,288478.4845,1,302190.3105,1,276818.0232,0,0
10572.16998,1,288478.4845,1,302190.3105,1,276818.0232,0,0
10573.16998,1,288478.4845,1,302190.3105,1,276818.0232,0,0
10574.16998,1,288478.4845,1,302190.3105,1,276818.0232,0,0
10575.16998,1,288478.4845,1,302190.3105,1,276818.0232,0,0
10576.16998,1,288478.4845,1,302190.3105,1,276818.0232,0,0
10577.16998,1,288478.4845,1,302190.3105,1,276818.0232,0,0
10578.16998,1,288478.4845,1,302190.3105,1,276818.0232,0,0
10579.16998,1,288478.4845,1,302190.3105,1,276818.0232,0,0
10580.16998,1,288478.4845,1,302190.3105,1,276818.0232,0,0
10581.16998,1,288478.4845,1,302190.3105,1,276818.0232,0,0
10582.16998,1,288478.4845,1,302190.3105,1,276818.0232,0,0
10583.16998,1,288478.4845,1,302190.3105,1,276818.0232,0,0
10584.16998,1,288478.4845,1,302190.3105,1,276818.0232,0,0
10585.16998,1,288478.4845,1,302190.3105,1,276818.0232,0,0
10586.16998,1,288478.4845,1,302190.3105,1,276818.0232,0,0
10587.16998,1,288478.4845,1,302190.3105,1,276818.0232,0,0
10588.16998,1,288478.4845,1,302190.3105,1,276818.0232,0,0
10589.16998,1,288478.4845,1,302190.3105,1,276818.0232,0,0
10590.16998,1,288478.4845,1,302190.3105,1,276818.0232,0,0
10591.16998,1,288478.4845,1,302190.3105,1,276818.0232,0,0
10592.16998,1,288478.4845,1,302190.3105,1,276818.0232,0,0
10593.16998,1,288478.4845,1,302190.3105,1,276818.0232,0,0
10594.16998,1,288478.4845,1,302190.3105,1,276818.0232,0,0
10595.16998,1,288478.4845,1,302190.3105,1,276818.0232,0,0
10596.16998,1,288478.4845,1,302190.3105,1,276818.0232,0,0
10597.16998,1,288478.4845,1,302190.3105,1,276818.0232,0,0
10598.16998,1,288478.4845,1,302190.3105,1,276818.0232,0,0
10599.16998,1,288478.4845,1,302190.3105,1,276818.0232,0,0
10600.16998,1,288478.4845,1,302190.3105,1,276818.0232,0,0
10601.16998,1,288478.4845,1,302190.3105,1,276818.0232,0,0
10602.16998,1,288478.4845,0,0,1,276818.0232,0,0
10603.16998,1,288478.4845,0,0,1,276818.0232,0,0
10604.16998,1,288478.4845,0,0,1,276818.0232,0,0
10605.16998,1,288478.4845,0,0,1,276818.0232,0,0
10606.16998,1,288478.4845,0,0,1,276818.0232,0,0
10607.16998,1,288478.4845,0,0,1,276818.0232,0,0
10608.16998,1,288478.4845,0,0,1,276818.0232,0,0
10609.16998,1,288478.4845,0,0,1,276818.0232,0,0
10610.16998,1,288478.4845,0,0,1,276818.0232,0,0
10611.16998,1,288478.4845,0,0,1,276818.0232,0,0
10612.16998,1,288478.4845,0,0,1,276818.0232,0,0
10613.16998,1,288478.4845,0,0,1,276818.0232,0,0
10614.16998,1,288478.4845,0,0,1,276818.0232,0,0
10615.16998,1,288478.4845,0,0,1,276818.0232,0,0
10616.16998,1,288478.4845,0,0,1,276818.0232,0,0
10617.16998,1,288478.4845,0,0,1,276818.0232,0,0
10618.16998,1,288478.4845,0,0,1,276818.0232,0,0
10619.16998,1,288478.4845,0,0,1,276818.0232,0,0
10620.16998,1,288478.4845,0,0,1,276818.0232,0,0
10621.16998,1,288478.4845,0,0,1,276818.0232,0,0
10622.16998,1,288478.4845,0,0,1,276818.0232,0,0
10623.16998,1,288478.4845,0,0,1,276818.0232,0,0
10624.16998,1,288478.4845,0,0,1,276818.0232,0,0
10625.16998,1,288478.4845,0,0,1,276818.0232,0,0
10626.16998,1,288478.4845,0,0,1,276818.0232,0,0
10627.16998,1,288478.4845,0,0,1,276818.0232,0,0
10628.16998,1,288478.4845,0,0,1,276818.0232,0,0
10629.16998,1,288478.4845,0,0,1,276818.0232,0,0
10630.16998,1,288478.4845,0,0,1,276818.0232,0,0
10631.16998,1,288478.4845,0,0,1,276818.0232,0,0
10632.16998,1,288478.4845,0,0,1,276818.0232,0,0
10633.16998,1,288478.4845,0,0,1,276818.0232,0,0
10634.16998,1,288478.4845,0,0,1,276818.0232,0,0
10635.16998,1,288478.4845,0,0,1,276818.0232,0,0
10636.16998,1,288478.4845,0,0,1,276818.0232,0,0
10637.16998,1,288478.4845,0,0,1,276818.0232,0,0
10638.16998,1,288478.4845,0,0,1,276818.0232,0,0
10639.16998,1,288478.4845,0,0,1,276818.0232,0,0
10640.16998,1,288478.4845,0,0,1,276818.0232,0,0
10641.16998,1,288478.4845,0,0,1,276818.0232,0,0
10642.16998,1,288478.4845,0,0,1,276818.0232,0,0
10643.16998,1,288478.4845,0,0,1,276818.0232,0,0
10644.16998,1,288478.4845,0,0,1,276818.0232,0,0
10645.16998,1,288478.4845,0,0,1,276818.0232,0,0
10646.16998,1,288478.4845,0,0,1,276818.0232,0,0
10647.16998,1,288478.4845,0,0,1,276818.0232,0,0
10648.16998,1,288478.4845,0,0,1,276818.0232,0,0
10649.16998,1,288478.4845,0,0,1,276818.0232,0,0
10650.16998,1,288478.4845,0,0,1,276818.0232,0,0
10651.16998,1,288478.4845,0,0,1,276818.0232,0,0
10652.16998,1,288478.4845,0,0,1,276818.0232,0,0
10653.16998,1,288478.4845,0,0,1,276818.0232,0,0
10654.16998,1,288478.4845,0,0,1,276818.0232,0,0
10655.16998,1,288478.4845,0,0,1,276818.0232,0,0
10656.16998,1,288478.4845,0,0,1,276818.0232,0,0
10657.16998,1,288478.4845,0,0,1,276818.0232,0,0
10658.16998,1,288478.4845,0,0,1,276818.0232,0,0
10659.16998,1,288478.4845,0,0,1,276818.0232,0,0
10660.16998,1,288478.4845,0,0,1,276818.0232,0,0
10661.16998,1,288478.4845,0,0,1,276818.0232,0,0
10662.16998,1,288478.4845,0,0,1,276818.0232,0,0
10663.16998,1,288478.4845,0,0,1,276818.0232,0,0
10664.16998,1,288478.4845,0,0,1,276818.0232,0,0
10665.16998,1,288478.4845,0,0,1,276818.0232,0,0
10666.16998,1,288478.4845,0,0,1,276818.0232,0,0
10667.16998,1,288478.4845,0,0,1,276818.0232,0,0
10668.16998,1,288478.4845,0,0,1,276818.0232,0,0
10669.16998,1,288478.4845,0,0,1,276818.0232,0,0
10670.16998,1,288478.4845,0,0,1,276818.0232,0,0
10671.16998,1,288478.4845,0,0,1,276818.0232,0,0
10672.16998,1,288478.4845,0,0,1,276818.0232,0,0
10673.16998,1,288478.4845,0,0,1,276818.0232,0,0
10674.16998,1,288478.4845,0,0,1,276818.0232,0,0
10675.16998,1,288478.4845,0,0,1,276818.0232,0,0
10676.16998,1,288478.4845,0,0,1,276818.0232,0,0
10677.16998,1,288478.4845,0,0,1,276818.0232,0,0
10678.16998,1,288478.4845,0,0,1,276818.0232,0,0
10679.16998,1,288478.4845,0,0,1,276818.0232,0,0
10680.16998,1,288478.4845,0,0,1,276818.0232,0,0
10681.16998,1,288478.4845,0,0,1,276818.0232,0,0
10682.16998,1,288478.4845,0,0,1,276818.0232,0,0
10683.16998,1,288478.4845,0,0,1,276818.0232,0,0
10684.16998,1,288478.4845,0,0,1,276818.0232,0,0
10685.16998,1,288478.4845,0,0,1,276818.0232,0,0
10686.16998,1,288478.4845,0,0,1,276818.0232,0,0
10687.16998,1,288478.4845,0,0,1,276818.0232,0,0
10688.16998,1,288478.4845,0,0,1,276818.0232,0,0
10689.16998,1,288478.4845,0,0,1,276818.0232,0,0
10690.16998,1,288478.4845,0,0,1,276818.0232,0,0
10691.16998,1,288478.4845,0,0,1,276818.0232,0,0
10692.16998,1,288478.4845,0,0,1,276818.0232,0,0
10693.16998,1,288478.4845,0,0,1,276818.0232,0,0
10694.16998,1,288478.4845,0,0,1,276818.0232,0,0
10695.16998,1,288478.4845,0,0,1,276818.0232,0,0
10696.16998,1,288478.4845,0,0,1,276818.0232,0,0
10697.16998,1,288478.4845,0,0,1,276818.0232,0,0
10698.16998,1,288478.4845,0,0,1,276818.0232,0,0
10699.16998,1,288478.4845,0,0,1,276818.0232,0,0
10700.16998,1,288478.4845,0,0,1,276818.0232,0,0
10701.16998,1,288478.4845,0,0,1,276818.0232,0,0
10702.16998,1,288478.4845,0,0,1,276818.0232,0,0
10703.16998,1,288478.4845,0,0,1,276818.0232,0,0
10704.16998,1,288478.4845,0,0,1,276818.0232,0,0
10705.16998,1,288478.4845,0,0,1,276818.0232,0,0
10706.16998,1,288478.4845,0,0,1,276818.0232,0,0
10707.16998,1,288478.4845,0,0,1,276818.0232,0,0
10708.16998,1,288478.4845,0,0,1,276818.0232,0,0
10709.16998,1,288478.4845,0,0,1,276818.0232,0,0
10710.16998,1,288478.4845,0,0,1,276818.0232,0,0
10711.16998,1,288478.4845,0,0,1,276818.0232,0,0
10712.16998,1,288478.4845,0,0,1,276818.0232,0,0
10713.16998,1,288478.4845,0,0,1,276818.0232,0,0
10714.16998,1,288478.4845,0,0,1,276818.0232,0,0
10715.16998,1,288478.4845,0,0,1,276818.0232,0,0
10716.16998,1,288478.4845,0,0,1,276818.0232,0,0
10717.16998,1,288478.4845,0,0,1,276818.0232,0,0
10718.16998,1,288478.4845,0,0,1,276818.0232,0,0
10719.16998,1,288478.4845,0,0,1,276818.0232,0,0
10720.16998,1,288478.4845,0,0,1,276818.0232,0,0
10721.16998,1,288478.4845,0,0,1,276818.0232,0,0
10722.16998,1,288478.4845,0,0,1,276818.0232,0,0
10723.16998,1,288478.4845,0,0,1,276818.0232,0,0
10724.16998,1,288478.4845,0,0,1,276818.0232,0,0
10725.16998,1,288478.4845,0,0,1,276818.0232,0,0
10726.16998,1,288478.4845,0,0,1,276818.0232,0,0
10727.16998,1,288478.4845,0,0,1,276818.0232,0,0
10728.16998,1,288478.4845,0,0,1,276818.0232,0,0
10729.16998,1,288478.4845,0,0,1,276818.0232,0,0
10730.16998,1,288478.4845,0,0,1,276818.0232,0,0
10731.16998,1,288478.4845,0,0,1,276818.0232,0,0
10732.16998,1,288478.4845,0,0,1,276818.0232,0,0
10733.16998,1,288478.4845,0,0,1,276818.0232,0,0
10734.16998,1,288478.4845,0,0,1,276818.0232,0,0
10735.16998,1,288478.4845,0,0,1,276818.0232,0,0
10736.16998,1,288478.4845,0,0,1,276818.0232,0,0
10737.16998,1,288478.4845,0,0,1,276818.0232,0,0
10738.16998,1,288478.4845,0,0,1,276818.0232,0,0
10739.16998,1,288478.4845,0,0,1,276818.0232,0,0
10740.16998,1,288478.4845,0,0,1,276818.0232,0,0
10741.16998,1,288478.4845,0,0,1,276818.0232,0,0
10742.16998,1,288478.4845,0,0,1,276818.0232,0,0
10743.16998,1,288478.4845,0,0,1,276818.0232,0,0
10744.16998,1,288478.4845,0,0,1,276818.0232,0,0
10745.16998,1,288478.4845,0,0,1,276818.0232,0,0
10746.16998,1,288478.4845,0,0,1,276818.0232,0,0
10747.16998,1,288478.4845,0,0,1,276818.0232,0,0
10748.16998,1,288478.4845,0,0,1,276818.0232,0,0
10749.16998,1,288478.4845,0,0,1,276818.0232,0,0
10750.16998,1,288478.4845,0,0,1,276818.0232,0,0
10751.16998,1,288478.4845,0,0,1,276818.0232,0,0
10752.16998,1,288478.4845,0,0,1,276818.0232,0,0
10753.16998,1,288478.4845,0,0,1,276818.0232,0,0
10754.16998,1,288478.4845,0,0,1,276818.0232,0,0
10755.16998,1,288478.4845,0,0,1,276818.0232,0,0
10756.16998,1,288478.4845,0,0,1,276818.0232,0,0
10757.16998,1,288478.4845,0,0,1,276818.0232,0,0
10758.16998,1,288478.4845,0,0,1,276818.0232,0,0
10759.16998,1,288478.4845,0,0,1,276818.0232,0,0
10760.16998,1,288478.4845,0,0,1,276818.0232,0,0
10761.16998,1,288478.4845,0,0,1,276818.0232,0,0
10762.16998,1,288478.4845,0,0,1,276818.0232,0,0
10763.16998,1,288478.4845,0,0,1,276818.0232,0,0
10764.16998,1,288478.4845,0,0,1,276818.0232,0,0
10765.16998,1,288478.4845,0,0,1,276818.0232,0,0
10766.16998,1,288478.4845,0,0,1,276818.0232,0,0
10767.16998,1,288478.4845,0,0,1,276818.0232,0,0
10768.16998,1,288478.4845,0,0,1,276818.0232,0,0
10769.16998,1,288478.4845,0,0,1,276818.0232,0,0
10770.16998,1,288478.4845,0,0,1,276818.0232,0,0
10771.16998,1,288478.4845,0,0,1,276818.0232,0,0
10772.16998,1,288478.4845,0,0,1,276818.0232,0,0
10773.16998,1,288478.4845,0,0,1,276818.0232,0,0
10774.16998,1,288478.4845,0,0,1,276818.0232,0,0
10775.16998,1,288478.4845,0,0,1,276818.0232,0,0
10776.16998,1,288478.4845,0,0,1,276818.0232,0,0
10777.16998,1,288478.4845,0,0,1,276818.0232,0,0
10778.16998,1,288478.4845,0,0,1,276818.0232,0,0
10779.16998,1,288478.4845,0,0,1,276818.0232,0,0
10780.16998,1,288478.4845,0,0,1,276818.0232,0,0
10781.16998,1,288478.4845,0,0,1,276818.0232,0,0
10782.16998,1,288478.4845,0,0,1,276818.0232,0,0
10783.16998,1,288478.4845,0,0,1,276818.0232,0,0
10784.16998,1,288478.4845,0,0,1,276818.0232,0,0
10785.16998,1,288478.4845,0,0,1,276818.0232,0,0
10786.16998,1,288478.4845,0,0,1,276818.0232,0,0
10787.16998,1,288478.4845,0,0,1,276818.0232,0,0
10788.16998,1,288478.4845,0,0,1,276818.0232,0,0
10789.16998,1,288478.4845,0,0,1,276818.0232,0,0
10790.16998,1,288478.4845,0,0,1,276818.0232,0,0
10791.16998,1,288478.4845,0,0,1,276818.0232,0,0
10792.16998,1,288478.4845,0,0,1,276818.0232,0,0
10793.16998,1,288478.4845,0,0,1,276818.0232,0,0
10794.16998,1,288478.4845,0,0,1,276818.0232,0,0
10795.16998,1,288478.4845,0,0,1,276818.0232,0,0
10796.16998,1,288478.4845,0,0,1,276818.0232,0,0
10797.16998,1,288478.4845,0,0,1,276818.0232,0,0
10798.16998,1,288478.4845,0,0,1,276818.0232,0,0
10799.16998,1,288478.4845,0,0,1,276818.0232,0,0
10800.16998,1,288478.4845,0,0,1,276818.0232,0,0
10801.16998,1,288478.4845,0,0,1,276818.0232,0,0
10802.16998,1,288478.4845,0,0,1,276818.0232,0,0
10803.16998,1,288478.4845,0,0,1,276818.0232,0,0
10804.16998,1,288478.4845,0,0,1,276818.0232,0,0
10805.16998,1,288478.4845,0,0,1,276818.0232,0,0
10806.16998,1,288478.4845,0,0,1,276818.0232,0,0
10807.16998,1,288478.4845,0,0,1,276818.0232,0,0
10808.16998,1,288478.4845,0,0,1,276818.0232,0,0
10809.16998,1,288478.4845,0,0,1,276818.0232,0,0
10810.16998,1,288478.4845,0,0,1,276818.0232,0,0
10811.16998,1,288478.4845,0,0,1,276818.0232,0,0
10812.16998,1,288478.4845,0,0,1,276818.0232,0,0
10813.16998,1,288478.4845,0,0,1,276818.0232,0,0
10814.16998,1,288478.4845,0,0,1,276818.0232,1,258141.407
10815.16998,1,288478.4845,0,0,1,276818.0232,1,258141.407
10816.16998,1,288478.4845,0,0,1,276818.0232,1,258141.407
10817.16998,1,288478.4845,0,0,1,276818.0232,1,258141.407
10818.16998,1,288478.4845,0,0,1,276818.0232,1,258141.407
10819.16998,1,288478.4845,0,0,1,276818.0232,1,258141.407
10820.16998,1,288478.4845,0,0,1,276818.0232,1,258141.407
10821.16998,1,288478.4845,0,0,1,276818.0232,1,258141.407
10822.16998,1,288478.4845,0,0,1,276818.0232,1,258141.407
10823.16998,1,288478.4845,0,0,1,276818.0232,1,258141.407
10824.16998,1,288478.4845,0,0,1,276818.0232,1,258141.407
10825.16998,1,288478.4845,0,0,1,276818.0232,1,258141.407
10826.16998,1,288478.4845,0,0,1,276818.0232,1,258141.407
10827.16998,1,288478.4845,0,0,1,276818.0232,1,258141.407
10828.16998,1,288478.4845,0,0,1,276818.0232,1,258141.407
10829.16998,1,288478.4845,0,0,1,276818.0232,1,258141.407
10830.16998,1,288478.4845,0,0,1,276818.0232,1,258141.407
10831.16998,1,288478.4845,0,0,1,276818.0232,1,258141.407
10832.16998,1,288478.4845,0,0,1,276818.0232,1,258141.407
10833.16998,1,288478.4845,0,0,1,276818.0232,1,258141.407
10834.16998,1,288478.4845,0,0,1,276818.0232,1,258141.407
10835.16998,1,288478.4845,0,0,1,276818.0232,1,258141.407
10836.16998,1,288478.4845,0,0,1,276818.0232,1,258141.407
10837.16998,1,288478.4845,0,0,1,276818.0232,1,258141.407
10838.16998,1,288478.4845,0,0,1,276818.0232,1,258141.407
10839.16998,1,288478.4845,0,0,1,276818.0232,1,258141.407
10840.16998,1,288478.4845,0,0,1,276818.0232,1,258141.407
10841.16998,1,288478.4845,0,0,1,276818.0232,1,258141.407
10842.16998,1,288478.4845,0,0,1,276818.0232,1,258141.407
10843.16998,1,288478.4845,0,0,1,276818.0232,1,258141.407
10844.16998,1,288478.4845,0,0,1,276818.0232,1,258141.407
10845.16998,1,288478.4845,0,0,1,276818.0232,1,258141.407
10846.16998,1,288478.4845,0,0,1,276818.0232,1,258141.407
10847.16998,1,288478.4845,0,0,1,276818.0232,1,258141.407
10848.16998,1,288478.4845,0,0,1,276818.0232,1,258141.407
10849.16998,1,288478.4845,0,0,1,276818.0232,1,258141.407
10850.16998,1,288478.4845,0,0,1,276818.0232,1,258141.407
10851.16998,1,288478.4845,0,0,1,276818.0232,1,258141.407
10852.16998,1,288478.4845,0,0,1,276818.0232,1,258141.407
10853.16998,1,288478.4845,0,0,1,276818.0232,1,258141.407
10854.16998,1,288478.4845,0,0,1,276818.0232,1,258141.407
10855.16998,1,288478.4845,0,0,1,276818.0232,1,258141.407
10856.16998,1,288478.4845,0,0,1,276818.0232,1,258141.407
10857.16998,1,288478.4845,0,0,1,276818.0232,1,258141.407
10858.16998,1,288478.4845,0,0,1,276818.0232,1,258141.407
10859.16998,1,288478.4845,0,0,1,276818.0232,1,258141.407
10860.16998,1,288478.4845,0,0,1,276818.0232,1,258141.407
10861.16998,1,288478.4845,0,0,1,276818.0232,1,258141.407
10862.16998,1,288478.4845,0,0,1,276818.0232,1,258141.407
10863.16998,1,288478.4845,0,0,1,276818.0232,1,258141.407
10864.16998,1,288478.4845,0,0,1,276818.0232,1,258141.407
10865.16998,1,288478.4845,0,0,1,276818.0232,1,258141.407
10866.16998,1,288478.4845,0,0,1,276818.0232,1,258141.407
10867.16998,1,288478.4845,0,0,1,276818.0232,1,258141.407
10868.16998,1,288478.4845,0,0,1,276818.0232,1,258141.407
10869.16998,1,288478.4845,0,0,1,276818.0232,1,258141.407
10870.16998,1,288478.4845,0,0,1,276818.0232,1,258141.407
10871.16998,1,288478.4845,0,0,1,276818.0232,1,258141.407
10872.16998,1,288478.4845,0,0,1,276818.0232,1,258141.407
10873.16998,1,288478.4845,0,0,1,276818.0232,1,258141.407
10874.16998,1,288478.4845,0,0,1,276818.0232,1,258141.407
10875.16998,1,288478.4845,0,0,1,276818.0232,1,258141.407
10876.16998,1,288478.4845,0,0,1,276818.0232,1,258141.407
10877.16998,1,288478.4845,0,0,1,276818.0232,1,258141.407
10878.16998,1,288478.4845,0,0,1,276818.0232,1,258141.407
10879.16998,1,288478.4845,0,0,1,276818.0232,1,258141.407
10880.16998,1,288478.4845,0,0,1,276818.0232,1,258141.407
10881.16998,1,288478.4845,0,0,1,276818.0232,1,258141.407
10882.16998,1,288478.4845,0,0,1,276818.0232,1,258141.407
10883.16998,1,288478.4845,0,0,1,276818.0232,1,258141.407
10884.16998,1,288478.4845,0,0,1,276818.0232,1,258141.407
10885.16998,1,288478.4845,0,0,1,276818.0232,1,258141.407
10886.16998,1,288478.4845,0,0,1,276818.0232,1,258141.407
10887.16998,1,288478.4845,0,0,1,276818.0232,1,258141.407
10888.16998,1,288478.4845,0,0,1,276818.0232,1,258141.407
10889.16998,1,288478.4845,0,0,1,276818.0232,1,258141.407
10890.16998,1,288478.4845,0,0,1,276818.0232,1,258141.407
10891.16998,1,288478.4845,0,0,1,276818.0232,1,258141.407
10892.16998,1,288478.4845,0,0,1,276818.0232,1,258141.407
10893.16998,1,288478.4845,0,0,1,276818.0232,1,258141.407
10894.16998,1,288478.4845,0,0,1,276818.0232,1,258141.407
10895.16998,1,288478.4845,0,0,1,276818.0232,1,258141.407
10896.16998,1,288478.4845,0,0,1,276818.0232,1,258141.407
10897.16998,1,288478.4845,0,0,1,276818.0232,1,258141.407
10898.16998,1,288478.4845,0,0,1,276818.0232,1,258141.407
10899.16998,1,288478.4845,0,0,1,276818.0232,1,258141.407
10900.16998,1,288478.4845,0,0,1,276818.0232,1,258141.407
10901.16998,1,288478.4845,0,0,1,276818.0232,1,258141.407
10902.16998,1,288478.4845,0,0,1,276818.0232,1,258141.407
10903.16998,1,288478.4845,0,0,1,276818.0232,1,258141.407
10904.16998,0,0,0,0,1,276818.0232,1,258141.407
10905.16998,0,0,0,0,1,276818.0232,1,258141.407
10906.16998,0,0,0,0,1,276818.0232,1,258141.407
10907.16998,0,0,0,0,1,276818.0232,1,258141.407
10908.16998,0,0,0,0,1,276818.0232,1,258141.407
10909.16998,0,0,0,0,1,276818.0232,1,258141.407
10910.16998,0,0,0,0,1,276818.0232,1,258141.407
10911.16998,0,0,0,0,1,276818.0232,1,258141.407
10912.16998,0,0,0,0,1,276818.0232,1,258141.407
10913.16998,0,0,0,0,1,276818.0232,1,258141.407
10914.16998,0,0,0,0,1,276818.0232,1,258141.407
10915.16998,0,0,0,0,1,276818.0232,1,258141.407
10916.16998,0,0,0,0,1,276818.0232,1,258141.407
10917.16998,0,0,0,0,1,276818.0232,1,258141.407
10918.16998,0,0,0,0,1,276818.0232,1,258141.407
10919.16998,0,0,0,0,1,276818.0232,1,258141.407
10920.16998,0,0,0,0,1,276818.0232,1,258141.407
10921.16998,0,0,0,0,1,276818.0232,1,258141.407
10922.16998,0,0,0,0,1,276818.0232,1,258141.407
10923.16998,0,0,0,0,1,276818.0232,1,258141.407
10924.16998,0,0,0,0,1,276818.0232,1,258141.407
10925.16998,0,0,0,0,1,276818.0232,1,258141.407
10926.16998,0,0,0,0,1,276818.0232,1,258141.407
10927.16998,0,0,0,0,1,276818.0232,1,258141.407
10928.16998,0,0,0,0,1,276818.0232,1,258141.407
10929.16998,0,0,0,0,1,276818.0232,1,258141.407
10930.16998,0,0,0,0,1,276818.0232,1,258141.407
10931.16998,0,0,0,0,1,276818.0232,1,258141.407
10932.16998,0,0,0,0,1,276818.0232,1,258141.407
10933.16998,0,0,0,0,1,276818.0232,1,258141.407
10934.16998,0,0,0,0,1,276818.0232,1,258141.407
10935.16998,0,0,0,0,1,276818.0232,1,258141.407
10936.16998,0,0,0,0,1,276818.0232,1,258141.407
10937.16998,0,0,0,0,1,276818.0232,1,258141.407
10938.16998,0,0,0,0,1,276818.0232,1,258141.407
10939.16998,0,0,0,0,1,276818.0232,1,258141.407
10940.16998,0,0,0,0,1,276818.0232,1,258141.407
10941.16998,0,0,0,0,1,276818.0232,1,258141.407
10942.16998,0,0,0,0,1,276818.0232,1,258141.407
10943.16998,0,0,0,0,1,276818.0232,1,258141.407
10944.16998,0,0,0,0,1,276818.0232,1,258141.407
10945.16998,0,0,0,0,1,276818.0232,1,258141.407
10946.16998,0,0,0,0,1,276818.0232,1,258141.407
10947.16998,0,0,0,0,1,276818.0232,1,258141.407
10948.16998,0,0,0,0,1,276818.0232,1,258141.407
10949.16998,0,0,0,0,1,276818.0232,1,258141.407
10950.16998,0,0,0,0,1,276818.0232,1,258141.407
10951.16998,0,0,0,0,1,276818.0232,1,258141.407
10952.16998,0,0,0,0,1,276818.0232,1,258141.407
10953.16998,0,0,0,0,1,276818.0232,1,258141.407
10954.16998,0,0,0,0,1,276818.0232,1,258141.407
10955.16998,0,0,0,0,1,276818.0232,1,258141.407
10956.16998,0,0,0,0,1,276818.0232,1,258141.407
10957.16998,0,0,0,0,1,276818.0232,1,258141.407
10958.16998,0,0,0,0,1,276818.0232,1,258141.407
10959.16998,0,0,0,0,1,276818.0232,1,258141.407
10960.16998,0,0,0,0,1,276818.0232,1,258141.407
10961.16998,0,0,0,0,1,276818.0232,1,258141.407
10962.16998,0,0,0,0,1,276818.0232,1,258141.407
10963.16998,0,0,0,0,1,276818.0232,1,258141.407
10964.16998,0,0,0,0,1,276818.0232,1,258141.407
10965.16998,0,0,0,0,1,276818.0232,1,258141.407
10966.16998,0,0,0,0,1,276818.0232,1,258141.407
10967.16998,0,0,0,0,1,276818.0232,1,258141.407
10968.16998,0,0,0,0,1,276818.0232,1,258141.407
10969.16998,0,0,0,0,1,276818.0232,1,258141.407
10970.16998,0,0,0,0,1,276818.0232,1,258141.407
10971.16998,0,0,0,0,1,276818.0232,1,258141.407
10972.16998,0,0,0,0,1,276818.0232,1,258141.407
10973.16998,0,0,0,0,1,276818.0232,1,258141.407
10974.16998,0,0,0,0,1,276818.0232,1,258141.407
10975.16998,0,0,0,0,1,276818.0232,1,258141.407
10976.16998,0,0,0,0,1,276818.0232,1,258141.407
10977.16998,0,0,0,0,1,276818.0232,1,258141.407
10978.16998,0,0,0,0,1,276818.0232,1,258141.407
10979.16998,0,0,0,0,1,276818.0232,1,258141.407
10980.16998,0,0,0,0,1,276818.0232,1,258141.407
10981.16998,0,0,0,0,1,276818.0232,1,258141.407
10982.16998,0,0,0,0,1,276818.0232,1,258141.407
10983.16998,0,0,0,0,1,276818.0232,1,258141.407
10984.16998,0,0,0,0,1,276818.0232,1,258141.407
10985.16998,0,0,0,0,1,276818.0232,1,258141.407
10986.16998,0,0,0,0,1,276818.0232,1,258141.407
10987.16998,0,0,0,0,1,276818.0232,1,258141.407
10988.16998,0,0,0,0,1,276818.0232,1,258141.407
10989.16998,0,0,0,0,1,276818.0232,1,258141.407
10990.16998,0,0,0,0,1,276818.0232,1,258141.407
10991.16998,0,0,0,0,1,276818.0232,1,258141.407
10992.16998,0,0,0,0,1,276818.0232,1,258141.407
10993.16998,0,0,0,0,1,276818.0232,1,258141.407
10994.16998,0,0,0,0,1,276818.0232,1,258141.407
10995.16998,0,0,0,0,1,276818.0232,1,258141.407
10996.16998,0,0,0,0,1,276818.0232,1,258141.407
10997.16998,0,0,0,0,1,276818.0232,1,258141.407
10998.16998,0,0,0,0,1,276818.0232,1,258141.407
10999.16998,0,0,0,0,1,276818.0232,1,258141.407
11000.16998,0,0,0,0,1,276818.0232,1,258141.407
11001.16998,0,0,0,0,1,276818.0232,1,258141.407
11002.16998,0,0,0,0,1,276818.0232,1,258141.407
11003.16998,0,0,0,0,1,276818.0232,1,258141.407
11004.16998,0,0,0,0,1,276818.0232,1,258141.407
11005.16998,0,0,0,0,1,276818.0232,1,258141.407
11006.16998,0,0,0,0,1,276818.0232,1,258141.407
11007.16998,0,0,0,0,1,276818.0232,1,258141.407
11008.16998,0,0,0,0,1,276818.0232,1,258141.407
11009.16998,0,0,0,0,1,276818.0232,1,258141.407
11010.16998,0,0,0,0,1,276818.0232,1,258141.407
11011.16998,0,0,0,0,1,276818.0232,1,258141.407
11012.16998,0,0,0,0,1,276818.0232,1,258141.407
11013.16998,0,0,0,0,1,276818.0232,1,258141.407
11014.16998,0,0,0,0,1,276818.0232,1,258141.407
11015.16998,0,0,0,0,1,276818.0232,1,258141.407
11016.16998,0,0,0,0,1,276818.0232,1,258141.407
11017.16998,0,0,0,0,1,276818.0232,1,258141.407
11018.16998,0,0,0,0,1,276818.0232,1,258141.407
11019.16998,0,0,0,0,1,276818.0232,1,258141.407
11020.16998,0,0,0,0,1,276818.0232,1,258141.407
11021.16998,0,0,0,0,1,276818.0232,1,258141.407
11022.16998,0,0,0,0,1,276818.0232,1,258141.407
11023.16998,0,0,0,0,1,276818.0232,1,258141.407
11024.16998,0,0,0,0,1,276818.0232,1,258141.407
11025.16998,0,0,0,0,1,276818.0232,1,258141.407
11026.16998,0,0,0,0,1,276818.0232,1,258141.407
11027.16998,0,0,0,0,1,276818.0232,1,258141.407
11028.16998,0,0,0,0,1,276818.0232,1,258141.407
11029.16998,0,0,0,0,1,276818.0232,1,258141.407
11030.16998,0,0,0,0,1,276818.0232,1,258141.407
11031.16998,0,0,0,0,1,276818.0232,1,258141.407
11032.16998,0,0,0,0,1,276818.0232,1,258141.407
11033.16998,0,0,0,0,1,276818.0232,1,258141.407
11034.16998,0,0,0,0,1,276818.0232,1,258141.407
11035.16998,0,0,0,0,1,276818.0232,1,258141.407
11036.16998,0,0,0,0,1,276818.0232,1,258141.407
11037.16998,0,0,0,0,1,276818.0232,1,258141.407
11038.16998,0,0,0,0,1,276818.0232,1,258141.407
11039.16998,0,0,0,0,1,276818.0232,1,258141.407
11040.16998,0,0,0,0,1,276818.0232,1,258141.407
11041.16998,0,0,0,0,1,276818.0232,1,258141.407
11042.16998,0,0,0,0,1,276818.0232,1,258141.407
11043.16998,0,0,0,0,1,276818.0232,1,258141.407
11044.16998,0,0,0,0,1,276818.0232,1,258141.407
11045.16998,0,0,0,0,1,276818.0232,1,258141.407
11046.16998,0,0,0,0,1,276818.0232,1,258141.407
11047.16998,0,0,0,0,1,276818.0232,1,258141.407
11048.16998,0,0,0,0,1,276818.0232,1,258141.407
11049.16998,0,0,0,0,1,276818.0232,1,258141.407
11050.16998,0,0,0,0,1,276818.0232,1,258141.407
11051.16998,0,0,0,0,1,276818.0232,1,258141.407
11052.16998,0,0,0,0,1,276818.0232,1,258141.407
11053.16998,0,0,0,0,1,276818.0232,1,258141.407
11054.16998,0,0,0,0,1,276818.0232,1,258141.407
11055.16998,0,0,0,0,1,276818.0232,1,258141.407
11056.16998,0,0,0,0,1,276818.0232,1,258141.407
11057.16998,0,0,0,0,1,276818.0232,1,258141.407
11058.16998,0,0,0,0,1,276818.0232,1,258141.407
11059.16998,0,0,0,0,1,276818.0232,1,258141.407
11060.16998,0,0,0,0,1,276818.0232,1,258141.407
11061.16998,0,0,0,0,1,276818.0232,1,258141.407
11062.16998,0,0,0,0,1,276818.0232,1,258141.407
11063.16998,0,0,0,0,0,0,1,258141.407
11064.16998,0,0,0,0,0,0,1,258141.407
11065.16998,0,0,0,0,0,0,1,258141.407
11066.16998,0,0,0,0,0,0,1,258141.407
11067.16998,0,0,0,0,0,0,1,258141.407
11068.16998,0,0,0,0,0,0,1,258141.407
11069.16998,0,0,0,0,0,0,1,258141.407
11070.16998,0,0,0,0,0,0,1,258141.407
11071.16998,0,0,0,0,0,0,1,258141.407
11072.16998,0,0,0,0,0,0,1,258141.407
11073.16998,0,0,0,0,0,0,1,258141.407
11074.16998,0,0,0,0,0,0,1,258141.407
11075.16998,0,0,0,0,0,0,1,258141.407
11076.16998,0,0,0,0,0,0,1,258141.407
11077.16998,0,0,0,0,0,0,1,258141.407
11078.16998,0,0,0,0,0,0,1,258141.407
11079.16998,0,0,0,0,0,0,1,258141.407
11080.16998,0,0,0,0,0,0,1,258141.407
11081.16998,0,0,0,0,0,0,1,258141.407
11082.16998,0,0,0,0,0,0,1,258141.407
11083.16998,0,0,0,0,0,0,1,258141.407
11084.16998,0,0,0,0,0,0,1,258141.407
11085.16998,0,0,0,0,0,0,1,258141.407
11086.16998,0,0,0,0,0,0,1,258141.407
11087.16998,0,0,0,0,0,0,1,258141.407
11088.16998,0,0,0,0,0,0,1,258141.407
11089.16998,0,0,0,0,0,0,1,258141.407
11090.16998,0,0,0,0,0,0,1,258141.407
11091.16998,0,0,0,0,0,0,1,258141.407
11092.16998,0,0,0,0,0,0,1,258141.407
11093.16998,0,0,0,0,0,0,1,258141.407
11094.16998,0,0,0,0,0,0,1,258141.407
11095.16998,0,0,0,0,0,0,1,258141.407
11096.16998,0,0,0,0,0,0,1,258141.407
11097.16998,0,0,0,0,0,0,1,258141.407
11098.16998,0,0,0,0,0,0,1,258141.407
11099.16998,0,0,0,0,0,0,1,258141.407
11100.16998,0,0,0,0,0,0,1,258141.407
11101.16998,0,0,0,0,0,0,1,258141.407
11102.16998,0,0,0,0,0,0,1,258141.407
11103.16998,0,0,0,0,0,0,1,258141.407
11104.16998,0,0,0,0,0,0,1,258141.407
11105.16998,0,0,0,0,0,0,1,258141.407
11106.16998,0,0,0,0,0,0,1,258141.407
11107.16998,0,0,0,0,0,0,1,258141.407
11108.16998,0,0,0,0,0,0,1,258141.407
11109.16998,0,0,0,0,0,0,1,258141.407
11110.16998,0,0,0,0,0,0,1,258141.407
11111.16998,0,0,0,0,0,0,1,258141.407
11112.16998,0,0,0,0,0,0,1,258141.407
11113.16998,0,0,0,0,0,0,1,258141.407
11114.16998,0,0,0,0,0,0,1,258141.407
11115.16998,0,0,0,0,0,0,1,258141.407
11116.16998,0,0,0,0,0,0,1,258141.407
11117.16998,0,0,0,0,0,0,1,258141.407
11118.16998,0,0,0,0,0,0,1,258141.407
11119.16998,0,0,0,0,0,0,1,258141.407
11120.16998,0,0,0,0,0,0,1,258141.407
11121.16998,0,0,0,0,0,0,1,258141.407
11122.16998,0,0,0,0,0,0,1,258141.407
11123.16998,0,0,0,0,0,0,1,258141.407
11124.16998,0,0,0,0,0,0,1,258141.407
11125.16998,0,0,0,0,0,0,1,258141.407
11126.16998,0,0,0,0,0,0,1,258141.407
11127.16998,0,0,0,0,0,0,1,258141.407
11128.16998,0,0,0,0,0,0,1,258141.407
11129.16998,0,0,0,0,0,0,1,258141.407
11130.16998,0,0,0,0,0,0,1,258141.407
11131.16998,0,0,0,0,0,0,1,258141.407
11132.16998,0,0,0,0,0,0,1,258141.407
11133.16998,0,0,0,0,0,0,1,258141.407
11134.16998,0,0,0,0,0,0,1,258141.407
11135.16998,0,0,0,0,0,0,1,258141.407
11136.16998,0,0,0,0,0,0,1,258141.407
11137.16998,0,0,0,0,0,0,1,258141.407
11138.16998,0,0,0,0,0,0,1,258141.407
11139.16998,0,0,0,0,0,0,1,258141.407
11140.16998,0,0,0,0,0,0,1,258141.407
11141.16998,0,0,0,0,0,0,1,258141.407
11142.16998,0,0,0,0,0,0,1,258141.407
11143.16998,0,0,0,0,0,0,1,258141.407
11144.16998,0,0,0,0,0,0,1,258141.407
11145.16998,0,0,0,0,0,0,1,258141.407
11146.16998,0,0,0,0,0,0,1,258141.407
11147.16998,0,0,0,0,0,0,1,258141.407
11148.16998,0,0,0,0,0,0,1,258141.407
11149.16998,0,0,0,0,0,0,1,258141.407
11150.16998,0,0,0,0,0,0,1,258141.407
11151.16998,0,0,0,0,0,0,1,258141.407
11152.16998,0,0,0,0,0,0,1,258141.407
11153.16998,0,0,0,0,0,0,1,258141.407
11154.16998,0,0,0,0,0,0,1,258141.407
11155.16998,0,0,0,0,0,0,1,258141.407
11156.16998,0,0,0,0,0,0,1,258141.407
11157.16998,0,0,0,0,0,0,1,258141.407
11158.16998,0,0,0,0,0,0,1,258141.407
11159.16998,0,0,0,0,0,0,1,258141.407
11160.16998,0,0,0,0,0,0,1,258141.407
11161.16998,0,0,0,0,0,0,1,258141.407
11162.16998,0,0,0,0,0,0,1,258141.407
11163.16998,0,0,0,0,0,0,1,258141.407
11164.16998,0,0,0,0,0,0,1,258141.407
11165.16998,0,0,0,0,0,0,1,258141.407
11166.16998,0,0,0,0,0,0,1,258141.407
11167.16998,0,0,0,0,0,0,1,258141.407
11168.16998,0,0,0,0,0,0,1,258141.407
11169.16998,0,0,0,0,0,0,1,258141.407
11170.16998,0,0,0,0,0,0,1,258141.407
11171.16998,0,0,0,0,0,0,1,258141.407
11172.16998,0,0,0,0,0,0,1,258141.407
11173.16998,0,0,0,0,0,0,1,258141.407
11174.16998,0,0,0,0,0,0,1,258141.407
11175.16998,0,0,0,0,0,0,1,258141.407
11176.16998,0,0,0,0,0,0,1,258141.407
11177.16998,0,0,0,0,0,0,1,258141.407
11178.16998,0,0,0,0,0,0,1,258141.407
11179.16998,0,0,0,0,0,0,1,258141.407
11180.16998,0,0,0,0,0,0,1,258141.407
11181.16998,0,0,0,0,0,0,1,258141.407
11182.16998,0,0,0,0,0,0,1,258141.407
11183.16998,0,0,0,0,0,0,1,258141.407
11184.16998,0,0,0,0,0,0,1,258141.407
11185.16998,0,0,0,0,0,0,1,258141.407
11186.16998,0,0,0,0,0,0,1,258141.407
11187.16998,0,0,0,0,0,0,1,258141.407
11188.16998,0,0,0,0,0,0,1,258141.407
11189.16998,0,0,0,0,0,0,1,258141.407
11190.16998,0,0,0,0,0,0,1,258141.407
11191.16998,0,0,0,0,0,0,1,258141.407
11192.16998,0,0,0,0,0,0,1,258141.407
11193.16998,0,0,0,0,0,0,1,258141.407
11194.16998,0,0,0,0,0,0,1,258141.407
11195.16998,0,0,0,0,0,0,1,258141.407
11196.16998,0,0,0,0,0,0,1,258141.407
11197.16998,0,0,0,0,0,0,1,258141.407
11198.16998,0,0,0,0,0,0,1,258141.407
11199.16998,0,0,0,0,0,0,1,258141.407
11200.16998,0,0,0,0,0,0,1,258141.407
11201.16998,0,0,0,0,0,0,1,258141.407
11202.16998,0,0,0,0,0,0,1,258141.407
11203.16998,0,0,0,0,0,0,1,258141.407
11204.16998,0,0,0,0,0,0,1,258141.407
11205.16998,0,0,0,0,0,0,1,258141.407
11206.16998,0,0,0,0,0,0,1,258141.407
11207.16998,0,0,0,0,0,0,1,258141.407
11208.16998,0,0,0,0,0,0,1,258141.407
11209.16998,0,0,0,0,0,0,1,258141.407
11210.16998,0,0,0,0,0,0,1,258141.407
11211.16998,0,0,0,0,0,0,1,258141.407
11212.16998,0,0,0,0,0,0,1,258141.407
11213.16998,0,0,0,0,0,0,1,258141.407
11214.16998,0,0,0,0,0,0,1,258141.407
11215.16998,0,0,0,0,0,0,1,258141.407
11216.16998,0,0,0,0,0,0,1,258141.407
11217.16998,0,0,0,0,0,0,1,258141.407
11218.16998,0,0,0,0,0,0,1,258141.407
11219.16998,0,0,0,0,0,0,1,258141.407
11220.16998,0,0,0,0,0,0,1,258141.407
11221.16998,0,0,0,0,0,0,1,258141.407
11222.16998,0,0,0,0,0,0,1,258141.407
11223.16998,0,0,0,0,0,0,1,258141.407
11224.16998,0,0,0,0,0,0,1,258141.407
11225.16998,0,0,0,0,0,0,1,258141.407
11226.16998,0,0,0,0,0,0,1,258141.407
11227.16998,0,0,0,0,0,0,1,258141.407
11228.16998,0,0,0,0,0,0,1,258141.407
11229.16998,0,0,0,0,0,0,1,258141.407
11230.16998,0,0,0,0,0,0,1,258141.407
11231.16998,0,0,0,0,0,0,1,258141.407
11232.16998,0,0,0,0,0,0,1,258141.407
11233.16998,0,0,0,0,0,0,1,258141.407
11234.16998,0,0,0,0,0,0,1,258141.407
11235.16998,0,0,0,0,0,0,1,258141.407
11236.16998,0,0,0,0,0,0,1,258141.407
11237.16998,0,0,0,0,0,0,1,258141.407
11238.16998,0,0,0,0,0,0,1,258141.407
11239.16998,0,0,0,0,0,0,1,258141.407
11240.16998,0,0,0,0,0,0,1,258141.407
11241.16998,0,0,0,0,0,0,1,258141.407
11242.16998,0,0,0,0,0,0,1,258141.407
11243.16998,0,0,0,0,0,0,1,258141.407
11244.16998,0,0,0,0,0,0,1,258141.407
11245.16998,0,0,0,0,0,0,1,258141.407
11246.16998,0,0,0,0,0,0,1,258141.407
11247.16998,0,0,0,0,0,0,1,258141.407
11248.16998,0,0,0,0,0,0,1,258141.407
11249.16998,0,0,0,0,0,0,1,258141.407
11250.16998,0,0,0,0,0,0,1,258141.407
11251.16998,0,0,0,0,0,0,1,258141.407
11252.16998,0,0,0,0,0,0,1,258141.407
11253.16998,0,0,0,0,0,0,1,258141.407
11254.16998,0,0,0,0,0,0,1,258141.407
11255.16998,0,0,0,0,0,0,1,258141.407
11256.16998,0,0,0,0,0,0,1,258141.407
11257.16998,0,0,0,0,0,0,1,258141.407
11258.16998,0,0,0,0,0,0,1,258141.407
11259.16998,0,0,0,0,0,0,1,258141.407
11260.16998,0,0,0,0,0,0,1,258141.407
11261.16998,0,0,0,0,0,0,1,258141.407
11262.16998,0,0,0,0,0,0,1,258141.407
11263.16998,0,0,0,0,0,0,1,258141.407
11264.16998,0,0,0,0,0,0,1,258141.407
11265.16998,0,0,0,0,0,0,1,258141.407
11266.16998,0,0,0,0,0,0,1,258141.407
11267.16998,0,0,0,0,0,0,1,258141.407
11268.16998,0,0,0,0,0,0,1,258141.407
11269.16998,0,0,0,0,0,0,1,258141.407
11270.16998,0,0,0,0,0,0,1,258141.407
11271.16998,0,0,0,0,0,0,1,258141.407
11272.16998,0,0,0,0,0,0,1,258141.407
11273.16998,0,0,0,0,0,0,1,258141.407
11274.16998,0,0,0,0,0,0,1,258141.407
11275.16998,0,0,0,0,0,0,1,258141.407
11276.16998,0,0,0,0,0,0,1,258141.407
11277.16998,0,0,0,0,0,0,1,258141.407
11278.16998,0,0,0,0,0,0,1,258141.407
11279.16998,0,0,0,0,0,0,1,258141.407
11280.16998,0,0,0,0,0,0,1,258141.407
11281.16998,0,0,0,0,0,0,1,258141.407
11282.16998,0,0,0,0,0,0,1,258141.407
11283.16998,0,0,0,0,0,0,1,258141.407
11284.16998,0,0,0,0,0,0,1,258141.407
11285.16998,0,0,0,0,0,0,1,258141.407
11286.16998,0,0,0,0,0,0,1,258141.407
11287.16998,0,0,0,0,0,0,1,258141.407
11288.16998,0,0,0,0,0,0,1,258141.407
11289.16998,0,0,0,0,0,0,1,258141.407
11290.16998,0,0,0,0,0,0,1,258141.407
11291.16998,0,0,0,0,0,0,1,258141.407
11292.16998,0,0,0,0,0,0,1,258141.407
11293.16998,0,0,0,0,0,0,1,258141.407
11294.16998,0,0,0,0,0,0,1,258141.407
11295.16998,0,0,0,0,0,0,1,258141.407
11296.16998,0,0,0,0,0,0,1,258141.407
11297.16998,0,0,0,0,0,0,1,258141.407
11298.16998,0,0,0,0,0,0,1,258141.407
11299.16998,0,0,0,0,0,0,1,258141.407
11300.16998,0,0,0,0,0,0,1,258141.407
11301.16998,0,0,0,0,0,0,1,258141.407
11302.16998,0,0,0,0,0,0,1,258141.407
11303.16998,0,0,0,0,0,0,1,258141.407
11304.16998,0,0,0,0,0,0,1,258141.407
11305.16998,0,0,0,0,0,0,1,258141.407
11306.16998,0,0,0,0,0,0,1,258141.407
11307.16998,0,0,0,0,0,0,1,258141.407
11308.16998,0,0,0,0,0,0,1,258141.407
11309.16998,0,0,0,0,0,0,1,258141.407
11310.16998,0,0,0,0,0,0,1,258141.407
11311.16998,0,0,0,0,0,0,1,258141.407
11312.16998,0,0,0,0,0,0,1,258141.407
11313.16998,0,0,0,0,0,0,1,258141.407
11314.16998,0,0,0,0,0,0,1,258141.407
11315.16998,0,0,0,0,0,0,1,258141.407
11316.16998,0,0,0,0,0,0,1,258141.407
11317.16998,0,0,0,0,0,0,1,258141.407
11318.16998,0,0,0,0,0,0,1,258141.407
11319.16998,0,0,0,0,0,0,1,258141.407
11320.16998,0,0,0,0,0,0,1,258141.407
11321.16998,0,0,0,0,0,0,1,258141.407
11322.16998,0,0,0,0,0,0,1,258141.407
11323.16998,0,0,0,0,0,0,1,258141.407
11324.16998,0,0,0,0,0,0,1,258141.407
11325.16998,0,0,0,0,0,0,1,258141.407
11326.16998,0,0,0,0,0,0,1,258141.407
11327.16998,0,0,0,0,0,0,1,258141.407
11328.16998,0,0,0,0,0,0,1,258141.407
11329.16998,0,0,0,0,0,0,1,258141.407
11330.16998,0,0,0,0,0,0,1,258141.407
11331.16998,0,0,0,0,0,0,1,258141.407
11332.16998,0,0,0,0,0,0,1,258141.407
11333.16998,0,0,0,0,0,0,1,258141.407
11334.16998,0,0,0,0,0,0,1,258141.407
11335.16998,0,0,0,0,0,0,1,258141.407
11336.16998,0,0,0,0,0,0,1,258141.407
11337.16998,0,0,0,0,0,0,1,258141.407
11338.16998,0,0,0,0,0,0,1,258141.407
11339.16998,0,0,0,0,0,0,1,258141.407
11340.16998,0,0,0,0,0,0,1,258141.407
11341.16998,0,0,0,0,0,0,1,258141.407
11342.16998,0,0,0,0,0,0,1,258141.407
11343.16998,0,0,0,0,0,0,1,258141.407
11344.16998,0,0,0,0,0,0,1,258141.407
11345.16998,0,0,0,0,0,0,1,258141.407
11346.16998,0,0,0,0,0,0,1,258141.407
11347.16998,0,0,0,0,0,0,1,258141.407
11348.16998,0,0,0,0,0,0,1,258141.407
11349.16998,0,0,0,0,0,0,1,258141.407
11350.16998,0,0,0,0,0,0,1,258141.407
11351.16998,0,0,0,0,0,0,1,258141.407
11352.16998,0,0,0,0,0,0,1,258141.407
11353.16998,0,0,0,0,0,0,1,258141.407
11354.16998,0,0,0,0,0,0,1,258141.407
11355.16998,0,0,0,0,0,0,1,258141.407
11356.16998,0,0,0,0,0,0,1,258141.407
11357.16998,0,0,0,0,0,0,1,258141.407
11358.16998,0,0,0,0,0,0,1,258141.407
11359.16998,0,0,0,0,0,0,1,258141.407
11360.16998,0,0,0,0,0,0,1,258141.407
11361.16998,0,0,0,0,0,0,1,258141.407
11362.16998,0,0,0,0,0,0,1,258141.407
11363.16998,0,0,0,0,0,0,1,258141.407
11364.16998,0,0,0,0,0,0,1,258141.407
11365.16998,0,0,0,0,0,0,1,258141.407
11366.16998,0,0,0,0,0,0,1,258141.407
11367.16998,0,0,0,0,0,0,1,258141.407
11368.16998,0,0,0,0,0,0,1,258141.407
11369.16998,0,0,0,0,0,0,1,258141.407
11370.16998,0,0,0,0,0,0,1,258141.407
11371.16998,0,0,0,0,0,0,1,258141.407
11372.16998,0,0,0,0,0,0,1,258141.407
11373.16998,0,0,0,0,0,0,1,258141.407
11374.16998,0,0,0,0,0,0,1,258141.407
11375.16998,0,0,0,0,0,0,1,258141.407
11376.16998,0,0,0,0,0,0,1,258141.407
11377.16998,0,0,0,0,0,0,1,258141.407
11378.16998,0,0,0,0,0,0,1,258141.407
11379.16998,0,0,0,0,0,0,1,258141.407
11380.16998,0,0,0,0,0,0,1,258141.407
11381.16998,0,0,0,0,0,0,1,258141.407
11382.16998,0,0,0,0,0,0,1,258141.407
11383.16998,0,0,0,0,0,0,1,258141.407
11384.16998,0,0,0,0,0,0,1,258141.407
11385.16998,0,0,0,0,0,0,1,258141.407
11386.16998,0,0,0,0,0,0,1,258141.407
11387.16998,0,0,0,0,0,0,1,258141.407
11388.16998,0,0,0,0,0,0,1,258141.407
11389.16998,0,0,0,0,0,0,1,258141.407
11390.16998,0,0,0,0,0,0,1,258141.407
11391.16998,0,0,0,0,0,0,1,258141.407
11392.16998,0,0,0,0,0,0,1,258141.407
11393.16998,0,0,0,0,0,0,1,258141.407
11394.16998,0,0,0,0,0,0,1,258141.407
11395.16998,0,0,0,0,0,0,1,258141.407
11396.16998,0,0,0,0,0,0,1,258141.407
11397.16998,0,0,0,0,0,0,1,258141.407
11398.16998,0,0,0,0,0,0,1,258141.407
11399.16998,0,0,0,0,0,0,1,258141.407
11400.16998,0,0,0,0,0,0,1,258141.407
11401.16998,0,0,0,0,0,0,1,258141.407
11402.16998,0,0,0,0,0,0,1,258141.407
11403.16998,0,0,0,0,0,0,1,258141.407
11404.16998,0,0,0,0,0,0,1,258141.407
11405.16998,0,0,0,0,0,0,1,258141.407
11406.16998,0,0,0,0,0,0,1,258141.407
11407.16998,0,0,0,0,0,0,1,258141.407
11408.16998,0,0,0,0,0,0,1,258141.407
11409.16998,0,0,0,0,0,0,1,258141.407
11410.16998,0,0,0,0,0,0,1,258141.407
11411.16998,0,0,0,0,0,0,1,258141.407
11412.16998,0,0,0,0,0,0,1,258141.407
11413.16998,0,0,0,0,0,0,1,258141.407
11414.16998,0,0,0,0,0,0,1,258141.407
11415.16998,0,0,0,0,0,0,1,258141.407
11416.16998,0,0,0,0,0,0,1,258141.407
11417.16998,0,0,0,0,0,0,1,258141.407
11418.16998,0,0,0,0,0,0,1,258141.407
11419.16998,0,0,0,0,0,0,1,258141.407
11420.16998,0,0,0,0,0,0,1,258141.407
11421.16998,0,0,0,0,0,0,1,258141.407
11422.16998,0,0,0,0,0,0,1,258141.407
11423.16998,0,0,0,0,0,0,1,258141.407
11424.16998,0,0,0,0,0,0,1,258141.407
11425.16998,0,0,0,0,0,0,1,258141.407
11426.16998,0,0,0,0,0,0,1,258141.407
11427.16998,0,0,0,0,0,0,1,258141.407
11428.16998,0,0,0,0,0,0,1,258141.407
11429.16998,0,0,0,0,0,0,1,258141.407
11430.16998,0,0,0,0,0,0,1,258141.407
11431.16998,0,0,0,0,0,0,1,258141.407
11432.16998,0,0,0,0,0,0,1,258141.407
11433.16998,0,0,0,0,0,0,1,258141.407
11434.16998,0,0,0,0,0,0,1,258141.407
11435.16998,0,0,0,0,0,0,1,258141.407
11436.16998,0,0,0,0,0,0,1,258141.407
11437.16998,0,0,0,0,0,0,1,258141.407
11438.16998,0,0,0,0,0,0,1,258141.407
11439.16998,0,0,0,0,0,0,1,258141.407
11440.16998,0,0,0,0,0,0,1,258141.407
11441.16998,0,0,0,0,0,0,1,258141.407
11442.16998,0,0,0,0,0,0,1,258141.407
11443.16998,0,0,0,0,0,0,1,258141.407
11444.16998,0,0,0,0,0,0,1,258141.407
11445.16998,0,0,0,0,0,0,1,258141.407
11446.16998,0,0,0,0,0,0,1,258141.407
11447.16998,0,0,0,0,0,0,1,258141.407
11448.16998,0,0,0,0,0,0,1,258141.407
11449.16998,0,0,0,0,0,0,1,258141.407
11450.16998,0,0,0,0,0,0,1,258141.407
11451.16998,0,0,0,0,0,0,1,258141.407
11452.16998,0,0,0,0,0,0,1,258141.407
11453.16998,0,0,0,0,0,0,1,258141.407
11454.16998,0,0,0,0,0,0,1,258141.407
11455.16998,0,0,0,0,0,0,1,258141.407
11456.16998,0,0,0,0,0,0,1,258141.407
11457.16998,0,0,0,0,0,0,1,258141.407
11458.16998,0,0,0,0,0,0,1,258141.407
11459.16998,0,0,0,0,0,0,1,258141.407
11460.16998,0,0,0,0,0,0,1,258141.407
11461.16998,0,0,0,0,0,0,1,258141.407
11462.16998,0,0,0,0,0,0,1,258141.407
11463.16998,0,0,0,0,0,0,1,258141.407
11464.16998,0,0,0,0,0,0,1,258141.407
11465.16998,0,0,0,0,0,0,1,258141.407
11466.16998,0,0,0,0,0,0,1,258141.407
11467.16998,0,0,0,0,0,0,1,258141.407
11468.16998,0,0,0,0,0,0,1,258141.407
11469.16998,0,0,0,0,0,0,1,258141.407
11470.16998,0,0,0,0,0,0,1,258141.407
11471.16998,0,0,0,0,0,0,1,258141.407
11472.16998,0,0,0,0,0,0,1,258141.407
11473.16998,0,0,0,0,0,0,1,258141.407
11474.16998,0,0,0,0,0,0,1,258141.407
11475.16998,0,0,0,0,0,0,1,258141.407
11476.16998,0,0,0,0,0,0,1,258141.407
11477.16998,0,0,0,0,0,0,1,258141.407
11478.16998,0,0,0,0,0,0,1,258141.407
11479.16998,0,0,0,0,0,0,1,258141.407
11480.16998,0,0,0,0,0,0,1,258141.407
11481.16998,0,0,0,0,0,0,1,258141.407
11482.16998,0,0,0,0,0,0,1,258141.407
11483.16998,0,0,0,0,0,0,1,258141.407
11484.16998,0,0,0,0,0,0,1,258141.407
11485.16998,0,0,0,0,0,0,1,258141.407
11486.16998,0,0,0,0,0,0,1,258141.407
11487.16998,0,0,0,0,0,0,1,258141.407
11488.16998,0,0,0,0,0,0,1,258141.407
11489.16998,0,0,0,0,0,0,1,258141.407
11490.16998,0,0,0,0,0,0,1,258141.407
11491.16998,0,0,0,0,0,0,1,258141.407
11492.16998,0,0,0,0,0,0,1,258141.407
11493.16998,0,0,0,0,0,0,1,258141.407
11494.16998,0,0,0,0,0,0,1,258141.407
11495.16998,0,0,0,0,0,0,1,258141.407
11496.16998,0,0,0,0,0,0,1,258141.407
11497.16998,0,0,0,0,0,0,1,258141.407
11498.16998,0,0,0,0,0,0,1,258141.407
11499.16998,0,0,0,0,0,0,1,258141.407
11500.16998,0,0,0,0,0,0,1,258141.407
11501.16998,0,0,0,0,0,0,1,258141.407
11502.16998,0,0,0,0,0,0,1,258141.407
11503.16998,0,0,0,0,0,0,1,258141.407
11504.16998,0,0,0,0,0,0,1,258141.407
11505.16998,0,0,0,0,0,0,1,258141.407
11506.16998,0,0,0,0,0,0,1,258141.407
11507.16998,0,0,0,0,0,0,1,258141.407
11508.16998,0,0,0,0,0,0,1,258141.407
11509.16998,0,0,0,0,0,0,1,258141.407
11510.16998,0,0,0,0,0,0,1,258141.407
11511.16998,0,0,0,0,0,0,1,258141.407
11512.16998,0,0,0,0,0,0,1,258141.407
11513.16998,0,0,0,0,0,0,1,258141.407
11514.16998,0,0,0,0,0,0,1,258141.407
11515.16998,0,0,0,0,0,0,1,258141.407
11516.16998,0,0,0,0,0,0,1,258141.407
11517.16998,0,0,0,0,0,0,1,258141.407
11518.16998,0,0,0,0,0,0,1,258141.407
11519.16998,0,0,0,0,0,0,1,258141.407
11520.16998,0,0,0,0,0,0,1,258141.407
11521.16998,0,0,0,0,0,0,1,258141.407
11522.16998,0,0,0,0,0,0,1,258141.407
11523.16998,0,0,0,0,0,0,1,258141.407
11524.16998,0,0,0,0,0,0,1,258141.407
11525.16998,0,0,0,0,0,0,1,258141.407
11526.16998,0,0,0,0,0,0,1,258141.407
11527.16998,0,0,0,0,0,0,1,258141.407
11528.16998,0,0,0,0,0,0,1,258141.407
11529.16998,0,0,0,0,0,0,1,258141.407
11530.16998,0,0,0,0,0,0,1,258141.407
11531.16998,0,0,0,0,0,0,1,258141.407
11532.16998,0,0,0,0,0,0,1,258141.407
11533.16998,0,0,0,0,0,0,1,258141.407
11534.16998,0,0,0,0,0,0,1,258141.407
11535.16998,0,0,0,0,0,0,1,258141.407
11536.16998,0,0,0,0,0,0,1,258141.407
11537.16998,0,0,0,0,0,0,1,258141.407
11538.16998,0,0,0,0,0,0,1,258141.407
11539.16998,0,0,0,0,0,0,1,258141.407
11540.16998,0,0,0,0,0,0,1,258141.407
11541.16998,0,0,0,0,0,0,1,258141.407
11542.16998,0,0,0,0,0,0,1,258141.407
11543.16998,0,0,0,0,0,0,1,258141.407
11544.16998,0,0,0,0,0,0,1,258141.407
11545.16998,0,0,0,0,0,0,0,0
11546.16998,0,0,0,0,0,0,0,0
11547.16998,0,0,0,0,0,0,0,0
11548.16998,0,0,1,203183.9709,0,0,0,0
11549.16998,0,0,1,203183.9709,0,0,0,0
11550.16998,0,0,1,203183.9709,0,0,0,0
11551.16998,0,0,1,203183.9709,0,0,0,0
11552.16998,0,0,1,203183.9709,0,0,0,0
11553.16998,0,0,1,203183.9709,0,0,0,0
11554.16998,0,0,1,203183.9709,0,0,0,0
11555.16998,0,0,1,203183.9709,0,0,0,0
11556.16998,0,0,1,203183.9709,0,0,0,0
11557.16998,0,0,1,203183.9709,0,0,0,0
11558.16998,0,0,1,203183.9709,0,0,0,0
11559.16998,0,0,1,203183.9709,0,0,0,0
11560.16998,0,0,1,203183.9709,0,0,0,0
11561.16998,0,0,1,203183.9709,0,0,0,0
11562.16998,0,0,1,203183.9709,0,0,0,0
11563.16998,0,0,1,203183.9709,0,0,0,0
11564.16998,0,0,1,203183.9709,0,0,0,0
11565.16998,0,0,1,203183.9709,0,0,0,0
11566.16998,0,0,1,203183.9709,0,0,0,0
11567.16998,0,0,1,203183.9709,0,0,0,0
11568.16998,0,0,1,203183.9709,0,0,0,0
11569.16998,0,0,1,203183.9709,0,0,0,0
11570.16998,0,0,1,203183.9709,0,0,0,0
11571.16998,0,0,1,203183.9709,0,0,0,0
11572.16998,0,0,1,203183.9709,0,0,0,0
11573.16998,0,0,1,203183.9709,0,0,0,0
11574.16998,0,0,1,203183.9709,0,0,0,0
11575.16998,0,0,1,203183.9709,0,0,0,0
11576.16998,0,0,1,203183.9709,0,0,0,0
11577.16998,0,0,1,203183.9709,0,0,0,0
11578.16998,0,0,1,203183.9709,0,0,0,0
11579.16998,0,0,1,203183.9709,0,0,0,0
11580.16998,0,0,1,203183.9709,0,0,0,0
11581.16998,0,0,1,203183.9709,0,0,0,0
11582.16998,0,0,1,203183.9709,0,0,0,0
11583.16998,0,0,1,203183.9709,0,0,0,0
11584.16998,0,0,1,203183.9709,0,0,0,0
11585.16998,0,0,1,203183.9709,0,0,0,0
11586.16998,0,0,1,203183.9709,0,0,0,0
11587.16998,0,0,1,203183.9709,0,0,0,0
11588.16998,0,0,1,203183.9709,0,0,0,0
11589.16998,0,0,1,203183.9709,0,0,0,0
11590.16998,0,0,1,203183.9709,0,0,0,0
11591.16998,0,0,1,203183.9709,0,0,0,0
11592.16998,0,0,1,203183.9709,0,0,0,0
11593.16998,0,0,1,203183.9709,0,0,0,0
11594.16998,0,0,1,203183.9709,0,0,0,0
11595.16998,0,0,1,203183.9709,0,0,0,0
11596.16998,0,0,1,203183.9709,0,0,0,0
11597.16998,0,0,1,203183.9709,0,0,0,0
11598.16998,0,0,1,203183.9709,0,0,0,0
11599.16998,0,0,1,203183.9709,0,0,0,0
11600.16998,0,0,1,203183.9709,0,0,0,0
11601.16998,0,0,1,203183.9709,0,0,0,0
11602.16998,0,0,1,203183.9709,0,0,0,0
11603.16998,0,0,1,203183.9709,0,0,0,0
11604.16998,0,0,1,203183.9709,0,0,0,0
11605.16998,0,0,1,203183.9709,0,0,0,0
11606.16998,0,0,1,203183.9709,0,0,0,0
11607.16998,0,0,1,203183.9709,0,0,0,0
11608.16998,0,0,1,203183.9709,0,0,0,0
11609.16998,0,0,1,203183.9709,0,0,0,0
11610.16998,0,0,1,203183.9709,0,0,0,0
11611.16998,0,0,1,203183.9709,0,0,0,0
11612.16998,0,0,1,203183.9709,0,0,0,0
11613.16998,0,0,1,203183.9709,0,0,0,0
11614.16998,0,0,1,203183.9709,0,0,0,0
11615.16998,0,0,1,203183.9709,0,0,0,0
11616.16998,0,0,1,203183.9709,0,0,0,0
11617.16998,0,0,1,203183.9709,0,0,0,0
11618.16998,0,0,1,203183.9709,0,0,0,0
11619.16998,0,0,1,203183.9709,0,0,0,0
11620.16998,0,0,1,203183.9709,0,0,0,0
11621.16998,0,0,1,203183.9709,0,0,0,0
11622.16998,0,0,1,203183.9709,0,0,0,0
11623.16998,0,0,1,203183.9709,0,0,0,0
11624.16998,0,0,1,203183.9709,0,0,0,0
11625.16998,0,0,1,203183.9709,0,0,0,0
11626.16998,0,0,1,203183.9709,0,0,0,0
11627.16998,0,0,1,203183.9709,0,0,0,0
11628.16998,0,0,1,203183.9709,0,0,0,0
11629.16998,0,0,1,203183.9709,0,0,0,0
11630.16998,0,0,1,203183.9709,0,0,0,0
11631.16998,0,0,1,203183.9709,0,0,0,0
11632.16998,0,0,1,203183.9709,0,0,0,0
11633.16998,0,0,1,203183.9709,0,0,0,0
11634.16998,0,0,1,203183.9709,0,0,0,0
11635.16998,0,0,1,203183.9709,0,0,0,0
11636.16998,0,0,1,203183.9709,0,0,0,0
11637.16998,0,0,1,203183.9709,0,0,0,0
11638.16998,0,0,1,203183.9709,0,0,0,0
11639.16998,0,0,1,203183.9709,0,0,0,0
11640.16998,0,0,1,203183.9709,0,0,0,0
11641.16998,0,0,1,203183.9709,0,0,0,0
11642.16998,0,0,1,203183.9709,0,0,0,0
11643.16998,0,0,1,203183.9709,0,0,0,0
11644.16998,0,0,1,203183.9709,0,0,0,0
11645.16998,0,0,1,203183.9709,0,0,0,0
11646.16998,0,0,1,203183.9709,0,0,0,0
11647.16998,0,0,1,203183.9709,0,0,0,0
11648.16998,0,0,1,203183.9709,0,0,0,0
11649.16998,0,0,1,203183.9709,0,0,0,0
11650.16998,0,0,1,203183.9709,0,0,0,0
11651.16998,0,0,1,203183.9709,0,0,0,0
11652.16998,0,0,1,203183.9709,0,0,0,0
11653.16998,0,0,1,203183.9709,0,0,0,0
11654.16998,0,0,1,203183.9709,0,0,0,0
11655.16998,0,0,1,203183.9709,0,0,0,0
11656.16998,0,0,1,203183.9709,0,0,0,0
11657.16998,0,0,1,203183.9709,0,0,0,0
11658.16998,0,0,1,203183.9709,0,0,0,0
11659.16998,0,0,1,203183.9709,0,0,0,0
11660.16998,0,0,1,203183.9709,0,0,0,0
11661.16998,0,0,1,203183.9709,0,0,0,0
11662.16998,0,0,1,203183.9709,0,0,0,0
11663.16998,0,0,1,203183.9709,0,0,0,0
11664.16998,0,0,1,203183.9709,0,0,0,0
11665.16998,0,0,1,203183.9709,0,0,0,0
11666.16998,0,0,1,203183.9709,0,0,0,0
11667.16998,0,0,1,203183.9709,0,0,0,0
11668.16998,0,0,1,203183.9709,0,0,0,0
11669.16998,0,0,1,203183.9709,0,0,0,0
11670.16998,0,0,1,203183.9709,0,0,0,0
11671.16998,0,0,1,203183.9709,0,0,0,0
11672.16998,0,0,1,203183.9709,0,0,0,0
11673.16998,0,0,1,203183.9709,0,0,0,0
11674.16998,0,0,1,203183.9709,0,0,0,0
11675.16998,0,0,1,203183.9709,0,0,0,0
11676.16998,0,0,1,203183.9709,0,0,0,0
11677.16998,0,0,1,203183.9709,0,0,0,0
11678.16998,0,0,1,203183.9709,0,0,0,0
11679.16998,0,0,1,203183.9709,0,0,0,0
11680.16998,0,0,1,203183.9709,0,0,0,0
11681.16998,0,0,1,203183.9709,0,0,0,0
11682.16998,0,0,1,203183.9709,0,0,0,0
11683.16998,0,0,1,203183.9709,0,0,0,0
11684.16998,0,0,1,203183.9709,0,0,0,0
11685.16998,0,0,1,203183.9709,0,0,0,0
11686.16998,0,0,1,203183.9709,0,0,0,0
11687.16998,0,0,1,203183.9709,0,0,0,0
11688.16998,0,0,1,203183.9709,0,0,0,0
11689.16998,0,0,1,203183.9709,0,0,0,0
11690.16998,0,0,1,203183.9709,0,0,0,0
11691.16998,0,0,1,203183.9709,0,0,0,0
11692.16998,0,0,1,203183.9709,0,0,0,0
11693.16998,0,0,1,203183.9709,0,0,0,0
11694.16998,0,0,1,203183.9709,0,0,0,0
11695.16998,0,0,1,203183.9709,0,0,0,0
11696.16998,0,0,1,203183.9709,0,0,0,0
11697.16998,0,0,1,203183.9709,0,0,0,0
11698.16998,0,0,1,203183.9709,0,0,0,0
11699.16998,0,0,1,203183.9709,0,0,0,0
11700.16998,0,0,1,203183.9709,0,0,0,0
11701.16998,0,0,1,203183.9709,0,0,0,0
11702.16998,0,0,1,203183.9709,0,0,0,0
11703.16998,0,0,1,203183.9709,0,0,0,0
11704.16998,0,0,1,203183.9709,0,0,0,0
11705.16998,0,0,1,203183.9709,0,0,0,0
11706.16998,0,0,1,203183.9709,0,0,0,0
11707.16998,0,0,1,203183.9709,0,0,0,0
11708.16998,0,0,1,203183.9709,0,0,0,0
11709.16998,0,0,1,203183.9709,0,0,0,0
11710.16998,0,0,1,203183.9709,0,0,0,0
11711.16998,0,0,1,203183.9709,0,0,0,0
11712.16998,0,0,1,203183.9709,0,0,0,0
11713.16998,0,0,1,203183.9709,0,0,0,0
11714.16998,0,0,1,203183.9709,0,0,0,0
11715.16998,0,0,1,203183.9709,0,0,0,0
11716.16998,0,0,1,203183.9709,0,0,0,0
11717.16998,0,0,1,203183.9709,0,0,0,0
11718.16998,0,0,1,203183.9709,0,0,0,0
11719.16998,0,0,1,203183.9709,0,0,0,0
11720.16998,0,0,1,203183.9709,0,0,0,0
11721.16998,0,0,1,203183.9709,0,0,0,0
11722.16998,0,0,1,203183.9709,0,0,0,0
11723.16998,0,0,1,203183.9709,0,0,0,0
11724.16998,0,0,1,203183.9709,0,0,0,0
11725.16998,0,0,1,203183.9709,0,0,0,0
11726.16998,0,0,1,203183.9709,0,0,0,0
11727.16998,0,0,1,203183.9709,0,0,0,0
11728.16998,0,0,1,203183.9709,0,0,0,0
11729.16998,0,0,1,203183.9709,0,0,0,0
11730.16998,0,0,1,203183.9709,0,0,0,0
11731.16998,0,0,1,203183.9709,0,0,0,0
11732.16998,0,0,1,203183.9709,0,0,0,0
11733.16998,0,0,1,203183.9709,0,0,0,0
11734.16998,0,0,1,203183.9709,0,0,0,0
11735.16998,0,0,1,203183.9709,0,0,0,0
11736.16998,0,0,1,203183.9709,0,0,0,0
11737.16998,0,0,1,203183.9709,0,0,0,0
11738.16998,0,0,1,203183.9709,0,0,0,0
11739.16998,0,0,1,203183.9709,0,0,0,0
11740.16998,0,0,1,203183.9709,0,0,0,0
11741.16998,0,0,1,203183.9709,0,0,0,0
11742.16998,0,0,1,203183.9709,0,0,0,0
11743.16998,0,0,1,203183.9709,0,0,0,0
11744.16998,0,0,1,203183.9709,0,0,0,0
11745.16998,0,0,1,203183.9709,0,0,0,0
11746.16998,0,0,1,203183.9709,0,0,0,0
11747.16998,0,0,1,203183.9709,0,0,0,0
11748.16998,0,0,1,203183.9709,0,0,0,0
11749.16998,0,0,1,203183.9709,0,0,0,0
11750.16998,0,0,1,203183.9709,0,0,0,0
11751.16998,0,0,1,203183.9709,0,0,0,0
11752.16998,0,0,1,203183.9709,0,0,0,0
11753.16998,0,0,1,203183.9709,0,0,0,0
11754.16998,0,0,1,203183.9709,0,0,0,0
11755.16998,0,0,1,203183.9709,0,0,0,0
11756.16998,0,0,1,203183.9709,0,0,0,0
11757.16998,0,0,1,203183.9709,0,0,0,0
11758.16998,0,0,1,203183.9709,0,0,0,0
11759.16998,0,0,1,203183.9709,0,0,0,0
11760.16998,0,0,1,203183.9709,0,0,0,0
11761.16998,0,0,1,203183.9709,0,0,0,0
11762.16998,0,0,1,203183.9709,0,0,0,0
11763.16998,0,0,1,203183.9709,0,0,0,0
11764.16998,0,0,1,203183.9709,0,0,0,0
11765.16998,0,0,1,203183.9709,0,0,0,0
11766.16998,0,0,1,203183.9709,0,0,0,0
11767.16998,0,0,1,203183.9709,0,0,0,0
11768.16998,0,0,1,203183.9709,0,0,0,0
11769.16998,0,0,1,203183.9709,0,0,0,0
11770.16998,0,0,1,203183.9709,0,0,0,0
11771.16998,0,0,1,203183.9709,0,0,0,0
11772.16998,0,0,1,203183.9709,0,0,0,0
11773.16998,0,0,1,203183.9709,0,0,0,0
11774.16998,0,0,1,203183.9709,0,0,0,0
11775.16998,0,0,1,203183.9709,0,0,0,0
11776.16998,0,0,1,203183.9709,0,0,0,0
11777.16998,0,0,1,203183.9709,0,0,0,0
11778.16998,0,0,1,203183.9709,0,0,0,0
11779.16998,0,0,1,203183.9709,0,0,0,0
11780.16998,0,0,1,203183.9709,0,0,0,0
11781.16998,0,0,1,203183.9709,0,0,0,0
11782.16998,0,0,1,203183.9709,0,0,0,0
11783.16998,0,0,1,203183.9709,0,0,0,0
11784.16998,0,0,1,203183.9709,0,0,0,0
11785.16998,0,0,1,203183.9709,0,0,0,0
11786.16998,0,0,1,203183.9709,0,0,0,0
11787.16998,0,0,1,203183.9709,0,0,0,0
11788.16998,0,0,1,203183.9709,0,0,0,0
11789.16998,0,0,1,203183.9709,0,0,0,0
11790.16998,0,0,1,203183.9709,0,0,0,0
11791.16998,0,0,1,203183.9709,0,0,0,0
11792.16998,0,0,1,203183.9709,0,0,0,0
11793.16998,0,0,1,203183.9709,0,0,0,0
11794.16998,0,0,1,203183.9709,0,0,0,0
11795.16998,0,0,1,203183.9709,0,0,0,0
11796.16998,0,0,1,203183.9709,0,0,0,0
11797.16998,0,0,1,203183.9709,0,0,0,0
11798.16998,0,0,1,203183.9709,0,0,0,0
11799.16998,0,0,1,203183.9709,0,0,0,0
11800.16998,0,0,1,203183.9709,0,0,0,0
11801.16998,0,0,1,203183.9709,0,0,0,0
11802.16998,0,0,1,203183.9709,0,0,0,0
11803.16998,0,0,1,203183.9709,0,0,0,0
11804.16998,0,0,1,203183.9709,0,0,0,0
11805.16998,0,0,1,203183.9709,0,0,0,0
11806.16998,0,0,1,203183.9709,0,0,0,0
11807.16998,1,180454.7886,1,203183.9709,0,0,0,0
11808.16998,1,180454.7886,1,203183.9709,0,0,0,0
11809.16998,1,180454.7886,1,203183.9709,0,0,0,0
11810.16998,1,180454.7886,1,203183.9709,0,0,0,0
11811.16998,1,180454.7886,1,203183.9709,0,0,0,0
11812.16998,1,180454.7886,1,203183.9709,0,0,0,0
11813.16998,1,180454.7886,1,203183.9709,0,0,0,0
11814.16998,1,180454.7886,1,203183.9709,0,0,0,0
11815.16998,1,180454.7886,1,203183.9709,0,0,0,0
11816.16998,1,180454.7886,1,203183.9709,0,0,0,0
11817.16998,1,180454.7886,1,203183.9709,0,0,0,0
11818.16998,1,180454.7886,1,203183.9709,0,0,0,0
11819.16998,1,180454.7886,1,203183.9709,0,0,0,0
11820.16998,1,180454.7886,1,203183.9709,0,0,0,0
11821.16998,1,180454.7886,1,203183.9709,0,0,0,0
11822.16998,1,180454.7886,1,203183.9709,0,0,0,0
11823.16998,1,180454.7886,1,203183.9709,0,0,0,0
11824.16998,1,180454.7886,1,203183.9709,0,0,0,0
11825.16998,1,180454.7886,1,203183.9709,0,0,0,0
11826.16998,1,180454.7886,1,203183.9709,0,0,0,0
11827.16998,1,180454.7886,1,203183.9709,0,0,0,0
11828.16998,1,180454.7886,1,203183.9709,0,0,0,0
11829.16998,1,180454.7886,1,203183.9709,0,0,0,0
11830.16998,1,180454.7886,1,203183.9709,0,0,0,0
11831.16998,1,180454.7886,1,203183.9709,0,0,0,0
11832.16998,1,180454.7886,1,203183.9709,0,0,0,0
11833.16998,1,180454.7886,1,203183.9709,0,0,0,0
11834.16998,1,180454.7886,1,203183.9709,0,0,0,0
11835.16998,1,180454.7886,1,203183.9709,0,0,0,0
11836.16998,1,180454.7886,1,203183.9709,0,0,0,0
11837.16998,1,180454.7886,1,203183.9709,0,0,0,0
11838.16998,1,180454.7886,1,203183.9709,0,0,0,0
11839.16998,1,180454.7886,1,203183.9709,0,0,0,0
11840.16998,1,180454.7886,1,203183.9709,0,0,0,0
11841.16998,1,180454.7886,1,203183.9709,0,0,0,0
11842.16998,1,180454.7886,1,203183.9709,0,0,0,0
11843.16998,1,180454.7886,1,203183.9709,0,0,0,0
11844.16998,1,180454.7886,1,203183.9709,0,0,0,0
11845.16998,1,180454.7886,1,203183.9709,0,0,0,0
11846.16998,1,180454.7886,1,203183.9709,0,0,0,0
11847.16998,1,180454.7886,1,203183.9709,0,0,0,0
11848.16998,1,180454.7886,1,203183.9709,0,0,0,0
11849.16998,1,180454.7886,1,203183.9709,0,0,0,0
11850.16998,1,180454.7886,1,203183.9709,0,0,0,0
11851.16998,1,180454.7886,1,203183.9709,0,0,0,0
11852.16998,1,180454.7886,1,203183.9709,0,0,0,0
11853.16998,1,180454.7886,1,203183.9709,0,0,0,0
11854.16998,1,180454.7886,1,203183.9709,0,0,0,0
11855.16998,1,180454.7886,1,203183.9709,0,0,0,0
11856.16998,1,180454.7886,1,203183.9709,0,0,0,0
11857.16998,1,180454.7886,1,203183.9709,0,0,0,0
11858.16998,1,180454.7886,1,203183.9709,0,0,0,0
11859.16998,1,180454.7886,1,203183.9709,0,0,0,0
11860.16998,1,180454.7886,1,203183.9709,0,0,0,0
11861.16998,1,180454.7886,1,203183.9709,0,0,0,0
11862.16998,1,180454.7886,1,203183.9709,0,0,0,0
11863.16998,1,180454.7886,1,203183.9709,0,0,0,0
11864.16998,1,180454.7886,1,203183.9709,0,0,0,0
11865.16998,1,180454.7886,1,203183.9709,0,0,0,0
11866.16998,1,180454.7886,1,203183.9709,0,0,0,0
11867.16998,1,180454.7886,1,203183.9709,0,0,0,0
11868.16998,1,180454.7886,1,203183.9709,0,0,0,0
11869.16998,1,180454.7886,1,203183.9709,0,0,0,0
11870.16998,1,180454.7886,1,203183.9709,0,0,0,0
11871.16998,1,180454.7886,1,203183.9709,0,0,0,0
11872.16998,1,180454.7886,1,203183.9709,0,0,0,0
11873.16998,1,180454.7886,1,203183.9709,0,0,0,0
11874.16998,1,180454.7886,1,203183.9709,0,0,0,0
11875.16998,1,180454.7886,1,203183.9709,0,0,0,0
11876.16998,1,180454.7886,1,203183.9709,0,0,0,0
11877.16998,1,180454.7886,1,203183.9709,0,0,0,0
11878.16998,1,180454.7886,1,203183.9709,0,0,0,0
11879.16998,1,180454.7886,1,203183.9709,0,0,0,0
11880.16998,1,180454.7886,1,203183.9709,0,0,0,0
11881.16998,1,180454.7886,1,203183.9709,0,0,0,0
11882.16998,1,180454.7886,1,203183.9709,0,0,0,0
11883.16998,1,180454.7886,1,203183.9709,0,0,0,0
11884.16998,1,180454.7886,1,203183.9709,0,0,0,0
11885.16998,1,180454.7886,1,203183.9709,0,0,0,0
11886.16998,1,180454.7886,1,203183.9709,0,0,0,0
11887.16998,1,180454.7886,1,203183.9709,0,0,0,0
11888.16998,1,180454.7886,1,203183.9709,0,0,0,0
11889.16998,1,180454.7886,1,203183.9709,0,0,0,0
11890.16998,1,180454.7886,1,203183.9709,0,0,0,0
11891.16998,1,180454.7886,1,203183.9709,0,0,0,0
11892.16998,1,180454.7886,1,203183.9709,0,0,0,0
11893.16998,1,180454.7886,1,203183.9709,0,0,0,0
11894.16998,1,180454.7886,1,203183.9709,0,0,0,0
11895.16998,1,180454.7886,1,203183.9709,0,0,0,0
11896.16998,1,180454.7886,1,203183.9709,0,0,0,0
11897.16998,1,180454.7886,1,203183.9709,0,0,0,0
11898.16998,1,180454.7886,1,203183.9709,0,0,0,0
11899.16998,1,180454.7886,1,203183.9709,0,0,0,0
11900.16998,1,180454.7886,1,203183.9709,0,0,0,0
11901.16998,1,180454.7886,1,203183.9709,0,0,0,0
11902.16998,1,180454.7886,1,203183.9709,0,0,0,0
11903.16998,1,180454.7886,1,203183.9709,0,0,0,0
11904.16998,1,180454.7886,1,203183.9709,0,0,0,0
11905.16998,1,180454.7886,1,203183.9709,0,0,0,0
11906.16998,1,180454.7886,1,203183.9709,0,0,0,0
11907.16998,1,180454.7886,1,203183.9709,0,0,0,0
11908.16998,1,180454.7886,1,203183.9709,0,0,0,0
11909.16998,1,180454.7886,1,203183.9709,0,0,0,0
11910.16998,1,180454.7886,1,203183.9709,0,0,0,0
11911.16998,1,180454.7886,1,203183.9709,0,0,0,0
11912.16998,1,180454.7886,1,203183.9709,0,0,0,0
11913.16998,1,180454.7886,1,203183.9709,0,0,0,0
11914.16998,1,180454.7886,1,203183.9709,0,0,0,0
11915.16998,1,180454.7886,1,203183.9709,0,0,0,0
11916.16998,1,180454.7886,1,203183.9709,0,0,0,0
11917.16998,1,180454.7886,1,203183.9709,0,0,0,0
11918.16998,1,180454.7886,1,203183.9709,0,0,0,0
11919.16998,1,180454.7886,1,203183.9709,0,0,0,0
11920.16998,1,180454.7886,1,203183.9709,0,0,0,0
11921.16998,1,180454.7886,1,203183.9709,0,0,0,0
11922.16998,1,180454.7886,1,203183.9709,0,0,0,0
11923.16998,1,180454.7886,1,203183.9709,0,0,0,0
11924.16998,1,180454.7886,1,203183.9709,0,0,0,0
11925.16998,1,180454.7886,1,203183.9709,0,0,0,0
11926.16998,1,180454.7886,1,203183.9709,0,0,0,0
11927.16998,1,180454.7886,1,203183.9709,0,0,0,0
11928.16998,1,180454.7886,1,203183.9709,0,0,0,0
11929.16998,1,180454.7886,1,203183.9709,0,0,0,0
11930.16998,1,180454.7886,1,203183.9709,0,0,0,0
11931.16998,1,180454.7886,1,203183.9709,0,0,0,0
11932.16998,1,180454.7886,1,203183.9709,0,0,0,0
11933.16998,1,180454.7886,1,203183.9709,0,0,0,0
11934.16998,1,180454.7886,1,203183.9709,0,0,0,0
11935.16998,1,180454.7886,1,203183.9709,0,0,0,0
11936.16998,1,180454.7886,1,203183.9709,0,0,0,0
11937.16998,1,180454.7886,1,203183.9709,0,0,0,0
11938.16998,1,180454.7886,1,203183.9709,0,0,0,0
11939.16998,1,180454.7886,1,203183.9709,0,0,0,0
11940.16998,1,180454.7886,1,203183.9709,0,0,0,0
11941.16998,1,180454.7886,1,203183.9709,0,0,0,0
11942.16998,1,180454.7886,1,203183.9709,0,0,0,0
11943.16998,1,180454.7886,1,203183.9709,0,0,0,0
11944.16998,1,180454.7886,1,203183.9709,0,0,0,0
11945.16998,1,180454.7886,1,203183.9709,0,0,0,0
11946.16998,1,180454.7886,1,203183.9709,0,0,0,0
11947.16998,1,180454.7886,1,203183.9709,0,0,0,0
11948.16998,1,180454.7886,1,203183.9709,0,0,0,0
11949.16998,1,180454.7886,1,203183.9709,0,0,0,0
11950.16998,1,180454.7886,1,203183.9709,0,0,0,0
11951.16998,1,180454.7886,1,203183.9709,0,0,0,0
11952.16998,1,180454.7886,1,203183.9709,0,0,0,0
11953.16998,1,180454.7886,1,203183.9709,0,0,0,0
11954.16998,1,180454.7886,1,203183.9709,0,0,0,0
11955.16998,1,180454.7886,1,203183.9709,0,0,0,0
11956.16998,1,180454.7886,1,203183.9709,0,0,0,0
11957.16998,1,180454.7886,1,203183.9709,0,0,0,0
11958.16998,1,180454.7886,1,203183.9709,0,0,0,0
11959.16998,1,180454.7886,1,203183.9709,0,0,0,0
11960.16998,1,180454.7886,1,203183.9709,0,0,0,0
11961.16998,1,180454.7886,1,203183.9709,0,0,0,0
11962.16998,1,180454.7886,1,203183.9709,0,0,0,0
11963.16998,1,180454.7886,1,203183.9709,0,0,0,0
11964.16998,1,180454.7886,1,203183.9709,0,0,0,0
11965.16998,1,180454.7886,1,203183.9709,0,0,0,0
11966.16998,1,180454.7886,1,203183.9709,0,0,0,0
11967.16998,1,180454.7886,1,203183.9709,0,0,0,0
11968.16998,1,180454.7886,1,203183.9709,0,0,0,0
11969.16998,1,180454.7886,1,203183.9709,0,0,0,0
11970.16998,1,180454.7886,1,203183.9709,0,0,0,0
11971.16998,1,180454.7886,1,203183.9709,0,0,0,0
11972.16998,1,180454.7886,1,203183.9709,0,0,0,0
11973.16998,1,180454.7886,1,203183.9709,0,0,0,0
11974.16998,1,180454.7886,1,203183.9709,0,0,0,0
11975.16998,1,180454.7886,1,203183.9709,0,0,0,0
11976.16998,1,180454.7886,1,203183.9709,0,0,0,0
11977.16998,1,180454.7886,1,203183.9709,0,0,0,0
11978.16998,1,180454.7886,1,203183.9709,0,0,0,0
11979.16998,1,180454.7886,1,203183.9709,0,0,0,0
11980.16998,1,180454.7886,1,203183.9709,0,0,0,0
11981.16998,1,180454.7886,1,203183.9709,0,0,0,0
11982.16998,1,180454.7886,1,203183.9709,0,0,0,0
11983.16998,1,180454.7886,1,203183.9709,0,0,0,0
11984.16998,1,180454.7886,1,203183.9709,0,0,0,0
11985.16998,1,180454.7886,1,203183.9709,0,0,0,0
11986.16998,1,180454.7886,1,203183.9709,0,0,0,0
11987.16998,1,180454.7886,1,203183.9709,0,0,0,0
11988.16998,1,180454.7886,1,203183.9709,0,0,0,0
11989.16998,1,180454.7886,1,203183.9709,0,0,0,0
11990.16998,1,180454.7886,1,203183.9709,0,0,0,0
11991.16998,1,180454.7886,1,203183.9709,0,0,0,0
11992.16998,1,180454.7886,1,203183.9709,0,0,0,0
11993.16998,1,180454.7886,1,203183.9709,0,0,0,0
11994.16998,1,180454.7886,1,203183.9709,0,0,0,0
11995.16998,1,180454.7886,1,203183.9709,0,0,0,0
11996.16998,1,180454.7886,1,203183.9709,0,0,0,0
11997.16998,1,180454.7886,1,203183.9709,0,0,0,0
11998.16998,1,180454.7886,1,203183.9709,0,0,0,0
11999.16998,1,180454.7886,1,203183.9709,0,0,0,0
12000.16998,1,180454.7886,1,203183.9709,0,0,0,0
12001.16998,1,180454.7886,1,203183.9709,1,160804.5374,0,0
12002.16998,1,180454.7886,1,203183.9709,1,160804.5374,0,0
12003.16998,1,180454.7886,1,203183.9709,1,160804.5374,0,0
12004.16998,1,180454.7886,1,203183.9709,1,160804.5374,0,0
12005.16998,1,180454.7886,1,203183.9709,1,160804.5374,0,0
12006.16998,1,180454.7886,1,203183.9709,1,160804.5374,0,0
12007.16998,1,180454.7886,1,203183.9709,1,160804.5374,0,0
12008.16998,1,180454.7886,1,203183.9709,1,160804.5374,0,0
12009.16998,1,180454.7886,1,203183.9709,1,160804.5374,0,0
12010.16998,1,180454.7886,1,203183.9709,1,160804.5374,0,0
12011.16998,1,180454.7886,1,203183.9709,1,160804.5374,0,0
12012.16998,1,180454.7886,1,203183.9709,1,160804.5374,0,0
12013.16998,1,180454.7886,0,0,1,160804.5374,0,0
12014.16998,1,180454.7886,0,0,1,160804.5374,0,0
12015.16998,1,180454.7886,0,0,1,160804.5374,0,0
12016.16998,1,180454.7886,0,0,1,160804.5374,0,0
12017.16998,1,180454.7886,0,0,1,160804.5374,0,0
12018.16998,1,180454.7886,0,0,1,160804.5374,0,0
12019.16998,1,180454.7886,0,0,1,160804.5374,0,0
12020.16998,1,180454.7886,0,0,1,160804.5374,0,0
12021.16998,1,180454.7886,0,0,1,160804.5374,0,0
12022.16998,1,180454.7886,0,0,1,160804.5374,0,0
12023.16998,1,180454.7886,0,0,1,160804.5374,0,0
12024.16998,1,180454.7886,0,0,1,160804.5374,0,0
12025.16998,1,180454.7886,0,0,1,160804.5374,0,0
12026.16998,1,180454.7886,0,0,1,160804.5374,0,0
12027.16998,1,180454.7886,0,0,1,160804.5374,0,0
12028.16998,1,180454.7886,0,0,1,160804.5374,0,0
12029.16998,1,180454.7886,0,0,1,160804.5374,0,0
12030.16998,1,180454.7886,0,0,1,160804.5374,0,0
12031.16998,1,180454.7886,0,0,1,160804.5374,0,0
12032.16998,1,180454.7886,0,0,1,160804.5374,0,0
12033.16998,1,180454.7886,0,0,1,160804.5374,0,0
12034.16998,1,180454.7886,0,0,1,160804.5374,0,0
12035.16998,1,180454.7886,0,0,1,160804.5374,0,0
12036.16998,1,180454.7886,0,0,1,160804.5374,0,0
12037.16998,1,180454.7886,0,0,1,160804.5374,0,0
12038.16998,1,180454.7886,0,0,1,160804.5374,0,0
12039.16998,1,180454.7886,0,0,1,160804.5374,0,0
12040.16998,1,180454.7886,0,0,1,160804.5374,0,0
12041.16998,1,180454.7886,0,0,1,160804.5374,0,0
12042.16998,1,180454.7886,0,0,1,160804.5374,0,0
12043.16998,1,180454.7886,0,0,1,160804.5374,0,0
12044.16998,1,180454.7886,0,0,1,160804.5374,0,0
12045.16998,1,180454.7886,0,0,1,160804.5374,0,0
12046.16998,1,180454.7886,0,0,1,160804.5374,0,0
12047.16998,1,180454.7886,0,0,1,160804.5374,0,0
12048.16998,1,180454.7886,0,0,1,160804.5374,0,0
12049.16998,1,180454.7886,0,0,1,160804.5374,0,0
12050.16998,1,180454.7886,0,0,1,160804.5374,0,0
12051.16998,1,180454.7886,0,0,1,160804.5374,0,0
12052.16998,1,180454.7886,0,0,1,160804.5374,0,0
12053.16998,1,180454.7886,0,0,1,160804.5374,0,0
12054.16998,1,180454.7886,0,0,1,160804.5374,0,0
12055.16998,1,180454.7886,0,0,1,160804.5374,0,0
12056.16998,1,180454.7886,0,0,1,160804.5374,0,0
12057.16998,1,180454.7886,0,0,1,160804.5374,0,0
12058.16998,1,180454.7886,0,0,1,160804.5374,0,0
12059.16998,1,180454.7886,0,0,1,160804.5374,0,0
12060.16998,1,180454.7886,0,0,1,160804.5374,0,0
12061.16998,1,180454.7886,0,0,1,160804.5374,0,0
12062.16998,1,180454.7886,0,0,1,160804.5374,0,0
12063.16998,1,180454.7886,0,0,1,160804.5374,0,0
12064.16998,1,180454.7886,0,0,1,160804.5374,0,0
12065.16998,1,180454.7886,0,0,1,160804.5374,0,0
12066.16998,1,180454.7886,0,0,1,160804.5374,0,0
12067.16998,1,180454.7886,0,0,1,160804.5374,0,0
12068.16998,1,180454.7886,0,0,1,160804.5374,0,0
12069.16998,1,180454.7886,0,0,1,160804.5374,0,0
12070.16998,1,180454.7886,0,0,1,160804.5374,0,0
12071.16998,1,180454.7886,0,0,1,160804.5374,0,0
12072.16998,1,180454.7886,0,0,1,160804.5374,0,0
12073.16998,1,180454.7886,0,0,1,160804.5374,0,0
12074.16998,1,180454.7886,0,0,1,160804.5374,0,0
12075.16998,1,180454.7886,0,0,1,160804.5374,0,0
12076.16998,1,180454.7886,0,0,1,160804.5374,0,0
12077.16998,1,180454.7886,0,0,1,160804.5374,0,0
12078.16998,1,180454.7886,0,0,1,160804.5374,0,0
12079.16998,1,180454.7886,0,0,1,160804.5374,0,0
12080.16998,1,180454.7886,0,0,1,160804.5374,0,0
12081.16998,1,180454.7886,0,0,1,160804.5374,0,0
12082.16998,1,180454.7886,0,0,1,160804.5374,0,0
12083.16998,1,180454.7886,0,0,1,160804.5374,0,0
12084.16998,1,180454.7886,0,0,1,160804.5374,0,0
12085.16998,1,180454.7886,0,0,1,160804.5374,0,0
12086.16998,1,180454.7886,0,0,1,160804.5374,0,0
12087.16998,1,180454.7886,0,0,1,160804.5374,0,0
12088.16998,1,180454.7886,0,0,1,160804.5374,0,0
12089.16998,1,180454.7886,0,0,1,160804.5374,0,0
12090.16998,1,180454.7886,0,0,1,160804.5374,0,0
12091.16998,1,180454.7886,0,0,1,160804.5374,0,0
12092.16998,1,180454.7886,0,0,1,160804.5374,0,0
12093.16998,1,180454.7886,0,0,1,160804.5374,0,0
12094.16998,1,180454.7886,0,0,1,160804.5374,0,0
12095.16998,1,180454.7886,0,0,1,160804.5374,0,0
12096.16998,1,180454.7886,0,0,1,160804.5374,0,0
12097.16998,1,180454.7886,0,0,1,160804.5374,0,0
12098.16998,1,180454.7886,0,0,1,160804.5374,0,0
12099.16998,1,180454.7886,0,0,1,160804.5374,0,0
12100.16998,1,180454.7886,0,0,1,160804.5374,0,0
12101.16998,1,180454.7886,0,0,1,160804.5374,0,0
12102.16998,1,180454.7886,0,0,1,160804.5374,0,0
12103.16998,1,180454.7886,0,0,1,160804.5374,0,0
12104.16998,1,180454.7886,0,0,1,160804.5374,0,0
12105.16998,1,180454.7886,0,0,1,160804.5374,0,0
12106.16998,1,180454.7886,0,0,1,160804.5374,0,0
12107.16998,1,180454.7886,0,0,1,160804.5374,0,0
12108.16998,1,180454.7886,0,0,1,160804.5374,0,0
12109.16998,1,180454.7886,0,0,1,160804.5374,0,0
12110.16998,1,180454.7886,0,0,1,160804.5374,0,0
12111.16998,1,180454.7886,0,0,1,160804.5374,0,0
12112.16998,1,180454.7886,0,0,1,160804.5374,0,0
12113.16998,1,180454.7886,0,0,1,160804.5374,0,0
12114.16998,1,180454.7886,0,0,1,160804.5374,0,0
12115.16998,1,180454.7886,0,0,1,160804.5374,0,0
12116.16998,1,180454.7886,0,0,1,160804.5374,0,0
12117.16998,1,180454.7886,0,0,1,160804.5374,0,0
12118.16998,1,180454.7886,0,0,1,160804.5374,0,0
12119.16998,1,180454.7886,0,0,1,160804.5374,0,0
12120.16998,1,180454.7886,0,0,1,160804.5374,0,0
12121.16998,1,180454.7886,0,0,1,160804.5374,0,0
12122.16998,1,180454.7886,0,0,1,160804.5374,0,0
12123.16998,1,180454.7886,0,0,1,160804.5374,0,0
12124.16998,1,180454.7886,0,0,1,160804.5374,0,0
12125.16998,1,180454.7886,0,0,1,160804.5374,0,0
12126.16998,1,180454.7886,0,0,1,160804.5374,0,0
12127.16998,1,180454.7886,0,0,1,160804.5374,0,0
12128.16998,1,180454.7886,0,0,1,160804.5374,0,0
12129.16998,1,180454.7886,0,0,1,160804.5374,0,0
12130.16998,1,180454.7886,0,0,1,160804.5374,0,0
12131.16998,1,180454.7886,0,0,1,160804.5374,0,0
12132.16998,1,180454.7886,0,0,1,160804.5374,0,0
12133.16998,1,180454.7886,0,0,1,160804.5374,0,0
12134.16998,1,180454.7886,0,0,1,160804.5374,0,0
12135.16998,1,180454.7886,0,0,1,160804.5374,0,0
12136.16998,1,180454.7886,0,0,1,160804.5374,0,0
12137.16998,1,180454.7886,0,0,1,160804.5374,0,0
12138.16998,1,180454.7886,0,0,1,160804.5374,0,0
12139.16998,1,180454.7886,0,0,1,160804.5374,0,0
12140.16998,1,180454.7886,0,0,1,160804.5374,0,0
12141.16998,1,180454.7886,0,0,1,160804.5374,0,0
12142.16998,1,180454.7886,0,0,1,160804.5374,0,0
12143.16998,1,180454.7886,0,0,1,160804.5374,0,0
12144.16998,1,180454.7886,0,0,1,160804.5374,0,0
12145.16998,1,180454.7886,0,0,1,160804.5374,0,0
12146.16998,1,180454.7886,0,0,1,160804.5374,0,0
12147.16998,1,180454.7886,0,0,1,160804.5374,0,0
12148.16998,1,180454.7886,0,0,1,160804.5374,0,0
12149.16998,1,180454.7886,0,0,1,160804.5374,0,0
12150.16998,1,180454.7886,0,0,1,160804.5374,0,0
12151.16998,1,180454.7886,0,0,1,160804.5374,0,0
12152.16998,1,180454.7886,0,0,1,160804.5374,0,0
12153.16998,1,180454.7886,0,0,1,160804.5374,0,0
12154.16998,1,180454.7886,0,0,1,160804.5374,0,0
12155.16998,1,180454.7886,0,0,1,160804.5374,0,0
12156.16998,1,180454.7886,0,0,1,160804.5374,0,0
12157.16998,1,180454.7886,0,0,1,160804.5374,0,0
12158.16998,1,180454.7886,0,0,1,160804.5374,0,0
12159.16998,1,180454.7886,0,0,1,160804.5374,0,0
12160.16998,1,180454.7886,0,0,1,160804.5374,0,0
12161.16998,1,180454.7886,0,0,1,160804.5374,0,0
12162.16998,1,180454.7886,0,0,1,160804.5374,0,0
12163.16998,1,180454.7886,0,0,1,160804.5374,0,0
12164.16998,1,180454.7886,0,0,1,160804.5374,0,0
12165.16998,1,180454.7886,0,0,1,160804.5374,0,0
12166.16998,1,180454.7886,0,0,1,160804.5374,0,0
12167.16998,1,180454.7886,0,0,1,160804.5374,0,0
12168.16998,1,180454.7886,0,0,1,160804.5374,0,0
12169.16998,1,180454.7886,0,0,1,160804.5374,0,0
12170.16998,1,180454.7886,0,0,1,160804.5374,0,0
12171.16998,1,180454.7886,0,0,1,160804.5374,0,0
12172.16998,1,180454.7886,0,0,1,160804.5374,0,0
12173.16998,1,180454.7886,0,0,1,160804.5374,0,0
12174.16998,1,180454.7886,0,0,1,160804.5374,0,0
12175.16998,1,180454.7886,0,0,1,160804.5374,0,0
12176.16998,1,180454.7886,0,0,1,160804.5374,0,0
12177.16998,1,180454.7886,0,0,1,160804.5374,0,0
12178.16998,1,180454.7886,0,0,1,160804.5374,0,0
12179.16998,1,180454.7886,0,0,1,160804.5374,0,0
12180.16998,1,180454.7886,0,0,1,160804.5374,0,0
12181.16998,1,180454.7886,0,0,1,160804.5374,0,0
12182.16998,1,180454.7886,0,0,1,160804.5374,0,0
12183.16998,1,180454.7886,0,0,1,160804.5374,0,0
12184.16998,1,180454.7886,0,0,1,160804.5374,0,0
12185.16998,1,180454.7886,0,0,1,160804.5374,0,0
12186.16998,1,180454.7886,0,0,1,160804.5374,0,0
12187.16998,1,180454.7886,0,0,1,160804.5374,0,0
12188.16998,1,180454.7886,0,0,1,160804.5374,0,0
12189.16998,1,180454.7886,0,0,1,160804.5374,0,0
12190.16998,1,180454.7886,0,0,1,160804.5374,0,0
12191.16998,1,180454.7886,0,0,1,160804.5374,0,0
12192.16998,1,180454.7886,0,0,1,160804.5374,0,0
12193.16998,1,180454.7886,0,0,1,160804.5374,0,0
12194.16998,1,180454.7886,0,0,1,160804.5374,0,0
12195.16998,1,180454.7886,0,0,1,160804.5374,0,0
12196.16998,1,180454.7886,0,0,1,160804.5374,0,0
12197.16998,1,180454.7886,0,0,1,160804.5374,0,0
12198.16998,1,180454.7886,0,0,1,160804.5374,0,0
12199.16998,1,180454.7886,0,0,1,160804.5374,0,0
12200.16998,1,180454.7886,0,0,1,160804.5374,0,0
12201.16998,1,180454.7886,0,0,1,160804.5374,0,0
12202.16998,1,180454.7886,0,0,1,160804.5374,0,0
12203.16998,1,180454.7886,0,0,1,160804.5374,0,0
12204.16998,1,180454.7886,0,0,1,160804.5374,0,0
12205.16998,1,180454.7886,0,0,1,160804.5374,0,0
12206.16998,1,180454.7886,0,0,1,160804.5374,0,0
12207.16998,1,180454.7886,0,0,1,160804.5374,0,0
12208.16998,1,180454.7886,0,0,1,160804.5374,0,0
12209.16998,1,180454.7886,0,0,1,160804.5374,0,0
12210.16998,1,180454.7886,0,0,1,160804.5374,0,0
12211.16998,1,180454.7886,0,0,1,160804.5374,0,0
12212.16998,1,180454.7886,0,0,1,160804.5374,0,0
12213.16998,1,180454.7886,0,0,1,160804.5374,0,0
12214.16998,1,180454.7886,0,0,1,160804.5374,0,0
12215.16998,1,180454.7886,0,0,1,160804.5374,0,0
12216.16998,1,180454.7886,0,0,1,160804.5374,0,0
12217.16998,1,180454.7886,0,0,1,160804.5374,0,0
12218.16998,1,180454.7886,0,0,1,160804.5374,0,0
12219.16998,1,180454.7886,0,0,1,160804.5374,0,0
12220.16998,1,180454.7886,0,0,1,160804.5374,0,0
12221.16998,1,180454.7886,0,0,1,160804.5374,0,0
12222.16998,1,180454.7886,0,0,1,160804.5374,0,0
12223.16998,1,180454.7886,0,0,1,160804.5374,0,0
12224.16998,1,180454.7886,0,0,1,160804.5374,0,0
12225.16998,1,180454.7886,0,0,1,160804.5374,0,0
12226.16998,1,180454.7886,0,0,1,160804.5374,0,0
12227.16998,1,180454.7886,0,0,1,160804.5374,0,0
12228.16998,1,180454.7886,0,0,1,160804.5374,0,0
12229.16998,1,180454.7886,0,0,1,160804.5374,0,0
12230.16998,1,180454.7886,0,0,1,160804.5374,0,0
12231.16998,1,180454.7886,0,0,1,160804.5374,0,0
12232.16998,1,180454.7886,0,0,1,160804.5374,0,0
12233.16998,1,180454.7886,0,0,1,160804.5374,0,0
12234.16998,1,180454.7886,0,0,1,160804.5374,0,0
12235.16998,1,180454.7886,0,0,1,160804.5374,0,0
12236.16998,1,180454.7886,0,0,1,160804.5374,0,0
12237.16998,1,180454.7886,0,0,1,160804.5374,0,0
12238.16998,1,180454.7886,0,0,1,160804.5374,0,0
12239.16998,1,180454.7886,0,0,1,160804.5374,0,0
12240.16998,1,180454.7886,0,0,1,160804.5374,0,0
12241.16998,1,180454.7886,0,0,1,160804.5374,0,0
12242.16998,1,180454.7886,0,0,1,160804.5374,0,0
12243.16998,1,180454.7886,0,0,1,160804.5374,0,0
12244.16998,1,180454.7886,0,0,1,160804.5374,0,0
12245.16998,1,180454.7886,0,0,1,160804.5374,1,133931.1154
12246.16998,1,180454.7886,0,0,1,160804.5374,1,133931.1154
12247.16998,1,180454.7886,0,0,1,160804.5374,1,133931.1154
12248.16998,1,180454.7886,0,0,1,160804.5374,1,133931.1154
12249.16998,1,180454.7886,0,0,1,160804.5374,1,133931.1154
12250.16998,1,180454.7886,0,0,1,160804.5374,1,133931.1154
12251.16998,1,180454.7886,0,0,1,160804.5374,1,133931.1154
12252.16998,1,180454.7886,0,0,1,160804.5374,1,133931.1154
12253.16998,1,180454.7886,0,0,1,160804.5374,1,133931.1154
12254.16998,1,180454.7886,0,0,1,160804.5374,1,133931.1154
12255.16998,1,180454.7886,0,0,1,160804.5374,1,133931.1154
12256.16998,1,180454.7886,0,0,1,160804.5374,1,133931.1154
12257.16998,1,180454.7886,0,0,1,160804.5374,1,133931.1154
12258.16998,1,180454.7886,0,0,1,160804.5374,1,133931.1154
12259.16998,1,180454.7886,0,0,1,160804.5374,1,133931.1154
12260.16998,1,180454.7886,0,0,1,160804.5374,1,133931.1154
12261.16998,1,180454.7886,0,0,1,160804.5374,1,133931.1154
12262.16998,1,180454.7886,0,0,1,160804.5374,1,133931.1154
12263.16998,1,180454.7886,0,0,1,160804.5374,1,133931.1154
12264.16998,1,180454.7886,0,0,1,160804.5374,1,133931.1154
12265.16998,1,180454.7886,0,0,1,160804.5374,1,133931.1154
12266.16998,1,180454.7886,0,0,1,160804.5374,1,133931.1154
12267.16998,1,180454.7886,0,0,1,160804.5374,1,133931.1154
12268.16998,1,180454.7886,0,0,1,160804.5374,1,133931.1154
12269.16998,1,180454.7886,0,0,1,160804.5374,1,133931.1154
12270.16998,1,180454.7886,0,0,1,160804.5374,1,133931.1154
12271.16998,1,180454.7886,0,0,1,160804.5374,1,133931.1154
12272.16998,1,180454.7886,0,0,1,160804.5374,1,133931.1154
12273.16998,1,180454.7886,0,0,1,160804.5374,1,133931.1154
12274.16998,1,180454.7886,0,0,1,160804.5374,1,133931.1154
12275.16998,1,180454.7886,0,0,1,160804.5374,1,133931.1154
12276.16998,1,180454.7886,0,0,1,160804.5374,1,133931.1154
12277.16998,1,180454.7886,0,0,1,160804.5374,1,133931.1154
12278.16998,1,180454.7886,0,0,1,160804.5374,1,133931.1154
12279.16998,1,180454.7886,0,0,1,160804.5374,1,133931.1154
12280.16998,1,180454.7886,0,0,1,160804.5374,1,133931.1154
12281.16998,1,180454.7886,0,0,1,160804.5374,1,133931.1154
12282.16998,1,180454.7886,0,0,1,160804.5374,1,133931.1154
12283.16998,1,180454.7886,0,0,1,160804.5374,1,133931.1154
12284.16998,1,180454.7886,0,0,1,160804.5374,1,133931.1154
12285.16998,1,180454.7886,0,0,1,160804.5374,1,133931.1154
12286.16998,1,180454.7886,0,0,1,160804.5374,1,133931.1154
12287.16998,1,180454.7886,0,0,1,160804.5374,1,133931.1154
12288.16998,1,180454.7886,0,0,1,160804.5374,1,133931.1154
12289.16998,1,180454.7886,0,0,1,160804.5374,1,133931.1154
12290.16998,1,180454.7886,0,0,1,160804.5374,1,133931.1154
12291.16998,1,180454.7886,0,0,1,160804.5374,1,133931.1154
12292.16998,1,180454.7886,0,0,1,160804.5374,1,133931.1154
12293.16998,1,180454.7886,0,0,1,160804.5374,1,133931.1154
12294.16998,1,180454.7886,0,0,1,160804.5374,1,133931.1154
12295.16998,1,180454.7886,0,0,1,160804.5374,1,133931.1154
12296.16998,1,180454.7886,0,0,1,160804.5374,1,133931.1154
12297.16998,1,180454.7886,0,0,1,160804.5374,1,133931.1154
12298.16998,1,180454.7886,0,0,1,160804.5374,1,133931.1154
12299.16998,1,180454.7886,0,0,1,160804.5374,1,133931.1154
12300.16998,1,180454.7886,0,0,1,160804.5374,1,133931.1154
12301.16998,1,180454.7886,0,0,1,160804.5374,1,133931.1154
12302.16998,1,180454.7886,0,0,1,160804.5374,1,133931.1154
12303.16998,1,180454.7886,0,0,1,160804.5374,1,133931.1154
12304.16998,1,180454.7886,0,0,1,160804.5374,1,133931.1154
12305.16998,1,180454.7886,0,0,1,160804.5374,1,133931.1154
12306.16998,1,180454.7886,0,0,1,160804.5374,1,133931.1154
12307.16998,0,0,0,0,1,160804.5374,1,133931.1154
12308.16998,0,0,0,0,1,160804.5374,1,133931.1154
12309.16998,0,0,0,0,1,160804.5374,1,133931.1154
12310.16998,0,0,0,0,1,160804.5374,1,133931.1154
12311.16998,0,0,0,0,1,160804.5374,1,133931.1154
12312.16998,0,0,0,0,1,160804.5374,1,133931.1154
12313.16998,0,0,0,0,1,160804.5374,1,133931.1154
12314.16998,0,0,0,0,1,160804.5374,1,133931.1154
12315.16998,0,0,0,0,1,160804.5374,1,133931.1154
12316.16998,0,0,0,0,1,160804.5374,1,133931.1154
12317.16998,0,0,0,0,1,160804.5374,1,133931.1154
12318.16998,0,0,0,0,1,160804.5374,1,133931.1154
12319.16998,0,0,0,0,1,160804.5374,1,133931.1154
12320.16998,0,0,0,0,1,160804.5374,1,133931.1154
12321.16998,0,0,0,0,1,160804.5374,1,133931.1154
12322.16998,0,0,0,0,1,160804.5374,1,133931.1154
12323.16998,0,0,0,0,1,160804.5374,1,133931.1154
12324.16998,0,0,0,0,1,160804.5374,1,133931.1154
12325.16998,0,0,0,0,1,160804.5374,1,133931.1154
12326.16998,0,0,0,0,1,160804.5374,1,133931.1154
12327.16998,0,0,0,0,1,160804.5374,1,133931.1154
12328.16998,0,0,0,0,1,160804.5374,1,133931.1154
12329.16998,0,0,0,0,1,160804.5374,1,133931.1154
12330.16998,0,0,0,0,1,160804.5374,1,133931.1154
12331.16998,0,0,0,0,1,160804.5374,1,133931.1154
12332.16998,0,0,0,0,1,160804.5374,1,133931.1154
12333.16998,0,0,0,0,1,160804.5374,1,133931.1154
12334.16998,0,0,0,0,1,160804.5374,1,133931.1154
12335.16998,0,0,0,0,1,160804.5374,1,133931.1154
12336.16998,0,0,0,0,1,160804.5374,1,133931.1154
12337.16998,0,0,0,0,1,160804.5374,1,133931.1154
12338.16998,0,0,0,0,1,160804.5374,1,133931.1154
12339.16998,0,0,0,0,1,160804.5374,1,133931.1154
12340.16998,0,0,0,0,1,160804.5374,1,133931.1154
12341.16998,0,0,0,0,1,160804.5374,1,133931.1154
12342.16998,0,0,0,0,1,160804.5374,1,133931.1154
12343.16998,0,0,0,0,1,160804.5374,1,133931.1154
12344.16998,0,0,0,0,1,160804.5374,1,133931.1154
12345.16998,0,0,0,0,1,160804.5374,1,133931.1154
12346.16998,0,0,0,0,1,160804.5374,1,133931.1154
12347.16998,0,0,0,0,1,160804.5374,1,133931.1154
12348.16998,0,0,0,0,1,160804.5374,1,133931.1154
12349.16998,0,0,0,0,1,160804.5374,1,133931.1154
12350.16998,0,0,0,0,1,160804.5374,1,133931.1154
12351.16998,0,0,0,0,1,160804.5374,1,133931.1154
12352.16998,0,0,0,0,1,160804.5374,1,133931.1154
12353.16998,0,0,0,0,1,160804.5374,1,133931.1154
12354.16998,0,0,0,0,1,160804.5374,1,133931.1154
12355.16998,0,0,0,0,1,160804.5374,1,133931.1154
12356.16998,0,0,0,0,1,160804.5374,1,133931.1154
12357.16998,0,0,0,0,1,160804.5374,1,133931.1154
12358.16998,0,0,0,0,1,160804.5374,1,133931.1154
12359.16998,0,0,0,0,1,160804.5374,1,133931.1154
12360.16998,0,0,0,0,1,160804.5374,1,133931.1154
12361.16998,0,0,0,0,1,160804.5374,1,133931.1154
12362.16998,0,0,0,0,1,160804.5374,1,133931.1154
12363.16998,0,0,0,0,1,160804.5374,1,133931.1154
12364.16998,0,0,0,0,1,160804.5374,1,133931.1154
12365.16998,0,0,0,0,1,160804.5374,1,133931.1154
12366.16998,0,0,0,0,1,160804.5374,1,133931.1154
12367.16998,0,0,0,0,1,160804.5374,1,133931.1154
12368.16998,0,0,0,0,1,160804.5374,1,133931.1154
12369.16998,0,0,0,0,1,160804.5374,1,133931.1154
12370.16998,0,0,0,0,1,160804.5374,1,133931.1154
12371.16998,0,0,0,0,1,160804.5374,1,133931.1154
12372.16998,0,0,0,0,1,160804.5374,1,133931.1154
12373.16998,0,0,0,0,1,160804.5374,1,133931.1154
12374.16998,0,0,0,0,1,160804.5374,1,133931.1154
12375.16998,0,0,0,0,1,160804.5374,1,133931.1154
12376.16998,0,0,0,0,1,160804.5374,1,133931.1154
12377.16998,0,0,0,0,1,160804.5374,1,133931.1154
12378.16998,0,0,0,0,1,160804.5374,1,133931.1154
12379.16998,0,0,0,0,1,160804.5374,1,133931.1154
12380.16998,0,0,0,0,1,160804.5374,1,133931.1154
12381.16998,0,0,0,0,1,160804.5374,1,133931.1154
12382.16998,0,0,0,0,1,160804.5374,1,133931.1154
12383.16998,0,0,0,0,1,160804.5374,1,133931.1154
12384.16998,0,0,0,0,1,160804.5374,1,133931.1154
12385.16998,0,0,0,0,1,160804.5374,1,133931.1154
12386.16998,0,0,0,0,1,160804.5374,1,133931.1154
12387.16998,0,0,0,0,1,160804.5374,1,133931.1154
12388.16998,0,0,0,0,1,160804.5374,1,133931.1154
12389.16998,0,0,0,0,1,160804.5374,1,133931.1154
12390.16998,0,0,0,0,1,160804.5374,1,133931.1154
12391.16998,0,0,0,0,1,160804.5374,1,133931.1154
12392.16998,0,0,0,0,1,160804.5374,1,133931.1154
12393.16998,0,0,0,0,1,160804.5374,1,133931.1154
12394.16998,0,0,0,0,1,160804.5374,1,133931.1154
12395.16998,0,0,0,0,1,160804.5374,1,133931.1154
12396.16998,0,0,0,0,1,160804.5374,1,133931.1154
12397.16998,0,0,0,0,1,160804.5374,1,133931.1154
12398.16998,0,0,0,0,1,160804.5374,1,133931.1154
12399.16998,0,0,0,0,1,160804.5374,1,133931.1154
12400.16998,0,0,0,0,1,160804.5374,1,133931.1154
12401.16998,0,0,0,0,1,160804.5374,1,133931.1154
12402.16998,0,0,0,0,1,160804.5374,1,133931.1154
12403.16998,0,0,0,0,1,160804.5374,1,133931.1154
12404.16998,0,0,0,0,1,160804.5374,1,133931.1154
12405.16998,0,0,0,0,1,160804.5374,1,133931.1154
12406.16998,0,0,0,0,1,160804.5374,1,133931.1154
12407.16998,0,0,0,0,1,160804.5374,1,133931.1154
12408.16998,0,0,0,0,1,160804.5374,1,133931.1154
12409.16998,0,0,0,0,1,160804.5374,1,133931.1154
12410.16998,0,0,0,0,1,160804.5374,1,133931.1154
12411.16998,0,0,0,0,1,160804.5374,1,133931.1154
12412.16998,0,0,0,0,1,160804.5374,1,133931.1154
12413.16998,0,0,0,0,1,160804.5374,1,133931.1154
12414.16998,0,0,0,0,1,160804.5374,1,133931.1154
12415.16998,0,0,0,0,1,160804.5374,1,133931.1154
12416.16998,0,0,0,0,1,160804.5374,1,133931.1154
12417.16998,0,0,0,0,1,160804.5374,1,133931.1154
12418.16998,0,0,0,0,1,160804.5374,1,133931.1154
12419.16998,0,0,0,0,1,160804.5374,1,133931.1154
12420.16998,0,0,0,0,1,160804.5374,1,133931.1154
12421.16998,0,0,0,0,1,160804.5374,1,133931.1154
12422.16998,0,0,0,0,1,160804.5374,1,133931.1154
12423.16998,0,0,0,0,1,160804.5374,1,133931.1154
12424.16998,0,0,0,0,1,160804.5374,1,133931.1154
12425.16998,0,0,0,0,1,160804.5374,1,133931.1154
12426.16998,0,0,0,0,1,160804.5374,1,133931.1154
12427.16998,0,0,0,0,1,160804.5374,1,133931.1154
12428.16998,0,0,0,0,1,160804.5374,1,133931.1154
12429.16998,0,0,0,0,1,160804.5374,1,133931.1154
12430.16998,0,0,0,0,1,160804.5374,1,133931.1154
12431.16998,0,0,0,0,1,160804.5374,1,133931.1154
12432.16998,0,0,0,0,1,160804.5374,1,133931.1154
12433.16998,0,0,0,0,1,160804.5374,1,133931.1154
12434.16998,0,0,0,0,1,160804.5374,1,133931.1154
12435.16998,0,0,0,0,1,160804.5374,1,133931.1154
12436.16998,0,0,0,0,1,160804.5374,1,133931.1154
12437.16998,0,0,0,0,1,160804.5374,1,133931.1154
12438.16998,0,0,0,0,1,160804.5374,1,133931.1154
12439.16998,0,0,0,0,1,160804.5374,1,133931.1154
12440.16998,0,0,0,0,1,160804.5374,1,133931.1154
12441.16998,0,0,0,0,1,160804.5374,1,133931.1154
12442.16998,0,0,0,0,1,160804.5374,1,133931.1154
12443.16998,0,0,0,0,1,160804.5374,1,133931.1154
12444.16998,0,0,0,0,1,160804.5374,1,133931.1154
12445.16998,0,0,0,0,1,160804.5374,1,133931.1154
12446.16998,0,0,0,0,1,160804.5374,1,133931.1154
12447.16998,0,0,0,0,1,160804.5374,1,133931.1154
12448.16998,0,0,0,0,1,160804.5374,1,133931.1154
12449.16998,0,0,0,0,1,160804.5374,1,133931.1154
12450.16998,0,0,0,0,1,160804.5374,1,133931.1154
12451.16998,0,0,0,0,1,160804.5374,1,133931.1154
12452.16998,0,0,0,0,1,160804.5374,1,133931.1154
12453.16998,0,0,0,0,1,160804.5374,1,133931.1154
12454.16998,0,0,0,0,1,160804.5374,1,133931.1154
12455.16998,0,0,0,0,1,160804.5374,1,133931.1154
12456.16998,0,0,0,0,1,160804.5374,1,133931.1154
12457.16998,0,0,0,0,1,160804.5374,1,133931.1154
12458.16998,0,0,0,0,1,160804.5374,1,133931.1154
12459.16998,0,0,0,0,1,160804.5374,1,133931.1154
12460.16998,0,0,0,0,0,0,1,133931.1154
12461.16998,0,0,0,0,0,0,1,133931.1154
12462.16998,0,0,0,0,0,0,1,133931.1154
12463.16998,0,0,0,0,0,0,1,133931.1154
12464.16998,0,0,0,0,0,0,1,133931.1154
12465.16998,0,0,0,0,0,0,1,133931.1154
12466.16998,0,0,0,0,0,0,1,133931.1154
12467.16998,0,0,0,0,0,0,1,133931.1154
12468.16998,0,0,0,0,0,0,1,133931.1154
12469.16998,0,0,0,0,0,0,1,133931.1154
12470.16998,0,0,0,0,0,0,1,133931.1154
12471.16998,0,0,0,0,0,0,1,133931.1154
12472.16998,0,0,0,0,0,0,1,133931.1154
12473.16998,0,0,0,0,0,0,1,133931.1154
12474.16998,0,0,0,0,0,0,1,133931.1154
12475.16998,0,0,0,0,0,0,1,133931.1154
12476.16998,0,0,0,0,0,0,1,133931.1154
12477.16998,0,0,0,0,0,0,1,133931.1154
12478.16998,0,0,0,0,0,0,1,133931.1154
12479.16998,0,0,0,0,0,0,1,133931.1154
12480.16998,0,0,0,0,0,0,1,133931.1154
12481.16998,0,0,0,0,0,0,1,133931.1154
12482.16998,0,0,0,0,0,0,1,133931.1154
12483.16998,0,0,0,0,0,0,1,133931.1154
12484.16998,0,0,0,0,0,0,1,133931.1154
12485.16998,0,0,0,0,0,0,1,133931.1154
12486.16998,0,0,0,0,0,0,1,133931.1154
12487.16998,0,0,0,0,0,0,1,133931.1154
12488.16998,0,0,0,0,0,0,1,133931.1154
12489.16998,0,0,0,0,0,0,1,133931.1154
12490.16998,0,0,0,0,0,0,1,133931.1154
12491.16998,0,0,0,0,0,0,1,133931.1154
12492.16998,0,0,0,0,0,0,1,133931.1154
12493.16998,0,0,0,0,0,0,1,133931.1154
12494.16998,0,0,0,0,0,0,1,133931.1154
12495.16998,0,0,0,0,0,0,1,133931.1154
12496.16998,0,0,0,0,0,0,1,133931.1154
12497.16998,0,0,0,0,0,0,1,133931.1154
12498.16998,0,0,0,0,0,0,1,133931.1154
12499.16998,0,0,0,0,0,0,1,133931.1154
12500.16998,0,0,0,0,0,0,1,133931.1154
12501.16998,0,0,0,0,0,0,1,133931.1154
12502.16998,0,0,0,0,0,0,1,133931.1154
12503.16998,0,0,0,0,0,0,1,133931.1154
12504.16998,0,0,0,0,0,0,1,133931.1154
12505.16998,0,0,0,0,0,0,1,133931.1154
12506.16998,0,0,0,0,0,0,1,133931.1154
12507.16998,0,0,0,0,0,0,1,133931.1154
12508.16998,0,0,0,0,0,0,1,133931.1154
12509.16998,0,0,0,0,0,0,1,133931.1154
12510.16998,0,0,0,0,0,0,1,133931.1154
12511.16998,0,0,0,0,0,0,1,133931.1154
12512.16998,0,0,0,0,0,0,1,133931.1154
12513.16998,0,0,0,0,0,0,1,133931.1154
12514.16998,0,0,0,0,0,0,1,133931.1154
12515.16998,0,0,0,0,0,0,1,133931.1154
12516.16998,0,0,0,0,0,0,1,133931.1154
12517.16998,0,0,0,0,0,0,1,133931.1154
12518.16998,0,0,0,0,0,0,1,133931.1154
12519.16998,0,0,0,0,0,0,1,133931.1154
12520.16998,0,0,0,0,0,0,1,133931.1154
12521.16998,0,0,0,0,0,0,1,133931.1154
12522.16998,0,0,0,0,0,0,1,133931.1154
12523.16998,0,0,0,0,0,0,1,133931.1154
12524.16998,0,0,0,0,0,0,1,133931.1154
12525.16998,0,0,0,0,0,0,1,133931.1154
12526.16998,0,0,0,0,0,0,1,133931.1154
12527.16998,0,0,0,0,0,0,1,133931.1154
12528.16998,0,0,0,0,0,0,1,133931.1154
12529.16998,0,0,0,0,0,0,1,133931.1154
12530.16998,0,0,0,0,0,0,1,133931.1154
12531.16998,0,0,0,0,0,0,1,133931.1154
12532.16998,0,0,0,0,0,0,1,133931.1154
12533.16998,0,0,0,0,0,0,1,133931.1154
12534.16998,0,0,0,0,0,0,1,133931.1154
12535.16998,0,0,0,0,0,0,1,133931.1154
12536.16998,0,0,0,0,0,0,1,133931.1154
12537.16998,0,0,0,0,0,0,1,133931.1154
12538.16998,0,0,0,0,0,0,1,133931.1154
12539.16998,0,0,0,0,0,0,1,133931.1154
12540.16998,0,0,0,0,0,0,1,133931.1154
12541.16998,0,0,0,0,0,0,1,133931.1154
12542.16998,0,0,0,0,0,0,1,133931.1154
12543.16998,0,0,0,0,0,0,1,133931.1154
12544.16998,0,0,0,0,0,0,1,133931.1154
12545.16998,0,0,0,0,0,0,1,133931.1154
12546.16998,0,0,0,0,0,0,1,133931.1154
12547.16998,0,0,0,0,0,0,1,133931.1154
12548.16998,0,0,0,0,0,0,1,133931.1154
12549.16998,0,0,0,0,0,0,1,133931.1154
12550.16998,0,0,0,0,0,0,1,133931.1154
12551.16998,0,0,0,0,0,0,1,133931.1154
12552.16998,0,0,0,0,0,0,1,133931.1154
12553.16998,0,0,0,0,0,0,1,133931.1154
12554.16998,0,0,0,0,0,0,1,133931.1154
12555.16998,0,0,0,0,0,0,1,133931.1154
12556.16998,0,0,0,0,0,0,1,133931.1154
12557.16998,0,0,0,0,0,0,1,133931.1154
12558.16998,0,0,0,0,0,0,1,133931.1154
12559.16998,0,0,0,0,0,0,1,133931.1154
12560.16998,0,0,0,0,0,0,1,133931.1154
12561.16998,0,0,0,0,0,0,1,133931.1154
12562.16998,0,0,0,0,0,0,1,133931.1154
12563.16998,0,0,0,0,0,0,1,133931.1154
12564.16998,0,0,0,0,0,0,1,133931.1154
12565.16998,0,0,0,0,0,0,1,133931.1154
12566.16998,0,0,0,0,0,0,1,133931.1154
12567.16998,0,0,0,0,0,0,1,133931.1154
12568.16998,0,0,0,0,0,0,1,133931.1154
12569.16998,0,0,0,0,0,0,1,133931.1154
12570.16998,0,0,0,0,0,0,1,133931.1154
12571.16998,0,0,0,0,0,0,1,133931.1154
12572.16998,0,0,0,0,0,0,1,133931.1154
12573.16998,0,0,0,0,0,0,1,133931.1154
12574.16998,0,0,0,0,0,0,1,133931.1154
12575.16998,0,0,0,0,0,0,1,133931.1154
12576.16998,0,0,0,0,0,0,1,133931.1154
12577.16998,0,0,0,0,0,0,1,133931.1154
12578.16998,0,0,0,0,0,0,1,133931.1154
12579.16998,0,0,0,0,0,0,1,133931.1154
12580.16998,0,0,0,0,0,0,1,133931.1154
12581.16998,0,0,0,0,0,0,1,133931.1154
12582.16998,0,0,0,0,0,0,1,133931.1154
12583.16998,0,0,0,0,0,0,1,133931.1154
12584.16998,0,0,0,0,0,0,1,133931.1154
12585.16998,0,0,0,0,0,0,1,133931.1154
12586.16998,0,0,0,0,0,0,1,133931.1154
12587.16998,0,0,0,0,0,0,1,133931.1154
12588.16998,0,0,0,0,0,0,1,133931.1154
12589.16998,0,0,0,0,0,0,1,133931.1154
12590.16998,0,0,0,0,0,0,1,133931.1154
12591.16998,0,0,0,0,0,0,1,133931.1154
12592.16998,0,0,0,0,0,0,1,133931.1154
12593.16998,0,0,0,0,0,0,1,133931.1154
12594.16998,0,0,0,0,0,0,1,133931.1154
12595.16998,0,0,0,0,0,0,1,133931.1154
12596.16998,0,0,0,0,0,0,1,133931.1154
12597.16998,0,0,0,0,0,0,1,133931.1154
12598.16998,0,0,0,0,0,0,1,133931.1154
12599.16998,0,0,0,0,0,0,1,133931.1154
12600.16998,0,0,0,0,0,0,1,133931.1154
12601.16998,0,0,0,0,0,0,1,133931.1154
12602.16998,0,0,0,0,0,0,1,133931.1154
12603.16998,0,0,0,0,0,0,1,133931.1154
12604.16998,0,0,0,0,0,0,1,133931.1154
12605.16998,0,0,0,0,0,0,1,133931.1154
12606.16998,0,0,0,0,0,0,1,133931.1154
12607.16998,0,0,0,0,0,0,1,133931.1154
12608.16998,0,0,0,0,0,0,1,133931.1154
12609.16998,0,0,0,0,0,0,1,133931.1154
12610.16998,0,0,0,0,0,0,1,133931.1154
12611.16998,0,0,0,0,0,0,1,133931.1154
12612.16998,0,0,0,0,0,0,1,133931.1154
12613.16998,0,0,0,0,0,0,1,133931.1154
12614.16998,0,0,0,0,0,0,1,133931.1154
12615.16998,0,0,0,0,0,0,1,133931.1154
12616.16998,0,0,0,0,0,0,1,133931.1154
12617.16998,0,0,0,0,0,0,1,133931.1154
12618.16998,0,0,0,0,0,0,1,133931.1154
12619.16998,0,0,0,0,0,0,1,133931.1154
12620.16998,0,0,0,0,0,0,1,133931.1154
12621.16998,0,0,0,0,0,0,1,133931.1154
12622.16998,0,0,0,0,0,0,1,133931.1154
12623.16998,0,0,0,0,0,0,1,133931.1154
12624.16998,0,0,0,0,0,0,1,133931.1154
12625.16998,0,0,0,0,0,0,1,133931.1154
12626.16998,0,0,0,0,0,0,1,133931.1154
12627.16998,0,0,0,0,0,0,1,133931.1154
12628.16998,0,0,0,0,0,0,1,133931.1154
12629.16998,0,0,0,0,0,0,1,133931.1154
12630.16998,0,0,0,0,0,0,1,133931.1154
12631.16998,0,0,0,0,0,0,1,133931.1154
12632.16998,0,0,0,0,0,0,1,133931.1154
12633.16998,0,0,0,0,0,0,1,133931.1154
12634.16998,0,0,0,0,0,0,1,133931.1154
12635.16998,0,0,0,0,0,0,1,133931.1154
12636.16998,0,0,0,0,0,0,1,133931.1154
12637.16998,0,0,0,0,0,0,1,133931.1154
12638.16998,0,0,0,0,0,0,1,133931.1154
12639.16998,0,0,0,0,0,0,1,133931.1154
12640.16998,0,0,0,0,0,0,1,133931.1154
12641.16998,0,0,0,0,0,0,1,133931.1154
12642.16998,0,0,0,0,0,0,1,133931.1154
12643.16998,0,0,0,0,0,0,1,133931.1154
12644.16998,0,0,0,0,0,0,1,133931.1154
12645.16998,0,0,0,0,0,0,1,133931.1154
12646.16998,0,0,0,0,0,0,1,133931.1154
12647.16998,0,0,0,0,0,0,1,133931.1154
12648.16998,0,0,0,0,0,0,1,133931.1154
12649.16998,0,0,0,0,0,0,1,133931.1154
12650.16998,0,0,0,0,0,0,1,133931.1154
12651.16998,0,0,0,0,0,0,1,133931.1154
12652.16998,0,0,0,0,0,0,1,133931.1154
12653.16998,0,0,0,0,0,0,1,133931.1154
12654.16998,0,0,0,0,0,0,1,133931.1154
12655.16998,0,0,0,0,0,0,1,133931.1154
12656.16998,0,0,0,0,0,0,1,133931.1154
12657.16998,0,0,0,0,0,0,1,133931.1154
12658.16998,0,0,0,0,0,0,1,133931.1154
12659.16998,0,0,0,0,0,0,1,133931.1154
12660.16998,0,0,0,0,0,0,1,133931.1154
12661.16998,0,0,0,0,0,0,1,133931.1154
12662.16998,0,0,0,0,0,0,1,133931.1154
12663.16998,0,0,0,0,0,0,1,133931.1154
12664.16998,0,0,0,0,0,0,1,133931.1154
12665.16998,0,0,0,0,0,0,1,133931.1154
12666.16998,0,0,0,0,0,0,1,133931.1154
12667.16998,0,0,0,0,0,0,1,133931.1154
12668.16998,0,0,0,0,0,0,1,133931.1154
12669.16998,0,0,0,0,0,0,1,133931.1154
12670.16998,0,0,0,0,0,0,1,133931.1154
12671.16998,0,0,0,0,0,0,1,133931.1154
12672.16998,0,0,0,0,0,0,1,133931.1154
12673.16998,0,0,0,0,0,0,1,133931.1154
12674.16998,0,0,0,0,0,0,1,133931.1154
12675.16998,0,0,0,0,0,0,1,133931.1154
12676.16998,0,0,0,0,0,0,1,133931.1154
12677.16998,0,0,0,0,0,0,1,133931.1154
12678.16998,0,0,0,0,0,0,1,133931.1154
12679.16998,0,0,0,0,0,0,1,133931.1154
12680.16998,0,0,0,0,0,0,1,133931.1154
12681.16998,0,0,0,0,0,0,1,133931.1154
12682.16998,0,0,0,0,0,0,1,133931.1154
12683.16998,0,0,0,0,0,0,1,133931.1154
12684.16998,0,0,0,0,0,0,1,133931.1154
12685.16998,0,0,0,0,0,0,1,133931.1154
12686.16998,0,0,0,0,0,0,1,133931.1154
12687.16998,0,0,0,0,0,0,1,133931.1154
12688.16998,0,0,0,0,0,0,1,133931.1154
12689.16998,0,0,0,0,0,0,1,133931.1154
12690.16998,0,0,0,0,0,0,1,133931.1154
12691.16998,0,0,0,0,0,0,1,133931.1154
12692.16998,0,0,0,0,0,0,1,133931.1154
12693.16998,0,0,0,0,0,0,1,133931.1154
12694.16998,0,0,0,0,0,0,1,133931.1154
12695.16998,0,0,0,0,0,0,1,133931.1154
12696.16998,0,0,0,0,0,0,1,133931.1154
12697.16998,0,0,0,0,0,0,1,133931.1154
12698.16998,0,0,0,0,0,0,1,133931.1154
12699.16998,0,0,0,0,0,0,1,133931.1154
12700.16998,0,0,0,0,0,0,1,133931.1154
12701.16998,0,0,0,0,0,0,1,133931.1154
12702.16998,0,0,0,0,0,0,1,133931.1154
12703.16998,0,0,0,0,0,0,1,133931.1154
12704.16998,0,0,0,0,0,0,1,133931.1154
12705.16998,0,0,0,0,0,0,1,133931.1154
12706.16998,0,0,0,0,0,0,1,133931.1154
12707.16998,0,0,0,0,0,0,1,133931.1154
12708.16998,0,0,0,0,0,0,1,133931.1154
12709.16998,0,0,0,0,0,0,1,133931.1154
12710.16998,0,0,0,0,0,0,1,133931.1154
12711.16998,0,0,0,0,0,0,1,133931.1154
12712.16998,0,0,0,0,0,0,1,133931.1154
12713.16998,0,0,0,0,0,0,1,133931.1154
12714.16998,0,0,0,0,0,0,1,133931.1154
12715.16998,0,0,0,0,0,0,1,133931.1154
12716.16998,0,0,0,0,0,0,1,133931.1154
12717.16998,0,0,0,0,0,0,1,133931.1154
12718.16998,0,0,0,0,0,0,1,133931.1154
12719.16998,0,0,0,0,0,0,1,133931.1154
12720.16998,0,0,0,0,0,0,1,133931.1154
12721.16998,0,0,0,0,0,0,1,133931.1154
12722.16998,0,0,0,0,0,0,1,133931.1154
12723.16998,0,0,0,0,0,0,1,133931.1154
12724.16998,0,0,0,0,0,0,1,133931.1154
12725.16998,0,0,0,0,0,0,1,133931.1154
12726.16998,0,0,0,0,0,0,1,133931.1154
12727.16998,0,0,0,0,0,0,1,133931.1154
12728.16998,0,0,0,0,0,0,1,133931.1154
12729.16998,0,0,0,0,0,0,1,133931.1154
12730.16998,0,0,0,0,0,0,1,133931.1154
12731.16998,0,0,0,0,0,0,1,133931.1154
12732.16998,0,0,0,0,0,0,1,133931.1154
12733.16998,0,0,0,0,0,0,1,133931.1154
12734.16998,0,0,0,0,0,0,1,133931.1154
12735.16998,0,0,0,0,0,0,1,133931.1154
12736.16998,0,0,0,0,0,0,1,133931.1154
12737.16998,0,0,0,0,0,0,1,133931.1154
12738.16998,0,0,0,0,0,0,1,133931.1154
12739.16998,0,0,0,0,0,0,1,133931.1154
12740.16998,0,0,0,0,0,0,1,133931.1154
12741.16998,0,0,0,0,0,0,1,133931.1154
12742.16998,0,0,0,0,0,0,1,133931.1154
12743.16998,0,0,0,0,0,0,1,133931.1154
12744.16998,0,0,0,0,0,0,1,133931.1154
12745.16998,0,0,0,0,0,0,1,133931.1154
12746.16998,0,0,0,0,0,0,1,133931.1154
12747.16998,0,0,0,0,0,0,1,133931.1154
12748.16998,0,0,0,0,0,0,1,133931.1154
12749.16998,0,0,0,0,0,0,1,133931.1154
12750.16998,0,0,0,0,0,0,1,133931.1154
12751.16998,0,0,0,0,0,0,1,133931.1154
12752.16998,0,0,0,0,0,0,1,133931.1154
12753.16998,0,0,0,0,0,0,1,133931.1154
12754.16998,0,0,0,0,0,0,1,133931.1154
12755.16998,0,0,0,0,0,0,1,133931.1154
12756.16998,0,0,0,0,0,0,1,133931.1154
12757.16998,0,0,0,0,0,0,1,133931.1154
12758.16998,0,0,0,0,0,0,1,133931.1154
12759.16998,0,0,0,0,0,0,1,133931.1154
12760.16998,0,0,0,0,0,0,1,133931.1154
12761.16998,0,0,0,0,0,0,1,133931.1154
12762.16998,0,0,0,0,0,0,1,133931.1154
12763.16998,0,0,0,0,0,0,1,133931.1154
12764.16998,0,0,0,0,0,0,1,133931.1154
12765.16998,0,0,0,0,0,0,1,133931.1154
12766.16998,0,0,0,0,0,0,1,133931.1154
12767.16998,0,0,0,0,0,0,1,133931.1154
12768.16998,0,0,0,0,0,0,1,133931.1154
12769.16998,0,0,0,0,0,0,1,133931.1154
12770.16998,0,0,0,0,0,0,1,133931.1154
12771.16998,0,0,0,0,0,0,1,133931.1154
12772.16998,0,0,0,0,0,0,1,133931.1154
12773.16998,0,0,0,0,0,0,1,133931.1154
12774.16998,0,0,0,0,0,0,1,133931.1154
12775.16998,0,0,0,0,0,0,1,133931.1154
12776.16998,0,0,0,0,0,0,1,133931.1154
12777.16998,0,0,0,0,0,0,1,133931.1154
12778.16998,0,0,0,0,0,0,1,133931.1154
12779.16998,0,0,0,0,0,0,1,133931.1154
12780.16998,0,0,0,0,0,0,1,133931.1154
12781.16998,0,0,0,0,0,0,1,133931.1154
12782.16998,0,0,0,0,0,0,1,133931.1154
12783.16998,0,0,0,0,0,0,1,133931.1154
12784.16998,0,0,0,0,0,0,1,133931.1154
12785.16998,0,0,0,0,0,0,1,133931.1154
12786.16998,0,0,0,0,0,0,1,133931.1154
12787.16998,0,0,0,0,0,0,1,133931.1154
12788.16998,0,0,0,0,0,0,1,133931.1154
12789.16998,0,0,0,0,0,0,1,133931.1154
12790.16998,0,0,0,0,0,0,1,133931.1154
12791.16998,0,0,0,0,0,0,1,133931.1154
12792.16998,0,0,0,0,0,0,1,133931.1154
12793.16998,0,0,0,0,0,0,1,133931.1154
12794.16998,0,0,0,0,0,0,1,133931.1154
12795.16998,0,0,0,0,0,0,1,133931.1154
12796.16998,0,0,0,0,0,0,1,133931.1154
12797.16998,0,0,0,0,0,0,1,133931.1154
12798.16998,0,0,0,0,0,0,1,133931.1154
12799.16998,0,0,0,0,0,0,1,133931.1154
12800.16998,0,0,0,0,0,0,1,133931.1154
12801.16998,0,0,0,0,0,0,1,133931.1154
12802.16998,0,0,0,0,0,0,1,133931.1154
12803.16998,0,0,0,0,0,0,1,133931.1154
12804.16998,0,0,0,0,0,0,1,133931.1154
12805.16998,0,0,0,0,0,0,1,133931.1154
12806.16998,0,0,0,0,0,0,1,133931.1154
12807.16998,0,0,0,0,0,0,1,133931.1154
12808.16998,0,0,0,0,0,0,1,133931.1154
12809.16998,0,0,0,0,0,0,1,133931.1154
12810.16998,0,0,0,0,0,0,1,133931.1154
12811.16998,0,0,0,0,0,0,1,133931.1154
12812.16998,0,0,0,0,0,0,1,133931.1154
12813.16998,0,0,0,0,0,0,1,133931.1154
12814.16998,0,0,0,0,0,0,1,133931.1154
12815.16998,0,0,0,0,0,0,1,133931.1154
12816.16998,0,0,0,0,0,0,1,133931.1154
12817.16998,0,0,0,0,0,0,1,133931.1154
12818.16998,0,0,0,0,0,0,1,133931.1154
12819.16998,0,0,0,0,0,0,1,133931.1154
12820.16998,0,0,0,0,0,0,1,133931.1154
12821.16998,0,0,0,0,0,0,1,133931.1154
12822.16998,0,0,0,0,0,0,1,133931.1154
12823.16998,0,0,0,0,0,0,1,133931.1154
12824.16998,0,0,0,0,0,0,1,133931.1154
12825.16998,0,0,0,0,0,0,1,133931.1154
12826.16998,0,0,0,0,0,0,1,133931.1154
12827.16998,0,0,0,0,0,0,1,133931.1154
12828.16998,0,0,0,0,0,0,1,133931.1154
12829.16998,0,0,0,0,0,0,1,133931.1154
12830.16998,0,0,0,0,0,0,1,133931.1154
12831.16998,0,0,0,0,0,0,1,133931.1154
12832.16998,0,0,0,0,0,0,1,133931.1154
12833.16998,0,0,0,0,0,0,1,133931.1154
12834.16998,0,0,0,0,0,0,1,133931.1154
12835.16998,0,0,0,0,0,0,1,133931.1154
12836.16998,0,0,0,0,0,0,1,133931.1154
12837.16998,0,0,0,0,0,0,1,133931.1154
12838.16998,0,0,0,0,0,0,1,133931.1154
12839.16998,0,0,0,0,0,0,1,133931.1154
12840.16998,0,0,0,0,0,0,1,133931.1154
12841.16998,0,0,0,0,0,0,1,133931.1154
12842.16998,0,0,0,0,0,0,1,133931.1154
12843.16998,0,0,0,0,0,0,1,133931.1154
12844.16998,0,0,0,0,0,0,1,133931.1154
12845.16998,0,0,0,0,0,0,1,133931.1154
12846.16998,0,0,0,0,0,0,1,133931.1154
12847.16998,0,0,0,0,0,0,1,133931.1154
12848.16998,0,0,0,0,0,0,1,133931.1154
12849.16998,0,0,0,0,0,0,1,133931.1154
12850.16998,0,0,0,0,0,0,1,133931.1154
12851.16998,0,0,0,0,0,0,1,133931.1154
12852.16998,0,0,0,0,0,0,1,133931.1154
12853.16998,0,0,0,0,0,0,1,133931.1154
12854.16998,0,0,0,0,0,0,1,133931.1154
12855.16998,0,0,0,0,0,0,1,133931.1154
12856.16998,0,0,0,0,0,0,1,133931.1154
12857.16998,0,0,0,0,0,0,1,133931.1154
12858.16998,0,0,0,0,0,0,1,133931.1154
12859.16998,0,0,0,0,0,0,1,133931.1154
12860.16998,0,0,0,0,0,0,1,133931.1154
12861.16998,0,0,0,0,0,0,1,133931.1154
12862.16998,0,0,0,0,0,0,1,133931.1154
12863.16998,0,0,0,0,0,0,1,133931.1154
12864.16998,0,0,0,0,0,0,1,133931.1154
12865.16998,0,0,0,0,0,0,1,133931.1154
12866.16998,0,0,0,0,0,0,1,133931.1154
12867.16998,0,0,0,0,0,0,1,133931.1154
12868.16998,0,0,0,0,0,0,1,133931.1154
12869.16998,0,0,0,0,0,0,1,133931.1154
12870.16998,0,0,0,0,0,0,1,133931.1154
12871.16998,0,0,0,0,0,0,1,133931.1154
12872.16998,0,0,0,0,0,0,1,133931.1154
12873.16998,0,0,0,0,0,0,1,133931.1154
12874.16998,0,0,0,0,0,0,1,133931.1154
12875.16998,0,0,0,0,0,0,1,133931.1154
12876.16998,0,0,0,0,0,0,1,133931.1154
12877.16998,0,0,0,0,0,0,1,133931.1154
12878.16998,0,0,0,0,0,0,1,133931.1154
12879.16998,0,0,0,0,0,0,1,133931.1154
12880.16998,0,0,0,0,0,0,1,133931.1154
12881.16998,0,0,0,0,0,0,1,133931.1154
12882.16998,0,0,0,0,0,0,1,133931.1154
12883.16998,0,0,0,0,0,0,1,133931.1154
12884.16998,0,0,0,0,0,0,1,133931.1154
12885.16998,0,0,0,0,0,0,1,133931.1154
12886.16998,0,0,0,0,0,0,1,133931.1154
12887.16998,0,0,0,0,0,0,1,133931.1154
12888.16998,0,0,0,0,0,0,1,133931.1154
12889.16998,0,0,0,0,0,0,1,133931.1154
12890.16998,0,0,0,0,0,0,1,133931.1154
12891.16998,0,0,0,0,0,0,1,133931.1154
12892.16998,0,0,0,0,0,0,1,133931.1154
12893.16998,0,0,0,0,0,0,1,133931.1154
12894.16998,0,0,0,0,0,0,1,133931.1154
12895.16998,0,0,0,0,0,0,1,133931.1154
12896.16998,0,0,0,0,0,0,1,133931.1154
12897.16998,0,0,0,0,0,0,1,133931.1154
12898.16998,0,0,0,0,0,0,1,133931.1154
12899.16998,0,0,0,0,0,0,1,133931.1154
12900.16998,0,0,0,0,0,0,1,133931.1154
12901.16998,0,0,0,0,0,0,1,133931.1154
12902.16998,0,0,0,0,0,0,1,133931.1154
12903.16998,0,0,0,0,0,0,1,133931.1154
12904.16998,0,0,0,0,0,0,1,133931.1154
12905.16998,0,0,0,0,0,0,1,133931.1154
12906.16998,0,0,0,0,0,0,1,133931.1154
12907.16998,0,0,0,0,0,0,1,133931.1154
12908.16998,0,0,0,0,0,0,1,133931.1154
12909.16998,0,0,0,0,0,0,1,133931.1154
12910.16998,0,0,0,0,0,0,1,133931.1154
12911.16998,0,0,0,0,0,0,1,133931.1154
12912.16998,0,0,0,0,0,0,1,133931.1154
12913.16998,0,0,0,0,0,0,1,133931.1154
12914.16998,0,0,0,0,0,0,1,133931.1154
12915.16998,0,0,0,0,0,0,1,133931.1154
12916.16998,0,0,0,0,0,0,1,133931.1154
12917.16998,0,0,0,0,0,0,1,133931.1154
12918.16998,0,0,0,0,0,0,1,133931.1154
12919.16998,0,0,0,0,0,0,1,133931.1154
12920.16998,0,0,0,0,0,0,1,133931.1154
12921.16998,0,0,0,0,0,0,1,133931.1154
12922.16998,0,0,0,0,0,0,1,133931.1154
12923.16998,0,0,0,0,0,0,1,133931.1154
12924.16998,0,0,0,0,0,0,1,133931.1154
12925.16998,0,0,0,0,0,0,1,133931.1154
12926.16998,0,0,0,0,0,0,1,133931.1154
12927.16998,0,0,0,0,0,0,1,133931.1154
12928.16998,0,0,0,0,0,0,1,133931.1154
12929.16998,0,0,0,0,0,0,1,133931.1154
12930.16998,0,0,0,0,0,0,1,133931.1154
12931.16998,0,0,0,0,0,0,1,133931.1154
12932.16998,0,0,0,0,0,0,1,133931.1154
12933.16998,0,0,0,0,0,0,1,133931.1154
12934.16998,0,0,0,0,0,0,1,133931.1154
12935.16998,0,0,0,0,0,0,1,133931.1154
12936.16998,0,0,0,0,0,0,1,133931.1154
12937.16998,0,0,0,0,0,0,1,133931.1154
12938.16998,0,0,0,0,0,0,1,133931.1154
12939.16998,0,0,0,0,0,0,1,133931.1154
12940.16998,0,0,0,0,0,0,1,133931.1154
12941.16998,0,0,0,0,0,0,1,133931.1154
12942.16998,0,0,0,0,0,0,1,133931.1154
12943.16998,0,0,0,0,0,0,1,133931.1154
12944.16998,0,0,0,0,0,0,1,133931.1154
12945.16998,0,0,0,0,0,0,1,133931.1154
12946.16998,0,0,0,0,0,0,1,133931.1154
12947.16998,0,0,0,0,0,0,1,133931.1154
12948.16998,0,0,0,0,0,0,1,133931.1154
12949.16998,0,0,0,0,0,0,1,133931.1154
12950.16998,0,0,0,0,0,0,1,133931.1154
12951.16998,0,0,0,0,0,0,1,133931.1154
12952.16998,0,0,0,0,0,0,1,133931.1154
12953.16998,0,0,0,0,0,0,1,133931.1154
12954.16998,0,0,0,0,0,0,1,133931.1154
12955.16998,0,0,0,0,0,0,1,133931.1154
12956.16998,0,0,0,0,0,0,1,133931.1154
12957.16998,0,0,0,0,0,0,1,133931.1154
12958.16998,0,0,0,0,0,0,1,133931.1154
12959.16998,0,0,0,0,0,0,1,133931.1154
12960.16998,0,0,0,0,0,0,1,133931.1154
12961.16998,0,0,0,0,0,0,1,133931.1154
12962.16998,0,0,0,0,0,0,1,133931.1154
12963.16998,0,0,0,0,0,0,1,133931.1154
12964.16998,0,0,0,0,0,0,1,133931.1154
12965.16998,0,0,0,0,0,0,1,133931.1154
12966.16998,0,0,0,0,0,0,0,0
12967.16998,0,0,0,0,0,0,0,0
12968.16998,0,0,0,0,0,0,0,0
12969.16998,0,0,0,0,0,0,0,0
12970.16998,0,0,0,0,0,0,0,0
12971.16998,0,0,0,0,0,0,0,0
12972.16998,0,0,0,0,0,0,0,0
12973.16998,0,0,0,0,0,0,0,0
12974.16998,0,0,0,0,0,0,0,0
12975.16998,0,0,0,0,0,0,0,0
12976.16998,0,0,0,0,0,0,0,0
12977.16998,0,0,0,0,0,0,0,0
12978.16998,0,0,0,0,0,0,0,0
12979.16998,0,0,0,0,0,0,0,0
12980.16998,0,0,0,0,0,0,0,0
12981.16998,0,0,0,0,0,0,0,0
12982.16998,0,0,0,0,0,0,0,0
12983.16998,0,0,0,0,0,0,0,0
